{"mpii_image": "000015774.jpg", "mpii_annorect_idx": 0, "mpii_body_pts": [[659.0, 439.0, 0.0], [677.0, 365.0, 1.0], [674.544677734375, 396.91949462890625, 0.0], [687.455322265625, 229.08050537109375, 0.0], [607.0, 272.0, 0.0], [603.0, 396.0, 0.0], [632.0, 437.0, 0.0], [685.0, 441.0, 0.0], [690.0, 373.0, 0.0], [646.0, 272.0, 0.0], [468.0, 489.0, 1.0], [489.0, 417.0, 1.0], [584.0, 365.0, 1.0], [770.0, 365.0, 1.0], [830.0, 435.0, 1.0], [853.0, 512.0, 1.0]], "hand_pts": [[847.1433715820314, 522.655029296875, 1.0], [837.4114990234374, 525.7990112304689, 1.0], [828.6788940429689, 528.9396362304688, 1.0], [813.4763793945312, 548.85498046875, 1.0], [817.456604003906, 562.1768188476564, 1.0], [838.9896850585939, 524.4890136718751, 1.0], [836.0963745117189, 552.2609863281251, 1.0], [837.9375610351561, 560.3829956054686, 1.0], [840.3047485351564, 570.0769653320312, 1.0], [853.1929321289062, 526.5850219726564, 1.0], [848.1954956054688, 551.2130126953125, 1.0], [846.3543090820311, 561.1689453125, 1.0], [844.7930297851562, 569.9130859375001, 1.0], [862.1356811523438, 530.2529907226562, 1.0], [860.5575561523436, 549.9030151367188, 1.0], [857.9273071289061, 556.4530029296876, 1.0], [853.1929321289062, 563.7890014648439, 1.0], [870.0263671874999, 534.4450073242186, 1.0], [869.7633666992188, 552.2609863281251, 1.0], [865.7988891601565, 557.3058471679688, 1.0], [862.3987426757814, 561.4309692382812, 1.0]], "head_box": [[619.0, 228.0], [743.0, 398.0]], "head_size": 170.0, "hand_box_center": [841.7513732910156, 546.3659973144531], "is_left": 1, "is_mpii": 1}