{"mpii_image": "000015774.jpg", "mpii_annorect_idx": 0, "mpii_body_pts": [[659.0, 439.0, 0.0], [677.0, 365.0, 1.0], [674.544677734375, 396.91949462890625, 0.0], [687.455322265625, 229.08050537109375, 0.0], [607.0, 272.0, 0.0], [603.0, 396.0, 0.0], [632.0, 437.0, 0.0], [685.0, 441.0, 0.0], [690.0, 373.0, 0.0], [646.0, 272.0, 0.0], [468.0, 489.0, 1.0], [489.0, 417.0, 1.0], [584.0, 365.0, 1.0], [770.0, 365.0, 1.0], [830.0, 435.0, 1.0], [853.0, 512.0, 1.0]], "hand_pts": [[461.8787231445313, 497.2376708984375, 1.0], [477.0018615722656, 504.042694091797, 1.0], [492.125, 518.0109252929686, 1.0], [493.20523071289057, 535.5606689453124, 1.0], [484.92349243164057, 545.9473266601562, 1.0], [472.32089233398443, 516.2200927734375, 1.0], [470.52050781249994, 533.4117431640625, 1.0], [473.76119995117176, 539.5004272460939, 1.0], [475.20147705078125, 532.3372802734374, 1.0], [458.99813842773426, 509.41506958007807, 1.0], [456.4776306152344, 534.1280517578126, 1.0], [461.8787231445313, 536.9933471679689, 1.0], [461.8787231445313, 526.9649047851561, 1.0], [445.6753845214844, 510.8477172851563, 1.0], [444.95523071289057, 533.4117431640625, 1.0], [446.39553833007807, 531.2628173828124, 1.0], [447.47573852539057, 525.1740722656252, 1.0], [436.6735229492187, 509.41506958007807, 1.0], [435.95336914062494, 530.5464477539061, 1.0], [441.71456909179693, 534.4862060546875, 1.0], [443.1548461914064, 527.6812133789062, 1.0]], "head_box": [[619.0, 228.0], [743.0, 398.0]], "head_size": 170.0, "hand_box_center": [464.57929992675776, 521.5924987792969], "is_left": 0, "is_mpii": 1}