{"mpii_image": "000835470.jpg", "mpii_annorect_idx": 0, "mpii_body_pts": [[1295.0, 496.0, 0.0], [1203.0, 281.0, 1.0], [1155.931640625, 252.29469299316406, 0.0], [1027.068359375, 173.70530700683594, 0.0], [1259.0, 942.0, 0.0], [1240.0, 707.0, 1.0], [1235.0, 510.0, 0.0], [1355.0, 481.0, 1.0], [1315.0, 697.0, 1.0], [1275.0, 958.0, 1.0], [1160.0, 521.0, 1.0], [1144.0, 417.0, 1.0], [1123.0, 308.0, 1.0], [1283.0, 254.0, 1.0], [1363.0, 409.0, 1.0], [1261.0, 494.0, 1.0]], "hand_pts": [[1160.0, 521.0, 1.0], [1172.0552978515625, 526.1407470703126, 1.0], [1185.0113525390623, 527.9468383789062, 1.0], [1192.7849121093748, 537.7512817382812, 1.0], [1203.9271240234375, 546.2656860351562, 1.0], [1167.3912353515623, 550.6519165039061, 1.0], [1169.7232666015625, 567.9387817382814, 1.0], [1177.2377929687502, 578.5172729492188, 1.0], [1183.4566650390627, 586.5156860351562, 1.0], [1162.4678955078125, 561.7464599609375, 1.0], [1167.6502685546873, 583.9355468749999, 1.0], [1176.9786376953125, 595.5460815429688, 1.0], [1183.4566650390627, 606.382629394531, 1.0], [1158.8402099609375, 565.8746948242186, 1.0], [1160.9132080078123, 584.1935424804688, 1.0], [1169.7232666015625, 599.9323120117186, 1.0], [1174.6466064453125, 607.9307250976562, 1.0], [1155.9898681640627, 572.0669555664062, 1.0], [1156.767333984375, 591.9339599609375, 1.0], [1161.6905517578125, 601.4804077148438, 1.0], [1166.0955810546877, 608.1887207031251, 1.0]], "head_box": [[1037.0, 136.0], [1146.0, 290.0]], "head_size": 154.0, "hand_box_center": [1179.95849609375, 564.5943603515625], "is_left": 0, "is_mpii": 1}