{"mpii_image": "000835470.jpg", "mpii_annorect_idx": 0, "mpii_body_pts": [[1295.0, 496.0, 0.0], [1203.0, 281.0, 1.0], [1155.931640625, 252.29469299316406, 0.0], [1027.068359375, 173.70530700683594, 0.0], [1259.0, 942.0, 0.0], [1240.0, 707.0, 1.0], [1235.0, 510.0, 0.0], [1355.0, 481.0, 1.0], [1315.0, 697.0, 1.0], [1275.0, 958.0, 1.0], [1160.0, 521.0, 1.0], [1144.0, 417.0, 1.0], [1123.0, 308.0, 1.0], [1283.0, 254.0, 1.0], [1363.0, 409.0, 1.0], [1261.0, 494.0, 1.0]], "hand_pts": [[1264.68701171875, 487.33303833007807, 1.0], [1245.8043212890623, 502.4267578124999, 1.0], [1232.3876953125, 519.9948730468752, 1.0], [1233.87841796875, 544.2438354492189, 1.0], [1235.3691406249998, 562.3068237304686, 1.0], [1231.3937988281248, 524.2013549804688, 1.0], [1231.8907470703123, 552.4093017578126, 1.0], [1238.3505859375, 565.2760620117188, 1.0], [1244.8104248046873, 574.6787109375002, 1.0], [1237.8536376953123, 526.9231567382812, 1.0], [1250.7734374999998, 555.8734130859374, 1.0], [1266.6746826171873, 551.6669921874999, 1.0], [1269.1591796875, 547.4605102539061, 1.0], [1251.2703857421877, 532.8616943359373, 1.0], [1262.450927734375, 549.1925659179688, 1.0], [1277.1098632812502, 546.2233276367189, 1.0], [1279.345947265625, 539.2950439453126, 1.0], [1264.68701171875, 533.1091308593751, 1.0], [1278.8489990234375, 541.2745361328126, 1.0], [1284.0666503906252, 533.8514404296875, 1.0], [1285.308837890625, 524.9436645507812, 1.0]], "head_box": [[1037.0, 136.0], [1146.0, 290.0]], "head_size": 154.0, "hand_box_center": [1258.351318359375, 531.0058746337892], "is_left": 1, "is_mpii": 1}