{"mpii_image": "000966627.jpg", "mpii_annorect_idx": 0, "mpii_body_pts": [[668.0, 559.0, 0.0], [939.0, 434.0, 1.0], [943.9381713867188, 374.6214904785156, 0.0], [975.0618286132812, 0.37845999002456665, 0.0], [1.0, 178.0, 1.0], [243.0, 566.0, 1.0], [600.0, 621.0, 0.0], [736.0, 497.0, 0.0], [593.0, 466.0, 0.0], [494.0, 85.0, 1.0], [786.0, 829.0, 1.0], [572.0, 755.0, 1.0], [705.0, 482.0, 1.0], [1173.0, 386.0, 1.0], [1208.0, 749.0, 1.0], [1180.0, 860.0, 0.0]], "hand_pts": [[1185.0958251953125, 859.6918334960939, 1.0], [1189.2532958984373, 834.1732177734375, 1.0], [1171.01318359375, 777.2786865234376, 1.0], [1145.781982421875, 740.4558105468751, 1.0], [1113.5043945312498, 733.8175048828123, 1.0], [1212.3631591796875, 828.4203491210938, 1.0], [1148.169189453125, 794.5422973632811, 1.0], [1113.5043945312498, 770.2523803710939, 1.0], [1088.4687500000002, 750.4368896484375, 1.0], [1198.2404785156248, 865.4944458007812, 1.0], [1134.6884765624998, 834.8124389648438, 1.0], [1101.7739257812502, 815.2705688476564, 1.0], [1069.8525390625, 797.0991210937499, 1.0], [1177.0565185546875, 891.7019653320312, 1.0], [1128.1787109374998, 885.4093627929686, 1.0], [1083.333251953125, 881.4746704101564, 1.0], [1054.4459228515625, 870.6080932617189, 1.0], [1163.5758056640627, 902.5685424804686, 1.0], [1139.182006835937, 913.4350585937499, 1.0], [1103.2333984374998, 906.403747558594, 1.0], [1087.8267822265625, 895.5372314453124, 1.0]], "head_box": [[817.0, 1.0], [1102.0, 374.0]], "head_size": 373.0, "hand_box_center": [1133.404541015625, 823.626281738281], "is_left": 1, "is_mpii": 1}