{"mpii_image": "001328120.jpg", "mpii_annorect_idx": 0, "mpii_body_pts": [[66.0, 372.0, 0.0], [188.0, 117.0, 0.0], [168.27699279785156, 122.37899780273438, 0.0], [361.7229919433594, 69.62100219726562, 0.0], [152.0, 514.0, 1.0], [379.0, 371.0, 0.0], [78.0, 408.0, 1.0], [53.0, 336.0, 0.0], [336.0, 319.0, 0.0], [338.0, 477.0, 1.0], [625.0, 350.0, 1.0], [396.0, 340.0, 1.0], [193.0, 179.0, 1.0], [183.0, 55.0, 0.0], [305.0, 160.0, 1.0], [446.0, 166.0, 1.0]], "hand_pts": [[630.412841796875, 353.3045654296875, 1.0], [649.368408203125, 327.11120605468744, 1.0], [697.6745605468752, 334.4209899902343, 1.0], [727.6365966796876, 345.6902160644531, 1.0], [745.980712890625, 351.7817077636718, 1.0], [695.2286987304688, 325.89288330078136, 1.0], [725.4964599609375, 337.46670532226557, 1.0], [742.92333984375, 345.38565063476574, 1.0], [760.3502807617186, 352.390838623047, 1.0], [702.2605590820311, 351.1725463867188, 1.0], [749.3438110351562, 350.25881958007807, 1.0], [772.8854370117188, 353.3045654296875, 1.0], [790.312316894531, 354.8274536132813, 1.0], [694.6171875, 371.2744445800781, 1.0], [736.8086547851561, 381.32540893554693, 1.0], [736.5029296874999, 386.50317382812494, 1.0], [726.4136962890625, 386.1985778808594, 1.0], [686.3623657226561, 387.1123046875, 1.0], [710.5154418945311, 387.1123046875, 1.0], [699.814697265625, 380.4116821289063, 1.0], [693.394287109375, 381.0208129882812, 1.0]], "head_box": [[181.0, 3.0], [349.0, 189.0]], "head_size": 186.0, "hand_box_center": [710.362579345703, 356.5025939941407], "is_left": 0, "is_mpii": 1}