{"mpii_image": "001401452.jpg", "mpii_annorect_idx": 0, "mpii_body_pts": [[711.0, 350.0, 0.0], [893.0, 248.0, 0.0], [901.0286865234375, 251.13150024414062, 0.0], [1125.9713134765625, 338.8684997558594, 0.0], [789.0, 699.0, 1.0], [733.0, 438.0, 1.0], [624.0, 333.0, 1.0], [798.0, 367.0, 0.0], [863.0, 612.0, 1.0], [721.0, 494.0, 0.0], [835.0, 392.0, 1.0], [643.0, 352.0, 1.0], [801.0, 203.0, 1.0], [984.0, 293.0, 0.0], [1028.0, 544.0, 1.0], [1111.0, 783.0, 1.0]], "hand_pts": [[1111.0, 783.0, 1.0], [1124.2939453124998, 822.9197387695314, 1.0], [1132.1694335937498, 855.5254516601564, 1.0], [1149.9930419921875, 873.6856079101564, 1.0], [1166.5731201171873, 895.5603637695312, 1.0], [1164.9151611328127, 829.1106567382812, 1.0], [1181.0808105468748, 870.3837890625001, 1.0], [1189.3708496093748, 890.1948852539064, 1.0], [1196.4173583984375, 910.8314208984373, 1.0], [1176.9357910156252, 824.9833374023439, 1.0], [1186.0548095703123, 869.1455688476562, 1.0], [1193.5158691406255, 894.3222045898436, 1.0], [1197.6608886718748, 910.4187011718751, 1.0], [1173.2052001953125, 824.1578979492188, 1.0], [1182.7387695312502, 869.9710693359374, 1.0], [1189.3708496093748, 892.6712646484375, 1.0], [1193.5158691406255, 907.5296020507812, 1.0], [1169.88916015625, 834.888916015625, 1.0], [1178.59375, 865.4310302734375, 1.0], [1183.5677490234375, 882.7656860351562, 1.0], [1188.5417480468748, 896.7985839843751, 1.0]], "head_box": [[922.0, 175.0], [1105.0, 415.0]], "head_size": 240.0, "hand_box_center": [1154.3304443359375, 846.9157104492186], "is_left": 1, "is_mpii": 1}