{"mpii_image": "001696913.jpg", "mpii_annorect_idx": 0, "mpii_body_pts": [[634.0, 525.0, 0.0], [754.0, 591.0, 1.0], [755.3328247070312, 591.559814453125, 0.0], [902.6671752929688, 653.440185546875, 0.0], [571.0, 982.0, 1.0], [582.0, 755.0, 1.0], [571.0, 533.0, 1.0], [697.0, 516.0, 0.0], [740.0, 743.0, 1.0], [752.0, 971.0, 1.0], [709.0, 959.0, 1.0], [677.0, 815.0, 1.0], [669.0, 637.0, 1.0], [838.0, 545.0, 1.0], [778.0, 648.0, 0.0], [680.0, 738.0, 0.0]], "hand_pts": [[714.8167724609375, 955.0839843750001, 1.0], [725.9299926757812, 966.6273803710939, 1.0], [729.7131958007812, 999.137451171875, 1.0], [725.4570922851561, 1015.3924560546875, 1.0], [719.309326171875, 1024.3444824218748, 1.0], [736.8067626953124, 998.4307250976562, 1.0], [738.934814453125, 1023.8733520507814, 1.0], [739.1712646484375, 1042.2486572265627, 1.0], [738.2254638671876, 1051.9073486328123, 1.0], [725.6935424804688, 1002.2000122070314, 1.0], [720.9645385742188, 1027.4071044921877, 1.0], [712.6887207031251, 1037.7725830078125, 1.0], [706.3045043945311, 1037.0657958984375, 1.0], [711.5064697265625, 1003.3779296874999, 1.0], [706.7774047851562, 1029.9984130859375, 1.0], [700.6296997070312, 1032.58984375, 1.0], [697.3193359375001, 1029.7628173828125, 1.0], [697.3193359375001, 999.373046875, 1.0], [693.5361328124999, 1019.3973388671876, 1.0], [687.3883666992188, 1024.8156738281252, 1.0], [683.3687133789062, 1026.9359130859377, 1.0]], "head_box": [[766.0, 545.0], [892.0, 700.0]], "head_size": 155.0, "hand_box_center": [711.2699890136719, 1003.4956665039062], "is_left": 0, "is_mpii": 1}