{"mpii_image": "001930442.jpg", "mpii_annorect_idx": 0, "mpii_body_pts": [[684.0, 516.0, 0.0], [688.0, 592.0, 1.0], [691.47998046875, 668.5607299804688, 0.0], [683.52001953125, 493.4393005371094, 0.0], [672.0, 581.0, 0.0], [667.0, 708.0, 1.0], [626.0, 528.0, 0.0], [742.0, 504.0, 1.0], [776.0, 497.0, 1.0], [771.0, 371.0, 1.0], [545.0, 792.0, 1.0], [554.0, 706.0, 1.0], [593.0, 588.0, 1.0], [783.0, 595.0, 1.0], [780.0, 732.0, 1.0], [780.0, 860.0, 1.0]], "hand_pts": [[783.4461059570312, 859.1621093749999, 1.0], [769.3619995117186, 868.1137084960939, 1.0], [753.1802368164062, 878.2589111328125, 1.0], [740.5944213867188, 893.1782226562501, 1.0], [737.2981567382814, 910.1862792968751, 1.0], [767.2643432617189, 895.2669067382812, 1.0], [763.6683959960939, 909.2911376953125, 1.0], [761.8704223632812, 925.1056518554686, 1.0], [759.4731445312501, 937.6378784179688, 1.0], [779.850158691406, 893.7750244140625, 1.0], [780.1498413085939, 910.7830810546877, 1.0], [779.550537109375, 928.0894775390627, 1.0], [778.3518676757811, 940.6217651367188, 1.0], [808.6177368164062, 894.3717651367188, 1.0], [812.5133666992188, 904.5169067382812, 1.0], [813.412353515625, 911.6782226562501, 1.0], [814.3113403320312, 924.2104492187501, 1.0], [793.6346435546876, 894.670166015625, 1.0], [794.2339477539062, 910.4846801757812, 1.0], [796.0319213867186, 925.4039916992188, 1.0], [796.930908203125, 940.3233642578126, 1.0]], "head_box": [[628.0, 489.0], [747.0, 673.0]], "head_size": 184.0, "hand_box_center": [775.8047485351562, 899.8919372558594], "is_left": 1, "is_mpii": 1}