{"mpii_image": "002058449.jpg", "mpii_annorect_idx": 0, "mpii_body_pts": [[846.0, 351.0, 1.0], [738.0, 259.0, 1.0], [795.2738037109375, 314.8937072753906, 0.0], [597.7261962890625, 122.1063003540039, 0.0], [918.0, 456.0, 1.0], [659.0, 518.0, 1.0], [713.0, 413.0, 1.0], [979.0, 288.0, 1.0], [1222.0, 453.0, 1.0], [974.0, 399.0, 0.0], [441.0, 490.0, 1.0], [446.0, 434.0, 1.0], [599.0, 270.0, 1.0], [877.0, 247.0, 1.0], [1112.0, 384.0, 1.0], [1012.0, 489.0, 1.0]], "hand_pts": [[1012.0, 489.0, 1.0], [982.9087524414062, 496.51715087890625, 1.0], [952.92041015625, 529.0975952148438, 1.0], [941.5611572265625, 559.8680419921875, 1.0], [930.6563110351562, 595.1635742187501, 1.0], [967.460205078125, 549.46044921875, 1.0], [968.3689575195312, 585.6609497070312, 1.0], [956.1010131835936, 604.6661987304686, 1.0], [946.5592651367186, 622.3139648437499, 1.0], [987.9067993164062, 553.5329589843749, 1.0], [983.3630981445311, 589.7335205078126, 1.0], [970.1864013671877, 618.2413940429688, 1.0], [967.460205078125, 638.6041870117188, 1.0], [1011.9883422851564, 566.2031860351564, 1.0], [1015.1689453125, 602.4036865234375, 1.0], [1019.7125854492188, 620.0514526367188, 1.0], [1026.528076171875, 634.9841308593751, 1.0], [1024.710693359375, 571.6332397460939, 1.0], [1030.1630859374998, 600.1411743164062, 1.0], [1036.0698242187498, 615.0738525390627, 1.0], [1046.0660400390623, 625.9340209960938, 1.0]], "head_box": [[595.0, 79.0], [798.0, 358.0]], "head_size": 279.0, "hand_box_center": [988.3611755371093, 563.8020935058594], "is_left": 1, "is_mpii": 1}