{"mpii_image": "002076409.jpg", "mpii_annorect_idx": 0, "mpii_body_pts": [[230.0, 549.0, 1.0], [268.0, 201.0, 1.0], [268.2773132324219, 200.69290161132812, 0.0], [407.7226867675781, 46.307098388671875, 0.0], [167.0, 986.0, 1.0], [170.0, 791.0, 1.0], [180.0, 553.0, 1.0], [279.0, 545.0, 1.0], [352.0, 801.0, 1.0], [347.0, 955.0, 1.0], [51.0, 330.0, 0.0], [56.0, 259.0, 1.0], [145.0, 165.0, 1.0], [390.0, 236.0, 1.0], [449.0, 403.0, 1.0], [527.0, 538.0, 1.0]], "hand_pts": [[51.0, 330.0, 1.0], [64.86576080322264, 334.4932556152343, 1.0], [82.318229675293, 356.398681640625, 1.0], [80.42122650146484, 382.8362426757813, 1.0], [59.17473983764648, 388.1237487792969, 1.0], [63.348155975341804, 327.31735229492193, 1.0], [76.24781036376953, 346.2013244628905, 1.0], [75.86840820312499, 366.21835327148426, 1.0], [73.97139739990234, 379.05944824218744, 1.0], [43.23987579345703, 325.05126953125, 1.0], [57.65713119506835, 354.5102844238282, 1.0], [58.41593551635742, 375.66033935546875, 1.0], [48.55149459838866, 381.7032165527343, 1.0], [22.752193450927727, 331.84948730468756, 1.0], [38.68705749511718, 359.04241943359375, 1.0], [45.516284942626946, 381.7032165527343, 1.0], [34.13423919677735, 379.81481933593756, 1.0], [8.334935188293455, 337.8923645019531, 1.0], [18.57877540588379, 361.3085021972656, 1.0], [29.581420898437496, 377.54873657226557, 1.0], [37.548851013183594, 386.2353515624999, 1.0]], "head_box": [[262.0, 18.0], [414.0, 229.0]], "head_size": 211.0, "hand_box_center": [45.32658243179323, 356.58750915527344], "is_left": 0, "is_mpii": 1}