{"mpii_image": "002058449.jpg", "mpii_annorect_idx": 0, "mpii_body_pts": [[846.0, 351.0, 1.0], [738.0, 259.0, 1.0], [795.2738037109375, 314.8937072753906, 0.0], [597.7261962890625, 122.1063003540039, 0.0], [918.0, 456.0, 1.0], [659.0, 518.0, 1.0], [713.0, 413.0, 1.0], [979.0, 288.0, 1.0], [1222.0, 453.0, 1.0], [974.0, 399.0, 0.0], [441.0, 490.0, 1.0], [446.0, 434.0, 1.0], [599.0, 270.0, 1.0], [877.0, 247.0, 1.0], [1112.0, 384.0, 1.0], [1012.0, 489.0, 1.0]], "hand_pts": [[442.02529907226557, 503.44570922851557, 1.0], [462.6485595703125, 513.9278564453124, 1.0], [468.9617919921874, 567.5962524414061, 1.0], [474.8541564941406, 594.0111694335936, 1.0], [487.05975341796875, 609.1054077148438, 1.0], [438.23736572265625, 553.340576171875, 1.0], [438.23736572265625, 586.0447998046875, 1.0], [437.3955993652343, 608.6861572265626, 1.0], [431.08233642578125, 623.3610839843749, 1.0], [416.3514404296875, 552.9213256835936, 1.0], [398.67437744140625, 584.7869262695314, 1.0], [380.99728393554693, 608.266845703125, 1.0], [367.52902221679693, 620.8453979492188, 1.0], [403.7249450683594, 545.7934570312501, 1.0], [385.62698364257807, 582.6904907226564, 1.0], [368.37078857421875, 601.9776000976562, 1.0], [354.90255737304693, 612.8789672851562, 1.0], [395.11886596679693, 547.26025390625, 1.0], [382.25991821289057, 569.6926879882812, 1.0], [378.52105712890625, 583.5845947265626, 1.0], [376.7169189453124, 593.2951049804688, 1.0]], "head_box": [[595.0, 79.0], [798.0, 358.0]], "head_size": 279.0, "hand_box_center": [420.9811553955078, 563.4033966064452], "is_left": 0, "is_mpii": 1}