{"mpii_image": "002076409.jpg", "mpii_annorect_idx": 0, "mpii_body_pts": [[230.0, 549.0, 1.0], [268.0, 201.0, 1.0], [268.2773132324219, 200.69290161132812, 0.0], [407.7226867675781, 46.307098388671875, 0.0], [167.0, 986.0, 1.0], [170.0, 791.0, 1.0], [180.0, 553.0, 1.0], [279.0, 545.0, 1.0], [352.0, 801.0, 1.0], [347.0, 955.0, 1.0], [51.0, 330.0, 0.0], [56.0, 259.0, 1.0], [145.0, 165.0, 1.0], [390.0, 236.0, 1.0], [449.0, 403.0, 1.0], [527.0, 538.0, 1.0]], "hand_pts": [[527.0, 538.0, 1.0], [550.4000244140624, 552.5804443359375, 1.0], [578.1384887695314, 565.8812866210938, 1.0], [587.0421752929686, 584.6388549804688, 1.0], [581.2205200195312, 599.3038330078126, 1.0], [568.5498657226562, 602.0322265624999, 1.0], [565.4678344726562, 614.9920043945311, 1.0], [571.9743652343751, 620.1077270507812, 1.0], [573.3441772460939, 605.7837524414064, 1.0], [553.8245239257811, 601.691162109375, 1.0], [551.7697753906251, 623.859191894531, 1.0], [558.6188354492189, 616.01513671875, 1.0], [559.9885864257812, 601.691162109375, 1.0], [544.5783691406251, 592.141845703125, 1.0], [543.5510253906249, 613.9688720703126, 1.0], [549.3726196289061, 596.91650390625, 1.0], [551.7697753906251, 588.04931640625, 1.0], [528.4832153320312, 595.5523071289061, 1.0], [533.6199340820312, 606.4658203124999, 1.0], [540.1264648437499, 591.8008422851562, 1.0], [539.0991210937499, 581.9104614257811, 1.0]], "head_box": [[262.0, 18.0], [414.0, 229.0]], "head_size": 211.0, "hand_box_center": [557.0210876464844, 580.9295959472655], "is_left": 1, "is_mpii": 1}