{"mpii_image": "002114982.jpg", "mpii_annorect_idx": 0, "mpii_body_pts": [[1254.0, 635.0, 1.0], [1271.0, 324.0, 1.0], [1276.8116455078125, 268.3200988769531, 0.0], [1296.1883544921875, 82.67990112304688, 0.0], [1066.0, 968.0, 1.0], [934.0, 685.0, 1.0], [1181.0, 641.0, 1.0], [1327.0, 629.0, 1.0], [1485.0, 657.0, 1.0], [1214.0, 759.0, 1.0], [952.0, 371.0, 1.0], [1061.0, 445.0, 1.0], [1163.0, 297.0, 1.0], [1378.0, 350.0, 1.0], [1240.0, 483.0, 1.0], [1102.0, 394.0, 1.0]], "hand_pts": [[1102.0, 394.0, 1.0], [1108.8367919921877, 367.91195678710926, 1.0], [1108.529541015625, 325.38049316406256, 1.0], [1102.384765625, 304.5737609863281, 1.0], [1092.5531005859373, 290.8045654296875, 1.0], [1096.2399902343748, 336.39584350585943, 1.0], [1087.63720703125, 314.0591735839844, 1.0], [1082.1068115234375, 303.0438537597657, 1.0], [1074.1186523437502, 286.52084350585943, 1.0], [1075.3475341796875, 350.16503906249994, 1.0], [1059.6782226562498, 325.38049316406256, 1.0], [1049.8465576171877, 299.98403930664057, 1.0], [1043.3945312499998, 285.296905517578, 1.0], [1063.0579833984375, 356.28466796875, 1.0], [1039.7076416015627, 327.5223693847657, 1.0], [1034.7917480468748, 313.44723510742193, 1.0], [1035.7135009765625, 303.349822998047, 1.0], [1048.6175537109377, 358.7325134277343, 1.0], [1032.64111328125, 334.8659362792969, 1.0], [1031.1048583984373, 319.56686401367193, 1.0], [1032.3338623046875, 309.7754516601563, 1.0]], "head_box": [[1224.0, 77.0], [1349.0, 274.0]], "head_size": 197.0, "hand_box_center": [1069.9708251953125, 339.648452758789], "is_left": 1, "is_mpii": 1}