{"mpii_image": "002728765.jpg", "mpii_annorect_idx": 0, "mpii_body_pts": [[583.0, 635.0, 1.0], [587.0, 435.0, 1.0], [590.8093872070312, 390.48980712890625, 0.0], [602.1906127929688, 257.51019287109375, 0.0], [537.0, 999.0, 1.0], [542.0, 802.0, 1.0], [535.0, 631.0, 1.0], [631.0, 638.0, 1.0], [638.0, 807.0, 1.0], [636.0, 999.0, 1.0], [511.0, 566.0, 1.0], [477.0, 542.0, 1.0], [504.0, 436.0, 1.0], [670.0, 434.0, 1.0], [730.0, 530.0, 1.0], [696.0, 598.0, 1.0]], "hand_pts": [[517.7432250976562, 575.7470703125, 1.0], [521.8578491210936, 560.1375122070312, 1.0], [535.4678344726562, 555.4073486328125, 1.0], [547.1787109375002, 554.1459960937499, 1.0], [558.731384277344, 547.9967651367188, 1.0], [540.3737182617189, 569.1248168945311, 1.0], [550.818603515625, 569.2825317382814, 1.0], [558.8896484375, 570.2285766601565, 1.0], [565.3781127929686, 572.12060546875, 1.0], [540.3737182617189, 578.2698364257812, 1.0], [556.3575439453124, 585.3651123046874, 1.0], [569.8092651367186, 585.9957885742189, 1.0], [577.7220458984374, 585.3651123046874, 1.0], [539.1076660156249, 585.6804199218751, 1.0], [552.8759155273439, 593.5640258789061, 1.0], [563.9537963867188, 594.5100708007812, 1.0], [573.2908935546877, 592.6179809570314, 1.0], [536.1008300781252, 592.6179809570314, 1.0], [546.7039794921876, 602.5513305664064, 1.0], [556.1992797851562, 603.3397216796876, 1.0], [564.1120605468751, 602.3936767578126, 1.0]], "head_box": [[543.0, 260.0], [650.0, 388.0]], "head_size": 128.0, "hand_box_center": [547.7326354980469, 575.6682434082031], "is_left": 0, "is_mpii": 1}