{"mpii_image": "002728765.jpg", "mpii_annorect_idx": 0, "mpii_body_pts": [[583.0, 635.0, 1.0], [587.0, 435.0, 1.0], [590.8093872070312, 390.48980712890625, 0.0], [602.1906127929688, 257.51019287109375, 0.0], [537.0, 999.0, 1.0], [542.0, 802.0, 1.0], [535.0, 631.0, 1.0], [631.0, 638.0, 1.0], [638.0, 807.0, 1.0], [636.0, 999.0, 1.0], [511.0, 566.0, 1.0], [477.0, 542.0, 1.0], [504.0, 436.0, 1.0], [670.0, 434.0, 1.0], [730.0, 530.0, 1.0], [696.0, 598.0, 1.0]], "hand_pts": [[698.005859375, 589.2078857421876, 1.0], [683.8607788085938, 588.7535400390626, 1.0], [675.6474609375, 588.7535400390626, 1.0], [665.8371582031249, 586.0274658203124, 1.0], [655.7987060546877, 595.1145019531251, 1.0], [660.3616333007811, 593.9785766601565, 1.0], [643.4787597656251, 604.8830566406251, 1.0], [640.9691772460939, 612.6069946289062, 1.0], [643.2506103515625, 623.9658203124999, 1.0], [663.7838134765627, 601.7025756835938, 1.0], [650.5513305664064, 617.1505126953124, 1.0], [648.2698364257812, 627.3734741210939, 1.0], [648.4979858398438, 633.2800292968751, 1.0], [670.6282348632812, 608.2906494140625, 1.0], [658.0802001953124, 624.1929931640625, 1.0], [655.5705566406251, 631.9169921874999, 1.0], [653.9735107421876, 636.006103515625, 1.0], [680.2103881835938, 616.0146484375, 1.0], [671.5408325195314, 629.1908569335939, 1.0], [667.4342041015624, 637.1420288085936, 1.0], [664.4682617187499, 642.1398925781252, 1.0]], "head_box": [[543.0, 260.0], [650.0, 388.0]], "head_size": 128.0, "hand_box_center": [669.4875183105469, 614.0836791992188], "is_left": 1, "is_mpii": 1}