{"mpii_image": "002944251.jpg", "mpii_annorect_idx": 0, "mpii_body_pts": [[1053.0, 853.0, 0.0], [708.0, 854.0, 0.0], [679.6591796875, 816.4359130859375, 0.0], [567.3408203125, 667.5640869140625, 0.0], [1049.0, 420.0, 1.0], [863.0, 631.0, 0.0], [1053.0, 851.0, 0.0], [1053.0, 854.0, 1.0], [860.0, 631.0, 1.0], [1015.0, 389.0, 1.0], [897.0, 718.0, 1.0], [888.0, 894.0, 1.0], [702.0, 854.0, 1.0], [714.0, 854.0, 0.0], [888.0, 888.0, 0.0], [901.0, 711.0, 0.0]], "hand_pts": [[898.5032958984374, 714.4013671874999, 1.0], [881.3502807617186, 706.4656982421875, 1.0], [872.9732055664064, 676.7067871093751, 1.0], [872.5742797851562, 652.1060791015625, 1.0], [866.9896240234374, 637.0282592773439, 1.0], [897.7054443359375, 654.0900268554686, 1.0], [912.0661010742186, 633.0603637695312, 1.0], [922.437744140625, 619.1729125976564, 1.0], [932.0114746093751, 609.6500244140624, 1.0], [911.667236328125, 660.4385986328125, 1.0], [928.0223999023438, 640.5993041992188, 1.0], [922.0388183593751, 640.99609375, 1.0], [918.4486694335936, 644.567138671875, 1.0], [924.0333251953124, 669.9614257812498, 1.0], [936.0005493164062, 654.48681640625, 1.0], [928.4213256835936, 652.5028686523438, 1.0], [924.8311767578125, 654.8836059570314, 1.0], [933.6071166992186, 682.2617797851562, 1.0], [948.3666992187499, 669.9614257812498, 1.0], [942.7819824218751, 665.2000122070314, 1.0], [936.3994750976564, 668.3742675781251, 1.0]], "head_box": [[536.0, 665.0], [711.0, 819.0]], "head_size": 154.0, "hand_box_center": [907.6781616210936, 662.0256958007811], "is_left": 0, "is_mpii": 1}