{"mpii_image": "002944251.jpg", "mpii_annorect_idx": 0, "mpii_body_pts": [[1053.0, 853.0, 0.0], [708.0, 854.0, 0.0], [679.6591796875, 816.4359130859375, 0.0], [567.3408203125, 667.5640869140625, 0.0], [1049.0, 420.0, 1.0], [863.0, 631.0, 0.0], [1053.0, 851.0, 0.0], [1053.0, 854.0, 1.0], [860.0, 631.0, 1.0], [1015.0, 389.0, 1.0], [897.0, 718.0, 1.0], [888.0, 894.0, 1.0], [702.0, 854.0, 1.0], [714.0, 854.0, 0.0], [888.0, 888.0, 0.0], [901.0, 711.0, 0.0]], "hand_pts": [[889.6020507812499, 709.4203491210938, 1.0], [881.7345581054686, 683.5875854492188, 1.0], [882.0259399414062, 656.0133666992188, 1.0], [885.5225830078125, 645.5641479492188, 1.0], [890.1848144531251, 639.1785278320312, 1.0], [895.138427734375, 665.8820190429686, 1.0], [908.8337402343751, 644.4031372070314, 1.0], [918.4495849609375, 635.4052124023436, 1.0], [926.0256958007811, 630.1806030273439, 1.0], [903.5887451171877, 671.3969116210938, 1.0], [917.5754394531251, 651.6594848632812, 1.0], [925.4429321289061, 641.7908325195315, 1.0], [931.8535156249999, 635.4052124023436, 1.0], [912.621826171875, 678.0727539062501, 1.0], [926.317138671875, 657.1743774414064, 1.0], [935.9329833984374, 647.8861694335936, 1.0], [943.2177124023438, 641.7908325195315, 1.0], [921.9462890624999, 682.4265747070312, 1.0], [934.1846313476565, 667.0430297851561, 1.0], [942.9263305664064, 656.3035888671876, 1.0], [952.2507934570314, 651.3692626953123, 1.0]], "head_box": [[536.0, 665.0], [711.0, 819.0]], "head_size": 154.0, "hand_box_center": [916.99267578125, 669.8004760742188], "is_left": 1, "is_mpii": 1}