{"mpii_image": "003283543.jpg", "mpii_annorect_idx": 1, "mpii_body_pts": [[570.0, 705.0, 1.0], [809.0, 660.0, 1.0], [818.2761840820312, 670.3983764648438, 0.0], [923.7238159179688, 788.6016235351562, 0.0], [283.0, 659.0, 1.0], [437.0, 693.0, 1.0], [568.0, 685.0, 1.0], [571.0, 724.0, 1.0], [411.0, 696.0, 1.0], [311.0, 639.0, 1.0], [665.0, 784.0, 1.0], [625.0, 682.0, 1.0], [790.0, 667.0, 1.0], [827.0, 653.0, 1.0], [699.0, 673.0, 0.0], [804.0, 759.0, 1.0]], "hand_pts": [[665.0, 784.0, 1.0], [682.0553588867186, 786.5621337890624, 1.0], [699.3881225585939, 790.012939453125, 1.0], [714.6987304687502, 791.4508056640625, 1.0], [727.4093627929686, 794.6140136718751, 1.0], [712.9654541015624, 794.901611328125, 1.0], [731.1647949218751, 800.0778198242186, 1.0], [747.6309204101562, 806.4042968749999, 1.0], [758.3194580078125, 810.1427001953124, 1.0], [707.7656249999999, 798.3524169921874, 1.0], [732.6091918945311, 804.1037597656251, 1.0], [749.0753173828125, 812.4432373046875, 1.0], [756.8750610351562, 817.6194458007812, 1.0], [707.4767456054688, 803.816223144531, 1.0], [727.6982421875, 809.2799682617189, 1.0], [741.2755737304689, 816.7567749023439, 1.0], [749.9419555664062, 819.9199829101564, 1.0], [691.5883789062502, 808.1296997070312, 1.0], [704.0101928710938, 812.7308349609376, 1.0], [712.3876953124999, 817.9070434570312, 1.0], [722.2095947265626, 824.2335205078126, 1.0]], "head_box": [[812.0, 650.0], [930.0, 809.0]], "head_size": 159.0, "hand_box_center": [711.6597290039062, 804.1167602539062], "is_left": 0, "is_mpii": 1}