{"mpii_image": "003409786.jpg", "mpii_annorect_idx": 0, "mpii_body_pts": [[1053.0, 679.0, 1.0], [1052.0, 409.0, 1.0], [1049.3697509765625, 400.91461181640625, 0.0], [1000.6301879882812, 251.0854034423828, 0.0], [994.0, 768.0, 0.0], [928.0, 861.0, 1.0], [994.0, 677.0, 1.0], [1112.0, 680.0, 1.0], [1197.0, 858.0, 1.0], [1076.0, 790.0, 0.0], [912.0, 477.0, 1.0], [865.0, 516.0, 1.0], [937.0, 404.0, 1.0], [1167.0, 414.0, 1.0], [1172.0, 499.0, 1.0], [1057.0, 436.0, 1.0]], "hand_pts": [[917.65576171875, 471.35595703125, 1.0], [914.1544799804688, 456.78060913085943, 1.0], [920.5391235351562, 437.89425659179693, 1.0], [938.8693237304686, 428.86166381835943, 1.0], [948.3433837890625, 440.76828002929693, 1.0], [917.2438354492189, 450.62200927734375, 1.0], [915.3901977539061, 446.3110046386719, 1.0], [922.5987548828125, 442.61584472656256, 1.0], [931.0429687499999, 440.56298828125, 1.0], [920.7451171874999, 462.32333374023426, 1.0], [927.5416870117186, 463.3497924804688, 1.0], [937.0157470703126, 463.96563720703125, 1.0], [946.9016723632812, 459.2440490722656, 1.0], [926.3059692382812, 473.20352172851557, 1.0], [940.1051025390626, 470.53479003906256, 1.0], [952.4625244140623, 461.296905517578, 1.0], [954.3161621093749, 449.1850280761719, 1.0], [935.3681030273438, 481.6202697753906, 1.0], [955.1399536132812, 471.7665100097656, 1.0], [958.6412353515625, 460.8863525390625, 1.0], [958.8472290039059, 448.5691528320313, 1.0]], "head_box": [[969.0, 245.0], [1081.0, 407.0]], "head_size": 162.0, "hand_box_center": [936.5008544921873, 455.240966796875], "is_left": 0, "is_mpii": 1}