{"mpii_image": "003436303.jpg", "mpii_annorect_idx": 0, "mpii_body_pts": [[414.0, 712.0, 1.0], [384.0, 657.0, 1.0], [347.0, 535.0, 1.0], [431.0, 513.0, 1.0], [439.0, 583.0, 0.0], [460.0, 650.0, 0.0], [389.0, 524.0, 1.0], [310.0, 287.0, 1.0], [310.0, 235.0, 0.0], [310.0, 101.0, 0.0], [264.0, 537.0, 1.0], [213.0, 431.0, 1.0], [217.0, 315.0, 1.0], [402.0, 259.0, 1.0], [453.0, 333.0, 1.0], [508.0, 408.0, 1.0]], "hand_pts": [[508.45816040039057, 409.5570983886719, 1.0], [499.56536865234375, 422.24450683593756, 1.0], [493.6368713378906, 434.5842895507813, 1.0], [492.2419128417969, 447.7930908203125, 1.0], [493.8112487792969, 458.0473022460937, 1.0], [511.42239379882807, 438.9292907714843, 1.0], [514.56103515625, 450.4000854492187, 1.0], [512.4686279296875, 461.6971130371093, 1.0], [507.9350280761718, 466.9111022949219, 1.0], [519.7920532226564, 436.669891357422, 1.0], [521.7100830078126, 445.3598937988282, 1.0], [520.6638793945312, 455.44030761718744, 1.0], [514.6477050781251, 460.4071350097656, 1.0], [525.1974487304688, 432.32489013671886, 1.0], [525.8949584960938, 442.2315063476562, 1.0], [524.6743774414064, 450.5739135742187, 1.0], [521.2158813476565, 456.2903747558593, 1.0], [527.6386108398438, 430.76071166992193, 1.0], [527.2899169921876, 440.1459045410156, 1.0], [526.5677490234374, 445.8773498535156, 1.0], [524.1350708007812, 450.72061157226557, 1.0]], "head_box": [[266.0, 98.0], [355.0, 239.0]], "head_size": 141.0, "hand_box_center": [509.9402618408203, 438.2341003417969], "is_left": 1, "is_mpii": 1}