{"mpii_image": "003757109.jpg", "mpii_annorect_idx": 0, "mpii_body_pts": [[458.0, 448.0, 0.0], [442.0, 253.0, 1.0], [447.9580993652344, 237.841796875, 0.0], [504.0419006347656, 95.158203125, 0.0], [516.0, 537.0, 1.0], [450.0, 524.0, 0.0], [475.0, 456.0, 0.0], [441.0, 439.0, 1.0], [373.0, 576.0, 1.0], [377.0, 690.0, 1.0], [322.0, 357.0, 1.0], [328.0, 307.0, 1.0], [375.0, 239.0, 1.0], [508.0, 266.0, 1.0], [594.0, 342.0, 1.0], [578.0, 441.0, 1.0]], "hand_pts": [[322.0, 357.0, 1.0], [328.94827270507807, 356.6459350585937, 1.0], [338.5416870117188, 358.938507080078, 1.0], [353.3155212402343, 370.59243774414057, 1.0], [352.3561706542969, 380.9090270996094, 1.0], [323.09512329101557, 359.6827697753906, 1.0], [341.51867675781244, 380.64825439453136, 1.0], [341.22784423828125, 377.66119384765625, 1.0], [337.3904724121093, 374.41339111328125, 1.0], [315.4625244140625, 370.4275817871093, 1.0], [336.43115234374994, 391.225616455078, 1.0], [336.23925781249994, 385.6852111816406, 1.0], [332.59378051757807, 382.0552978515625, 1.0], [311.29641723632807, 379.3806457519531, 1.0], [328.3726806640626, 399.24963378906256, 1.0], [329.1401672363282, 393.51818847656244, 1.0], [325.8783874511718, 389.8882751464843, 1.0], [312.6394958496094, 384.92102050781244, 1.0], [315.7093811035157, 396.76602172851557, 1.0], [322.04104614257807, 398.4854431152344, 1.0], [320.69796752929693, 395.23764038085943, 1.0]], "head_box": [[409.0, 98.0], [543.0, 235.0]], "head_size": 137.0, "hand_box_center": [332.3059692382812, 377.9477844238281], "is_left": 0, "is_mpii": 1}