{"mpii_image": "003905462.jpg", "mpii_annorect_idx": 0, "mpii_body_pts": [[947.0, 847.0, 1.0], [942.0, 507.0, 1.0], [940.0042724609375, 405.22088623046875, 0.0], [935.9957275390625, 200.7790985107422, 0.0], [954.0, 943.0, 1.0], [627.0, 917.0, 1.0], [875.0, 845.0, 1.0], [1019.0, 848.0, 1.0], [1280.0, 920.0, 1.0], [976.0, 923.0, 0.0], [696.0, 819.0, 1.0], [781.0, 747.0, 1.0], [813.0, 512.0, 1.0], [1071.0, 502.0, 1.0], [1120.0, 724.0, 1.0], [1221.0, 822.0, 1.0]], "hand_pts": [[1227.5427246093748, 833.60302734375, 1.0], [1257.7395019531252, 816.6116943359374, 1.0], [1283.0955810546877, 817.300537109375, 1.0], [1302.68896484375, 818.9078369140625, 1.0], [1307.068603515625, 827.6331176757812, 1.0], [1290.7023925781248, 845.3132934570312, 1.0], [1302.2279052734375, 853.1201782226564, 1.0], [1297.15673828125, 834.521484375, 1.0], [1290.0108642578123, 820.9743041992188, 1.0], [1275.71923828125, 849.4463500976562, 1.0], [1286.3227539062502, 859.090087890625, 1.0], [1280.7905273437502, 836.1287841796877, 1.0], [1275.9498291015627, 818.9078369140625, 1.0], [1256.1259765625, 851.7424926757812, 1.0], [1268.3430175781248, 865.2896728515626, 1.0], [1264.65478515625, 841.1802978515625, 1.0], [1262.3497314453125, 824.1889038085939, 1.0], [1235.841064453125, 855.4162597656249, 1.0], [1244.6302490234373, 867.1293334960939, 1.0], [1247.1361083984373, 845.0836791992188, 1.0], [1247.0875244140625, 828.6798706054689, 1.0]], "head_box": [[861.0, 201.0], [1015.0, 405.0]], "head_size": 204.0, "hand_box_center": [1267.3056640625, 841.8705139160156], "is_left": 1, "is_mpii": 1}