{"mpii_image": "003913225.jpg", "mpii_annorect_idx": 1, "mpii_body_pts": [[1521.0, 1067.0, 0.0], [1539.0, 860.0, 1.0], [1496.0, 636.0, 1.0], [1607.0, 653.0, 1.0], [1573.0, 893.0, 1.0], [1563.0, 1069.0, 1.0], [1552.0, 645.0, 1.0], [1552.0, 336.0, 1.0], [1556.0, 274.0, 0.0], [1569.0, 124.0, 0.0], [1414.0, 494.0, 1.0], [1414.0, 395.0, 1.0], [1445.0, 340.0, 1.0], [1659.0, 331.0, 1.0], [1734.0, 456.0, 0.0], [1626.0, 436.0, 1.0]], "hand_pts": [[1626.0, 436.0, 1.0], [1621.8173828124998, 409.85714721679693, 1.0], [1612.5405273437502, 388.0464172363281, 1.0], [1596.5634765624998, 381.88809204101557, 1.0], [1594.2442626953123, 359.0509643554688, 1.0], [1612.5405273437502, 389.84259033203136, 1.0], [1580.844116210937, 401.6460571289063, 1.0], [1586.5134277343748, 417.8116455078125, 1.0], [1592.955810546875, 414.7324829101563, 1.0], [1615.8905029296875, 406.7779846191407, 1.0], [1584.7095947265627, 416.2720642089843, 1.0], [1593.7288818359375, 431.6678771972657, 1.0], [1599.9134521484375, 429.61511230468744, 1.0], [1617.6943359374995, 421.91720581054693, 1.0], [1588.8326416015625, 427.0491333007813, 1.0], [1595.7904052734373, 442.70153808593744, 1.0], [1603.5212402343745, 442.1883544921874, 1.0], [1614.0866699218752, 435.00363159179693, 1.0], [1595.017333984375, 435.77343749999994, 1.0], [1600.4288330078125, 448.603271484375, 1.0], [1607.6442871093748, 447.5768737792969, 1.0]], "head_box": [[1508.0, 123.0], [1618.0, 276.0]], "head_size": 153.0, "hand_box_center": [1603.4220581054685, 403.8271179199219], "is_left": 1, "is_mpii": 1}