{"mpii_image": "003913225.jpg", "mpii_annorect_idx": 1, "mpii_body_pts": [[1521.0, 1067.0, 0.0], [1539.0, 860.0, 1.0], [1496.0, 636.0, 1.0], [1607.0, 653.0, 1.0], [1573.0, 893.0, 1.0], [1563.0, 1069.0, 1.0], [1552.0, 645.0, 1.0], [1552.0, 336.0, 1.0], [1556.0, 274.0, 0.0], [1569.0, 124.0, 0.0], [1414.0, 494.0, 1.0], [1414.0, 395.0, 1.0], [1445.0, 340.0, 1.0], [1659.0, 331.0, 1.0], [1734.0, 456.0, 0.0], [1626.0, 436.0, 1.0]], "hand_pts": [[1412.1929931640625, 486.3239135742187, 1.0], [1419.5336914062502, 492.8210754394531, 1.0], [1424.4274902343748, 500.94253540039057, 1.0], [1426.0587158203125, 522.0582885742188, 1.0], [1426.0587158203125, 535.8647460937499, 1.0], [1408.1148681640625, 522.8704223632812, 1.0], [1420.3493652343748, 542.3618774414061, 1.0], [1432.5837402343745, 537.4890136718751, 1.0], [1439.1087646484375, 530.1796875000001, 1.0], [1404.0367431640627, 529.3675537109373, 1.0], [1417.0867919921877, 548.8590087890624, 1.0], [1434.2149658203125, 543.1740112304689, 1.0], [1439.1087646484375, 535.8647460937499, 1.0], [1404.8522949218748, 533.4282836914061, 1.0], [1416.2711181640625, 546.4226074218749, 1.0], [1437.4775390625002, 539.9254150390625, 1.0], [1444.0025634765627, 530.1796875000001, 1.0], [1408.9305419921877, 535.0525512695312, 1.0], [1411.37744140625, 548.046875, 1.0], [1412.1929931640625, 554.5440673828124, 1.0], [1413.0086669921877, 561.8533325195314, 1.0]], "head_box": [[1508.0, 123.0], [1618.0, 276.0]], "head_size": 153.0, "hand_box_center": [1424.0196533203127, 524.088623046875], "is_left": 0, "is_mpii": 1}