{"mpii_image": "004321994.jpg", "mpii_annorect_idx": 0, "mpii_body_pts": [[680.0, 263.0, 0.0], [824.0, 119.0, 0.0], [841.79541015625, 111.03350067138672, 0.0], [978.20458984375, 49.96649932861328, 0.0], [517.0, 421.0, 1.0], [704.0, 479.0, 1.0], [655.0, 267.0, 1.0], [704.0, 259.0, 0.0], [853.0, 304.0, 0.0], [780.0, 370.0, 0.0], [954.0, 366.0, 1.0], [842.0, 304.0, 0.0], [797.0, 125.0, 1.0], [850.0, 112.0, 0.0], [888.0, 275.0, 0.0], [984.0, 320.0, 1.0]], "hand_pts": [[966.2326660156249, 371.6899108886719, 1.0], [981.4116210937498, 358.43093872070307, 1.0], [1006.3985595703126, 356.1047973632813, 1.0], [1017.6076660156249, 367.0376281738282, 1.0], [1020.409912109375, 373.55084228515636, 1.0], [1020.6434326171877, 376.3421936035157, 1.0], [1037.6905517578125, 382.8554077148438, 1.0], [1027.1821289062498, 376.57482910156256, 1.0], [1021.811096191406, 372.85299682617193, 1.0], [1012.9371948242185, 389.135986328125, 1.0], [1031.8525390625, 394.2534790039063, 1.0], [1025.7810058593748, 387.7402954101563, 1.0], [1018.7752685546876, 383.0880126953125, 1.0], [1005.9315185546875, 399.3710021972656, 1.0], [1022.2781372070315, 404.0232543945313, 1.0], [1016.6735839843751, 390.76428222656256, 1.0], [1011.3025512695312, 387.0424499511719, 1.0], [996.3571166992185, 406.58203124999994, 1.0], [1012.0031127929686, 400.3014526367188, 1.0], [1006.3985595703126, 393.55563354492193, 1.0], [1002.1951904296876, 390.99688720703125, 1.0]], "head_box": [[855.0, 5.0], [965.0, 156.0]], "head_size": 151.0, "hand_box_center": [1001.9616088867188, 381.3434143066406], "is_left": 0, "is_mpii": 1}