{"mpii_image": "004522729.jpg", "mpii_annorect_idx": 0, "mpii_body_pts": [[61.0, 381.0, 0.0], [74.0, 261.0, 1.0], [62.980499267578125, 278.3163146972656, 0.0], [148.01950073242188, 144.68370056152344, 0.0], [175.0, 412.0, 1.0], [204.0, 247.0, 1.0], [104.0, 413.0, 1.0], [18.0, 348.0, 0.0], [126.0, 240.0, 0.0], [124.0, 382.0, 0.0], [370.0, 284.0, 1.0], [261.0, 346.0, 1.0], [119.0, 327.0, 1.0], [28.0, 194.0, 1.0], [159.0, 145.0, 1.0], [268.0, 121.0, 1.0]], "hand_pts": [[272.3336486816406, 118.4435272216797, 1.0], [280.4087524414062, 124.42852783203124, 1.0], [295.31661987304693, 125.66680145263669, 1.0], [313.744384765625, 122.57111358642578, 1.0], [327.29489135742193, 123.9269561767578, 1.0], [291.3825988769531, 105.4416427612305, 1.0], [310.43151855468733, 109.56922912597658, 1.0], [323.4758911132813, 114.10956573486328, 1.0], [335.07089233398443, 115.76060485839845, 1.0], [292.0037536621093, 97.18647766113281, 1.0], [314.57260131835943, 101.10768127441405, 1.0], [320.16302490234375, 107.71181488037112, 1.0], [324.5111694335937, 113.28404998779298, 1.0], [291.5896301269532, 93.47165679931642, 1.0], [311.67382812500006, 90.7887268066406, 1.0], [319.7489318847657, 97.80561828613281, 1.0], [321.5587463378906, 105.49069976806642, 1.0], [294.2813415527343, 90.99510192871095, 1.0], [306.91162109375006, 85.21648406982422, 1.0], [311.91156005859364, 87.31410980224611, 1.0], [315.56185913085943, 91.20909881591797, 1.0]], "head_box": [[36.0, 141.0], [175.0, 282.0]], "head_size": 141.0, "hand_box_center": [303.7022705078125, 105.44164276123045], "is_left": 1, "is_mpii": 1}