{"mpii_image": "004525831.jpg", "mpii_annorect_idx": 0, "mpii_body_pts": [[759.0, 350.0, 1.0], [707.0, 156.0, 0.0], [694.4282836914062, 138.75880432128906, 0.0], [614.5717163085938, 29.241199493408203, 0.0], [762.0, 673.0, 1.0], [712.0, 530.0, 1.0], [731.0, 363.0, 1.0], [787.0, 336.0, 1.0], [766.0, 524.0, 1.0], [803.0, 694.0, 1.0], [580.0, 342.0, 1.0], [679.0, 286.0, 1.0], [685.0, 185.0, 0.0], [729.0, 127.0, 1.0], [791.0, 228.0, 1.0], [721.0, 332.0, 1.0]], "hand_pts": [[721.0, 332.0, 1.0], [709.1475830078125, 332.31457519531256, 1.0], [688.3981933593751, 340.313690185547, 1.0], [682.3742065429688, 356.97848510742193, 1.0], [671.6647949218751, 360.0892333984375, 1.0], [685.4977416992188, 343.2022399902343, 1.0], [682.3742065429688, 366.9773559570312, 1.0], [696.8764648437499, 371.6434936523438, 1.0], [702.0079956054686, 365.4219665527343, 1.0], [690.8524169921874, 349.64596557617193, 1.0], [692.8604125976562, 373.1988830566406, 1.0], [708.9244384765626, 372.5322875976563, 1.0], [712.0480346679689, 364.5331726074219, 1.0], [695.7608642578126, 355.42309570312494, 1.0], [700.6693115234375, 373.1988830566406, 1.0], [713.8329467773438, 369.42150878906244, 1.0], [718.0720214843749, 361.86682128906256, 1.0], [708.0320434570312, 357.4228820800781, 1.0], [710.4862670898436, 373.1988830566406, 1.0], [722.7573852539062, 367.4217529296874, 1.0], [727.4427490234374, 361.2002258300781, 1.0]], "head_box": [[599.0, 20.0], [710.0, 148.0]], "head_size": 128.0, "hand_box_center": [699.5537719726562, 352.5994415283203], "is_left": 1, "is_mpii": 1}