{"mpii_image": "005473964.jpg", "mpii_annorect_idx": 0, "mpii_body_pts": [[1291.0, 596.0, 1.0], [1288.0, 281.0, 1.0], [1277.2674560546875, 217.46319580078125, 0.0], [1248.7325439453125, 48.536800384521484, 0.0], [1354.0, 915.0, 1.0], [1308.0, 762.0, 0.0], [1239.0, 593.0, 1.0], [1342.0, 598.0, 1.0], [1291.0, 810.0, 1.0], [1204.0, 1076.0, 1.0], [1058.0, 486.0, 1.0], [1127.0, 407.0, 1.0], [1176.0, 279.0, 1.0], [1400.0, 282.0, 1.0], [1469.0, 445.0, 1.0], [1479.0, 611.0, 1.0]], "hand_pts": [[1479.0, 611.0, 1.0], [1466.2075195312502, 626.2551879882812, 1.0], [1450.9791259765625, 650.6893310546877, 1.0], [1456.6192626953123, 686.9192504882811, 1.0], [1469.8736572265625, 698.9958496093751, 1.0], [1491.5882568359373, 651.812744140625, 1.0], [1477.7698974609377, 688.6043090820312, 1.0], [1466.7716064453125, 686.9192504882811, 1.0], [1467.6175537109377, 668.9447021484375, 1.0], [1502.3045654296877, 663.8893432617189, 1.0], [1487.076171875, 698.1533203125, 1.0], [1479.4619140625, 702.9277954101562, 1.0], [1482.0, 693.0979614257811, 1.0], [1507.0986328124998, 672.8766479492188, 1.0], [1498.92041015625, 696.4682006835936, 1.0], [1495.2543945312498, 708.5447998046875, 1.0], [1493.5622558593748, 719.7789306640627, 1.0], [1506.5346679687502, 682.4255981445311, 1.0], [1504.8426513671877, 698.1533203125, 1.0], [1502.5865478515625, 708.8256835937499, 1.0], [1501.7404785156248, 716.6895141601564, 1.0]], "head_box": [[1202.0, 45.0], [1324.0, 221.0]], "head_size": 176.0, "hand_box_center": [1479.0388793945312, 665.3894653320314], "is_left": 1, "is_mpii": 1}