{"mpii_image": "005808361.jpg", "mpii_annorect_idx": 0, "mpii_body_pts": [[974.0, 446.0, 1.0], [985.0, 253.0, 1.0], [982.7590942382812, 235.9694061279297, 0.0], [962.2409057617188, 80.03060150146484, 0.0], [804.0, 711.0, 1.0], [816.0, 510.0, 1.0], [908.0, 438.0, 1.0], [1040.0, 454.0, 1.0], [906.0, 528.0, 1.0], [883.0, 707.0, 1.0], [869.0, 214.0, 1.0], [798.0, 340.0, 1.0], [902.0, 253.0, 1.0], [1067.0, 253.0, 1.0], [1167.0, 353.0, 1.0], [1142.0, 478.0, 1.0]], "hand_pts": [[869.0, 214.0, 1.0], [882.7938232421877, 215.33857727050778, 1.0], [901.2976684570312, 205.29924011230472, 1.0], [909.3721313476564, 194.9252471923828, 1.0], [918.4558105468751, 188.23236083984375, 1.0], [898.9426269531249, 194.25596618652344, 1.0], [907.0170898437499, 185.22055053710938, 1.0], [909.03564453125, 178.52766418457028, 1.0], [910.7178344726564, 171.16548156738278, 1.0], [893.2232666015625, 189.2362976074219, 1.0], [899.2790527343751, 177.85836791992193, 1.0], [902.3070068359373, 169.49226379394528, 1.0], [904.6620483398438, 159.11827087402344, 1.0], [883.8031005859374, 186.8937835693359, 1.0], [888.1767578125, 175.85050964355472, 1.0], [892.5504150390625, 167.14974975585938, 1.0], [895.2418823242188, 160.1222076416016, 1.0], [873.3736572265626, 181.8741149902344, 1.0], [877.4108276367188, 173.50799560546875, 1.0], [880.1023559570314, 166.81509399414057, 1.0], [884.4759521484375, 159.11827087402344, 1.0]], "head_box": [[914.0, 79.0], [1031.0, 237.0]], "head_size": 158.0, "hand_box_center": [893.7279052734375, 187.22842407226562], "is_left": 0, "is_mpii": 1}