{"mpii_image": "006256484.jpg", "mpii_annorect_idx": 1, "mpii_body_pts": [[830.0, 851.0, 0.0], [814.0, 518.0, 1.0], [815.6409301757812, 494.3370056152344, 0.0], [831.3590698242188, 267.6629943847656, 0.0], [693.0, 1000.0, 0.0], [702.0, 739.0, 1.0], [783.0, 848.0, 0.0], [876.0, 854.0, 0.0], [928.0, 739.0, 1.0], [916.0, 1021.0, 1.0], [590.0, 842.0, 1.0], [575.0, 690.0, 1.0], [655.0, 516.0, 1.0], [972.0, 519.0, 1.0], [1049.0, 714.0, 1.0], [1025.0, 876.0, 1.0]], "hand_pts": [[1025.0, 876.0, 1.0], [1003.587158203125, 896.2908325195315, 1.0], [972.5433349609376, 933.9122314453124, 1.0], [961.6967163085939, 967.0637817382814, 1.0], [976.2835693359375, 992.7655029296876, 1.0], [992.7405395507814, 933.9122314453124, 1.0], [985.2600708007812, 972.6510620117186, 1.0], [981.1458740234375, 991.2755737304689, 1.0], [977.7796630859374, 999.0978393554688, 1.0], [1017.7999877929688, 941.3619995117186, 1.0], [1003.2131347656251, 986.0606689453124, 1.0], [998.3508300781251, 998.7253417968751, 1.0], [986.7561645507812, 986.8056640624999, 1.0], [1033.882934570312, 943.596923828125, 1.0], [1021.1661987304686, 984.9432373046875, 1.0], [1017.4259643554686, 996.862854003906, 1.0], [1006.2053222656251, 988.6680908203125, 1.0], [1045.1036376953123, 930.559814453125, 1.0], [1044.7296142578123, 979.3558959960938, 1.0], [1037.2491455078123, 995.0004272460939, 1.0], [1035.0050048828125, 1001.7052612304688, 1.0]], "head_box": [[746.0, 262.0], [901.0, 500.0]], "head_size": 238.0, "hand_box_center": [1003.4001770019531, 938.8526306152344], "is_left": 1, "is_mpii": 1}