{"mpii_image": "006322434.jpg", "mpii_annorect_idx": 0, "mpii_body_pts": [[992.0, 559.0, 0.0], [1000.0, 411.0, 0.0], [993.8787231445312, 373.4219970703125, 0.0], [970.1212768554688, 227.5780029296875, 0.0], [994.0, 670.0, 1.0], [982.0, 610.0, 0.0], [1006.0, 547.0, 0.0], [977.0, 571.0, 1.0], [934.0, 648.0, 1.0], [951.0, 735.0, 1.0], [907.0, 432.0, 0.0], [931.0, 436.0, 0.0], [996.0, 371.0, 0.0], [1004.0, 451.0, 1.0], [898.0, 540.0, 1.0], [886.0, 453.0, 1.0]], "hand_pts": [[885.5620727539061, 462.9937438964843, 1.0], [903.318359375, 448.7015991210937, 1.0], [916.2098999023439, 433.6827087402343, 1.0], [922.2908325195315, 414.7879943847657, 1.0], [930.0744018554688, 403.88720703125, 1.0], [896.2644653320312, 414.7879943847657, 1.0], [889.453857421875, 395.16656494140625, 1.0], [882.6432495117188, 382.08563232421875, 1.0], [876.8055419921875, 373.36499023437506, 1.0], [884.3458862304688, 420.1172790527344, 1.0], [878.7514648437499, 399.5268859863281, 1.0], [874.8596801757811, 386.68817138671875, 1.0], [871.454345703125, 374.8184204101563, 1.0], [874.1299438476564, 421.57070922851557, 1.0], [870.2381591796876, 406.0673828125, 1.0], [866.8328247070311, 393.7131347656249, 1.0], [864.8869628906249, 381.84338378906256, 1.0], [866.5895996093751, 422.0552062988281, 1.0], [862.9410400390625, 411.88113403320307, 1.0], [861.2384033203126, 403.16049194335943, 1.0], [860.2654418945311, 396.62002563476574, 1.0]], "head_box": [[935.0, 221.0], [1029.0, 380.0]], "head_size": 159.0, "hand_box_center": [895.169921875, 418.1793670654297], "is_left": 1, "is_mpii": 1}