{"mpii_image": "006438411.jpg", "mpii_annorect_idx": 0, "mpii_body_pts": [[225.0, 424.0, 0.0], [232.0, 183.0, 1.0], [234.50599670410156, 164.85659790039062, 0.0], [254.49400329589844, 20.143400192260742, 0.0], [369.0, 530.0, 1.0], [313.0, 334.0, 1.0], [180.0, 434.0, 1.0], [269.0, 413.0, 0.0], [397.0, 392.0, 1.0], [321.0, 572.0, 1.0], [239.0, 355.0, 1.0], [192.0, 293.0, 1.0], [157.0, 185.0, 1.0], [306.0, 181.0, 1.0], [395.0, 271.0, 1.0], [493.0, 342.0, 1.0]], "hand_pts": [[493.0, 342.0, 1.0], [494.5619201660156, 354.55975341796875, 1.0], [504.34286499023443, 367.5452575683594, 1.0], [517.6349487304688, 380.5307922363281, 1.0], [532.9333496093751, 383.02801513671875, 1.0], [527.6666870117186, 353.06140136718744, 1.0], [542.2127075195314, 372.7894287109375, 1.0], [534.939697265625, 381.27996826171875, 1.0], [526.4127197265625, 379.78161621093744, 1.0], [532.9333496093751, 348.0669860839844, 1.0], [543.7174682617188, 371.2911071777343, 1.0], [532.4317626953124, 380.5307922363281, 1.0], [524.1555786132812, 376.7849731445313, 1.0], [533.6857299804688, 344.57086181640636, 1.0], [543.7174682617188, 370.04248046875006, 1.0], [532.6825561523438, 378.5330200195313, 1.0], [524.6571655273438, 373.0391540527343, 1.0], [530.927001953125, 342.82281494140625, 1.0], [540.2063598632812, 365.79721069335943, 1.0], [535.6920776367189, 375.03692626953125, 1.0], [529.9238281249999, 371.79052734375, 1.0]], "head_box": [[189.0, 20.0], [300.0, 165.0]], "head_size": 145.0, "hand_box_center": [518.3587341308594, 362.5140075683594], "is_left": 1, "is_mpii": 1}