{"mpii_image": "006665983.jpg", "mpii_annorect_idx": 0, "mpii_body_pts": [[585.0, 379.0, 0.0], [373.0, 299.0, 0.0], [330.031005859375, 294.4873046875, 0.0], [196.968994140625, 280.5126953125, 0.0], [856.0, 485.0, 0.0], [723.0, 450.0, 0.0], [583.0, 376.0, 0.0], [586.0, 381.0, 1.0], [739.0, 439.0, 1.0], [921.0, 466.0, 1.0], [405.0, 522.0, 1.0], [420.0, 392.0, 0.0], [375.0, 296.0, 0.0], [371.0, 302.0, 1.0], [440.0, 432.0, 1.0], [405.0, 556.0, 1.0]], "hand_pts": [[405.0, 556.0, 1.0], [394.2797546386719, 556.1325073242186, 1.0], [377.5417785644531, 555.0358276367188, 1.0], [363.8870849609375, 554.59716796875, 1.0], [354.85739135742193, 559.4225463867186, 1.0], [358.1609191894532, 560.08056640625, 1.0], [344.5062561035156, 561.835205078125, 1.0], [331.7325134277343, 567.7572631835935, 1.0], [321.3814086914063, 569.7312622070312, 1.0], [358.38116455078125, 562.273864746094, 1.0], [341.6431884765625, 568.6345825195314, 1.0], [328.4289855957031, 571.0472412109374, 1.0], [316.7564086914063, 574.7759399414064, 1.0], [362.1251831054688, 566.441223144531, 1.0], [343.4050598144531, 571.4859008789062, 1.0], [334.8158264160156, 574.5565795898438, 1.0], [322.92306518554693, 577.4079589843749, 1.0], [369.83349609375006, 571.7052612304688, 1.0], [359.92282104492193, 573.8986206054686, 1.0], [351.7740783691406, 577.6272583007811, 1.0], [344.94671630859364, 580.9172973632811, 1.0]], "head_box": [[217.0, 218.0], [310.0, 357.0]], "head_size": 139.0, "hand_box_center": [360.8782043457031, 567.7572326660156], "is_left": 1, "is_mpii": 1}