{"mpii_image": "007261085.jpg", "mpii_annorect_idx": 0, "mpii_body_pts": [[653.0, 642.0, 0.0], [675.0, 379.0, 0.0], [682.4647216796875, 335.30010986328125, 0.0], [715.5352783203125, 141.6999053955078, 0.0], [511.0, 1072.0, 0.0], [549.0, 856.0, 0.0], [587.0, 645.0, 1.0], [719.0, 639.0, 0.0], [801.0, 804.0, 0.0], [804.0, 998.0, 0.0], [626.0, 535.0, 1.0], [494.0, 407.0, 0.0], [609.0, 368.0, 1.0], [741.0, 390.0, 0.0], [867.0, 445.0, 1.0], [1015.0, 423.0, 1.0]], "hand_pts": [[630.105224609375, 540.1550903320312, 1.0], [665.0321044921874, 528.5255126953124, 1.0], [701.3787231445312, 542.6666259765625, 1.0], [720.1199951171876, 559.0703125000001, 1.0], [721.8237304687501, 570.3832397460939, 1.0], [707.5193481445312, 575.68505859375, 1.0], [719.0314331054686, 576.5043945312501, 1.0], [726.7061767578126, 580.6010131835936, 1.0], [735.477294921875, 589.340576171875, 1.0], [702.8597412109375, 587.9749755859375, 1.0], [717.9350585937499, 591.2523193359374, 1.0], [731.9140625, 600.5380859375001, 1.0], [722.0465087890624, 603.5422973632811, 1.0], [696.2813720703127, 595.8952026367188, 1.0], [716.016357421875, 604.3616333007811, 1.0], [720.4019165039061, 609.277587890625, 1.0], [709.9862670898436, 606.8195800781251, 1.0], [687.7843627929688, 600.5380859375001, 1.0], [701.4892578124999, 611.4624633789061, 1.0], [700.9410400390625, 608.1851806640626, 1.0], [695.7331542968751, 604.9078369140625, 1.0]], "head_box": [[633.0, 135.0], [765.0, 342.0]], "head_size": 207.0, "hand_box_center": [682.791259765625, 569.9939880371093], "is_left": 0, "is_mpii": 1}