{"mpii_image": "007261085.jpg", "mpii_annorect_idx": 0, "mpii_body_pts": [[653.0, 642.0, 0.0], [675.0, 379.0, 0.0], [682.4647216796875, 335.30010986328125, 0.0], [715.5352783203125, 141.6999053955078, 0.0], [511.0, 1072.0, 0.0], [549.0, 856.0, 0.0], [587.0, 645.0, 1.0], [719.0, 639.0, 0.0], [801.0, 804.0, 0.0], [804.0, 998.0, 0.0], [626.0, 535.0, 1.0], [494.0, 407.0, 0.0], [609.0, 368.0, 1.0], [741.0, 390.0, 0.0], [867.0, 445.0, 1.0], [1015.0, 423.0, 1.0]], "hand_pts": [[1011.617919921875, 437.8897705078125, 1.0], [1020.7645874023438, 412.3014221191407, 1.0], [1030.3468017578125, 399.7240600585937, 1.0], [1045.1556396484375, 380.64120483398443, 1.0], [1059.9644775390623, 388.0141296386719, 1.0], [1070.8533935546873, 405.79589843749994, 1.0], [1096.9866943359375, 404.0610961914063, 1.0], [1080.435546875, 413.60250854492193, 1.0], [1066.0622558593748, 417.93951416015625, 1.0], [1075.6445312499998, 414.9036254882812, 1.0], [1090.8889160156248, 425.31243896484375, 1.0], [1066.497802734375, 429.2157592773437, 1.0], [1049.9467773437505, 431.38427734375006, 1.0], [1063.0134277343748, 426.1798400878907, 1.0], [1081.7423095703123, 438.323486328125, 1.0], [1059.5289306640625, 441.3594055175781, 1.0], [1044.2845458984373, 440.4920043945313, 1.0], [1076.5156250000002, 439.1908874511719, 1.0], [1069.1112060546873, 453.9367370605468, 1.0], [1050.8178710937502, 450.9008178710937, 1.0], [1042.1068115234375, 448.73233032226557, 1.0]], "head_box": [[633.0, 135.0], [765.0, 342.0]], "head_size": 207.0, "hand_box_center": [1054.3023071289062, 417.2889709472656], "is_left": 1, "is_mpii": 1}