{"mpii_image": "007494401.jpg", "mpii_annorect_idx": 0, "mpii_body_pts": [[916.0, 561.0, 1.0], [1000.0, 248.0, 1.0], [999.8453979492188, 248.4998016357422, 0.0], [1073.154541015625, 11.500200271606445, 0.0], [547.0, 1053.0, 1.0], [708.0, 780.0, 1.0], [811.0, 569.0, 1.0], [1021.0, 553.0, 1.0], [1108.0, 780.0, 1.0], [1149.0, 1046.0, 1.0], [780.0, 674.0, 1.0], [749.0, 435.0, 1.0], [851.0, 240.0, 1.0], [1149.0, 255.0, 1.0], [1263.0, 420.0, 1.0], [1431.0, 528.0, 1.0]], "hand_pts": [[783.6260375976564, 674.8562622070311, 1.0], [810.9974365234375, 686.2216186523438, 1.0], [837.5899047851562, 717.9561767578125, 1.0], [854.76416015625, 746.9312133789061, 1.0], [876.6791992187501, 750.5987548828125, 1.0], [810.1664428710938, 747.7590942382814, 1.0], [841.4679565429686, 769.0074462890625, 1.0], [857.2572021484374, 779.2177124023438, 1.0], [869.4454345703126, 791.0836791992188, 1.0], [792.4381103515625, 755.2098388671877, 1.0], [821.24658203125, 781.9772338867186, 1.0], [837.5899047851562, 794.119140625, 1.0], [850.8861083984374, 805.7091674804686, 1.0], [780.8039550781251, 753.8300781249999, 1.0], [813.7674560546875, 785.2886352539064, 1.0], [826.5097045898439, 796.3267822265626, 1.0], [837.8668823242186, 802.9496459960938, 1.0], [775.5408325195314, 748.0350341796876, 1.0], [780.2499389648439, 775.6303100585939, 1.0], [788.5600585937499, 793.0153198242186, 1.0], [793.2691650390625, 802.3977050781251, 1.0]], "head_box": [[949.0, 2.0], [1124.0, 258.0]], "head_size": 256.0, "hand_box_center": [826.1100158691407, 740.2827148437499], "is_left": 0, "is_mpii": 1}