{"mpii_image": "007494401.jpg", "mpii_annorect_idx": 0, "mpii_body_pts": [[916.0, 561.0, 1.0], [1000.0, 248.0, 1.0], [999.8453979492188, 248.4998016357422, 0.0], [1073.154541015625, 11.500200271606445, 0.0], [547.0, 1053.0, 1.0], [708.0, 780.0, 1.0], [811.0, 569.0, 1.0], [1021.0, 553.0, 1.0], [1108.0, 780.0, 1.0], [1149.0, 1046.0, 1.0], [780.0, 674.0, 1.0], [749.0, 435.0, 1.0], [851.0, 240.0, 1.0], [1149.0, 255.0, 1.0], [1263.0, 420.0, 1.0], [1431.0, 528.0, 1.0]], "hand_pts": [[1431.0, 528.0, 1.0], [1424.7872314453125, 537.8090209960938, 1.0], [1423.5150146484375, 550.4768676757812, 1.0], [1428.6037597656252, 564.4114990234374, 1.0], [1431.996337890625, 572.8566894531249, 1.0], [1478.219482421875, 578.3461303710938, 1.0], [1482.0361328124998, 618.8832397460939, 1.0], [1476.9472656250002, 644.6411743164062, 1.0], [1470.5863037109375, 659.4203491210938, 1.0], [1484.1563720703123, 593.125244140625, 1.0], [1496.87841796875, 645.4857177734375, 1.0], [1491.3656005859375, 670.8214111328124, 1.0], [1485.4285888671877, 687.7118530273439, 1.0], [1488.3970947265625, 604.5263061523438, 1.0], [1490.5174560546875, 646.7525024414061, 1.0], [1485.0045166015625, 662.3761596679688, 1.0], [1477.3713378906248, 677.5775756835938, 1.0], [1490.0933837890625, 607.482177734375, 1.0], [1490.5174560546875, 637.4627075195312, 1.0], [1485.4285888671877, 652.6641235351562, 1.0], [1479.067626953125, 662.3761596679688, 1.0]], "head_box": [[949.0, 2.0], [1124.0, 258.0]], "head_size": 256.0, "hand_box_center": [1460.1967163085938, 607.8559265136719], "is_left": 1, "is_mpii": 1}