{"mpii_image": "007598865.jpg", "mpii_annorect_idx": 0, "mpii_body_pts": [[699.0, 344.0, 0.0], [780.0, 134.0, 1.0], [782.4478759765625, 132.5460968017578, 0.0], [942.5521240234375, 37.45389938354492, 0.0], [665.0, 882.0, 0.0], [637.0, 631.0, 1.0], [634.0, 345.0, 0.0], [764.0, 342.0, 1.0], [817.0, 624.0, 0.0], [876.0, 876.0, 0.0], [640.0, 361.0, 1.0], [572.0, 218.0, 1.0], [662.0, 75.0, 1.0], [897.0, 193.0, 1.0], [869.0, 407.0, 1.0], [829.0, 578.0, 1.0]], "hand_pts": [[640.0, 361.0, 1.0], [684.0564575195312, 384.1644592285156, 1.0], [699.0814819335939, 395.9421081542969, 1.0], [700.3601684570311, 420.77072143554693, 1.0], [694.6058959960939, 436.04986572265636, 1.0], [698.7617797851562, 402.3084106445313, 1.0], [705.1553955078126, 430.32019042968744, 1.0], [693.6468505859374, 430.6384887695313, 1.0], [686.93359375, 424.2721862792969, 1.0], [685.6548461914061, 417.26925659179693, 1.0], [687.5729370117188, 439.55133056640625, 1.0], [681.4989624023438, 432.5483703613281, 1.0], [678.3021850585938, 425.2271423339844, 1.0], [669.6707763671878, 419.49746704101557, 1.0], [678.9415283203124, 440.1879577636719, 1.0], [671.9085083007812, 435.09490966796875, 1.0], [669.9904174804686, 427.45535278320307, 1.0], [663.5968017578126, 425.86376953125, 1.0], [671.2691650390625, 441.14291381835943, 1.0], [666.7936401367189, 436.36816406249994, 1.0], [664.5558471679688, 432.2300720214843, 1.0]], "head_box": [[783.0, 0.0], [942.0, 170.0]], "head_size": 170.0, "hand_box_center": [672.5776977539062, 401.0714569091797], "is_left": 0, "is_mpii": 1}