{"mpii_image": "007586333.jpg", "mpii_annorect_idx": 0, "mpii_body_pts": [[1041.0, 651.0, 1.0], [936.0, 370.0, 1.0], [928.8662109375, 357.72979736328125, 0.0], [843.1337890625, 210.27020263671875, 0.0], [981.0, 834.0, 1.0], [865.0, 636.0, 1.0], [997.0, 669.0, 1.0], [1085.0, 633.0, 1.0], [1202.0, 512.0, 1.0], [1131.0, 838.0, 1.0], [737.0, 617.0, 1.0], [813.0, 513.0, 1.0], [861.0, 418.0, 1.0], [1011.0, 322.0, 1.0], [1122.0, 403.0, 1.0], [973.0, 506.0, 1.0]], "hand_pts": [[995.6469726562501, 473.88427734375006, 1.0], [960.4959106445312, 486.58032226562494, 1.0], [938.0987548828125, 504.5405578613281, 1.0], [925.0337524414062, 524.9780883789064, 1.0], [927.8333740234375, 541.0803833007814, 1.0], [933.7437744140626, 512.9013671874999, 1.0], [921.9230346679689, 534.5775756835938, 1.0], [923.1672973632811, 545.10595703125, 1.0], [929.6998291015625, 551.2991943359375, 1.0], [947.1198120117188, 519.4042358398438, 1.0], [934.0548095703126, 547.8929443359374, 1.0], [939.6541137695312, 555.944091796875, 1.0], [946.4976806640625, 550.0605468749999, 1.0], [964.8508911132811, 523.7394409179689, 1.0], [948.9862670898436, 554.3957519531251, 1.0], [955.829833984375, 553.1571044921874, 1.0], [958.00732421875, 545.4156494140624, 1.0], [987.55908203125, 531.7905883789064, 1.0], [971.6944580078126, 549.441223144531, 1.0], [967.0283813476565, 557.802001953125, 1.0], [960.8069458007811, 551.2991943359375, 1.0]], "head_box": [[823.0, 198.0], [949.0, 370.0]], "head_size": 172.0, "hand_box_center": [958.7850036621095, 515.8431396484375], "is_left": 1, "is_mpii": 1}