{"mpii_image": "007644401.jpg", "mpii_annorect_idx": 1, "mpii_body_pts": [[574.0, 823.0, 0.0], [547.0, 538.0, 0.0], [585.2260131835938, 516.8345947265625, 0.0], [806.7739868164062, 394.1654052734375, 0.0], [817.0, 969.0, 0.0], [578.0, 928.0, 1.0], [479.0, 838.0, 0.0], [668.0, 807.0, 0.0], [876.0, 842.0, 0.0], [624.0, 969.0, 0.0], [634.0, 758.0, 1.0], [404.0, 820.0, 0.0], [426.0, 544.0, 1.0], [668.0, 531.0, 0.0], [721.0, 718.0, 0.0], [752.0, 770.0, 0.0]], "hand_pts": [[649.3724365234375, 760.6821899414062, 1.0], [658.8944702148439, 727.6765747070314, 1.0], [689.8375854492186, 703.3102416992186, 1.0], [725.8610229492186, 704.2297363281252, 1.0], [751.7239379882814, 716.6427612304688, 1.0], [716.1624145507812, 698.2530517578126, 1.0], [754.3103637695312, 703.9296875, 1.0], [759.5751953125, 725.3778686523438, 1.0], [748.0292358398438, 729.5155639648438, 1.0], [716.2413940429688, 712.1785888671877, 1.0], [753.1094360351564, 718.0219726562501, 1.0], [761.5930786132814, 738.575134277344, 1.0], [750.3384399414062, 745.6065063476564, 1.0], [720.2138061523439, 726.6967163085939, 1.0], [752.1857910156251, 727.6765747070314, 1.0], [760.2689819335939, 744.8442993164061, 1.0], [744.7963867187501, 751.1234130859374, 1.0], [725.8610229492186, 741.9285888671876, 1.0], [743.7172241210936, 741.8746948242186, 1.0], [745.0413818359374, 752.1033325195315, 1.0], [732.326721191406, 755.7208251953124, 1.0]], "head_box": [[605.0, 326.0], [787.0, 585.0]], "head_size": 259.0, "hand_box_center": [705.4827575683594, 729.4676208496094], "is_left": 0, "is_mpii": 1}