{"mpii_image": "007644401.jpg", "mpii_annorect_idx": 2, "mpii_body_pts": [[939.0, 769.0, 0.0], [1008.0, 574.0, 1.0], [1030.97412109375, 518.8212280273438, 0.0], [1097.02587890625, 360.1788024902344, 0.0], [1036.0, 895.0, 0.0], [973.0, 720.0, 1.0], [878.0, 770.0, 1.0], [1000.0, 767.0, 0.0], [1187.0, 806.0, 1.0], [967.0, 883.0, 0.0], [947.0, 681.0, 1.0], [843.0, 723.0, 1.0], [887.0, 574.0, 1.0], [1128.0, 574.0, 1.0], [1083.0, 699.0, 0.0], [1065.0, 738.0, 0.0]], "hand_pts": [[966.7437744140626, 677.0201416015625, 1.0], [961.1279296874999, 664.0339355468752, 1.0], [977.41650390625, 636.111083984375, 1.0], [997.4736328125, 631.1195678710938, 1.0], [1017.2174072265626, 632.9913940429688, 1.0], [968.6415405273439, 645.1582031249999, 1.0], [1004.3682861328124, 631.1195678710938, 1.0], [1021.9182739257812, 630.8075561523436, 1.0], [1033.5137939453125, 632.9913940429688, 1.0], [972.0888671875, 659.5088500976564, 1.0], [1008.1290283203125, 649.2138061523439, 1.0], [1015.3370361328124, 654.2053222656251, 1.0], [1004.6817016601565, 657.0130615234375, 1.0], [983.9977416992188, 670.1158447265626, 1.0], [1012.203125, 661.3806762695314, 1.0], [1008.1290283203125, 654.517333984375, 1.0], [999.0405883789062, 657.0130615234375, 1.0], [993.7129516601564, 679.4749755859375, 1.0], [1010.6361694335936, 673.8594970703125, 1.0], [1011.5762939453125, 665.7482299804686, 1.0], [1006.5620117187499, 666.0602416992186, 1.0]], "head_box": [[999.0, 354.0], [1129.0, 525.0]], "head_size": 171.0, "hand_box_center": [997.3208618164062, 655.1412658691406], "is_left": 0, "is_mpii": 1}