{"mpii_image": "007644401.jpg", "mpii_annorect_idx": 1, "mpii_body_pts": [[574.0, 823.0, 0.0], [547.0, 538.0, 0.0], [585.2260131835938, 516.8345947265625, 0.0], [806.7739868164062, 394.1654052734375, 0.0], [817.0, 969.0, 0.0], [578.0, 928.0, 1.0], [479.0, 838.0, 0.0], [668.0, 807.0, 0.0], [876.0, 842.0, 0.0], [624.0, 969.0, 0.0], [634.0, 758.0, 1.0], [404.0, 820.0, 0.0], [426.0, 544.0, 1.0], [668.0, 531.0, 0.0], [721.0, 718.0, 0.0], [752.0, 770.0, 0.0]], "hand_pts": [[722.1153564453125, 803.8665771484374, 1.0], [731.7030639648439, 787.2606201171875, 1.0], [746.7099609375001, 765.2576904296875, 1.0], [744.2088012695315, 776.4667358398438, 1.0], [744.2088012695315, 786.01513671875, 1.0], [743.3751220703125, 794.7332763671877, 1.0], [757.9651489257811, 795.5635986328125, 1.0], [773.8057250976562, 792.2423706054688, 1.0], [795.8992309570314, 783.5242309570314, 1.0], [799.2340698242186, 801.7908325195315, 1.0], [774.6394653320312, 811.3392944335936, 1.0], [750.4616699218749, 809.2635498046875, 1.0], [736.7053833007814, 804.6968994140625, 1.0], [789.2294921875, 820.8877563476564, 1.0], [774.6394653320312, 827.1149902343751, 1.0], [755.880859375, 824.6240844726564, 1.0], [741.2908325195315, 816.7362060546875, 1.0], [780.05859375, 830.851318359375, 1.0], [766.719177246094, 839.1542968749999, 1.0], [755.4639892578126, 837.9088745117189, 1.0], [750.0447998046875, 831.2664794921875, 1.0]], "head_box": [[605.0, 326.0], [787.0, 585.0]], "head_size": 259.0, "hand_box_center": [760.6747131347656, 802.2059936523438], "is_left": 1, "is_mpii": 1}