{"mpii_image": "007644401.jpg", "mpii_annorect_idx": 3, "mpii_body_pts": [[1528.0, 833.0, 0.0], [1589.0, 576.0, 0.0], [1580.3863525390625, 501.0382080078125, 0.0], [1560.6136474609375, 328.9617919921875, 0.0], [1385.0, 920.0, 0.0], [1199.0, 776.0, 1.0], [1454.0, 816.0, 1.0], [1601.0, 850.0, 0.0], [1517.0, 850.0, 1.0], [1329.0, 886.0, 0.0], [1454.0, 696.0, 1.0], [1430.0, 756.0, 0.0], [1488.0, 571.0, 0.0], [1690.0, 581.0, 1.0], [1680.0, 768.0, 0.0], [1589.0, 679.0, 1.0]], "hand_pts": [[1593.23291015625, 681.3401489257811, 1.0], [1581.9816894531252, 663.3558959960938, 1.0], [1563.3284912109373, 644.1923828125, 1.0], [1535.7927246093748, 642.1286010742188, 1.0], [1510.6256103515625, 639.4751586914061, 1.0], [1557.7028808593748, 649.7940063476565, 1.0], [1528.0944824218748, 644.7819824218751, 1.0], [1505.8883056640625, 641.8337402343751, 1.0], [1490.4919433593748, 640.6544799804688, 1.0], [1557.4067382812502, 666.00927734375, 1.0], [1528.0944824218748, 663.6506958007811, 1.0], [1505.8883056640625, 656.8697509765626, 1.0], [1502.335205078125, 648.0250854492188, 1.0], [1557.7028808593748, 679.866027832031, 1.0], [1532.23974609375, 676.3281249999999, 1.0], [1520.6923828124995, 676.0333251953124, 1.0], [1513.8825683593748, 669.8419799804686, 1.0], [1558.88720703125, 690.1848144531251, 1.0], [1538.7535400390623, 687.8262329101562, 1.0], [1528.9827880859375, 685.4676513671875, 1.0], [1521.8768310546875, 680.455627441406, 1.0]], "head_box": [[1501.0, 332.0], [1640.0, 498.0]], "head_size": 166.0, "hand_box_center": [1541.8624267578125, 664.8299865722656], "is_left": 1, "is_mpii": 1}