{"mpii_image": "007928028.jpg", "mpii_annorect_idx": 0, "mpii_body_pts": [[693.0, 708.0, 0.0], [822.0, 387.0, 0.0], [823.01171875, 385.593505859375, 0.0], [943.98828125, 217.406494140625, 0.0], [779.0, 1052.0, 1.0], [794.0, 736.0, 1.0], [613.0, 702.0, 1.0], [773.0, 714.0, 0.0], [1025.0, 634.0, 1.0], [1111.0, 945.0, 1.0], [963.0, 742.0, 1.0], [748.0, 640.0, 1.0], [751.0, 370.0, 1.0], [893.0, 404.0, 0.0], [1031.0, 594.0, 1.0], [963.0, 438.0, 1.0]], "hand_pts": [[963.0, 438.0, 1.0], [944.9872436523438, 434.3335266113281, 1.0], [913.9533081054686, 409.87988281250006, 1.0], [909.1788940429689, 423.1256103515625, 1.0], [923.502197265625, 434.6731567382812, 1.0], [932.7100830078126, 383.0487670898438, 1.0], [910.8840332031251, 383.388427734375, 1.0], [908.496826171875, 410.89877319335943, 1.0], [912.2481689453125, 426.18231201171875, 1.0], [938.8486328124999, 377.9542541503906, 1.0], [926.5715332031251, 392.8981628417969, 1.0], [923.502197265625, 420.4085388183593, 1.0], [928.2766723632814, 428.89938354492193, 1.0], [953.8540649414061, 379.99206542968744, 1.0], [943.964111328125, 397.31341552734375, 1.0], [939.1896972656251, 417.6914672851563, 1.0], [932.0280151367188, 424.144500732422, 1.0], [969.882568359375, 385.765838623047, 1.0], [958.9695434570312, 402.4079284667969, 1.0], [958.2874755859375, 416.6725463867188, 1.0], [967.1542968749999, 408.86096191406256, 1.0]], "head_box": [[816.0, 191.0], [951.0, 412.0]], "head_size": 221.0, "hand_box_center": [939.189697265625, 407.9771270751953], "is_left": 1, "is_mpii": 1}