{"mpii_image": "008564467.jpg", "mpii_annorect_idx": 0, "mpii_body_pts": [[461.0, 626.0, 1.0], [544.0, 392.0, 1.0], [537.8203125, 365.5321960449219, 0.0], [497.1796875, 191.46780395507812, 0.0], [264.0, 1075.0, 1.0], [184.0, 800.0, 1.0], [398.0, 622.0, 1.0], [524.0, 629.0, 1.0], [432.0, 795.0, 1.0], [400.0, 1065.0, 1.0], [154.0, 561.0, 1.0], [271.0, 551.0, 1.0], [439.0, 383.0, 1.0], [649.0, 400.0, 1.0], [765.0, 559.0, 0.0], [770.0, 549.0, 1.0]], "hand_pts": [[131.8997039794922, 562.8590698242185, 1.0], [136.87016296386716, 569.3243408203125, 1.0], [132.2820434570313, 589.8610839843749, 1.0], [121.57640838623045, 603.9325561523436, 1.0], [115.0765609741211, 615.722229003906, 1.0], [96.72404479980469, 571.606201171875, 1.0], [74.548095703125, 580.7336425781252, 1.0], [68.81293487548827, 600.509765625, 1.0], [69.9599609375, 616.1025390625, 1.0], [86.01841735839844, 572.7471313476564, 1.0], [49.69573211669923, 573.12744140625, 1.0], [42.048851013183594, 593.6641845703126, 1.0], [42.43119430541992, 611.9190673828124, 1.0], [80.2832565307617, 574.2683715820314, 1.0], [46.63697814941406, 580.3533325195314, 1.0], [37.07837677001953, 597.0869750976564, 1.0], [32.10790634155274, 610.7781372070315, 1.0], [71.48934173583983, 574.6486816406251, 1.0], [45.8722915649414, 580.7336425781252, 1.0], [36.31369018554687, 594.4248046875, 1.0], [31.343217849731438, 603.9325561523436, 1.0]], "head_box": [[452.0, 188.0], [583.0, 369.0]], "head_size": 181.0, "hand_box_center": [84.1066904067993, 589.4808044433593], "is_left": 0, "is_mpii": 1}