{"mpii_image": "008996728.jpg", "mpii_annorect_idx": 0, "mpii_body_pts": [[703.0, 533.0, 0.0], [662.0, 322.0, 1.0], [684.7056884765625, 281.3587951660156, 0.0], [758.2943115234375, 149.64120483398438, 0.0], [788.0, 935.0, 1.0], [793.0, 653.0, 1.0], [681.0, 541.0, 0.0], [724.0, 525.0, 0.0], [938.0, 610.0, 1.0], [956.0, 841.0, 1.0], [655.0, 469.0, 1.0], [497.0, 431.0, 1.0], [584.0, 299.0, 1.0], [739.0, 345.0, 1.0], [737.0, 485.0, 0.0], [826.0, 495.0, 1.0]], "hand_pts": [[826.0, 495.0, 1.0], [836.8382568359373, 489.9102478027344, 1.0], [845.8652343749999, 482.20574951171875, 1.0], [861.3401489257811, 465.2557983398438, 1.0], [861.8559570312499, 445.22402954101557, 1.0], [881.1995849609376, 496.84432983398443, 1.0], [890.7424316406251, 487.3420715332032, 1.0], [888.4212036132811, 480.66482543945324, 1.0], [878.6204223632812, 474.501220703125, 1.0], [877.5888061523439, 499.4125061035156, 1.0], [876.8150634765625, 480.1511840820313, 1.0], [868.8197021484375, 472.96032714843744, 1.0], [860.8243408203125, 467.31033325195307, 1.0], [871.65673828125, 506.0897521972656, 1.0], [873.2042236328125, 499.92611694335926, 1.0], [867.7880249023439, 490.4238891601563, 1.0], [860.0505981445311, 483.23300170898426, 1.0], [855.9239501953124, 509.17153930664057, 1.0], [861.5980834960939, 517.9033203125, 1.0], [860.0505981445311, 510.45562744140625, 1.0], [857.2135009765627, 500.953399658203, 1.0]], "head_box": [[665.0, 140.0], [778.0, 291.0]], "head_size": 151.0, "hand_box_center": [858.3712158203125, 481.5636749267578], "is_left": 1, "is_mpii": 1}