{"mpii_image": "008924975.jpg", "mpii_annorect_idx": 0, "mpii_body_pts": [[1501.0, 496.0, 1.0], [1476.0, 197.0, 0.0], [1440.9173583984375, 163.02859497070312, 0.0], [1290.0826416015625, 16.971399307250977, 0.0], [1493.0, 597.0, 0.0], [1332.0, 721.0, 1.0], [1459.0, 482.0, 1.0], [1543.0, 510.0, 1.0], [1527.0, 835.0, 1.0], [1636.0, 643.0, 0.0], [1254.0, 503.0, 1.0], [1288.0, 314.0, 1.0], [1350.0, 172.0, 0.0], [1602.0, 221.0, 1.0], [1608.0, 507.0, 1.0], [1481.0, 724.0, 1.0]], "hand_pts": [[1244.42138671875, 523.7950439453126, 1.0], [1258.712158203125, 533.3903198242186, 1.0], [1254.9841308593745, 561.5571289062499, 1.0], [1252.1881103515623, 582.2953491210939, 1.0], [1255.60546875, 605.2002563476564, 1.0], [1220.1890869140623, 573.3191528320311, 1.0], [1216.7716064453125, 605.2002563476564, 1.0], [1228.5771484374998, 624.390869140625, 1.0], [1239.1398925781248, 635.8432617187499, 1.0], [1213.3542480468745, 570.8428955078125, 1.0], [1199.9954833984375, 604.5811767578126, 1.0], [1204.344848632812, 630.890869140625, 1.0], [1209.9368896484377, 650.0814819335939, 1.0], [1208.3835449218748, 566.5095825195314, 1.0], [1195.6461181640625, 601.1764526367189, 1.0], [1200.3061523437502, 627.1765747070314, 1.0], [1203.412841796875, 641.4147338867188, 1.0], [1205.2768554687505, 564.3428955078125, 1.0], [1195.6461181640625, 592.8192138671875, 1.0], [1194.714111328125, 605.8193359375001, 1.0], [1198.1314697265625, 613.2479248046874, 1.0]], "head_box": [[1270.0, 0.0], [1461.0, 180.0]], "head_size": 180.0, "hand_box_center": [1226.713134765625, 586.9382629394532], "is_left": 0, "is_mpii": 1}