{"mpii_image": "008924975.jpg", "mpii_annorect_idx": 0, "mpii_body_pts": [[1501.0, 496.0, 1.0], [1476.0, 197.0, 0.0], [1440.9173583984375, 163.02859497070312, 0.0], [1290.0826416015625, 16.971399307250977, 0.0], [1493.0, 597.0, 0.0], [1332.0, 721.0, 1.0], [1459.0, 482.0, 1.0], [1543.0, 510.0, 1.0], [1527.0, 835.0, 1.0], [1636.0, 643.0, 0.0], [1254.0, 503.0, 1.0], [1288.0, 314.0, 1.0], [1350.0, 172.0, 0.0], [1602.0, 221.0, 1.0], [1608.0, 507.0, 1.0], [1481.0, 724.0, 1.0]], "hand_pts": [[1483.7181396484375, 729.5135498046875, 1.0], [1451.3951416015625, 722.9157104492188, 1.0], [1409.541015625, 740.2349853515626, 1.0], [1412.4417724609377, 758.3789672851562, 1.0], [1421.1441650390623, 769.5127563476564, 1.0], [1412.856201171875, 769.9251098632811, 1.0], [1393.8226318359373, 795.9840087890625, 1.0], [1380.2005615234377, 817.3235473632812, 1.0], [1372.3992919921875, 835.8502197265624, 1.0], [1429.4083251953125, 794.6134033203126, 1.0], [1409.005126953125, 820.9093627929686, 1.0], [1397.5234374999998, 840.02685546875, 1.0], [1386.2014160156248, 853.779296875, 1.0], [1451.61181640625, 800.5897216796877, 1.0], [1437.20947265625, 828.6785888671877, 1.0], [1428.8082275390623, 843.6195068359374, 1.0], [1419.4865722656252, 858.9955444335938, 1.0], [1468.7998046875, 807.0377807617188, 1.0], [1461.3406982421875, 837.5526733398438, 1.0], [1458.8543701171873, 847.8617553710938, 1.0], [1455.9534912109373, 848.2741088867188, 1.0]], "head_box": [[1270.0, 0.0], [1461.0, 180.0]], "head_size": 180.0, "hand_box_center": [1428.0587158203125, 790.9556274414062], "is_left": 1, "is_mpii": 1}