{"mpii_image": "008996728.jpg", "mpii_annorect_idx": 1, "mpii_body_pts": [[1449.0, 644.0, 0.0], [1469.0, 386.0, 1.0], [1467.0838623046875, 364.4967956542969, 0.0], [1452.9161376953125, 205.50320434570312, 0.0], [1306.0, 915.0, 1.0], [1241.0, 679.0, 1.0], [1400.0, 634.0, 0.0], [1498.0, 653.0, 0.0], [1530.0, 725.0, 1.0], [1477.0, 975.0, 1.0], [1268.0, 530.0, 1.0], [1244.0, 475.0, 1.0], [1366.0, 376.0, 1.0], [1571.0, 395.0, 1.0], [1607.0, 547.0, 1.0], [1616.0, 583.0, 1.0]], "hand_pts": [[1265.1853027343748, 527.1204833984375, 1.0], [1292.831420898437, 534.1420288085936, 1.0], [1312.5787353515625, 548.1851806640626, 1.0], [1324.9912109374998, 562.5091552734375, 1.0], [1340.7890625, 572.9010620117186, 1.0], [1294.2419433593748, 524.8735961914061, 1.0], [1303.8334960937498, 541.4444580078125, 1.0], [1308.6292724609375, 558.2962036132812, 1.0], [1310.039794921875, 566.160400390625, 1.0], [1281.5473632812502, 526.2778930664064, 1.0], [1285.7789306640625, 538.9166870117186, 1.0], [1296.7808837890627, 559.7005615234375, 1.0], [1296.2166748046877, 551.5555419921875, 1.0], [1268.2884521484375, 538.0740966796877, 1.0], [1273.9305419921877, 552.3981323242188, 1.0], [1286.625244140625, 565.3178100585938, 1.0], [1282.957885742188, 557.4536132812499, 1.0], [1259.5432128906248, 545.3765258789061, 1.0], [1258.6968994140625, 554.64501953125, 1.0], [1271.1094970703123, 566.160400390625, 1.0], [1271.6737060546873, 558.2962036132812, 1.0]], "head_box": [[1413.0, 197.0], [1507.0, 373.0]], "head_size": 176.0, "hand_box_center": [1299.7429809570312, 548.8873291015624], "is_left": 0, "is_mpii": 1}