{"mpii_image": "009239403.jpg", "mpii_annorect_idx": 0, "mpii_body_pts": [[604.0, 202.0, 0.0], [587.0, 197.0, 1.0], [582.422119140625, 147.89169311523438, 0.0], [602.577880859375, 364.1083068847656, 0.0], [568.0, 448.0, 0.0], [559.0, 437.0, 1.0], [543.0, 206.0, 0.0], [665.0, 197.0, 0.0], [681.0, 450.0, 1.0], [681.0, 470.0, 0.0], [466.0, 590.0, 1.0], [439.0, 419.0, 1.0], [448.0, 204.0, 1.0], [725.0, 189.0, 1.0], [779.0, 400.0, 1.0], [776.0, 578.0, 1.0]], "hand_pts": [[466.0, 590.0, 1.0], [492.6510620117188, 591.76025390625, 1.0], [512.6273803710939, 596.2427368164062, 1.0], [514.0341796875, 614.172607421875, 1.0], [513.1901245117188, 640.5071411132811, 1.0], [490.68154907226557, 618.3749389648439, 1.0], [499.12225341796875, 641.3475952148436, 1.0], [499.4036254882812, 646.1102294921874, 1.0], [500.2476806640626, 655.3552856445311, 1.0], [467.047607421875, 620.3359985351562, 1.0], [469.57980346679693, 648.631591796875, 1.0], [483.6476440429688, 654.2346801757812, 1.0], [495.4646301269532, 655.3552856445311, 1.0], [451.8543395996094, 623.6978759765627, 1.0], [450.16619873046875, 651.1530151367188, 1.0], [463.10861206054693, 660.3980712890626, 1.0], [479.4272766113281, 657.0362548828123, 1.0], [440.03735351562494, 619.7756958007812, 1.0], [436.9424133300781, 641.9078979492188, 1.0], [449.3221130371093, 655.6354370117188, 1.0], [461.70181274414057, 656.756103515625, 1.0]], "head_box": [[513.0, 146.0], [672.0, 366.0]], "head_size": 220.0, "hand_box_center": [475.48829650878906, 625.1990356445312], "is_left": 0, "is_mpii": 1}