{"mpii_image": "009239403.jpg", "mpii_annorect_idx": 0, "mpii_body_pts": [[604.0, 202.0, 0.0], [587.0, 197.0, 1.0], [582.422119140625, 147.89169311523438, 0.0], [602.577880859375, 364.1083068847656, 0.0], [568.0, 448.0, 0.0], [559.0, 437.0, 1.0], [543.0, 206.0, 0.0], [665.0, 197.0, 0.0], [681.0, 450.0, 1.0], [681.0, 470.0, 0.0], [466.0, 590.0, 1.0], [439.0, 419.0, 1.0], [448.0, 204.0, 1.0], [725.0, 189.0, 1.0], [779.0, 400.0, 1.0], [776.0, 578.0, 1.0]], "hand_pts": [[776.0, 578.0, 1.0], [757.942138671875, 586.5452270507811, 1.0], [734.7075805664064, 597.9369506835936, 1.0], [726.486083984375, 616.8043823242188, 1.0], [732.5628662109374, 641.01171875, 1.0], [754.7250366210939, 606.8366699218749, 1.0], [743.6439208984374, 637.8078002929686, 1.0], [746.5036010742188, 645.283630371094, 1.0], [747.575927734375, 655.6073608398438, 1.0], [777.2447509765627, 611.820556640625, 1.0], [769.0232543945311, 644.9276123046874, 1.0], [757.2272338867186, 657.7432861328125, 1.0], [749.3632202148436, 651.33544921875, 1.0], [792.2578735351564, 616.8043823242188, 1.0], [792.9727783203126, 645.283630371094, 1.0], [783.6788940429689, 657.0313110351562, 1.0], [769.7381591796876, 651.6914672851562, 1.0], [808.7008056640626, 617.8723754882812, 1.0], [809.7731323242189, 639.5877685546876, 1.0], [800.4793090820312, 648.1315307617188, 1.0], [795.1174926757812, 655.9633178710938, 1.0]], "head_box": [[513.0, 146.0], [672.0, 366.0]], "head_size": 220.0, "hand_box_center": [768.1296081542969, 617.8716430664062], "is_left": 1, "is_mpii": 1}