{"mpii_image": "009757917.jpg", "mpii_annorect_idx": 0, "mpii_body_pts": [[856.0, 662.0, 0.0], [887.0, 411.0, 0.0], [894.02001953125, 361.8599853515625, 0.0], [914.97998046875, 215.13999938964844, 0.0], [885.0, 1069.0, 1.0], [913.0, 873.0, 1.0], [836.0, 668.0, 1.0], [876.0, 656.0, 0.0], [959.0, 833.0, 1.0], [888.0, 998.0, 0.0], [965.0, 607.0, 1.0], [833.0, 579.0, 1.0], [849.0, 426.0, 1.0], [925.0, 396.0, 0.0], [919.0, 521.0, 0.0], [962.0, 561.0, 0.0]], "hand_pts": [[963.9212036132811, 602.6194458007812, 1.0], [988.7879638671876, 586.7446899414062, 1.0], [1010.9518432617188, 584.3231201171875, 1.0], [1026.8990478515623, 590.2424926757812, 1.0], [1036.8997802734373, 599.6597290039061, 1.0], [1016.3576660156248, 584.5921630859373, 1.0], [1041.2243652343748, 582.7086791992188, 1.0], [1050.6845703124998, 586.7446899414062, 1.0], [1051.2252197265627, 595.892822265625, 1.0], [1011.2221069335938, 602.8884887695314, 1.0], [1034.1968994140625, 605.3101196289061, 1.0], [1046.089599609375, 610.4223022460939, 1.0], [1049.8737792968748, 616.0726318359374, 1.0], [1004.7351684570312, 613.1129760742188, 1.0], [1019.6011352539062, 627.3733520507814, 1.0], [1032.3048095703123, 630.3330688476562, 1.0], [1043.116455078125, 629.5258789062501, 1.0], [996.0858154296876, 623.6064453125, 1.0], [1008.2489013671877, 633.5618286132811, 1.0], [1016.3576660156248, 638.4049682617188, 1.0], [1021.7634887695314, 640.2884521484376, 1.0]], "head_box": [[839.0, 223.0], [970.0, 354.0]], "head_size": 131.0, "hand_box_center": [1007.5732116699219, 611.4985656738281], "is_left": 0, "is_mpii": 1}