{"mpii_image": "009707749.jpg", "mpii_annorect_idx": 0, "mpii_body_pts": [[926.0, 568.0, 0.0], [899.0, 234.0, 1.0], [910.2484130859375, 269.0361022949219, 0.0], [826.7515869140625, 8.963899612426758, 0.0], [885.0, 1062.0, 1.0], [863.0, 876.0, 1.0], [851.0, 569.0, 0.0], [1000.0, 566.0, 0.0], [1043.0, 842.0, 1.0], [1068.0, 1059.0, 1.0], [854.0, 581.0, 1.0], [736.0, 519.0, 1.0], [758.0, 274.0, 1.0], [1040.0, 193.0, 1.0], [1124.0, 389.0, 0.0], [1136.0, 500.0, 0.0]], "hand_pts": [[874.046630859375, 585.5422973632811, 1.0], [892.2564697265625, 560.27392578125, 1.0], [920.5337524414062, 549.2682495117188, 1.0], [960.385009765625, 564.1445922851562, 1.0], [980.8087768554688, 559.1857910156251, 1.0], [917.5449218749999, 573.5663452148438, 1.0], [969.3515624999999, 582.9880371093751, 1.0], [986.7864379882814, 581.5003662109375, 1.0], [964.3701171874999, 574.55810546875, 1.0], [915.0542602539061, 597.3685302734375, 1.0], [959.3887329101565, 608.2778930664064, 1.0], [977.32177734375, 603.319091796875, 1.0], [984.2957763671878, 596.3767700195314, 1.0], [910.5709838867188, 619.187255859375, 1.0], [944.4445190429686, 631.584228515625, 1.0], [974.8310546874999, 626.1295776367189, 1.0], [980.8087768554688, 603.8150024414061, 1.0], [908.0802612304688, 635.5512695312499, 1.0], [924.0207519531251, 652.4111938476562, 1.0], [953.9091796875, 657.3699951171875, 1.0], [967.8571166992185, 650.9235229492188, 1.0]], "head_box": [[768.0, 1.0], [969.0, 277.0]], "head_size": 276.0, "hand_box_center": [930.4165344238281, 603.3191223144531], "is_left": 0, "is_mpii": 1}