{"mpii_image": "010107649.jpg", "mpii_annorect_idx": 0, "mpii_body_pts": [[625.0, 704.0, 0.0], [499.0, 510.0, 1.0], [725.0, 621.0, 0.0], [780.0, 708.0, 0.0], [495.0, 636.0, 1.0], [514.0, 698.0, 0.0], [766.0, 677.0, 0.0], [745.0, 344.0, 0.0], [722.0, 292.0, 0.0], [612.0, 37.0, 0.0], [607.0, 425.0, 1.0], [665.0, 592.0, 1.0], [731.0, 324.0, 0.0], [758.0, 363.0, 1.0], [791.0, 702.0, 1.0], [613.0, 623.0, 0.0]], "hand_pts": [[611.0313720703126, 398.3054809570313, 1.0], [627.5170288085936, 375.3106079101563, 1.0], [629.9898681640625, 333.8377380371093, 1.0], [628.7534179687501, 306.32601928710926, 1.0], [629.5777587890625, 284.9736633300781, 1.0], [592.0728759765627, 305.09414672851557, 1.0], [576.4114990234374, 282.09930419921875, 1.0], [569.8171997070311, 261.56817626953125, 1.0], [563.6350708007812, 239.3945465087891, 1.0], [573.1143188476564, 314.9490966796875, 1.0], [564.4593505859374, 284.15240478515636, 1.0], [561.9865112304688, 260.33630371093744, 1.0], [556.216552734375, 233.2351989746094, 1.0], [567.3443603515625, 337.1227111816406, 1.0], [563.2229614257811, 308.7897644042969, 1.0], [577.2357788085939, 294.0073547363281, 1.0], [592.8971557617186, 281.2780456542969, 1.0], [565.283630371094, 353.95825195312494, 1.0], [568.1686401367188, 334.6589965820313, 1.0], [580.9450073242186, 326.85714721679693, 1.0], [598.2549438476564, 321.9296875, 1.0]], "head_box": [[554.0, 33.0], [781.0, 297.0]], "head_size": 264.0, "hand_box_center": [593.1032104492188, 315.77033996582037], "is_left": 0, "is_mpii": 1}