{"mpii_image": "010107649.jpg", "mpii_annorect_idx": 0, "mpii_body_pts": [[625.0, 704.0, 0.0], [499.0, 510.0, 1.0], [725.0, 621.0, 0.0], [780.0, 708.0, 0.0], [495.0, 636.0, 1.0], [514.0, 698.0, 0.0], [766.0, 677.0, 0.0], [745.0, 344.0, 0.0], [722.0, 292.0, 0.0], [612.0, 37.0, 0.0], [607.0, 425.0, 1.0], [665.0, 592.0, 1.0], [731.0, 324.0, 0.0], [758.0, 363.0, 1.0], [791.0, 702.0, 1.0], [613.0, 623.0, 0.0]], "hand_pts": [[615.9659423828124, 610.6221313476564, 1.0], [599.9061279296875, 582.7239990234375, 1.0], [588.8847045898439, 558.9009399414062, 1.0], [575.6590576171876, 548.2432250976562, 1.0], [571.8802490234374, 533.5104980468751, 1.0], [574.3994140625, 569.2451782226564, 1.0], [549.5225219726562, 566.4240112304688, 1.0], [535.6670532226562, 568.6182250976562, 1.0], [526.2200927734375, 570.4990234375, 1.0], [576.2888183593752, 586.4855346679689, 1.0], [547.6331176757812, 581.1566772460939, 1.0], [534.7223510742188, 580.21630859375, 1.0], [523.700927734375, 580.5297851562501, 1.0], [572.824951171875, 600.2778930664064, 1.0], [549.5225219726562, 596.516357421875, 1.0], [535.0372314453124, 593.6951904296876, 1.0], [524.6456298828123, 591.8143920898438, 1.0], [570.3057861328125, 613.4432983398438, 1.0], [550.15234375, 608.1144409179689, 1.0], [539.4458007812499, 605.2932739257814, 1.0], [529.05419921875, 601.8452148437498, 1.0]], "head_box": [[554.0, 33.0], [781.0, 297.0]], "head_size": 264.0, "hand_box_center": [569.8334350585938, 573.4768981933594], "is_left": 1, "is_mpii": 1}