{"mpii_image": "010558271.jpg", "mpii_annorect_idx": 1, "mpii_body_pts": [[222.0, 648.0, 0.0], [407.0, 378.0, 0.0], [399.01739501953125, 382.723388671875, 0.0], [583.9826049804688, 273.276611328125, 0.0], [115.0, 830.0, 1.0], [421.0, 892.0, 1.0], [177.0, 659.0, 1.0], [266.0, 637.0, 0.0], [453.0, 667.0, 1.0], [342.0, 762.0, 0.0], [453.0, 759.0, 1.0], [318.0, 635.0, 1.0], [391.0, 391.0, 1.0], [423.0, 364.0, 0.0], [429.0, 499.0, 0.0], [426.0, 602.0, 0.0]], "hand_pts": [[426.0, 602.0, 1.0], [420.87506103515636, 601.6222534179686, 1.0], [412.42520141601557, 595.4032592773439, 1.0], [396.26025390624994, 598.329833984375, 1.0], [404.342742919922, 613.3285522460939, 1.0], [429.69232177734375, 600.1589355468752, 1.0], [432.6314086914063, 616.9867553710939, 1.0], [422.3446044921875, 635.6436767578126, 1.0], [416.0990600585937, 648.813232421875, 1.0], [446.22463989257807, 604.9146118164061, 1.0], [442.91818237304693, 631.2537841796877, 1.0], [433.73355102539057, 649.5449218749999, 1.0], [427.8553771972656, 663.0803222656251, 1.0], [454.6744995117188, 609.3045043945311, 1.0], [456.14404296875006, 632.7171020507812, 1.0], [448.06158447265625, 648.0816040039061, 1.0], [442.1834106445313, 661.2512207031249, 1.0], [460.92004394531244, 614.4260253906249, 1.0], [467.1656188964844, 632.3512573242185, 1.0], [460.55267333984386, 643.3259277343749, 1.0], [455.04190063476574, 651.3740234375, 1.0]], "head_box": [[413.0, 219.0], [570.0, 437.0]], "head_size": 218.0, "hand_box_center": [431.7129364013672, 629.2417907714845], "is_left": 1, "is_mpii": 1}