{"mpii_image": "010558271.jpg", "mpii_annorect_idx": 0, "mpii_body_pts": [[803.0, 594.0, 0.0], [776.0, 367.0, 1.0], [776.3239135742188, 392.9125061035156, 0.0], [773.6760864257812, 181.08749389648438, 0.0], [703.0, 799.0, 0.0], [770.0, 882.0, 0.0], [773.0, 623.0, 0.0], [832.0, 565.0, 0.0], [976.0, 541.0, 1.0], [923.0, 835.0, 1.0], [670.0, 703.0, 1.0], [641.0, 600.0, 1.0], [659.0, 403.0, 1.0], [893.0, 330.0, 1.0], [1023.0, 471.0, 1.0], [846.0, 485.0, 1.0]], "hand_pts": [[674.1778564453125, 716.8453979492188, 1.0], [686.1292724609375, 715.2365112304688, 1.0], [702.9258422851562, 739.3703613281251, 1.0], [715.2002563476564, 761.5734863281252, 1.0], [721.3374633789061, 775.4102172851561, 1.0], [659.96533203125, 766.4002685546875, 1.0], [666.1025390625, 799.5440673828124, 1.0], [674.5008544921875, 811.1282958984374, 1.0], [687.4213256835936, 821.1036376953125, 1.0], [662.8724365234375, 778.6280517578126, 1.0], [665.45654296875, 818.2075805664064, 1.0], [685.8062744140624, 835.5839233398439, 1.0], [696.7886352539064, 844.5938720703127, 1.0], [670.94775390625, 785.3855590820311, 1.0], [675.4699096679688, 828.5046386718751, 1.0], [687.0982666015625, 841.0542602539061, 1.0], [693.2354736328126, 848.1335449218751, 1.0], [676.4389038085938, 786.9944458007812, 1.0], [675.7929077148438, 804.0490112304688, 1.0], [681.2841186523439, 814.3461303710938, 1.0], [684.8372192382811, 817.5639648437499, 1.0]], "head_box": [[706.0, 174.0], [844.0, 400.0]], "head_size": 226.0, "hand_box_center": [690.6513977050781, 781.6850280761719], "is_left": 0, "is_mpii": 1}