{"mpii_image": "010558271.jpg", "mpii_annorect_idx": 0, "mpii_body_pts": [[803.0, 594.0, 0.0], [776.0, 367.0, 1.0], [776.3239135742188, 392.9125061035156, 0.0], [773.6760864257812, 181.08749389648438, 0.0], [703.0, 799.0, 0.0], [770.0, 882.0, 0.0], [773.0, 623.0, 0.0], [832.0, 565.0, 0.0], [976.0, 541.0, 1.0], [923.0, 835.0, 1.0], [670.0, 703.0, 1.0], [641.0, 600.0, 1.0], [659.0, 403.0, 1.0], [893.0, 330.0, 1.0], [1023.0, 471.0, 1.0], [846.0, 485.0, 1.0]], "hand_pts": [[846.0, 485.0, 1.0], [826.7249145507814, 489.5472717285156, 1.0], [782.0899658203125, 521.4971313476564, 1.0], [770.2338256835938, 568.380126953125, 1.0], [771.628662109375, 589.9115600585938, 1.0], [776.8593139648438, 527.4009399414062, 1.0], [768.4902954101562, 563.8654174804685, 1.0], [765.7006225585939, 592.3425292968749, 1.0], [765.3518676757811, 604.1500854492188, 1.0], [783.8335571289061, 533.3046875, 1.0], [777.5567626953124, 573.2420654296875, 1.0], [777.9054565429688, 601.371826171875, 1.0], [776.8593139648438, 614.915771484375, 1.0], [797.0845336914062, 536.7775268554686, 1.0], [792.5512695312499, 573.9365844726562, 1.0], [797.4332275390625, 594.4262084960936, 1.0], [799.5255126953124, 611.4429931640624, 1.0], [820.0994262695314, 533.9992675781251, 1.0], [810.3355102539061, 561.4344482421876, 1.0], [809.6381225585939, 582.61865234375, 1.0], [810.6842041015625, 595.8153076171876, 1.0]], "head_box": [[706.0, 174.0], [844.0, 400.0]], "head_size": 226.0, "hand_box_center": [805.6759338378906, 549.9578857421875], "is_left": 1, "is_mpii": 1}