{"mpii_image": "010796245.jpg", "mpii_annorect_idx": 0, "mpii_body_pts": [[634.0, 580.0, 0.0], [618.0, 346.0, 1.0], [613.5858764648438, 304.68389892578125, 0.0], [597.4141235351562, 153.31610107421875, 0.0], [553.0, 710.0, 0.0], [489.0, 584.0, 1.0], [588.0, 582.0, 0.0], [679.0, 578.0, 0.0], [830.0, 619.0, 1.0], [934.0, 714.0, 0.0], [574.0, 580.0, 1.0], [448.0, 479.0, 1.0], [491.0, 334.0, 1.0], [745.0, 357.0, 1.0], [779.0, 532.0, 1.0], [723.0, 599.0, 1.0]], "hand_pts": [[574.0, 580.0, 1.0], [617.2880859375002, 592.8651733398438, 1.0], [637.6724243164062, 608.4784545898439, 1.0], [647.8646240234373, 637.6232299804686, 1.0], [660.9315185546875, 657.4000244140624, 1.0], [642.3765258789061, 606.9171142578125, 1.0], [653.0913696289062, 649.0729370117188, 1.0], [643.1605224609374, 669.1099853515626, 1.0], [638.4564819335938, 677.4370117187499, 1.0], [623.0375366210938, 605.0955810546876, 1.0], [632.1843872070315, 657.1397705078127, 1.0], [625.9122314453124, 669.8906249999999, 1.0], [621.469482421875, 676.9166259765625, 1.0], [602.6531982421876, 612.3817749023439, 1.0], [605.2665405273439, 655.0580444335938, 1.0], [605.0051879882812, 668.3292846679688, 1.0], [605.2665405273439, 678.9983520507814, 1.0], [580.7008056640626, 619.9281616210938, 1.0], [584.8822021484374, 655.0580444335938, 1.0], [588.2796020507814, 667.808837890625, 1.0], [592.7223510742188, 676.9166259765625, 1.0]], "head_box": [[554.0, 149.0], [657.0, 309.0]], "head_size": 160.0, "hand_box_center": [617.4657592773438, 629.4991760253906], "is_left": 0, "is_mpii": 1}