{"mpii_image": "010742449.jpg", "mpii_annorect_idx": 0, "mpii_body_pts": [[1137.0, 590.0, 1.0], [1127.0, 414.0, 1.0], [1127.2572021484375, 392.39569091796875, 0.0], [1129.7427978515625, 183.6042938232422, 0.0], [1025.0, 863.0, 1.0], [1049.0, 705.0, 1.0], [1087.0, 590.0, 1.0], [1186.0, 590.0, 1.0], [1173.0, 767.0, 1.0], [1173.0, 994.0, 1.0], [956.0, 683.0, 0.0], [984.0, 569.0, 1.0], [1025.0, 410.0, 1.0], [1229.0, 417.0, 1.0], [1245.0, 578.0, 1.0], [1260.0, 711.0, 0.0]], "hand_pts": [[1260.0, 711.0, 1.0], [1253.7460937500002, 726.6285400390626, 1.0], [1242.9920654296877, 736.6226806640625, 1.0], [1251.9537353515625, 752.6846923828125, 1.0], [1260.198364257812, 771.2452392578126, 1.0], [1292.101806640625, 732.3394775390626, 1.0], [1300.7050781250002, 740.9058837890625, 1.0], [1294.9696044921877, 755.5401611328124, 1.0], [1285.291015625, 763.7496337890625, 1.0], [1295.6865234375, 748.0445556640625, 1.0], [1306.7989501953125, 758.7525634765625, 1.0], [1294.9696044921877, 774.1007080078126, 1.0], [1282.78173828125, 780.5255126953124, 1.0], [1296.0449218749998, 767.6759033203126, 1.0], [1271.310791015625, 780.5255126953124, 1.0], [1255.5383300781248, 779.8116455078125, 1.0], [1248.0106201171875, 772.3160400390625, 1.0], [1296.7618408203123, 781.2393798828125, 1.0], [1278.4801025390623, 784.8087158203125, 1.0], [1265.575439453125, 784.8087158203125, 1.0], [1253.3875732421877, 781.2393798828125, 1.0]], "head_box": [[1051.0, 183.0], [1206.0, 393.0]], "head_size": 210.0, "hand_box_center": [1274.8955078125, 747.9043579101562], "is_left": 1, "is_mpii": 1}