{"mpii_image": "010814960.jpg", "mpii_annorect_idx": 1, "mpii_body_pts": [[285.0, 405.0, 0.0], [281.0, 210.0, 0.0], [313.0014953613281, 167.8737030029297, 0.0], [425.9985046386719, 19.126300811767578, 0.0], [449.0, 670.0, 1.0], [416.0, 446.0, 1.0], [225.0, 463.0, 1.0], [344.0, 346.0, 0.0], [479.0, 300.0, 1.0], [497.0, 479.0, 0.0], [375.0, 385.0, 1.0], [218.0, 400.0, 1.0], [220.0, 248.0, 1.0], [342.0, 172.0, 0.0], [355.0, 239.0, 0.0], [499.0, 194.0, 1.0]], "hand_pts": [[375.0, 385.0, 1.0], [388.20355224609364, 372.53063964843744, 1.0], [420.9076538085937, 361.67874145507807, 1.0], [447.1390686035157, 365.40908813476574, 1.0], [455.9964294433593, 376.260986328125, 1.0], [442.71038818359375, 360.32226562500006, 1.0], [468.6011657714843, 371.17416381835943, 1.0], [466.8978271484375, 382.3651733398438, 1.0], [457.6997680664063, 383.72164916992193, 1.0], [443.3917236328125, 374.90447998046875, 1.0], [463.49114990234364, 384.73901367187494, 1.0], [452.5897521972656, 390.8432006835938, 1.0], [445.0950622558594, 388.4693603515625, 1.0], [438.6223754882812, 388.8084716796875, 1.0], [457.6997680664063, 397.2865295410155, 1.0], [447.47973632812494, 404.40808105468744, 1.0], [441.3477172851563, 403.05157470703125, 1.0], [434.1936950683594, 402.03421020507807, 1.0], [447.47973632812494, 406.78192138671875, 1.0], [453.6117553710937, 410.1731567382812, 1.0], [445.0950622558594, 411.8687438964844, 1.0]], "head_box": [[290.0, 8.0], [449.0, 179.0]], "head_size": 171.0, "hand_box_center": [421.8005828857422, 386.0955047607422], "is_left": 0, "is_mpii": 1}