{"mpii_image": "011109721.jpg", "mpii_annorect_idx": 0, "mpii_body_pts": [[633.0, 435.0, 0.0], [678.0, 304.0, 1.0], [679.5108032226562, 318.2944030761719, 0.0], [663.4891967773438, 166.70559692382812, 0.0], [630.0, 479.0, 0.0], [594.0, 514.0, 0.0], [603.0, 433.0, 0.0], [663.0, 437.0, 0.0], [698.0, 470.0, 0.0], [663.0, 456.0, 0.0], [437.0, 466.0, 1.0], [479.0, 386.0, 1.0], [592.0, 303.0, 1.0], [764.0, 305.0, 1.0], [807.0, 402.0, 1.0], [830.0, 489.0, 1.0]], "hand_pts": [[832.1177978515625, 504.2757568359375, 1.0], [821.1585693359374, 506.2618713378906, 1.0], [802.2732543945312, 526.3450317382812, 1.0], [803.7787475585941, 542.3380126953124, 1.0], [813.1881713867189, 549.3601684570311, 1.0], [823.0994873046876, 525.5953979492189, 1.0], [820.8411865234374, 545.5866088867186, 1.0], [818.33203125, 550.8342895507812, 1.0], [814.06640625, 543.0877075195314, 1.0], [836.9000244140624, 527.0947265625001, 1.0], [834.8926391601562, 548.0855102539062, 1.0], [829.8742675781251, 552.58349609375, 1.0], [825.3577270507811, 547.5856933593751, 1.0], [845.9330444335938, 527.8444213867186, 1.0], [846.4348754882812, 545.8364868164061, 1.0], [842.1693115234375, 552.8334350585939, 1.0], [837.1509399414062, 546.3362426757811, 1.0], [855.217041015625, 533.8417358398438, 1.0], [856.4716186523438, 544.0872802734375, 1.0], [854.4642944335936, 551.3340454101562, 1.0], [850.9514160156249, 555.8320922851561, 1.0]], "head_box": [[619.0, 163.0], [724.0, 322.0]], "head_size": 159.0, "hand_box_center": [829.3724365234375, 530.0539245605469], "is_left": 1, "is_mpii": 1}