{"mpii_image": "011109721.jpg", "mpii_annorect_idx": 0, "mpii_body_pts": [[633.0, 435.0, 0.0], [678.0, 304.0, 1.0], [679.5108032226562, 318.2944030761719, 0.0], [663.4891967773438, 166.70559692382812, 0.0], [630.0, 479.0, 0.0], [594.0, 514.0, 0.0], [603.0, 433.0, 0.0], [663.0, 437.0, 0.0], [698.0, 470.0, 0.0], [663.0, 456.0, 0.0], [437.0, 466.0, 1.0], [479.0, 386.0, 1.0], [592.0, 303.0, 1.0], [764.0, 305.0, 1.0], [807.0, 402.0, 1.0], [830.0, 489.0, 1.0]], "hand_pts": [[428.78369140624994, 475.60079956054693, 1.0], [434.26876831054693, 484.6037292480469, 1.0], [438.77819824218733, 500.75973510742193, 1.0], [447.72393798828114, 507.96160888671875, 1.0], [453.91714477539057, 520.3076782226562, 1.0], [423.98300170898426, 489.58489990234375, 1.0], [417.31115722656244, 499.27050781249994, 1.0], [417.31115722656244, 519.7486572265626, 1.0], [421.7590637207032, 528.3273315429688, 1.0], [408.1373901367188, 486.81759643554693, 1.0], [401.18756103515636, 493.7358703613281, 1.0], [401.7435302734375, 518.91845703125, 1.0], [413.69726562500006, 512.8303833007812, 1.0], [398.6856079101563, 486.2641296386719, 1.0], [389.7898254394532, 493.1824035644532, 1.0], [390.06784057617193, 512.5536499023438, 1.0], [397.01766967773443, 521.4090576171876, 1.0], [398.4076232910156, 485.15719604492193, 1.0], [381.72802734375, 486.54086303710943, 1.0], [375.33416748046875, 494.0126037597657, 1.0], [369.7743225097657, 504.2516784667969, 1.0]], "head_box": [[619.0, 163.0], [724.0, 322.0]], "head_size": 159.0, "hand_box_center": [411.8457336425781, 501.9640655517578], "is_left": 0, "is_mpii": 1}