{"mpii_image": "011211015.jpg", "mpii_annorect_idx": 1, "mpii_body_pts": [[729.0, 281.0, 1.0], [848.0, 185.0, 1.0], [857.0147094726562, 242.69419860839844, 0.0], [823.9852905273438, 31.30579948425293, 0.0], [224.0, 617.0, 1.0], [441.0, 413.0, 1.0], [644.0, 235.0, 1.0], [814.0, 326.0, 1.0], [603.0, 452.0, 1.0], [444.0, 636.0, 1.0], [729.0, 357.0, 1.0], [621.0, 400.0, 1.0], [731.0, 154.0, 1.0], [965.0, 216.0, 1.0], [1114.0, 290.0, 1.0], [1080.0, 481.0, 1.0]], "hand_pts": [[721.4057006835938, 357.88882446289057, 1.0], [725.6977539062501, 327.5922546386719, 1.0], [748.3286743164062, 310.8902893066406, 1.0], [785.0064086914061, 315.16290283203136, 1.0], [803.7354736328126, 309.3366394042968, 1.0], [744.0366210937498, 303.51037597656244, 1.0], [774.4713134765626, 302.73352050781244, 1.0], [792.8101806640625, 310.5018920898438, 1.0], [806.4667358398438, 319.0470581054688, 1.0], [746.7679443359374, 317.49340820312494, 1.0], [778.7633666992188, 319.0470581054688, 1.0], [802.1746826171877, 328.3690795898438, 1.0], [813.0999755859375, 335.7490234375, 1.0], [749.8894653320312, 329.1459350585937, 1.0], [774.8615112304686, 333.4185180664062, 1.0], [795.9317016601564, 344.29421997070307, 1.0], [806.0765991210938, 349.3436279296875, 1.0], [749.4992675781251, 346.62472534179693, 1.0], [767.0577392578126, 348.17837524414057, 1.0], [778.7633666992188, 353.2278137207031, 1.0], [788.5181274414061, 357.88882446289057, 1.0]], "head_box": [[769.0, 24.0], [912.0, 250.0]], "head_size": 226.0, "hand_box_center": [767.2528381347656, 330.3111724853515], "is_left": 0, "is_mpii": 1}