{"mpii_image": "011585204.jpg", "mpii_annorect_idx": 0, "mpii_body_pts": [[673.0, 450.0, 0.0], [681.0, 343.0, 1.0], [681.0977783203125, 341.97320556640625, 0.0], [694.9022216796875, 197.02679443359375, 0.0], [634.0, 580.0, 1.0], [617.0, 479.0, 1.0], [642.0, 446.0, 0.0], [704.0, 454.0, 0.0], [700.0, 487.0, 1.0], [681.0, 586.0, 1.0], [634.0, 437.0, 1.0], [621.0, 402.0, 1.0], [621.0, 336.0, 1.0], [741.0, 350.0, 1.0], [729.0, 410.0, 1.0], [685.0, 448.0, 1.0]], "hand_pts": [[635.0450439453125, 436.97109985351557, 1.0], [647.592041015625, 438.38058471679693, 1.0], [661.9309692382812, 445.51751708984375, 1.0], [666.445129394531, 450.53979492187494, 1.0], [669.6315307617188, 457.41241455078125, 1.0], [652.9027709960939, 444.72451782226557, 1.0], [658.4790039062501, 453.7117614746093, 1.0], [661.6654663085938, 457.67672729492193, 1.0], [664.8518676757811, 461.90603637695307, 1.0], [644.9367065429688, 450.27548217773443, 1.0], [652.9027709960939, 461.64169311523443, 1.0], [656.3547363281251, 465.3423156738282, 1.0], [660.0722656249999, 469.83593749999994, 1.0], [640.6881103515626, 456.6194152832031, 1.0], [644.9367065429688, 465.60665893554693, 1.0], [648.9197387695314, 471.6862487792969, 1.0], [651.3095703125, 474.3295593261719, 1.0], [630.5977783203126, 455.5620727539063, 1.0], [634.5808105468752, 465.07800292968744, 1.0], [639.0949096679689, 465.8709716796875, 1.0], [642.0158081054686, 465.60665893554693, 1.0]], "head_box": [[633.0, 197.0], [743.0, 342.0]], "head_size": 145.0, "hand_box_center": [650.1146545410156, 455.65032958984375], "is_left": 0, "is_mpii": 1}