{"mpii_image": "011885258.jpg", "mpii_annorect_idx": 0, "mpii_body_pts": [[156.0, 710.0, 0.0], [179.0, 665.0, 1.0], [305.0, 576.0, 0.0], [410.0, 592.0, 1.0], [115.0, 545.0, 1.0], [49.0, 714.0, 0.0], [358.0, 584.0, 0.0], [434.0, 300.0, 1.0], [440.0, 265.0, 0.0], [477.0, 77.0, 0.0], [65.0, 582.0, 0.0], [212.0, 530.0, 1.0], [301.0, 297.0, 1.0], [566.0, 303.0, 1.0], [582.0, 559.0, 1.0], [493.0, 580.0, 1.0]], "hand_pts": [[55.06731033325196, 584.2943115234376, 1.0], [45.57844924926757, 605.552978515625, 1.0], [37.27569198608399, 630.3547973632812, 1.0], [28.97293663024902, 671.691162109375, 1.0], [28.97293663024902, 696.4930419921876, 1.0], [23.042396545410153, 632.7169189453125, 1.0], [12.367424964904787, 668.1480712890626, 1.0], [17.111856460571293, 700.0361328124999, 1.0], [24.2285041809082, 717.751708984375, 1.0], [27.786828994750977, 635.0789794921876, 1.0], [23.042396545410153, 674.0532836914061, 1.0], [27.786828994750977, 698.8551025390625, 1.0], [34.90347671508789, 722.4758911132812, 1.0], [33.71736907958985, 637.4410400390625, 1.0], [28.97293663024902, 674.0532836914061, 1.0], [34.90347671508789, 695.3119506835936, 1.0], [37.27569198608399, 713.0275878906249, 1.0], [40.83401489257813, 645.7083129882814, 1.0], [39.64790725708007, 672.8722534179686, 1.0], [40.83401489257813, 688.2257690429688, 1.0], [42.02012252807618, 701.2171630859373, 1.0]], "head_box": [[393.0, 71.0], [525.0, 272.0]], "head_size": 201.0, "hand_box_center": [33.717367649078376, 653.3851013183594], "is_left": 0, "is_mpii": 1}