{"mpii_image": "012025177.jpg", "mpii_annorect_idx": 0, "mpii_body_pts": [[595.0, 460.0, 1.0], [576.0, 208.0, 1.0], [571.2385864257812, 250.85220336914062, 0.0], [597.7614135742188, 12.14780044555664, 0.0], [696.0, 512.0, 0.0], [685.0, 601.0, 1.0], [547.0, 483.0, 1.0], [642.0, 437.0, 1.0], [824.0, 528.0, 1.0], [824.0, 437.0, 1.0], [381.0, 435.0, 1.0], [419.0, 311.0, 1.0], [466.0, 218.0, 1.0], [685.0, 197.0, 1.0], [708.0, 322.0, 1.0], [822.0, 317.0, 1.0]], "hand_pts": [[390.3208312988281, 434.4920043945313, 1.0], [399.42544555664057, 446.0704040527344, 1.0], [398.169647216797, 474.5469665527344, 1.0], [398.4835815429687, 487.0641479492187, 1.0], [400.47943115234375, 501.19522094726557, 1.0], [370.5418701171875, 472.0435485839844, 1.0], [357.6698303222657, 494.8873901367188, 1.0], [354.84423828125, 508.0304260253906, 1.0], [356.2408142089843, 518.1998901367189, 1.0], [353.174774169922, 471.10995483398443, 1.0], [343.85592651367193, 491.1322326660156, 1.0], [340.9106140136719, 504.683349609375, 1.0], [345.2906494140625, 512.5316772460939, 1.0], [346.05358886718744, 468.28839111328125, 1.0], [334.7513122558593, 483.30899047851557, 1.0], [332.2397155761718, 495.20031738281244, 1.0], [335.69317626953125, 506.15283203125006, 1.0], [339.7745666503906, 466.097869873047, 1.0], [330.0420532226563, 474.23403930664057, 1.0], [327.33242797851557, 485.06253051757807, 1.0], [327.84436035156256, 495.5132446289063, 1.0]], "head_box": [[484.0, 20.0], [685.0, 243.0]], "head_size": 223.0, "hand_box_center": [363.9059295654297, 476.3459472656251], "is_left": 0, "is_mpii": 1}