{"mpii_image": "012038758.jpg", "mpii_annorect_idx": 0, "mpii_body_pts": [[419.0, 316.0, 0.0], [415.0, 173.0, 1.0], [414.6001892089844, 162.7386016845703, 0.0], [409.3998107910156, 29.26140022277832, 0.0], [376.0, 441.0, 1.0], [368.0, 390.0, 1.0], [374.0, 313.0, 0.0], [464.0, 319.0, 0.0], [482.0, 364.0, 0.0], [467.0, 456.0, 1.0], [356.0, 322.0, 1.0], [285.0, 287.0, 1.0], [319.0, 172.0, 1.0], [511.0, 174.0, 1.0], [563.0, 287.0, 1.0], [486.0, 370.0, 1.0]], "hand_pts": [[356.0, 322.0, 1.0], [367.37692260742193, 304.0398864746094, 1.0], [384.7506713867188, 296.4909973144531, 1.0], [404.01971435546875, 299.63638305664057, 1.0], [416.9710388183593, 301.8381347656249, 1.0], [388.857177734375, 320.0812377929687, 1.0], [418.8663635253906, 321.02484130859375, 1.0], [428.34295654296875, 314.10504150390636, 1.0], [429.60650634765625, 303.72534179687494, 1.0], [386.0141906738282, 332.97723388671875, 1.0], [416.3392639160156, 333.9208374023437, 1.0], [427.3952941894532, 322.9120483398438, 1.0], [431.50183105468744, 311.27423095703125, 1.0], [384.7506713867188, 343.3569030761719, 1.0], [411.28509521484375, 341.46969604492193, 1.0], [424.86819458007807, 333.9208374023437, 1.0], [427.71118164062494, 325.1138000488281, 1.0], [384.7506713867188, 350.2767028808594, 1.0], [408.1262512207031, 352.1639404296875, 1.0], [414.75985717773443, 347.44589233398443, 1.0], [418.55047607421875, 340.5260925292969, 1.0]], "head_box": [[365.0, 27.0], [459.0, 165.0]], "head_size": 138.0, "hand_box_center": [393.75091552734375, 324.3274688720703], "is_left": 0, "is_mpii": 1}