{"mpii_image": "012104878.jpg", "mpii_annorect_idx": 4, "mpii_body_pts": [[321.0, 530.0, 0.0], [275.0, 311.0, 1.0], [272.0419006347656, 275.5024108886719, 0.0], [260.9580993652344, 142.4976043701172, 0.0], [482.0, 662.0, 0.0], [408.0, 489.0, 1.0], [282.0, 535.0, 0.0], [359.0, 525.0, 0.0], [403.0, 566.0, 1.0], [441.0, 754.0, 1.0], [371.0, 451.0, 1.0], [237.0, 456.0, 1.0], [203.0, 311.0, 1.0], [347.0, 311.0, 1.0], [400.0, 439.0, 0.0], [456.0, 537.0, 0.0]], "hand_pts": [[456.0, 537.0, 1.0], [466.44406127929693, 538.4447631835936, 1.0], [468.37603759765625, 546.137451171875, 1.0], [468.37603759765625, 559.5997314453126, 1.0], [469.34204101562506, 574.0236206054686, 1.0], [489.6279296875, 564.4077148437499, 1.0], [468.37603759765625, 578.83154296875, 1.0], [454.8521118164063, 585.5626831054685, 1.0], [444.22616577148426, 587.4859008789062, 1.0], [489.6279296875, 579.7931518554688, 1.0], [470.30804443359375, 594.217041015625, 1.0], [456.78408813476574, 599.0249633789062, 1.0], [444.22616577148426, 600.9481811523438, 1.0], [489.6279296875, 594.217041015625, 1.0], [478.03601074218733, 606.7177124023438, 1.0], [463.54608154296875, 609.6024780273439, 1.0], [454.8521118164063, 611.525634765625, 1.0], [491.55993652343756, 604.7945556640626, 1.0], [484.7979736328125, 613.4488525390626, 1.0], [480.9339904785155, 618.2567749023439, 1.0], [476.10400390625, 624.0263671874999, 1.0]], "head_box": [[213.0, 145.0], [320.0, 273.0]], "head_size": 128.0, "hand_box_center": [467.89305114746094, 580.51318359375], "is_left": 1, "is_mpii": 1}