{"mpii_image": "012162289.jpg", "mpii_annorect_idx": 0, "mpii_body_pts": [[829.0, 196.0, 0.0], [678.0, 100.0, 0.0], [640.6939086914062, 87.98310089111328, 0.0], [507.30609130859375, 45.01689910888672, 0.0], [607.0, 466.0, 0.0], [592.0, 262.0, 1.0], [785.0, 204.0, 0.0], [872.0, 187.0, 1.0], [884.0, 384.0, 1.0], [1058.0, 537.0, 0.0], [613.0, 313.0, 1.0], [683.0, 208.0, 1.0], [603.0, 82.0, 0.0], [752.0, 117.0, 1.0], [812.0, 255.0, 1.0], [847.0, 392.0, 1.0]], "hand_pts": [[613.0, 313.0, 1.0], [609.9786987304688, 327.8607788085937, 1.0], [609.9786987304688, 342.9392700195313, 1.0], [608.1971435546876, 366.00051879882807, 1.0], [614.4326171874998, 382.85299682617193, 1.0], [580.5830078125, 335.843505859375, 1.0], [568.1121215820311, 358.9047546386719, 1.0], [563.6582641601562, 371.3223571777344, 1.0], [564.5490112304688, 383.7399597167969, 1.0], [582.3645629882811, 327.8607788085937, 1.0], [577.9107055664064, 358.0177917480469, 1.0], [577.0198974609375, 372.2093200683594, 1.0], [577.0198974609375, 383.7399597167969, 1.0], [591.2723388671877, 325.1998596191407, 1.0], [587.709228515625, 353.58294677734375, 1.0], [586.8184814453125, 366.88751220703125, 1.0], [585.9276733398438, 381.9660034179687, 1.0], [597.5078125, 332.2956237792969, 1.0], [596.6170043945311, 352.6959533691406, 1.0], [596.6170043945311, 364.226593017578, 1.0], [596.6170043945311, 373.0963134765624, 1.0]], "head_box": [[517.0, 0.0], [631.0, 133.0]], "head_size": 133.0, "hand_box_center": [589.045440673828, 348.36997985839844], "is_left": 0, "is_mpii": 1}