{"mpii_image": "012162289.jpg", "mpii_annorect_idx": 0, "mpii_body_pts": [[829.0, 196.0, 0.0], [678.0, 100.0, 0.0], [640.6939086914062, 87.98310089111328, 0.0], [507.30609130859375, 45.01689910888672, 0.0], [607.0, 466.0, 0.0], [592.0, 262.0, 1.0], [785.0, 204.0, 0.0], [872.0, 187.0, 1.0], [884.0, 384.0, 1.0], [1058.0, 537.0, 0.0], [613.0, 313.0, 1.0], [683.0, 208.0, 1.0], [603.0, 82.0, 0.0], [752.0, 117.0, 1.0], [812.0, 255.0, 1.0], [847.0, 392.0, 1.0]], "hand_pts": [[849.9541625976562, 390.7607421875, 1.0], [831.5087890625001, 400.30197143554693, 1.0], [825.52001953125, 411.75146484375006, 1.0], [820.968566894531, 423.9165649414062, 1.0], [812.5842895507814, 434.41192626953125, 1.0], [853.0682983398438, 434.65045166015636, 1.0], [850.4332885742188, 446.33847045898426, 1.0], [848.7564086914061, 453.7329406738282, 1.0], [846.6004638671876, 463.03564453125, 1.0], [863.8480834960938, 438.22842407226557, 1.0], [854.505615234375, 450.1549682617188, 1.0], [847.0795288085938, 451.347625732422, 1.0], [844.6840820312501, 445.14581298828125, 1.0], [872.9509887695312, 430.3569030761719, 1.0], [860.2548217773439, 440.13665771484375, 1.0], [854.9847412109376, 435.6045837402344, 1.0], [848.9959716796877, 431.3110046386719, 1.0], [869.5972900390625, 415.0909118652343, 1.0], [869.1182250976562, 429.16424560546886, 1.0], [862.8898925781252, 427.4945068359375, 1.0], [858.3384399414062, 424.15509033203136, 1.0]], "head_box": [[517.0, 0.0], [631.0, 133.0]], "head_size": 133.0, "hand_box_center": [842.7676391601562, 426.898193359375], "is_left": 1, "is_mpii": 1}