{"mpii_image": "012104878.jpg", "mpii_annorect_idx": 4, "mpii_body_pts": [[321.0, 530.0, 0.0], [275.0, 311.0, 1.0], [272.0419006347656, 275.5024108886719, 0.0], [260.9580993652344, 142.4976043701172, 0.0], [482.0, 662.0, 0.0], [408.0, 489.0, 1.0], [282.0, 535.0, 0.0], [359.0, 525.0, 0.0], [403.0, 566.0, 1.0], [441.0, 754.0, 1.0], [371.0, 451.0, 1.0], [237.0, 456.0, 1.0], [203.0, 311.0, 1.0], [347.0, 311.0, 1.0], [400.0, 439.0, 0.0], [456.0, 537.0, 0.0]], "hand_pts": [[371.0, 451.0, 1.0], [380.1661376953125, 435.8101501464843, 1.0], [397.9345397949219, 425.87594604492193, 1.0], [422.03143310546875, 417.1531982421874, 1.0], [437.60919189453136, 409.1573791503906, 1.0], [397.691162109375, 422.2414855957032, 1.0], [420.5710144042968, 421.02996826171875, 1.0], [442.96405029296875, 422.72607421874994, 1.0], [450.9963378906249, 429.5104064941406, 1.0], [396.96093749999994, 437.74853515624994, 1.0], [425.68246459960943, 434.8409729003906, 1.0], [444.1810607910156, 435.8101501464843, 1.0], [451.969970703125, 438.71774291992193, 1.0], [397.691162109375, 450.34805297851557, 1.0], [424.9522399902343, 443.3214111328125, 1.0], [442.2338562011718, 442.8367919921874, 1.0], [450.7529296875, 443.3214111328125, 1.0], [404.01962280273443, 461.9783630371093, 1.0], [423.7352294921874, 456.6477966308595, 1.0], [433.22793579101557, 453.74020385742193, 1.0], [441.2602233886719, 451.3172302246094, 1.0]], "head_box": [[213.0, 145.0], [320.0, 273.0]], "head_size": 128.0, "hand_box_center": [411.4849853515625, 435.56787109375], "is_left": 0, "is_mpii": 1}