{"mpii_image": "012331849.jpg", "mpii_annorect_idx": 0, "mpii_body_pts": [[1344.0, 541.0, 1.0], [1359.0, 260.0, 1.0], [1360.042724609375, 250.2104034423828, 0.0], [1375.957275390625, 100.78959655761719, 0.0], [1232.0, 963.0, 1.0], [1275.0, 739.0, 1.0], [1265.0, 542.0, 1.0], [1422.0, 540.0, 1.0], [1417.0, 751.0, 1.0], [1441.0, 975.0, 1.0], [1193.0, 566.0, 1.0], [1215.0, 415.0, 1.0], [1260.0, 263.0, 1.0], [1458.0, 256.0, 1.0], [1462.0, 415.0, 1.0], [1479.0, 557.0, 1.0]], "hand_pts": [[1483.9133300781248, 567.9426269531249, 1.0], [1473.3870849609375, 584.8356323242186, 1.0], [1470.747802734375, 607.300537109375, 1.0], [1469.8070068359373, 627.1670532226562, 1.0], [1469.64697265625, 641.8023071289061, 1.0], [1489.2653808593748, 623.1046142578126, 1.0], [1480.6588134765625, 647.5571899414061, 1.0], [1470.3714599609375, 666.9000244140624, 1.0], [1465.7928466796873, 679.345947265625, 1.0], [1484.512939453125, 618.5088500976564, 1.0], [1475.9787597656255, 642.0763549804688, 1.0], [1463.039794921875, 659.3409423828124, 1.0], [1452.8538818359373, 666.7400512695314, 1.0], [1477.3552246093748, 615.4943847656251, 1.0], [1469.0963134765625, 638.5138549804688, 1.0], [1459.4609375, 652.7639770507814, 1.0], [1450.651489257812, 657.9707641601564, 1.0], [1470.1975097656252, 616.3165283203124, 1.0], [1464.1409912109373, 633.8551025390625, 1.0], [1459.736328125, 643.7205810546876, 1.0], [1452.5786132812502, 647.2831420898439, 1.0]], "head_box": [[1318.0, 96.0], [1418.0, 255.0]], "head_size": 159.0, "hand_box_center": [1469.9584350585933, 623.644287109375], "is_left": 1, "is_mpii": 1}