{"mpii_image": "012637014.jpg", "mpii_annorect_idx": 0, "mpii_body_pts": [[1001.0, 934.0, 0.0], [1058.0, 578.0, 1.0], [1035.0643310546875, 499.3634033203125, 0.0], [989.9357299804688, 344.6365966796875, 0.0], [586.0, 896.0, 1.0], [748.0, 618.0, 1.0], [921.0, 935.0, 0.0], [1080.0, 932.0, 1.0], [981.0, 654.0, 1.0], [780.0, 986.0, 1.0], [774.0, 881.0, 1.0], [912.0, 728.0, 0.0], [939.0, 573.0, 1.0], [1176.0, 582.0, 1.0], [1313.0, 758.0, 1.0], [1328.0, 971.0, 1.0]], "hand_pts": [[1328.0, 971.0, 1.0], [1310.4902343749998, 980.94970703125, 1.0], [1286.7917480468748, 990.715759277344, 1.0], [1270.6522216796873, 999.464599609375, 1.0], [1265.340576171875, 1014.9275512695312, 1.0], [1303.1354980468748, 1005.9752807617188, 1.0], [1301.98974609375, 1019.311096191406, 1.0], [1299.8668212890625, 1029.3731689453123, 1.0], [1298.2324218749998, 1039.953125, 1.0], [1319.0708007812502, 1005.3649291992185, 1.0], [1317.02783203125, 1020.217529296875, 1.0], [1314.9848632812502, 1030.18701171875, 1.0], [1311.9202880859375, 1040.970458984375, 1.0], [1332.7586669921877, 1008.6203002929688, 1.0], [1331.9415283203125, 1019.4036865234375, 1.0], [1331.1242675781248, 1029.9836425781248, 1.0], [1329.8985595703125, 1040.7669677734377, 1.0], [1352.1669921875, 993.7677001953124, 1.0], [1358.2958984375, 1006.5856933593751, 1.0], [1359.1130371093748, 1015.1309814453125, 1.0], [1361.1560058593748, 1023.2694091796876, 1.0]], "head_box": [[950.0, 343.0], [1075.0, 501.0]], "head_size": 158.0, "hand_box_center": [1313.248291015625, 1005.9852294921875], "is_left": 1, "is_mpii": 1}