{"mpii_image": "013084236.jpg", "mpii_annorect_idx": 0, "mpii_body_pts": [[549.0, 715.0, 1.0], [549.0, 535.0, 1.0], [394.0, 429.0, 1.0], [501.0, 398.0, 0.0], [675.0, 454.0, 0.0], [650.0, 675.0, 1.0], [448.0, 414.0, 0.0], [645.0, 266.0, 0.0], [657.0, 258.0, 0.0], [807.0, 168.0, 0.0], [826.0, 553.0, 1.0], [675.0, 470.0, 1.0], [584.0, 278.0, 1.0], [706.0, 253.0, 0.0], [791.0, 406.0, 1.0], [888.0, 518.0, 1.0]], "hand_pts": [[826.0, 553.0, 1.0], [845.8837890625001, 547.5308227539061, 1.0], [874.88818359375, 554.9742431640625, 1.0], [890.4369506835936, 576.7090454101564, 1.0], [903.8925781249999, 582.9615478515624, 1.0], [865.3197021484375, 578.1977539062501, 1.0], [885.3536987304686, 597.5505981445311, 1.0], [899.1083374023439, 602.3143920898438, 1.0], [911.3679809570312, 605.5895385742189, 1.0], [854.8541870117186, 582.9615478515624, 1.0], [875.1871948242186, 598.7415771484375, 1.0], [894.3240966796876, 608.2691650390625, 1.0], [906.2847290039062, 611.5442504882811, 1.0], [845.5847167968751, 583.25927734375, 1.0], [864.1236572265626, 599.9324951171875, 1.0], [879.9714355468752, 608.56689453125, 1.0], [894.9221801757811, 614.2238769531252, 1.0], [840.800537109375, 586.2366333007812, 1.0], [858.1433715820314, 601.1234741210939, 1.0], [871.0009765625001, 608.8646240234373, 1.0], [883.8586425781251, 615.1170654296875, 1.0]], "head_box": [[672.0, 123.0], [793.0, 304.0]], "head_size": 181.0, "hand_box_center": [868.6839904785156, 581.3239440917969], "is_left": 0, "is_mpii": 1}