{"mpii_image": "013178667.jpg", "mpii_annorect_idx": 0, "mpii_body_pts": [[1338.0, 674.0, 1.0], [1267.0, 439.0, 1.0], [1261.6800537109375, 422.1195983886719, 0.0], [1220.3199462890625, 290.8804016113281, 0.0], [1088.0, 957.0, 1.0], [1063.0, 710.0, 1.0], [1275.0, 678.0, 1.0], [1400.0, 670.0, 1.0], [1584.0, 851.0, 1.0], [1795.0, 977.0, 1.0], [882.0, 308.0, 1.0], [1028.0, 383.0, 1.0], [1179.0, 444.0, 1.0], [1355.0, 434.0, 1.0], [1496.0, 524.0, 1.0], [1664.0, 587.0, 1.0]], "hand_pts": [[1664.3041992187498, 595.941223144531, 1.0], [1679.5694580078123, 589.5162353515625, 1.0], [1703.2198486328123, 586.5178833007812, 1.0], [1731.1702880859373, 588.4453735351564, 1.0], [1747.9184570312502, 579.7848510742189, 1.0], [1728.6306152343748, 617.0252685546875, 1.0], [1738.7449951171875, 627.5650634765625, 1.0], [1747.6833496093745, 640.2127685546876, 1.0], [1758.5032958984373, 650.7525024414061, 1.0], [1721.1037597656252, 628.2677001953124, 1.0], [1733.3349609374998, 639.5101318359374, 1.0], [1742.508544921875, 650.9866943359374, 1.0], [1753.3284912109373, 664.8054809570314, 1.0], [1713.341552734375, 632.4835815429689, 1.0], [1724.3967285156248, 645.8339233398438, 1.0], [1734.2758789062502, 658.0132446289062, 1.0], [1743.4493408203123, 669.0214233398438, 1.0], [1700.875, 636.6995239257812, 1.0], [1707.9315185546875, 646.7708129882814, 1.0], [1714.5175781250002, 655.20263671875, 1.0], [1723.691040039062, 669.4898681640625, 1.0]], "head_box": [[1183.0, 293.0], [1299.0, 420.0]], "head_size": 127.0, "hand_box_center": [1711.4037475585935, 624.6373596191406], "is_left": 1, "is_mpii": 1}