{"mpii_image": "013159408.jpg", "mpii_annorect_idx": 1, "mpii_body_pts": [[453.0, 504.0, 1.0], [451.0, 178.0, 1.0], [455.7276916503906, 170.13479614257812, 0.0], [556.2722778320312, 2.8652000427246094, 0.0], [514.0, 892.0, 1.0], [514.0, 700.0, 1.0], [505.0, 502.0, 1.0], [400.0, 505.0, 1.0], [415.0, 683.0, 1.0], [409.0, 869.0, 1.0], [613.0, 464.0, 1.0], [557.0, 345.0, 1.0], [549.0, 173.0, 1.0], [353.0, 182.0, 1.0], [333.0, 327.0, 1.0], [345.0, 458.0, 1.0]], "hand_pts": [[613.0, 464.0, 1.0], [639.5877685546876, 473.3043823242188, 1.0], [648.1298217773439, 482.5162658691406, 1.0], [646.7061767578126, 500.9400634765625, 1.0], [644.9265747070312, 508.02615356445307, 1.0], [648.4857788085939, 485.7049865722656, 1.0], [648.4857788085939, 506.25460815429693, 1.0], [640.6555175781251, 515.4664916992186, 1.0], [637.4522705078125, 517.5923461914061, 1.0], [643.5028686523438, 493.49969482421875, 1.0], [641.7232666015625, 510.860565185547, 1.0], [633.89306640625, 518.3009643554686, 1.0], [626.7746582031251, 521.843994140625, 1.0], [634.9608154296875, 496.33410644531244, 1.0], [633.5371704101562, 512.6320800781251, 1.0], [626.4187622070314, 520.4267578124999, 1.0], [619.6563110351562, 520.7810668945311, 1.0], [620.3681640624999, 498.1056213378907, 1.0], [620.7240600585939, 516.5294189453125, 1.0], [611.1142578124999, 521.843994140625, 1.0], [603.2839965820314, 520.0724487304688, 1.0]], "head_box": [[420.0, 0.0], [592.0, 173.0]], "head_size": 173.0, "hand_box_center": [625.8848876953126, 492.9219970703125], "is_left": 0, "is_mpii": 1}