{"mpii_image": "013566147.jpg", "mpii_annorect_idx": 0, "mpii_body_pts": [[708.0, 347.0, 0.0], [1017.0, 316.0, 1.0], [1069.9051513671875, 313.98309326171875, 0.0], [1305.0948486328125, 305.01690673828125, 0.0], [516.0, 593.0, 1.0], [776.0, 730.0, 1.0], [652.0, 373.0, 1.0], [764.0, 320.0, 0.0], [876.0, 624.0, 1.0], [612.0, 519.0, 1.0], [1025.0, 593.0, 1.0], [888.0, 550.0, 1.0], [919.0, 454.0, 1.0], [1115.0, 178.0, 1.0], [1161.0, 364.0, 0.0], [1189.0, 541.0, 1.0]], "hand_pts": [[1019.9578857421875, 589.44970703125, 1.0], [1058.5885009765625, 571.9311523437499, 1.0], [1086.9176025390625, 567.6583862304689, 1.0], [1108.3790283203123, 574.9221191406249, 1.0], [1123.402099609375, 574.9221191406249, 1.0], [1099.3652343749998, 608.2500610351562, 1.0], [1117.3928222656248, 628.3322143554685, 1.0], [1124.2604980468748, 641.150634765625, 1.0], [1131.557373046875, 656.5327758789062, 1.0], [1090.7806396484375, 629.6140747070314, 1.0], [1089.063720703125, 630.8959350585939, 1.0], [1079.1915283203123, 631.3231811523438, 1.0], [1069.7484130859375, 622.3502807617186, 1.0], [1076.1868896484375, 637.7324218749999, 1.0], [1075.3283691406252, 639.4415283203124, 1.0], [1065.0269775390625, 638.1597290039061, 1.0], [1056.4423828124998, 628.7595214843749, 1.0], [1063.31005859375, 645.8507690429686, 1.0], [1063.31005859375, 646.2780151367189, 1.0], [1052.579345703125, 640.2960815429689, 1.0], [1047.8577880859375, 633.4595947265625, 1.0]], "head_box": [[1099.0, 192.0], [1276.0, 427.0]], "head_size": 235.0, "hand_box_center": [1075.7576293945312, 612.0955810546875], "is_left": 0, "is_mpii": 1}