{"mpii_image": "013535408.jpg", "mpii_annorect_idx": 0, "mpii_body_pts": [[880.0, 513.0, 0.0], [830.0, 232.0, 0.0], [805.8121948242188, 200.26429748535156, 0.0], [713.1878051757812, 78.73570251464844, 0.0], [429.0, 415.0, 0.0], [617.0, 413.0, 0.0], [901.0, 512.0, 0.0], [859.0, 514.0, 1.0], [644.0, 425.0, 1.0], [423.0, 439.0, 1.0], [743.0, 541.0, 0.0], [785.0, 404.0, 0.0], [847.0, 214.0, 0.0], [812.0, 249.0, 1.0], [826.0, 419.0, 1.0], [785.0, 568.0, 1.0]], "hand_pts": [[785.0, 568.0, 1.0], [774.9637451171876, 566.1078491210938, 1.0], [769.9332275390625, 565.3563842773439, 1.0], [758.6145629882812, 567.8613281249998, 1.0], [751.0687255859374, 568.11181640625, 1.0], [730.443603515625, 572.8712158203124, 1.0], [708.812316894531, 576.1276855468751, 1.0], [692.2116088867186, 580.1356201171875, 1.0], [679.1322631835935, 580.6365966796876, 1.0], [735.2225952148438, 574.6246948242186, 1.0], [707.3031616210938, 578.632629394531, 1.0], [691.45703125, 582.8910522460939, 1.0], [676.6170043945311, 585.3959960937499, 1.0], [743.7744750976565, 574.6246948242186, 1.0], [721.6401977539061, 581.8890991210938, 1.0], [702.7756958007812, 584.89501953125, 1.0], [690.9539794921875, 587.6504516601564, 1.0], [754.590087890625, 578.632629394531, 1.0], [742.7683715820314, 582.3900756835938, 1.0], [734.4680175781251, 586.3980102539062, 1.0], [726.6707153320314, 589.9049072265626, 1.0]], "head_box": [[694.0, 70.0], [825.0, 209.0]], "head_size": 139.0, "hand_box_center": [730.8085021972656, 577.6306457519532], "is_left": 1, "is_mpii": 1}