{"mpii_image": "013778552.jpg", "mpii_annorect_idx": 0, "mpii_body_pts": [[350.0, 582.0, 0.0], [278.0, 328.0, 0.0], [286.4294128417969, 286.9961853027344, 0.0], [328.5705871582031, 82.00379943847656, 0.0], [553.0, 964.0, 1.0], [573.0, 633.0, 0.0], [267.0, 600.0, 1.0], [432.0, 563.0, 0.0], [558.0, 492.0, 1.0], [575.0, 858.0, 1.0], [395.0, 440.0, 1.0], [202.0, 512.0, 1.0], [171.0, 334.0, 1.0], [385.0, 322.0, 0.0], [445.0, 450.0, 0.0], [497.0, 427.0, 0.0]], "hand_pts": [[506.550537109375, 423.5201416015625, 1.0], [507.2045288085937, 398.1134643554688, 1.0], [501.31854248046875, 397.78775024414057, 1.0], [494.77856445312494, 404.3022766113282, 1.0], [488.5655822753906, 412.1196899414063, 1.0], [531.7294311523439, 390.6217651367188, 1.0], [529.7674560546875, 385.08441162109375, 1.0], [518.6494750976564, 393.22756958007807, 1.0], [508.1855163574219, 400.06784057617193, 1.0], [541.5393676757812, 401.0450134277344, 1.0], [527.1514282226562, 407.88525390624994, 1.0], [514.3984985351564, 412.1196899414063, 1.0], [502.2995300292969, 414.0740661621094, 1.0], [544.4823608398438, 416.67987060546886, 1.0], [534.6724243164062, 420.91430664062494, 1.0], [519.6304931640625, 423.8458557128906, 1.0], [509.820526123047, 425.4744873046875, 1.0], [541.5393676757812, 427.1031188964843, 1.0], [534.824951171875, 431.9554138183594, 1.0], [529.0327758789062, 432.8318176269531, 1.0], [521.8507080078125, 432.21917724609364, 1.0]], "head_box": [[225.0, 83.0], [390.0, 286.0]], "head_size": 203.0, "hand_box_center": [516.5239715576172, 408.95811462402344], "is_left": 1, "is_mpii": 1}