{"mpii_image": "013824557.jpg", "mpii_annorect_idx": 0, "mpii_body_pts": [[758.0, 712.0, 0.0], [735.0, 570.0, 1.0], [762.0, 386.0, 1.0], [867.0, 394.0, 1.0], [824.0, 582.0, 0.0], [817.0, 715.0, 0.0], [815.0, 390.0, 1.0], [784.0, 263.0, 0.0], [745.0, 257.0, 0.0], [611.0, 237.0, 0.0], [667.0, 413.0, 1.0], [714.0, 293.0, 0.0], [743.0, 237.0, 0.0], [824.0, 288.0, 1.0], [845.0, 456.0, 1.0], [810.0, 605.0, 1.0]], "hand_pts": [[667.0, 413.0, 1.0], [668.4277954101562, 424.8197021484375, 1.0], [670.062316894531, 440.16488647460943, 1.0], [670.7628173828124, 454.81256103515636, 1.0], [671.4633178710938, 466.6702270507813, 1.0], [657.2197875976565, 438.5373840332031, 1.0], [658.854248046875, 458.7651062011718, 1.0], [664.6917724609376, 465.2752075195313, 1.0], [671.9302978515624, 471.5527648925781, 1.0], [663.2907714843751, 442.9549255371094, 1.0], [668.6613159179688, 458.30010986328125, 1.0], [676.3668212890624, 463.647674560547, 1.0], [684.0723266601564, 466.6702270507813, 1.0], [667.727294921875, 441.55990600585943, 1.0], [672.6307983398439, 452.25503540039057, 1.0], [679.8693237304686, 458.5326232910156, 1.0], [687.5748291015625, 459.6951293945313, 1.0], [672.3973388671876, 443.65243530273443, 1.0], [673.5648193359374, 448.7674865722656, 1.0], [677.3008422851562, 451.09252929687494, 1.0], [682.6713256835938, 451.3250427246094, 1.0]], "head_box": [[631.0, 177.0], [726.0, 318.0]], "head_size": 141.0, "hand_box_center": [672.3973083496095, 442.27638244628906], "is_left": 0, "is_mpii": 1}