{"mpii_image": "013824557.jpg", "mpii_annorect_idx": 0, "mpii_body_pts": [[758.0, 712.0, 0.0], [735.0, 570.0, 1.0], [762.0, 386.0, 1.0], [867.0, 394.0, 1.0], [824.0, 582.0, 0.0], [817.0, 715.0, 0.0], [815.0, 390.0, 1.0], [784.0, 263.0, 0.0], [745.0, 257.0, 0.0], [611.0, 237.0, 0.0], [667.0, 413.0, 1.0], [714.0, 293.0, 0.0], [743.0, 237.0, 0.0], [824.0, 288.0, 1.0], [845.0, 456.0, 1.0], [810.0, 605.0, 1.0]], "hand_pts": [[810.0, 605.0, 1.0], [791.2250366210939, 603.9721069335938, 1.0], [781.020263671875, 610.2463989257812, 1.0], [777.7186889648439, 626.0816650390625, 1.0], [770.2152099609375, 635.3438110351562, 1.0], [782.5209960937499, 632.3560180664061, 1.0], [773.81689453125, 654.4656372070312, 1.0], [773.2166137695312, 642.8132934570312, 1.0], [777.1184082031251, 634.7462768554686, 1.0], [792.12548828125, 635.9413452148438, 1.0], [784.3218383789062, 657.1546630859373, 1.0], [777.1184082031251, 653.5692749023438, 1.0], [779.5195312500001, 646.9961547851561, 1.0], [802.3302612304686, 638.0328369140625, 1.0], [802.63037109375, 650.28271484375, 1.0], [793.9263305664064, 652.3742065429688, 1.0], [790.6247558593751, 648.1912841796876, 1.0], [813.735595703125, 640.7218017578126, 1.0], [813.1353149414062, 649.6851806640626, 1.0], [808.0328979492188, 649.0876464843749, 1.0], [804.131103515625, 644.3071899414061, 1.0]], "head_box": [[631.0, 177.0], [726.0, 318.0]], "head_size": 141.0, "hand_box_center": [791.9754028320312, 630.5633850097655], "is_left": 1, "is_mpii": 1}