{"mpii_image": "013952678.jpg", "mpii_annorect_idx": 0, "mpii_body_pts": [[398.0, 253.0, 0.0], [634.0, 212.0, 0.0], [646.4705200195312, 206.54930114746094, 0.0], [772.5294799804688, 151.45069885253906, 0.0], [295.0, 348.0, 1.0], [419.0, 470.0, 1.0], [361.0, 255.0, 1.0], [435.0, 251.0, 0.0], [535.0, 404.0, 0.0], [460.0, 305.0, 0.0], [557.0, 491.0, 1.0], [518.0, 363.0, 1.0], [601.0, 235.0, 1.0], [667.0, 189.0, 0.0], [731.0, 305.0, 1.0], [818.0, 413.0, 1.0]], "hand_pts": [[557.0, 491.0, 1.0], [574.9094848632812, 489.43215942382807, 1.0], [593.4664916992186, 492.1696166992188, 1.0], [612.7108154296876, 505.17245483398443, 1.0], [627.1440429687501, 515.4378662109374, 1.0], [590.030029296875, 494.22268676757807, 1.0], [613.3981323242188, 492.8539733886719, 1.0], [623.7075805664064, 500.3819274902343, 1.0], [630.58056640625, 507.2255249023437, 1.0], [594.15380859375, 508.5942687988281, 1.0], [601.0267333984375, 522.9658203124999, 1.0], [593.4664916992186, 520.9127197265625, 1.0], [587.9680786132812, 515.4378662109374, 1.0], [579.7205200195312, 516.8065795898438, 1.0], [584.5316162109374, 527.7563476562501, 1.0], [576.2840576171877, 523.6502075195312, 1.0], [572.1602783203125, 516.1221923828124, 1.0], [570.7856445312501, 523.6502075195312, 1.0], [570.7856445312501, 531.8624877929685, 1.0], [566.661865234375, 529.1250610351562, 1.0], [561.8508300781251, 524.3345336914061, 1.0]], "head_box": [[661.0, 108.0], [758.0, 250.0]], "head_size": 142.0, "hand_box_center": [593.790283203125, 510.6473236083983], "is_left": 0, "is_mpii": 1}