{"mpii_image": "013952678.jpg", "mpii_annorect_idx": 0, "mpii_body_pts": [[398.0, 253.0, 0.0], [634.0, 212.0, 0.0], [646.4705200195312, 206.54930114746094, 0.0], [772.5294799804688, 151.45069885253906, 0.0], [295.0, 348.0, 1.0], [419.0, 470.0, 1.0], [361.0, 255.0, 1.0], [435.0, 251.0, 0.0], [535.0, 404.0, 0.0], [460.0, 305.0, 0.0], [557.0, 491.0, 1.0], [518.0, 363.0, 1.0], [601.0, 235.0, 1.0], [667.0, 189.0, 0.0], [731.0, 305.0, 1.0], [818.0, 413.0, 1.0]], "hand_pts": [[818.0, 413.0, 1.0], [812.2344970703126, 433.57446289062506, 1.0], [814.5861816406251, 452.0738220214844, 1.0], [811.9993286132812, 464.48477172851557, 1.0], [808.2366333007812, 476.89575195312494, 1.0], [840.4548950195312, 440.8337097167969, 1.0], [854.3298950195312, 456.2888488769531, 1.0], [862.3256835937499, 466.82647705078125, 1.0], [870.0862426757812, 467.29479980468744, 1.0], [847.9802856445312, 438.96035766601557, 1.0], [856.4464111328124, 449.49795532226557, 1.0], [868.6752319335939, 460.9722290039063, 1.0], [878.0820312500001, 464.2506103515625, 1.0], [851.2727050781252, 436.8528137207032, 1.0], [859.9739379882814, 444.5804138183594, 1.0], [863.0311889648438, 456.7572021484375, 1.0], [870.3214111328124, 464.48477172851557, 1.0], [850.3319702148438, 433.1061096191406, 1.0], [857.1519165039061, 445.7512512207031, 1.0], [857.3870849609375, 452.5421447753906, 1.0], [859.9739379882814, 456.5230407714843, 1.0]], "head_box": [[661.0, 108.0], [758.0, 250.0]], "head_size": 142.0, "hand_box_center": [843.1593322753906, 444.9478759765625], "is_left": 1, "is_mpii": 1}