{"mpii_image": "014490884.jpg", "mpii_annorect_idx": 0, "mpii_body_pts": [[1151.0, 732.0, 0.0], [1281.0, 377.0, 0.0], [1281.8779296875, 372.1069030761719, 0.0], [1341.1220703125, 41.89310073852539, 0.0], [1015.0, 845.0, 0.0], [798.0, 764.0, 1.0], [1065.0, 705.0, 1.0], [1236.0, 758.0, 0.0], [1080.0, 888.0, 1.0], [994.0, 792.0, 0.0], [761.0, 410.0, 1.0], [901.0, 370.0, 1.0], [1142.0, 336.0, 1.0], [1419.0, 417.0, 0.0], [1338.0, 631.0, 0.0], [1301.0, 776.0, 0.0]], "hand_pts": [[1301.0, 776.0, 1.0], [1264.9536132812502, 811.7909545898439, 1.0], [1302.8033447265623, 788.3782958984374, 1.0], [1310.8320312499998, 817.5013427734375, 1.0], [1285.025390625, 810.0778198242186, 1.0], [1225.383422851562, 840.9140014648438, 1.0], [1222.5159912109375, 870.0371093749999, 1.0], [1234.55908203125, 847.7664794921875, 1.0], [1250.6165771484377, 824.3538208007811, 1.0], [1216.2077636718752, 831.7773437500001, 1.0], [1226.5303955078123, 815.2172241210936, 1.0], [1267.8210449218748, 791.8045043945311, 1.0], [1288.46630859375, 790.0914306640626, 1.0], [1208.75244140625, 818.6434326171877, 1.0], [1224.2364501953125, 791.2335205078126, 1.0], [1268.3944091796873, 769.5339355468752, 1.0], [1287.3193359374998, 764.3945922851562, 1.0], [1207.031982421875, 790.6624755859374, 1.0], [1220.2220458984373, 772.960205078125, 1.0], [1241.4409179687502, 759.8262329101562, 1.0], [1259.2187500000002, 751.8316650390624, 1.0]], "head_box": [[1196.0, 32.0], [1427.0, 382.0]], "head_size": 350.0, "hand_box_center": [1258.9320068359375, 810.9343872070311], "is_left": 1, "is_mpii": 1}