{"mpii_image": "014489487.jpg", "mpii_annorect_idx": 0, "mpii_body_pts": [[871.0, 457.0, 1.0], [933.0, 252.0, 1.0], [895.2305908203125, 277.89898681640625, 0.0], [1005.7694091796875, 202.1009979248047, 0.0], [534.0, 458.0, 1.0], [666.0, 564.0, 1.0], [847.0, 434.0, 1.0], [895.0, 480.0, 1.0], [880.0, 694.0, 1.0], [847.0, 872.0, 1.0], [724.0, 422.0, 1.0], [760.0, 309.0, 1.0], [859.0, 258.0, 1.0], [1006.0, 246.0, 1.0], [1116.0, 232.0, 1.0], [1222.0, 217.0, 1.0]], "hand_pts": [[1222.0, 217.0, 1.0], [1225.7803955078123, 228.75944519042972, 1.0], [1230.1929931640625, 238.64692687988278, 1.0], [1234.60546875, 252.2696990966797, 1.0], [1236.3704833984373, 265.4530334472655, 1.0], [1256.2269287109375, 228.53971862792972, 1.0], [1271.2294921875, 242.38221740722665, 1.0], [1280.7164306640625, 253.58804321289065, 1.0], [1284.687744140625, 263.69525146484375, 1.0], [1264.1694335937498, 225.68333435058597, 1.0], [1278.2895507812505, 239.08638000488278, 1.0], [1286.6733398437498, 252.04998779296872, 1.0], [1290.8652343749998, 262.37692260742193, 1.0], [1270.567626953125, 225.0241546630859, 1.0], [1280.7164306640625, 236.01026916503906, 1.0], [1288.6589355468748, 249.41331481933594, 1.0], [1291.9683837890627, 255.7852630615234, 1.0], [1278.2895507812505, 226.5622100830078, 1.0], [1286.4527587890627, 232.7144317626953, 1.0], [1291.527099609375, 237.10887145996094, 1.0], [1295.05712890625, 241.72303771972656, 1.0]], "head_box": [[903.0, 171.0], [998.0, 309.0]], "head_size": 138.0, "hand_box_center": [1258.528564453125, 241.22651672363276], "is_left": 1, "is_mpii": 1}