{"mpii_image": "014489487.jpg", "mpii_annorect_idx": 0, "mpii_body_pts": [[871.0, 457.0, 1.0], [933.0, 252.0, 1.0], [895.2305908203125, 277.89898681640625, 0.0], [1005.7694091796875, 202.1009979248047, 0.0], [534.0, 458.0, 1.0], [666.0, 564.0, 1.0], [847.0, 434.0, 1.0], [895.0, 480.0, 1.0], [880.0, 694.0, 1.0], [847.0, 872.0, 1.0], [724.0, 422.0, 1.0], [760.0, 309.0, 1.0], [859.0, 258.0, 1.0], [1006.0, 246.0, 1.0], [1116.0, 232.0, 1.0], [1222.0, 217.0, 1.0]], "hand_pts": [[729.6712036132812, 423.945068359375, 1.0], [743.2357788085939, 430.89599609375006, 1.0], [749.4367065429688, 437.846923828125, 1.0], [760.4820556640625, 436.68841552734375, 1.0], [770.1710205078126, 431.6683044433594, 1.0], [734.3218994140624, 457.54119873046875, 1.0], [735.484619140625, 472.21536254882807, 1.0], [736.6472778320311, 481.8694152832031, 1.0], [739.5539550781251, 490.94424438476574, 1.0], [727.7333984375001, 452.90725708007807, 1.0], [732.9654541015624, 466.6159973144532, 1.0], [738.9725952148438, 474.14617919921875, 1.0], [744.2046508789062, 480.5178527832031, 1.0], [725.2142944335938, 451.5556640625, 1.0], [734.3218994140624, 464.68518066406256, 1.0], [741.2979736328126, 470.4776306152344, 1.0], [746.5299682617188, 474.14617919921875, 1.0], [724.4392089843749, 451.3625793457031, 1.0], [733.1592407226562, 461.0166625976563, 1.0], [739.7477416992188, 466.03677368164057, 1.0], [745.3673095703125, 468.7398986816406, 1.0]], "head_box": [[903.0, 171.0], [998.0, 309.0]], "head_size": 138.0, "hand_box_center": [747.3051147460938, 457.44465637207037], "is_left": 0, "is_mpii": 1}