{"mpii_image": "014490884.jpg", "mpii_annorect_idx": 0, "mpii_body_pts": [[1151.0, 732.0, 0.0], [1281.0, 377.0, 0.0], [1281.8779296875, 372.1069030761719, 0.0], [1341.1220703125, 41.89310073852539, 0.0], [1015.0, 845.0, 0.0], [798.0, 764.0, 1.0], [1065.0, 705.0, 1.0], [1236.0, 758.0, 0.0], [1080.0, 888.0, 1.0], [994.0, 792.0, 0.0], [761.0, 410.0, 1.0], [901.0, 370.0, 1.0], [1142.0, 336.0, 1.0], [1419.0, 417.0, 0.0], [1338.0, 631.0, 0.0], [1301.0, 776.0, 0.0]], "hand_pts": [[742.681396484375, 404.73391723632807, 1.0], [700.9510498046874, 394.28811645507795, 1.0], [663.0176391601562, 403.4238891601563, 1.0], [633.6498413085939, 438.139892578125, 1.0], [607.3411865234374, 444.83947753906256, 1.0], [676.4778442382814, 410.73254394531244, 1.0], [653.2283935546877, 423.52264404296875, 1.0], [635.4852905273439, 452.1481018066406, 1.0], [623.2487182617189, 477.11923217773443, 1.0], [699.7273559570314, 422.3045349121093, 1.0], [676.4778442382814, 444.23040771484375, 1.0], [652.0046997070312, 466.7653503417969, 1.0], [640.3799438476564, 474.073974609375, 1.0], [713.7994384765627, 440.57611083984375, 1.0], [694.2209472656251, 456.4114685058594, 1.0], [675.866027832031, 467.9834594726562, 1.0], [660.5703125000001, 474.073974609375, 1.0], [719.917724609375, 451.5390319824219, 1.0], [695.4445800781251, 467.9834594726562, 1.0], [685.04345703125, 472.246826171875, 1.0], [672.1950683593751, 477.11923217773443, 1.0]], "head_box": [[1196.0, 32.0], [1427.0, 382.0]], "head_size": 350.0, "hand_box_center": [675.0112915039062, 435.7036743164062], "is_left": 0, "is_mpii": 1}