{"mpii_image": "014592898.jpg", "mpii_annorect_idx": 0, "mpii_body_pts": [[867.0, 454.0, 1.0], [966.0, 283.0, 1.0], [955.3325805664062, 297.2001037597656, 0.0], [1130.6673583984375, 63.79990005493164, 0.0], [432.0, 773.0, 0.0], [581.0, 621.0, 0.0], [814.0, 417.0, 1.0], [919.0, 491.0, 1.0], [829.0, 708.0, 1.0], [615.0, 950.0, 1.0], [593.0, 255.0, 0.0], [680.0, 203.0, 1.0], [838.0, 224.0, 1.0], [1093.0, 342.0, 1.0], [1127.0, 503.0, 1.0], [1093.0, 621.0, 1.0]], "hand_pts": [[580.8278198242185, 254.82995605468753, 1.0], [606.1510620117186, 262.8200988769531, 1.0], [606.1510620117186, 280.9031066894531, 1.0], [595.5997314453126, 290.1548767089844, 1.0], [586.3145141601562, 281.74417114257807, 1.0], [616.7024536132812, 263.6611633300781, 1.0], [583.7821655273439, 293.9396667480469, 1.0], [588.8468627929685, 299.82714843749994, 1.0], [600.6643676757812, 290.57540893554693, 1.0], [594.3335571289061, 252.30674743652347, 1.0], [575.7631225585939, 276.69775390624994, 1.0], [561.8353271484374, 290.9959411621093, 1.0], [577.8734130859374, 286.37005615234375, 1.0], [574.9190673828124, 241.37283325195315, 1.0], [557.1927490234375, 264.0817260742187, 1.0], [552.1281127929686, 284.6879272460937, 1.0], [564.7897338867189, 283.0057678222656, 1.0], [557.6148071289062, 230.0184020996094, 1.0], [540.3105468749999, 251.04513549804685, 1.0], [536.0900268554686, 265.76385498046875, 1.0], [539.8884887695314, 277.9593505859375, 1.0]], "head_box": [[937.0, 32.0], [1149.0, 329.0]], "head_size": 297.0, "hand_box_center": [576.396240234375, 264.9227752685547], "is_left": 0, "is_mpii": 1}