{"mpii_image": "014609070.jpg", "mpii_annorect_idx": 0, "mpii_body_pts": [[628.0, 504.0, 1.0], [624.0, 411.0, 1.0], [626.5098266601562, 403.4327087402344, 0.0], [687.4901733398438, 219.5673065185547, 0.0], [537.0, 661.0, 1.0], [564.0, 601.0, 0.0], [587.0, 504.0, 1.0], [669.0, 504.0, 1.0], [654.0, 585.0, 0.0], [634.0, 624.0, 0.0], [587.0, 593.0, 1.0], [496.0, 599.0, 1.0], [517.0, 433.0, 1.0], [730.0, 389.0, 1.0], [737.0, 496.0, 1.0], [737.0, 574.0, 1.0]], "hand_pts": [[743.2106933593751, 570.5509033203125, 1.0], [733.9833984375001, 580.7959594726564, 1.0], [733.9833984375001, 591.7475585937499, 1.0], [726.8854370117188, 602.3458862304688, 1.0], [719.7875366210939, 612.5909423828125, 1.0], [756.3417968749999, 610.4712524414061, 1.0], [755.9869384765626, 625.6622314453124, 1.0], [748.5341186523438, 635.5540161132811, 1.0], [743.2106933593751, 642.6195678710938, 1.0], [752.0830688476564, 609.7647094726564, 1.0], [745.6949462890626, 627.7819213867188, 1.0], [740.0166015625, 635.2007446289064, 1.0], [736.4676513671875, 641.5597534179688, 1.0], [746.7596435546876, 606.5852050781251, 1.0], [739.3068237304686, 624.9556884765625, 1.0], [734.3382568359373, 632.7277832031251, 1.0], [730.4344482421876, 637.6736450195314, 1.0], [738.951904296875, 606.5852050781251, 1.0], [733.2736206054688, 618.2434082031251, 1.0], [730.4344482421876, 624.9556884765625, 1.0], [727.9501342773439, 630.2548217773439, 1.0]], "head_box": [[591.0, 210.0], [723.0, 413.0]], "head_size": 203.0, "hand_box_center": [738.0646667480469, 606.5852355957031], "is_left": 1, "is_mpii": 1}