{"mpii_image": "014609070.jpg", "mpii_annorect_idx": 0, "mpii_body_pts": [[628.0, 504.0, 1.0], [624.0, 411.0, 1.0], [626.5098266601562, 403.4327087402344, 0.0], [687.4901733398438, 219.5673065185547, 0.0], [537.0, 661.0, 1.0], [564.0, 601.0, 0.0], [587.0, 504.0, 1.0], [669.0, 504.0, 1.0], [654.0, 585.0, 0.0], [634.0, 624.0, 0.0], [587.0, 593.0, 1.0], [496.0, 599.0, 1.0], [517.0, 433.0, 1.0], [730.0, 389.0, 1.0], [737.0, 496.0, 1.0], [737.0, 574.0, 1.0]], "hand_pts": [[597.7255249023438, 595.3215942382812, 1.0], [613.4712524414061, 578.835266113281, 1.0], [644.1340332031251, 569.3556518554685, 1.0], [664.852111816406, 572.2407836914062, 1.0], [686.3989257812499, 578.423095703125, 1.0], [629.217041015625, 594.909423828125, 1.0], [653.25, 607.6862792968751, 1.0], [672.7249755859375, 614.6929931640625, 1.0], [684.7414550781251, 612.2200317382814, 1.0], [619.6867065429689, 614.6929931640625, 1.0], [654.0786743164064, 628.2941894531251, 1.0], [674.7967529296877, 629.5306396484375, 1.0], [687.2276000976562, 621.6996459960939, 1.0], [613.4712524414061, 628.706298828125, 1.0], [644.1340332031251, 640.6588745117189, 1.0], [668.9957275390626, 639.8345947265625, 1.0], [680.5978393554688, 634.888671875, 1.0], [615.9574584960936, 640.2467651367188, 1.0], [635.8468017578125, 645.6047973632814, 1.0], [655.32177734375, 648.4898681640625, 1.0], [663.6090087890625, 643.5440063476564, 1.0]], "head_box": [[591.0, 210.0], [723.0, 413.0]], "head_size": 203.0, "hand_box_center": [642.4765625, 608.9227600097655], "is_left": 0, "is_mpii": 1}