{"mpii_image": "014866273.jpg", "mpii_annorect_idx": 0, "mpii_body_pts": [[961.0, 468.0, 0.0], [958.0, 244.0, 1.0], [948.094482421875, 206.63699340820312, 0.0], [910.905517578125, 66.36299896240234, 0.0], [878.0, 598.0, 0.0], [745.0, 503.0, 1.0], [876.0, 446.0, 0.0], [1045.0, 489.0, 1.0], [855.0, 531.0, 1.0], [950.0, 618.0, 1.0], [694.0, 294.0, 1.0], [808.0, 301.0, 1.0], [890.0, 233.0, 1.0], [1026.0, 254.0, 1.0], [994.0, 415.0, 1.0], [895.0, 457.0, 1.0]], "hand_pts": [[895.0, 457.0, 1.0], [854.7570800781251, 460.58401489257807, 1.0], [818.0429077148436, 469.72351074218733, 1.0], [797.4532470703125, 487.7554626464844, 1.0], [786.5382080078125, 499.85910034179693, 1.0], [814.3218994140624, 478.1219482421874, 1.0], [791.0034179687501, 504.5523376464843, 1.0], [785.7940063476565, 516.656005859375, 1.0], [782.569091796875, 528.7596435546876, 1.0], [826.2291870117188, 484.79129028320307, 1.0], [799.6858520507814, 514.6798706054689, 1.0], [791.7476196289061, 528.5126342773439, 1.0], [785.7940063476565, 539.8751831054686, 1.0], [839.6248779296877, 489.48455810546875, 1.0], [814.0737915039064, 521.8432617187499, 1.0], [804.6472167968749, 533.6998901367189, 1.0], [796.212890625, 545.3095092773439, 1.0], [846.8189086914061, 502.32922363281256, 1.0], [831.1905517578126, 528.0186157226562, 1.0], [821.0197143554688, 539.3811645507812, 1.0], [814.3218994140624, 549.7557373046876, 1.0]], "head_box": [[875.0, 64.0], [984.0, 209.0]], "head_size": 145.0, "hand_box_center": [838.7845458984375, 503.3778686523438], "is_left": 1, "is_mpii": 1}