{"mpii_image": "015341288.jpg", "mpii_annorect_idx": 0, "mpii_body_pts": [[1362.0, 478.0, 0.0], [1410.0, 256.0, 1.0], [1415.141357421875, 218.41470336914062, 0.0], [1433.858642578125, 81.58529663085938, 0.0], [1382.0, 867.0, 1.0], [1389.0, 689.0, 1.0], [1302.0, 480.0, 0.0], [1422.0, 475.0, 1.0], [1473.0, 677.0, 1.0], [1468.0, 874.0, 1.0], [1293.0, 465.0, 1.0], [1249.0, 369.0, 1.0], [1321.0, 251.0, 1.0], [1499.0, 261.0, 1.0], [1487.0, 400.0, 1.0], [1485.0, 446.0, 1.0]], "hand_pts": [[1300.886962890625, 478.3269653320313, 1.0], [1301.704345703125, 469.16528320312506, 1.0], [1310.6955566406252, 465.9078063964844, 1.0], [1315.1655273437502, 472.43463134765625, 1.0], [1321.459716796875, 475.0475463867188, 1.0], [1298.1481933593748, 493.1351318359375, 1.0], [1309.71533203125, 508.18490600585943, 1.0], [1326.0455322265625, 509.4051513671874, 1.0], [1336.3880615234375, 508.45605468749994, 1.0], [1295.8347167968748, 503.9818115234375, 1.0], [1307.9462890625002, 512.9302978515624, 1.0], [1333.9384765625, 510.4898071289063, 1.0], [1346.1861572265625, 509.13397216796875, 1.0], [1302.230712890625, 509.13397216796875, 1.0], [1314.4783935546875, 519.4382934570312, 1.0], [1336.1158447265625, 515.9131469726564, 1.0], [1343.3283691406252, 513.7438354492189, 1.0], [1305.905029296875, 514.5573120117186, 1.0], [1316.7917480468748, 526.0819091796876, 1.0], [1326.3177490234375, 525.4039916992188, 1.0], [1332.1694335937498, 524.3193359375001, 1.0]], "head_box": [[1374.0, 80.0], [1475.0, 220.0]], "head_size": 140.0, "hand_box_center": [1321.0104370117188, 495.994857788086], "is_left": 0, "is_mpii": 1}