{"mpii_image": "015374503.jpg", "mpii_annorect_idx": 0, "mpii_body_pts": [[455.0, 499.0, 1.0], [526.0, 322.0, 1.0], [544.274169921875, 298.1377868652344, 0.0], [628.725830078125, 187.86219787597656, 0.0], [359.0, 754.0, 1.0], [302.0, 691.0, 1.0], [393.0, 511.0, 1.0], [516.0, 487.0, 1.0], [429.0, 631.0, 1.0], [420.0, 884.0, 1.0], [297.0, 326.0, 1.0], [383.0, 287.0, 1.0], [468.0, 258.0, 1.0], [583.0, 386.0, 1.0], [501.0, 451.0, 1.0], [434.0, 516.0, 1.0]], "hand_pts": [[285.4138793945313, 326.38433837890625, 1.0], [288.2235717773437, 349.33154296874994, 1.0], [284.8519287109375, 365.56253051757807, 1.0], [280.91839599609364, 376.75628662109375, 1.0], [280.3564453125, 386.2709655761719, 1.0], [253.38352966308594, 352.1300048828125, 1.0], [243.2686767578125, 361.08502197265625, 1.0], [232.59188842773443, 368.92065429687494, 1.0], [225.28672790527347, 373.3981628417969, 1.0], [252.25965881347656, 343.1749877929688, 1.0], [255.0693359375, 342.6152954101563, 1.0], [260.1267700195313, 342.6152954101563, 1.0], [265.1841735839844, 343.1749877929688, 1.0], [255.63127136230472, 335.8990478515625, 1.0], [261.2506408691407, 335.8990478515625, 1.0], [266.30804443359375, 336.458740234375, 1.0], [269.67965698242193, 337.0184020996094, 1.0], [261.81256103515636, 326.94403076171875, 1.0], [265.746124267578, 328.06341552734375, 1.0], [269.1177368164063, 328.62310791015625, 1.0], [271.92739868164057, 329.1827697753906, 1.0]], "head_box": [[538.0, 171.0], [635.0, 315.0]], "head_size": 144.0, "hand_box_center": [256.7551498413086, 356.32765197753906], "is_left": 0, "is_mpii": 1}