{"mpii_image": "015620151.jpg", "mpii_annorect_idx": 0, "mpii_body_pts": [[477.0, 455.0, 1.0], [482.0, 236.0, 1.0], [482.0, 204.0522003173828, 0.0], [482.0, 69.94779968261719, 0.0], [543.0, 677.0, 0.0], [485.0, 501.0, 1.0], [444.0, 454.0, 1.0], [509.0, 456.0, 1.0], [596.0, 505.0, 1.0], [659.0, 665.0, 0.0], [418.0, 361.0, 1.0], [353.0, 339.0, 1.0], [406.0, 230.0, 1.0], [557.0, 242.0, 1.0], [616.0, 337.0, 1.0], [648.0, 373.0, 1.0]], "hand_pts": [[648.0, 373.0, 1.0], [632.4346923828124, 379.62298583984386, 1.0], [624.2670288085936, 391.71435546874994, 1.0], [626.0330200195312, 420.95355224609364, 1.0], [641.4854125976564, 432.3854064941406, 1.0], [639.7194213867188, 380.0626525878906, 1.0], [638.1741333007814, 417.87573242187494, 1.0], [634.20068359375, 426.88931274414057, 1.0], [629.7857055664065, 435.68304443359375, 1.0], [652.7435302734376, 382.26110839843744, 1.0], [653.6265258789061, 408.8621520996094, 1.0], [648.3285522460939, 424.9107360839843, 1.0], [642.1476440429686, 434.1441345214844, 1.0], [664.4431762695314, 387.3175048828125, 1.0], [663.5601806640625, 413.0391845703125, 1.0], [657.3792724609375, 427.76867675781244, 1.0], [651.1983032226565, 435.68304443359375, 1.0], [673.0523681640624, 394.5723266601563, 1.0], [671.2863769531252, 417.87573242187494, 1.0], [667.9751586914061, 425.79010009765625, 1.0], [663.7809448242188, 430.8464965820313, 1.0]], "head_box": [[433.0, 69.0], [531.0, 205.0]], "head_size": 136.0, "hand_box_center": [648.659698486328, 404.3415222167969], "is_left": 1, "is_mpii": 1}