{"mpii_image": "015663418.jpg", "mpii_annorect_idx": 0, "mpii_body_pts": [[826.0, 497.0, 0.0], [1223.0, 353.0, 0.0], [1285.7877197265625, 328.2597961425781, 0.0], [1495.2122802734375, 245.74020385742188, 0.0], [330.0, 823.0, 1.0], [587.0, 686.0, 1.0], [832.0, 525.0, 1.0], [820.0, 469.0, 0.0], [597.0, 615.0, 0.0], [355.0, 742.0, 1.0], [1285.0, 842.0, 1.0], [1254.0, 677.0, 1.0], [1260.0, 410.0, 1.0], [1186.0, 296.0, 0.0], [1173.0, 435.0, 0.0], [1186.0, 569.0, 1.0]], "hand_pts": [[1294.781494140625, 864.201171875, 1.0], [1313.0780029296875, 847.4386596679688, 1.0], [1342.4488525390625, 842.6494140625, 1.0], [1366.5233154296875, 854.6226196289061, 1.0], [1385.30126953125, 854.6226196289061, 1.0], [1358.3380126953123, 875.2164916992188, 1.0], [1384.8198242187498, 898.6838989257814, 1.0], [1386.7457275390625, 913.0517578124999, 1.0], [1382.893920898437, 923.1091918945311, 1.0], [1349.6711425781245, 891.9789428710939, 1.0], [1370.3751220703123, 917.362060546875, 1.0], [1366.5233154296875, 927.4195556640625, 1.0], [1360.2639160156248, 922.1513671874999, 1.0], [1336.189453125, 904.4310302734375, 1.0], [1342.9302978515625, 925.5038452148439, 1.0], [1340.5228271484375, 920.2356567382812, 1.0], [1340.0413818359373, 912.5728149414062, 1.0], [1319.81884765625, 912.0938720703127, 1.0], [1322.2263183593748, 924.0670776367188, 1.0], [1317.4114990234375, 919.277770996094, 1.0], [1318.3743896484373, 914.9674682617186, 1.0]], "head_box": [[1298.0, 181.0], [1483.0, 393.0]], "head_size": 212.0, "hand_box_center": [1340.7636108398438, 885.0344848632812], "is_left": 0, "is_mpii": 1}