{"mpii_image": "016075990.jpg", "mpii_annorect_idx": 0, "mpii_body_pts": [[567.0, 560.0, 0.0], [514.0, 315.0, 0.0], [519.7371826171875, 301.6133117675781, 0.0], [586.2628173828125, 146.38670349121094, 0.0], [383.0, 563.0, 0.0], [402.0, 428.0, 1.0], [555.0, 532.0, 0.0], [579.0, 588.0, 1.0], [407.0, 548.0, 1.0], [364.0, 582.0, 1.0], [360.0, 394.0, 1.0], [444.0, 406.0, 1.0], [496.0, 301.0, 0.0], [532.0, 328.0, 1.0], [459.0, 490.0, 1.0], [344.0, 512.0, 1.0]], "hand_pts": [[344.0, 512.0, 1.0], [329.79357910156244, 497.28216552734375, 1.0], [314.7818908691406, 474.30322265625, 1.0], [300.88217163085943, 461.8447265625, 1.0], [289.2064208984375, 449.663116455078, 1.0], [291.98635864257795, 507.24896240234375, 1.0], [281.97857666015625, 482.88571166992193, 1.0], [278.9206237792969, 468.48925781249994, 1.0], [275.58471679687494, 446.6177062988281, 1.0], [286.4264831542969, 513.6166381835936, 1.0], [273.082763671875, 475.41064453125, 1.0], [279.75460815429693, 457.96878051757807, 1.0], [284.20251464843744, 446.89456176757807, 1.0], [283.6465454101563, 516.1082763671877, 1.0], [259.7390441894532, 490.0839538574219, 1.0], [260.85101318359375, 468.48925781249994, 1.0], [263.6309509277344, 457.41506958007807, 1.0], [281.4225769042968, 513.8934936523439, 1.0], [259.4610290527343, 507.5258178710937, 1.0], [251.9552001953125, 495.3441772460937, 1.0], [251.6772003173828, 482.0551452636719, 1.0]], "head_box": [[483.0, 145.0], [623.0, 303.0]], "head_size": 158.0, "hand_box_center": [297.8386001586914, 481.3629913330079], "is_left": 1, "is_mpii": 1}