{"mpii_image": "016075990.jpg", "mpii_annorect_idx": 0, "mpii_body_pts": [[567.0, 560.0, 0.0], [514.0, 315.0, 0.0], [519.7371826171875, 301.6133117675781, 0.0], [586.2628173828125, 146.38670349121094, 0.0], [383.0, 563.0, 0.0], [402.0, 428.0, 1.0], [555.0, 532.0, 0.0], [579.0, 588.0, 1.0], [407.0, 548.0, 1.0], [364.0, 582.0, 1.0], [360.0, 394.0, 1.0], [444.0, 406.0, 1.0], [496.0, 301.0, 0.0], [532.0, 328.0, 1.0], [459.0, 490.0, 1.0], [344.0, 512.0, 1.0]], "hand_pts": [[356.7900085449219, 388.9062194824218, 1.0], [348.2938537597656, 375.4620666503906, 1.0], [346.7945556640625, 362.515869140625, 1.0], [333.5505676269532, 353.3041687011719, 1.0], [326.0539855957032, 342.34970092773443, 1.0], [330.55194091796875, 367.4951782226562, 1.0], [323.80499267578136, 358.78140258789057, 1.0], [320.8063659667969, 349.8186340332031, 1.0], [320.30657958984375, 341.8517456054688, 1.0], [325.05444335937506, 371.22967529296875, 1.0], [320.5564880371094, 358.532440185547, 1.0], [321.30615234375, 351.31243896484375, 1.0], [321.805908203125, 340.85589599609375, 1.0], [321.30615234375, 375.4620666503906, 1.0], [310.8109130859375, 368.24209594726557, 1.0], [308.8118286132813, 358.0345153808594, 1.0], [310.31112670898426, 346.33312988281244, 1.0], [317.557830810547, 382.4331054687499, 1.0], [306.812744140625, 376.45794677734375, 1.0], [305.56329345703125, 367.4951782226562, 1.0], [307.56237792968744, 359.0303649902343, 1.0]], "head_box": [[483.0, 145.0], [623.0, 303.0]], "head_size": 158.0, "hand_box_center": [331.17665100097656, 364.8810577392578], "is_left": 0, "is_mpii": 1}