{"mpii_image": "016110991.jpg", "mpii_annorect_idx": 0, "mpii_body_pts": [[1048.0, 478.0, 0.0], [1028.0, 285.0, 0.0], [1016.1630859375, 258.3066101074219, 0.0], [941.8369140625, 90.69339752197266, 0.0], [865.0, 553.0, 0.0], [849.0, 400.0, 1.0], [1013.0, 424.0, 0.0], [1082.0, 531.0, 1.0], [895.0, 533.0, 1.0], [867.0, 688.0, 1.0], [795.0, 326.0, 1.0], [904.0, 278.0, 1.0], [954.0, 233.0, 0.0], [1102.0, 337.0, 1.0], [1111.0, 498.0, 1.0], [947.0, 463.0, 1.0]], "hand_pts": [[951.6257324218751, 467.8578186035157, 1.0], [928.0179443359374, 462.84301757812494, 1.0], [899.3738403320314, 474.1263427734375, 1.0], [880.1728515625001, 493.8721008300781, 1.0], [867.2672729492188, 502.6480102539063, 1.0], [900.9476928710936, 471.3055114746093, 1.0], [881.1171875, 483.5290832519531, 1.0], [867.8968505859374, 496.6929321289063, 1.0], [858.1389770507814, 503.27487182617193, 1.0], [903.4658813476564, 478.2008666992188, 1.0], [879.5433349609376, 491.05126953125, 1.0], [862.5457153320312, 501.3943176269531, 1.0], [851.2139892578127, 508.9165039062499, 1.0], [909.1317138671876, 485.0962219238281, 1.0], [884.2648925781252, 501.0808715820313, 1.0], [870.1002197265625, 509.2299499511718, 1.0], [858.1389770507814, 517.0655517578125, 1.0], [911.64990234375, 497.63320922851557, 1.0], [894.6522827148436, 508.9165039062499, 1.0], [884.8944091796876, 516.7521362304688, 1.0], [875.7661132812499, 521.4534912109375, 1.0]], "head_box": [[905.0, 87.0], [1053.0, 262.0]], "head_size": 175.0, "hand_box_center": [901.419860839844, 492.14825439453125], "is_left": 1, "is_mpii": 1}