{"mpii_image": "016110991.jpg", "mpii_annorect_idx": 0, "mpii_body_pts": [[1048.0, 478.0, 0.0], [1028.0, 285.0, 0.0], [1016.1630859375, 258.3066101074219, 0.0], [941.8369140625, 90.69339752197266, 0.0], [865.0, 553.0, 0.0], [849.0, 400.0, 1.0], [1013.0, 424.0, 0.0], [1082.0, 531.0, 1.0], [895.0, 533.0, 1.0], [867.0, 688.0, 1.0], [795.0, 326.0, 1.0], [904.0, 278.0, 1.0], [954.0, 233.0, 0.0], [1102.0, 337.0, 1.0], [1111.0, 498.0, 1.0], [947.0, 463.0, 1.0]], "hand_pts": [[792.9569091796875, 337.6969909667969, 1.0], [796.4838256835938, 349.3199157714843, 1.0], [794.8560180664061, 365.26760864257807, 1.0], [781.0197143554688, 379.05294799804693, 1.0], [776.4075927734374, 392.5679626464844, 1.0], [767.1834106445314, 350.4011230468749, 1.0], [759.315673828125, 368.2409362792969, 1.0], [760.6721801757812, 380.9450378417969, 1.0], [763.9277954101562, 390.13525390624994, 1.0], [755.5175170898436, 349.3199157714843, 1.0], [744.6654663085938, 364.1864318847657, 1.0], [742.2238159179689, 375.2687377929687, 1.0], [744.9367675781251, 387.97283935546875, 1.0], [754.1610107421875, 346.88720703125, 1.0], [742.7664184570312, 356.6180114746093, 1.0], [740.5960083007812, 369.59243774414057, 1.0], [741.409912109375, 379.3232421875, 1.0], [753.6184082031251, 345.2654113769531, 1.0], [743.3090209960938, 354.45562744140625, 1.0], [741.1386108398438, 366.61911010742193, 1.0], [740.5960083007812, 375.5390319824219, 1.0]], "head_box": [[905.0, 87.0], [1053.0, 262.0]], "head_size": 175.0, "hand_box_center": [768.5399169921875, 365.1324768066406], "is_left": 0, "is_mpii": 1}