{"mpii_image": "016222957.jpg", "mpii_annorect_idx": 0, "mpii_body_pts": [[677.0, 594.0, 1.0], [678.0, 347.0, 1.0], [674.9539184570312, 260.87939453125, 0.0], [670.0460815429688, 122.12059783935547, 0.0], [648.0, 679.0, 0.0], [489.0, 657.0, 1.0], [630.0, 590.0, 1.0], [723.0, 597.0, 1.0], [880.0, 673.0, 1.0], [650.0, 657.0, 1.0], [503.0, 578.0, 1.0], [537.0, 475.0, 1.0], [574.0, 344.0, 1.0], [781.0, 350.0, 1.0], [832.0, 491.0, 1.0], [890.0, 601.0, 1.0]], "hand_pts": [[491.77279663085943, 603.1687622070314, 1.0], [502.4558410644532, 603.987548828125, 1.0], [514.1661376953124, 615.0405883789062, 1.0], [511.90624999999994, 635.7138671875, 1.0], [511.90624999999994, 656.5919189453125, 1.0], [485.60946655273443, 620.567138671875, 1.0], [473.96289062500006, 648.1257934570314, 1.0], [467.41171264648426, 670.6078491210938, 1.0], [465.9558715820313, 688.7385864257812, 1.0], [471.41522216796875, 620.2045288085938, 1.0], [466.683807373047, 647.0379638671875, 1.0], [465.9558715820313, 667.7069702148439, 1.0], [465.2279663085937, 679.6732177734375, 1.0], [465.9558715820313, 622.3801879882812, 1.0], [452.853485107422, 645.5874633789062, 1.0], [451.39767456054693, 668.4321899414061, 1.0], [452.853485107422, 684.7498168945311, 1.0], [455.40118408203125, 631.0829467773439, 1.0], [442.6627197265625, 645.9501342773439, 1.0], [438.2952575683593, 658.2789916992189, 1.0], [439.7510986328125, 668.7947998046876, 1.0]], "head_box": [[628.0, 117.0], [717.0, 266.0]], "head_size": 149.0, "hand_box_center": [476.2306976318358, 645.9536743164062], "is_left": 0, "is_mpii": 1}