{"mpii_image": "017053039.jpg", "mpii_annorect_idx": 0, "mpii_body_pts": [[862.0, 791.0, 0.0], [753.0, 499.0, 1.0], [758.0236206054688, 484.38128662109375, 0.0], [847.9763793945312, 222.6186981201172, 0.0], [1173.0, 854.0, 1.0], [969.0, 801.0, 0.0], [789.0, 817.0, 0.0], [935.0, 764.0, 0.0], [1080.0, 742.0, 0.0], [1260.0, 801.0, 0.0], [838.0, 662.0, 1.0], [693.0, 718.0, 1.0], [655.0, 547.0, 1.0], [851.0, 451.0, 1.0], [950.0, 600.0, 0.0], [994.0, 606.0, 0.0]], "hand_pts": [[850.7129516601564, 661.689453125, 1.0], [846.5685424804686, 631.6550903320312, 1.0], [855.4494018554686, 606.9208984375, 1.0], [880.3158569335938, 580.4199829101564, 1.0], [896.3014526367188, 564.5194091796876, 1.0], [877.3555908203124, 629.2994384765627, 1.0], [901.0379028320311, 627.5327148437499, 1.0], [920.5758666992188, 622.8214721679688, 1.0], [937.1535034179688, 617.521240234375, 1.0], [886.8285522460939, 650.5001831054686, 1.0], [922.3520507812498, 647.5556640624999, 1.0], [935.9693603515625, 641.07763671875, 1.0], [946.6264038085938, 633.4218139648438, 1.0], [895.1173706054688, 662.8672485351561, 1.0], [936.5614624023436, 657.5670776367188, 1.0], [956.6914062500001, 651.6779785156251, 1.0], [970.9008178710938, 646.9667358398438, 1.0], [899.2617797851562, 670.5230712890626, 1.0], [922.3520507812498, 662.8672485351561, 1.0], [931.23291015625, 657.5670776367188, 1.0], [936.5614624023436, 651.0891113281251, 1.0]], "head_box": [[711.0, 207.0], [895.0, 500.0]], "head_size": 293.0, "hand_box_center": [908.7346801757812, 617.5212402343751], "is_left": 0, "is_mpii": 1}