{"mpii_image": "017278965.jpg", "mpii_annorect_idx": 0, "mpii_body_pts": [[383.0, 408.0, 0.0], [508.0, 207.0, 1.0], [555.3659057617188, 162.91690063476562, 0.0], [662.6340942382812, 63.083099365234375, 0.0], [429.0, 497.0, 1.0], [611.0, 377.0, 1.0], [365.0, 423.0, 1.0], [400.0, 392.0, 0.0], [611.0, 326.0, 1.0], [460.0, 479.0, 0.0], [524.0, 338.0, 1.0], [373.0, 328.0, 1.0], [446.0, 175.0, 1.0], [570.0, 239.0, 1.0], [634.0, 377.0, 1.0], [688.0, 499.0, 1.0]], "hand_pts": [[524.0, 338.0, 1.0], [538.7008056640626, 323.8411254882812, 1.0], [553.93359375, 317.19039916992193, 1.0], [575.3129272460938, 316.9243774414062, 1.0], [590.01123046875, 321.97891235351557, 1.0], [566.2267456054688, 313.7320251464843, 1.0], [594.5543823242188, 323.8411254882812, 1.0], [606.3129882812499, 334.48229980468744, 1.0], [617.8044433593751, 342.19714355468744, 1.0], [563.821533203125, 320.91479492187494, 1.0], [593.7526245117186, 327.5655212402343, 1.0], [607.11474609375, 336.8765563964843, 1.0], [618.6061401367188, 342.46316528320307, 1.0], [561.1491088867186, 333.68420410156256, 1.0], [590.2785034179689, 335.5464172363281, 1.0], [604.9768066406251, 342.72918701171875, 1.0], [615.66650390625, 347.51770019531256, 1.0], [563.0198364257812, 344.5914001464843, 1.0], [577.9853515625001, 345.65551757812494, 1.0], [592.4164428710938, 350.1780090332031, 1.0], [601.2354125976564, 352.0401916503906, 1.0]], "head_box": [[561.0, 35.0], [657.0, 191.0]], "head_size": 156.0, "hand_box_center": [571.3030700683594, 332.8861083984375], "is_left": 0, "is_mpii": 1}