{"mpii_image": "017895044.jpg", "mpii_annorect_idx": 0, "mpii_body_pts": [[857.0, 457.0, 1.0], [837.0, 256.0, 1.0], [845.5236206054688, 221.57139587402344, 0.0], [879.4763793945312, 84.42859649658203, 0.0], [696.0, 703.0, 1.0], [706.0, 508.0, 1.0], [815.0, 457.0, 1.0], [898.0, 457.0, 1.0], [956.0, 694.0, 1.0], [987.0, 652.0, 1.0], [545.0, 345.0, 1.0], [661.0, 312.0, 1.0], [743.0, 267.0, 1.0], [931.0, 244.0, 1.0], [960.0, 312.0, 1.0], [1003.0, 365.0, 1.0]], "hand_pts": [[532.02734375, 346.73229980468744, 1.0], [530.13330078125, 360.781463623047, 1.0], [517.2960815429689, 364.136474609375, 1.0], [502.56478881835943, 362.0396118164063, 1.0], [488.25439453125, 356.5876770019531, 1.0], [499.19763183593756, 341.6997680664063, 1.0], [483.2036743164063, 355.3295593261719, 1.0], [496.0409240722656, 377.13720703125, 1.0], [506.773712158203, 372.5240478515625, 1.0], [497.9349365234375, 337.5059814453125, 1.0], [481.3096313476563, 358.26519775390625, 1.0], [495.40957641601557, 375.25, 1.0], [505.931915283203, 369.79809570312494, 1.0], [499.40808105468744, 336.667236328125, 1.0], [485.30813598632807, 355.5392456054688, 1.0], [495.1991271972656, 374.83062744140625, 1.0], [504.66925048828125, 368.5399475097657, 1.0], [502.56478881835943, 336.87692260742193, 1.0], [488.25439453125, 353.0229797363281, 1.0], [492.46331787109364, 371.685302734375, 1.0], [501.5125427246094, 376.2984619140625, 1.0]], "head_box": [[810.0, 82.0], [915.0, 224.0]], "head_size": 142.0, "hand_box_center": [506.6684875488281, 356.9022216796875], "is_left": 0, "is_mpii": 1}