{"mpii_image": "017895044.jpg", "mpii_annorect_idx": 0, "mpii_body_pts": [[857.0, 457.0, 1.0], [837.0, 256.0, 1.0], [845.5236206054688, 221.57139587402344, 0.0], [879.4763793945312, 84.42859649658203, 0.0], [696.0, 703.0, 1.0], [706.0, 508.0, 1.0], [815.0, 457.0, 1.0], [898.0, 457.0, 1.0], [956.0, 694.0, 1.0], [987.0, 652.0, 1.0], [545.0, 345.0, 1.0], [661.0, 312.0, 1.0], [743.0, 267.0, 1.0], [931.0, 244.0, 1.0], [960.0, 312.0, 1.0], [1003.0, 365.0, 1.0]], "hand_pts": [[1003.0, 365.0, 1.0], [1007.8472290039059, 368.6368713378906, 1.0], [1008.394287109375, 381.1651000976563, 1.0], [1007.0266723632812, 390.6974792480469, 1.0], [1006.2061767578126, 400.22982788085943, 1.0], [1019.6084594726564, 377.07980346679693, 1.0], [1013.0440673828124, 387.7015991210937, 1.0], [1010.3088989257812, 394.2380676269531, 1.0], [1007.0266723632812, 399.95748901367193, 1.0], [1013.5911254882811, 372.17745971679693, 1.0], [1004.2915039062501, 380.8927612304688, 1.0], [996.3595581054685, 389.6080627441406, 1.0], [991.7097167968751, 395.05511474609364, 1.0], [1007.3002319335938, 367.0027465820313, 1.0], [997.4536132812499, 379.53100585937494, 1.0], [989.2481079101564, 386.884521484375, 1.0], [983.777770996094, 392.0592346191407, 1.0], [995.2509155273439, 368.2746887207032, 1.0], [990.6622314453124, 373.0843200683594, 1.0], [988.005615234375, 375.7296447753906, 1.0], [985.3489990234374, 379.57736206054693, 1.0]], "head_box": [[810.0, 82.0], [915.0, 224.0]], "head_size": 142.0, "hand_box_center": [1001.6931152343752, 382.6149139404297], "is_left": 1, "is_mpii": 1}