{"mpii_image": "017816862.jpg", "mpii_annorect_idx": 0, "mpii_body_pts": [[1064.0, 746.0, 0.0], [1060.0, 364.0, 1.0], [1065.0634765625, 343.565185546875, 0.0], [1110.9365234375, 158.43479919433594, 0.0], [984.0, 1040.0, 0.0], [987.0, 888.0, 0.0], [997.0, 736.0, 0.0], [1130.0, 755.0, 0.0], [1136.0, 901.0, 0.0], [1124.0, 1043.0, 0.0], [901.0, 631.0, 1.0], [829.0, 535.0, 1.0], [928.0, 342.0, 1.0], [1192.0, 386.0, 1.0], [1211.0, 569.0, 1.0], [1164.0, 618.0, 1.0]], "hand_pts": [[901.0, 631.0, 1.0], [930.4262695312499, 635.042724609375, 1.0], [981.2100830078126, 662.7431640625, 1.0], [990.9494628906249, 692.1749267578126, 1.0], [1004.86279296875, 713.2965087890625, 1.0], [963.1226806640625, 670.3607788085938, 1.0], [979.4708862304689, 709.8339233398438, 1.0], [993.0364379882812, 725.4154663085938, 1.0], [993.38427734375, 702.5625610351561, 1.0], [937.3829345703126, 676.5933837890626, 1.0], [956.1660156249999, 716.0665283203124, 1.0], [974.6012573242186, 734.0718383789064, 1.0], [987.4711303710939, 738.91943359375, 1.0], [922.0782470703126, 686.9810791015625, 1.0], [929.7305908203125, 708.795166015625, 1.0], [942.2526245117186, 727.4929809570314, 1.0], [959.6443481445312, 734.4180908203125, 1.0], [916.1650390625, 700.1387939453126, 1.0], [929.7305908203125, 720.5678710937499, 1.0], [936.6873168945311, 727.146728515625, 1.0], [945.0353393554688, 731.6480712890626, 1.0]], "head_box": [[1011.0, 160.0], [1165.0, 342.0]], "head_size": 182.0, "hand_box_center": [952.931396484375, 684.959716796875], "is_left": 0, "is_mpii": 1}