{"mpii_image": "017979781.jpg", "mpii_annorect_idx": 0, "mpii_body_pts": [[442.0, 629.0, 0.0], [419.0, 524.0, 1.0], [319.0, 340.0, 1.0], [353.0, 282.0, 0.0], [435.0, 392.0, 0.0], [439.0, 547.0, 0.0], [336.0, 311.0, 0.0], [515.0, 275.0, 0.0], [530.0, 274.0, 0.0], [680.0, 264.0, 0.0], [576.0, 510.0, 1.0], [472.0, 462.0, 1.0], [472.0, 328.0, 1.0], [557.0, 222.0, 0.0], [557.0, 322.0, 0.0], [634.0, 392.0, 1.0]], "hand_pts": [[634.0, 392.0, 1.0], [642.2570190429686, 391.07318115234375, 1.0], [649.6785278320312, 394.76870727539057, 1.0], [660.3159790039061, 405.8553161621093, 1.0], [668.2322387695312, 419.40557861328125, 1.0], [669.2217407226564, 396.0005493164063, 1.0], [684.3120727539061, 413.246368408203, 1.0], [678.1275024414061, 424.08660888671875, 1.0], [667.7374267578125, 424.33297729492193, 1.0], [667.2426757812499, 409.55084228515636, 1.0], [678.8696899414061, 420.39105224609364, 1.0], [660.5633544921875, 423.5938720703125, 1.0], [653.8840332031251, 414.7245788574219, 1.0], [659.079040527344, 413.7391052246093, 1.0], [666.5005493164062, 428.521240234375, 1.0], [654.3787841796877, 426.30392456054693, 1.0], [644.236083984375, 413.9854736328125, 1.0], [654.8735351562501, 418.4201049804687, 1.0], [651.9049682617188, 430.49218749999994, 1.0], [644.236083984375, 423.5938720703125, 1.0], [639.783203125, 415.4636840820313, 1.0]], "head_box": [[551.0, 193.0], [660.0, 346.0]], "head_size": 153.0, "hand_box_center": [659.1560363769531, 410.7826843261719], "is_left": 1, "is_mpii": 1}