{"mpii_image": "018064373.jpg", "mpii_annorect_idx": 2, "mpii_body_pts": [[1421.0, 524.0, 1.0], [1453.0, 326.0, 1.0], [1449.063720703125, 305.12548828125, 0.0], [1423.936279296875, 171.87449645996094, 0.0], [1392.0, 826.0, 1.0], [1375.0, 696.0, 1.0], [1385.0, 525.0, 1.0], [1457.0, 523.0, 1.0], [1460.0, 727.0, 1.0], [1469.0, 862.0, 1.0], [1325.0, 494.0, 1.0], [1335.0, 417.0, 1.0], [1402.0, 323.0, 1.0], [1503.0, 328.0, 1.0], [1602.0, 448.0, 1.0], [1517.0, 518.0, 1.0]], "hand_pts": [[1519.6242675781248, 520.1049804687501, 1.0], [1515.8524169921873, 518.3499755859374, 1.0], [1513.32373046875, 514.2127685546876, 1.0], [1511.8787841796875, 505.7585754394531, 1.0], [1499.9581298828125, 501.9811706542968, 1.0], [1472.0808105468748, 542.3344116210938, 1.0], [1456.4561767578125, 545.8911132812499, 1.0], [1443.9565429687502, 549.8923950195312, 1.0], [1432.7961425781248, 555.0051879882812, 1.0], [1475.6522216796873, 556.1166381835936, 1.0], [1461.5899658203125, 567.8981933593751, 1.0], [1452.4384765625, 577.9014282226562, 1.0], [1446.6350097656252, 584.1256713867188, 1.0], [1485.4733886718748, 564.5637817382814, 1.0], [1473.6433105468745, 577.6791381835938, 1.0], [1465.6077880859375, 586.5709228515625, 1.0], [1461.1435546875, 593.6843261718751, 1.0], [1494.6248779296875, 574.5670166015624, 1.0], [1491.2767333984375, 585.904052734375, 1.0], [1487.9287109375, 589.9053344726564, 1.0], [1483.910888671875, 592.5728759765627, 1.0]], "head_box": [[1388.0, 169.0], [1485.0, 308.0]], "head_size": 139.0, "hand_box_center": [1476.2102050781248, 547.8327484130859], "is_left": 1, "is_mpii": 1}