{"mpii_image": "018064373.jpg", "mpii_annorect_idx": 2, "mpii_body_pts": [[1421.0, 524.0, 1.0], [1453.0, 326.0, 1.0], [1449.063720703125, 305.12548828125, 0.0], [1423.936279296875, 171.87449645996094, 0.0], [1392.0, 826.0, 1.0], [1375.0, 696.0, 1.0], [1385.0, 525.0, 1.0], [1457.0, 523.0, 1.0], [1460.0, 727.0, 1.0], [1469.0, 862.0, 1.0], [1325.0, 494.0, 1.0], [1335.0, 417.0, 1.0], [1402.0, 323.0, 1.0], [1503.0, 328.0, 1.0], [1602.0, 448.0, 1.0], [1517.0, 518.0, 1.0]], "hand_pts": [[1324.3908691406252, 509.64733886718744, 1.0], [1345.0972900390623, 521.1017456054688, 1.0], [1361.2022705078123, 523.3926391601562, 1.0], [1375.0065917968752, 526.5998535156251, 1.0], [1383.749267578125, 532.5561523437499, 1.0], [1351.9993896484375, 545.8433227539061, 1.0], [1363.963134765625, 555.9231567382812, 1.0], [1370.405151367188, 561.4213256835936, 1.0], [1375.9268798828127, 566.4612426757811, 1.0], [1343.2567138671877, 554.5486450195312, 1.0], [1346.4777832031252, 570.5848388671877, 1.0], [1348.7784423828123, 578.3738403320314, 1.0], [1350.1589355468748, 583.8719482421876, 1.0], [1334.0538330078123, 555.9231567382812, 1.0], [1342.3364257812502, 572.8757324218751, 1.0], [1346.9378662109375, 576.0829467773439, 1.0], [1352.4595947265627, 582.0392456054686, 1.0], [1328.5321044921875, 557.755859375, 1.0], [1336.354614257812, 569.2103271484375, 1.0], [1344.63720703125, 574.250244140625, 1.0], [1350.1589355468748, 576.5411376953124, 1.0]], "head_box": [[1388.0, 169.0], [1485.0, 308.0]], "head_size": 139.0, "hand_box_center": [1354.070068359375, 546.7596435546875], "is_left": 0, "is_mpii": 1}