{"mpii_image": "018259713.jpg", "mpii_annorect_idx": 0, "mpii_body_pts": [[444.0, 683.0, 0.0], [468.0, 510.0, 0.0], [572.0, 357.0, 0.0], [679.0, 367.0, 1.0], [758.0, 563.0, 1.0], [754.0, 710.0, 1.0], [626.0, 362.0, 0.0], [622.0, 171.0, 1.0], [622.0, 158.0, 0.0], [625.0, 22.0, 0.0], [526.0, 299.0, 1.0], [495.0, 272.0, 1.0], [528.0, 168.0, 1.0], [716.0, 173.0, 1.0], [741.0, 288.0, 1.0], [657.0, 322.0, 1.0]], "hand_pts": [[523.7276611328124, 297.06658935546875, 1.0], [550.1076660156249, 301.03039550781244, 1.0], [569.5193481445312, 311.43542480468744, 1.0], [574.2478637695312, 322.33593749999994, 1.0], [573.5012207031249, 341.16406250000006, 1.0], [560.8089599609375, 312.9218444824219, 1.0], [568.2750244140625, 332.9886779785155, 1.0], [570.5148315429689, 340.6685791015625, 1.0], [573.2523803710939, 347.1097717285156, 1.0], [545.8768920898438, 319.3630676269532, 1.0], [557.8225708007811, 337.44796752929693, 1.0], [552.5963134765626, 331.75, 1.0], [549.6099243164062, 327.53842163085943, 1.0], [533.9312133789061, 324.0700988769531, 1.0], [546.3746337890625, 340.91632080078125, 1.0], [544.1348266601564, 335.71380615234375, 1.0], [541.1483764648439, 330.5112915039063, 1.0], [527.9583740234375, 327.78616333007807, 1.0], [539.4027709960939, 341.14898681640636, 1.0], [539.0460205078125, 335.28155517578125, 1.0], [535.4783935546877, 330.65869140625, 1.0]], "head_box": [[576.0, 20.0], [672.0, 161.0]], "head_size": 141.0, "hand_box_center": [548.9877624511719, 322.0881805419922], "is_left": 0, "is_mpii": 1}