{"mpii_image": "018259875.jpg", "mpii_annorect_idx": 0, "mpii_body_pts": [[552.0, 405.0, 0.0], [568.0, 171.0, 1.0], [568.293701171875, 192.58779907226562, 0.0], [565.706298828125, 2.4121999740600586, 0.0], [716.0, 578.0, 1.0], [648.0, 324.0, 1.0], [501.0, 423.0, 1.0], [603.0, 386.0, 0.0], [752.0, 305.0, 1.0], [745.0, 557.0, 1.0], [739.0, 388.0, 1.0], [537.0, 410.0, 1.0], [485.0, 210.0, 1.0], [650.0, 131.0, 1.0], [735.0, 293.0, 0.0], [820.0, 355.0, 1.0]], "hand_pts": [[820.0, 355.0, 1.0], [822.7808837890626, 374.46319580078125, 1.0], [838.3894042968751, 403.1216735839844, 1.0], [860.5882568359374, 418.659393310547, 1.0], [878.9716796875, 424.1838989257813, 1.0], [863.3630981445311, 370.6651000976563, 1.0], [882.0933837890626, 388.965087890625, 1.0], [884.8682250976561, 408.64617919921875, 1.0], [878.6248168945311, 417.62353515624994, 1.0], [881.399658203125, 364.45001220703125, 1.0], [900.1299438476564, 384.8216857910156, 1.0], [900.8236694335936, 411.40844726562494, 1.0], [893.1928100585939, 416.9329528808594, 1.0], [893.1928100585939, 364.7952880859375, 1.0], [902.2111206054686, 379.297149658203, 1.0], [904.6390991210938, 402.08581542968744, 1.0], [898.3956909179688, 410.3725891113282, 1.0], [899.0893554687501, 370.31982421875006, 1.0], [904.9859619140625, 390.00091552734375, 1.0], [904.2922363281251, 400.3594055175781, 1.0], [899.0893554687501, 406.57449340820307, 1.0]], "head_box": [[499.0, 0.0], [635.0, 195.0]], "head_size": 195.0, "hand_box_center": [862.4929809570312, 389.5919494628906], "is_left": 1, "is_mpii": 1}