{"mpii_image": "018266305.jpg", "mpii_annorect_idx": 0, "mpii_body_pts": [[377.0, 510.0, 0.0], [267.0, 272.0, 1.0], [262.97509765625, 245.79159545898438, 0.0], [228.02490234375, 18.20840072631836, 0.0], [975.0, 499.0, 1.0], [650.0, 421.0, 1.0], [328.0, 557.0, 1.0], [425.0, 462.0, 0.0], [644.0, 342.0, 0.0], [884.0, 441.0, 0.0], [458.0, 429.0, 1.0], [305.0, 497.0, 1.0], [202.0, 288.0, 1.0], [332.0, 255.0, 1.0], [392.0, 404.0, 0.0], [487.0, 336.0, 0.0]], "hand_pts": [[490.05480957031256, 413.85003662109375, 1.0], [486.47369384765625, 389.1627502441406, 1.0], [499.0710144042968, 346.9441833496094, 1.0], [517.7451782226564, 333.1495666503907, 1.0], [524.3667602539061, 347.24963378906256, 1.0], [544.8335571289061, 360.44970703125, 1.0], [569.1962280273438, 347.7802124023437, 1.0], [588.0922241210936, 335.6580505371094, 1.0], [596.9035034179688, 324.74951171875, 1.0], [554.4650268554685, 375.74981689453136, 1.0], [578.4342651367186, 360.3203735351563, 1.0], [590.1917724609376, 348.19821166992193, 1.0], [598.5899658203125, 336.49404907226557, 1.0], [554.7659912109375, 392.24990844726557, 1.0], [567.7081909179689, 380.2498474121094, 1.0], [583.0532836914061, 361.1563720703125, 1.0], [589.7718505859375, 347.36221313476574, 1.0], [555.0669555664062, 404.84997558593756, 1.0], [567.5165405273439, 386.6547241210938, 1.0], [573.8152465820311, 375.78656005859364, 1.0], [579.2740478515626, 365.33642578124994, 1.0]], "head_box": [[145.0, 29.0], [346.0, 235.0]], "head_size": 206.0, "hand_box_center": [542.5318298339844, 369.2997741699219], "is_left": 0, "is_mpii": 1}