{"mpii_image": "018384573.jpg", "mpii_annorect_idx": 0, "mpii_body_pts": [[1081.0, 690.0, 1.0], [1071.0, 327.0, 1.0], [1070.759765625, 341.21771240234375, 0.0], [1076.240234375, 16.78230094909668, 0.0], [978.0, 959.0, 0.0], [966.0, 860.0, 0.0], [997.0, 683.0, 1.0], [1164.0, 696.0, 1.0], [1146.0, 854.0, 1.0], [1130.0, 1006.0, 1.0], [770.0, 553.0, 1.0], [866.0, 429.0, 1.0], [950.0, 324.0, 1.0], [1192.0, 330.0, 1.0], [1198.0, 503.0, 1.0], [1090.0, 590.0, 1.0]], "hand_pts": [[766.6495361328125, 561.6625366210938, 1.0], [784.6943359375002, 572.2332153320312, 1.0], [799.4883422851564, 599.9197387695314, 1.0], [807.1812133789062, 622.3045654296875, 1.0], [804.222412109375, 636.4423217773438, 1.0], [779.960266113281, 586.3710327148438, 1.0], [781.7355346679689, 603.4541625976562, 1.0], [775.2261962890625, 631.1406249999999, 1.0], [768.1250610351562, 648.2238159179689, 1.0], [755.106384277344, 585.19287109375, 1.0], [746.2299804687501, 619.359191894531, 1.0], [747.4134521484375, 642.9221191406249, 1.0], [754.5145874023438, 657.0599365234375, 1.0], [733.802978515625, 581.6584472656251, 1.0], [723.1513061523438, 611.7012329101564, 1.0], [724.3348388671876, 633.4969482421876, 1.0], [728.4771728515625, 648.8128662109374, 1.0], [722.5595703125, 574.00048828125, 1.0], [707.173828125, 591.6726684570312, 1.0], [703.6232299804686, 613.4684448242186, 1.0], [710.7243652343751, 631.1406249999999, 1.0]], "head_box": [[957.0, 13.0], [1190.0, 345.0]], "head_size": 332.0, "hand_box_center": [755.4022216796875, 609.3612365722656], "is_left": 0, "is_mpii": 1}