{"mpii_image": "018418853.jpg", "mpii_annorect_idx": 0, "mpii_body_pts": [[1161.0, 586.0, 0.0], [1022.0, 352.0, 1.0], [1022.6779174804688, 353.40728759765625, 0.0], [942.3220825195312, 186.5926971435547, 0.0], [714.0, 699.0, 0.0], [888.0, 562.0, 1.0], [1111.0, 584.0, 0.0], [1211.0, 587.0, 1.0], [1034.0, 590.0, 1.0], [857.0, 711.0, 0.0], [811.0, 336.0, 1.0], [891.0, 404.0, 1.0], [994.0, 342.0, 1.0], [1049.0, 361.0, 1.0], [944.0, 451.0, 1.0], [804.0, 395.0, 1.0]], "hand_pts": [[804.0, 395.0, 1.0], [796.3416137695311, 376.78176879882807, 1.0], [776.4013061523438, 354.08981323242193, 1.0], [752.6629028320311, 346.5258483886719, 1.0], [735.2546997070312, 346.210693359375, 1.0], [761.2087402343752, 344.0045166015625, 1.0], [742.5344848632812, 337.07089233398443, 1.0], [733.3555908203124, 338.33154296874994, 1.0], [726.392333984375, 346.5258483886719, 1.0], [754.2454223632812, 353.774658203125, 1.0], [732.406066894531, 347.15618896484375, 1.0], [722.2776489257812, 352.1988220214844, 1.0], [723.8602294921873, 361.02346801757807, 1.0], [746.3326416015624, 368.902618408203, 1.0], [726.392333984375, 361.6538085937501, 1.0], [719.112548828125, 365.43579101562494, 1.0], [723.2272338867186, 373.63009643554693, 1.0], [742.8510131835935, 381.50924682617193, 1.0], [727.3418579101562, 379.93341064453125, 1.0], [720.6951293945311, 378.9879150390625, 1.0], [714.3648681640624, 380.87890624999994, 1.0]], "head_box": [[915.0, 176.0], [1050.0, 364.0]], "head_size": 188.0, "hand_box_center": [759.1824340820312, 366.0354461669922], "is_left": 1, "is_mpii": 1}