{"mpii_image": "018418853.jpg", "mpii_annorect_idx": 0, "mpii_body_pts": [[1161.0, 586.0, 0.0], [1022.0, 352.0, 1.0], [1022.6779174804688, 353.40728759765625, 0.0], [942.3220825195312, 186.5926971435547, 0.0], [714.0, 699.0, 0.0], [888.0, 562.0, 1.0], [1111.0, 584.0, 0.0], [1211.0, 587.0, 1.0], [1034.0, 590.0, 1.0], [857.0, 711.0, 0.0], [811.0, 336.0, 1.0], [891.0, 404.0, 1.0], [994.0, 342.0, 1.0], [1049.0, 361.0, 1.0], [944.0, 451.0, 1.0], [804.0, 395.0, 1.0]], "hand_pts": [[811.0, 336.0, 1.0], [807.7671508789061, 317.7849426269532, 1.0], [809.1178588867186, 308.3728942871094, 1.0], [805.7410888671876, 296.9439697265625, 1.0], [797.9745483398439, 285.8511657714843, 1.0], [753.0634155273439, 288.2041931152344, 1.0], [746.3098754882812, 281.4812927246093, 1.0], [749.3489379882812, 275.43069458007807, 1.0], [756.4401855468751, 270.05236816406256, 1.0], [753.7387695312501, 299.63311767578125, 1.0], [741.2446899414062, 283.8342895507813, 1.0], [757.7908935546877, 282.8258666992188, 1.0], [770.2849731445314, 286.52346801757807, 1.0], [755.4271240234373, 314.42349243164057, 1.0], [737.8679199218749, 301.31384277343756, 1.0], [754.4141235351562, 294.9270935058594, 1.0], [767.2458496093751, 297.61624145507807, 1.0], [756.1024780273439, 323.4994201660156, 1.0], [741.5823974609375, 323.4994201660156, 1.0], [737.5302734375, 315.431915283203, 1.0], [746.6475219726562, 308.70901489257807, 1.0]], "head_box": [[915.0, 176.0], [1050.0, 364.0]], "head_size": 188.0, "hand_box_center": [774.26513671875, 303.02618408203125], "is_left": 0, "is_mpii": 1}