{"mpii_image": "018817465.jpg", "mpii_annorect_idx": 1, "mpii_body_pts": [[508.0, 912.0, 0.0], [392.0, 504.0, 0.0], [427.55731201171875, 434.96600341796875, 0.0], [544.4426879882812, 208.03399658203125, 0.0], [832.0, 947.0, 0.0], [755.0, 780.0, 0.0], [544.0, 947.0, 0.0], [472.0, 876.0, 0.0], [668.0, 770.0, 0.0], [721.0, 953.0, 0.0], [662.0, 826.0, 1.0], [531.0, 882.0, 1.0], [417.0, 556.0, 1.0], [367.0, 451.0, 0.0], [590.0, 438.0, 1.0], [705.0, 383.0, 1.0]], "hand_pts": [[655.2200927734375, 814.8446655273438, 1.0], [641.6227416992188, 792.2659301757812, 1.0], [660.8856201171875, 782.4818115234375, 1.0], [683.9255981445311, 784.7396850585939, 1.0], [697.900634765625, 790.3843994140625, 1.0], [697.145263671875, 775.7081909179689, 1.0], [722.4514160156249, 769.3109130859373, 1.0], [736.0487670898438, 765.9240722656251, 1.0], [748.1353149414062, 764.4188232421876, 1.0], [709.2318115234375, 788.879150390625, 1.0], [739.4481201171875, 785.8686523437499, 1.0], [760.5995483398439, 789.2554321289062, 1.0], [776.463134765625, 793.0185546875, 1.0], [716.0304565429688, 806.5657958984374, 1.0], [742.8474731445311, 812.2105102539062, 1.0], [759.8441772460939, 826.5103759765627, 1.0], [767.3982543945311, 837.0471191406249, 1.0], [717.9190063476564, 824.2525024414061, 1.0], [738.6927490234375, 836.2944946289064, 1.0], [743.2251586914061, 849.4653930664062, 1.0], [745.8690795898438, 860.3784790039062, 1.0]], "head_box": [[385.0, 198.0], [587.0, 445.0]], "head_size": 247.0, "hand_box_center": [709.0429382324219, 812.3986511230469], "is_left": 0, "is_mpii": 1}