{"mpii_image": "018839298.jpg", "mpii_annorect_idx": 0, "mpii_body_pts": [[826.0, 347.0, 1.0], [811.0, 129.0, 1.0], [824.3480834960938, 150.060302734375, 0.0], [752.6519165039062, 36.939701080322266, 0.0], [783.0, 643.0, 0.0], [785.0, 487.0, 1.0], [773.0, 344.0, 1.0], [878.0, 350.0, 1.0], [854.0, 477.0, 1.0], [844.0, 647.0, 1.0], [749.0, 270.0, 1.0], [681.0, 218.0, 1.0], [721.0, 137.0, 1.0], [900.0, 121.0, 1.0], [974.0, 198.0, 1.0], [898.0, 266.0, 1.0]], "hand_pts": [[750.81689453125, 268.3080749511718, 1.0], [767.9705200195312, 268.1046447753907, 1.0], [789.41259765625, 282.5484924316406, 1.0], [793.0883789062502, 291.4996032714843, 1.0], [800.031494140625, 299.02667236328125, 1.0], [793.0883789062502, 294.7545471191407, 1.0], [794.9262084960936, 315.9117431640625, 1.0], [792.8841552734375, 307.36749267578136, 1.0], [792.8841552734375, 302.28161621093744, 1.0], [781.6525878906249, 299.02667236328125, 1.0], [783.4904785156251, 318.14950561523443, 1.0], [780.8357543945311, 309.4018249511718, 1.0], [781.4483642578126, 303.2987976074219, 1.0], [770.625244140625, 302.68850708007807, 1.0], [774.0968017578126, 319.1666870117188, 1.0], [773.2799682617189, 305.7400207519531, 1.0], [772.463134765625, 301.26446533203136, 1.0], [760.2105712890626, 300.247283935547, 1.0], [762.0484619140625, 316.1151733398438, 1.0], [761.6400146484375, 305.9434509277344, 1.0], [760.8231811523438, 302.0781860351563, 1.0]], "head_box": [[739.0, 26.0], [838.0, 161.0]], "head_size": 135.0, "hand_box_center": [775.4241943359375, 293.63566589355474], "is_left": 0, "is_mpii": 1}