{"mpii_image": "019103548.jpg", "mpii_annorect_idx": 0, "mpii_body_pts": [[466.0, 401.0, 0.0], [587.0, 259.0, 1.0], [606.9957275390625, 239.71339416503906, 0.0], [708.0042724609375, 142.28660583496094, 0.0], [417.0, 714.0, 0.0], [419.0, 572.0, 0.0], [423.0, 396.0, 1.0], [508.0, 406.0, 0.0], [516.0, 561.0, 0.0], [551.0, 708.0, 0.0], [524.0, 493.0, 1.0], [501.0, 384.0, 1.0], [514.0, 235.0, 1.0], [659.0, 282.0, 1.0], [696.0, 394.0, 1.0], [762.0, 493.0, 1.0]], "hand_pts": [[762.0, 493.0, 1.0], [760.0895996093751, 506.3372192382812, 1.0], [761.7688598632812, 522.3416748046874, 1.0], [768.7257690429688, 530.4633789062501, 1.0], [771.3646240234373, 539.3016967773438, 1.0], [793.1949462890626, 527.596923828125, 1.0], [802.7907104492189, 535.4796752929688, 1.0], [807.3486938476562, 542.6458740234375, 1.0], [812.6263427734375, 552.439697265625, 1.0], [801.8311157226561, 513.9811401367188, 1.0], [814.5454711914061, 524.7304077148438, 1.0], [816.4646606445311, 535.9574584960936, 1.0], [814.3056030273438, 544.556884765625, 1.0], [805.9093017578126, 511.5924072265625, 1.0], [821.0226440429686, 521.3861694335936, 1.0], [820.78271484375, 534.0464477539061, 1.0], [817.4241943359374, 540.0183105468752, 1.0], [812.1465454101562, 511.83126831054693, 1.0], [821.982177734375, 515.4143676757812, 1.0], [827.9795532226564, 528.0746459960939, 1.0], [823.6614379882812, 536.4351806640625, 1.0]], "head_box": [[606.0, 120.0], [709.0, 262.0]], "head_size": 142.0, "hand_box_center": [794.0345764160157, 522.7198486328125], "is_left": 1, "is_mpii": 1}