{"mpii_image": "019186732.jpg", "mpii_annorect_idx": 0, "mpii_body_pts": [[961.0, 528.0, 1.0], [987.0, 229.0, 1.0], [984.1856079101562, 213.74789428710938, 0.0], [958.8143920898438, 76.2520980834961, 0.0], [907.0, 872.0, 1.0], [911.0, 711.0, 1.0], [911.0, 528.0, 1.0], [1010.0, 528.0, 1.0], [1022.0, 708.0, 0.0], [1034.0, 913.0, 1.0], [842.0, 369.0, 1.0], [871.0, 398.0, 1.0], [885.0, 254.0, 1.0], [1089.0, 203.0, 1.0], [1138.0, 364.0, 1.0], [1063.0, 333.0, 1.0]], "hand_pts": [[837.4376220703124, 366.071319580078, 1.0], [838.6788940429689, 354.3225708007813, 1.0], [841.5752563476564, 343.6044006347658, 1.0], [840.1270751953124, 337.00860595703125, 1.0], [838.8858032226564, 328.5577697753906, 1.0], [813.2325439453125, 337.42086791992193, 1.0], [819.0252075195312, 339.4820251464843, 1.0], [832.6793823242189, 340.51263427734375, 1.0], [841.3683471679688, 340.51263427734375, 1.0], [812.1981201171876, 351.8491516113282, 1.0], [825.6453857421876, 350.81854248046875, 1.0], [842.1958618164062, 349.78796386718744, 1.0], [856.6775512695314, 348.1390075683594, 1.0], [817.3701782226564, 365.4529724121093, 1.0], [831.851806640625, 362.1550598144532, 1.0], [847.988525390625, 359.68164062500006, 1.0], [857.09130859375, 358.44494628906256, 1.0], [824.8178710937499, 373.90380859375006, 1.0], [838.26513671875, 372.4609985351563, 1.0], [849.2298583984375, 369.36920166015636, 1.0], [854.8156127929685, 365.6590881347658, 1.0]], "head_box": [[912.0, 81.0], [1031.0, 209.0]], "head_size": 128.0, "hand_box_center": [834.6447143554688, 351.2307891845703], "is_left": 0, "is_mpii": 1}