{"mpii_image": "019275201.jpg", "mpii_annorect_idx": 0, "mpii_body_pts": [[558.0, 142.0, 0.0], [754.0, 90.0, 0.0], [775.0999145507812, 93.36209869384766, 0.0], [914.9000854492188, 115.63790130615234, 0.0], [613.0, 384.0, 1.0], [696.0, 214.0, 1.0], [526.0, 142.0, 1.0], [590.0, 142.0, 0.0], [727.0, 222.0, 1.0], [683.0, 379.0, 1.0], [828.0, 262.0, 1.0], [733.0, 175.0, 1.0], [745.0, 78.0, 1.0], [762.0, 102.0, 0.0], [739.0, 204.0, 0.0], [770.0, 313.0, 1.0]], "hand_pts": [[829.8978881835936, 265.3523864746094, 1.0], [843.5131225585939, 261.1785278320313, 1.0], [864.040771484375, 257.8394165039063, 1.0], [869.9058227539061, 257.42202758789057, 1.0], [874.0950927734375, 259.50897216796875, 1.0], [870.9531249999999, 258.67419433593756, 1.0], [886.244140625, 277.6653137207031, 1.0], [884.9873046875, 290.18695068359375, 1.0], [883.9400024414061, 295.19558715820307, 1.0], [869.9058227539061, 264.93499755859364, 1.0], [885.6157226562501, 281.2131042480468, 1.0], [886.6630249023438, 292.6912536621093, 1.0], [886.4535522460939, 301.87377929687494, 1.0], [864.6691284179686, 272.03057861328125, 1.0], [877.656005859375, 284.343505859375, 1.0], [881.8453369140625, 296.44775390624994, 1.0], [881.4263916015625, 306.25634765624994, 1.0], [860.6893310546877, 278.5000915527344, 1.0], [871.791015625, 289.5608520507813, 1.0], [871.791015625, 295.8216552734375, 1.0], [870.74365234375, 300.62161254882807, 1.0]], "head_box": [[789.0, 36.0], [901.0, 173.0]], "head_size": 137.0, "hand_box_center": [858.2804565429688, 281.83918762207026], "is_left": 0, "is_mpii": 1}