{"mpii_image": "019275201.jpg", "mpii_annorect_idx": 0, "mpii_body_pts": [[558.0, 142.0, 0.0], [754.0, 90.0, 0.0], [775.0999145507812, 93.36209869384766, 0.0], [914.9000854492188, 115.63790130615234, 0.0], [613.0, 384.0, 1.0], [696.0, 214.0, 1.0], [526.0, 142.0, 1.0], [590.0, 142.0, 0.0], [727.0, 222.0, 1.0], [683.0, 379.0, 1.0], [828.0, 262.0, 1.0], [733.0, 175.0, 1.0], [745.0, 78.0, 1.0], [762.0, 102.0, 0.0], [739.0, 204.0, 0.0], [770.0, 313.0, 1.0]], "hand_pts": [[770.0, 313.0, 1.0], [776.8361206054685, 329.43521118164057, 1.0], [785.3948364257812, 340.5365905761718, 1.0], [789.0257568359374, 348.79806518554693, 1.0], [793.6941528320312, 357.05953979492193, 1.0], [806.6618041992186, 330.72607421874994, 1.0], [806.6618041992186, 350.08889770507807, 1.0], [800.9560546874999, 351.37976074218744, 1.0], [793.1754150390626, 352.4124450683594, 1.0], [810.0333862304689, 330.72607421874994, 1.0], [809.1104736328126, 348.9395751953125, 1.0], [798.8812255859373, 351.12158203125, 1.0], [791.878662109375, 350.8634338378906, 1.0], [803.0308837890625, 331.242431640625, 1.0], [803.5495605468751, 345.95816040039057, 1.0], [797.0657348632812, 348.0235290527343, 1.0], [791.1005859375001, 348.0235290527343, 1.0], [797.5844116210939, 334.59863281249994, 1.0], [797.0657348632812, 342.60195922851557, 1.0], [793.4347534179688, 344.1509704589843, 1.0], [789.2850952148439, 343.8927917480469, 1.0]], "head_box": [[789.0, 36.0], [901.0, 173.0]], "head_size": 137.0, "hand_box_center": [790.0166931152344, 335.02976989746094], "is_left": 1, "is_mpii": 1}