{"mpii_image": "019371594.jpg", "mpii_annorect_idx": 3, "mpii_body_pts": [[1047.0, 404.0, 0.0], [985.0, 135.0, 0.0], [984.2836303710938, 136.07460021972656, 0.0], [1069.7164306640625, 7.9253997802734375, 0.0], [991.0, 974.0, 1.0], [997.0, 662.0, 0.0], [978.0, 398.0, 1.0], [1115.0, 410.0, 0.0], [1121.0, 665.0, 0.0], [1109.0, 950.0, 0.0], [1018.0, 225.0, 1.0], [912.0, 325.0, 1.0], [897.0, 159.0, 1.0], [1072.0, 110.0, 0.0], [1121.0, 219.0, 0.0], [1145.0, 304.0, 0.0]], "hand_pts": [[1028.3126220703123, 232.6069793701172, 1.0], [1029.9979248046875, 195.41940307617185, 1.0], [1020.7288818359375, 161.3075103759766, 1.0], [1024.38037109375, 139.49826049804688, 1.0], [1022.9758911132812, 128.5936279296875, 1.0], [1050.7830810546875, 175.28779602050778, 1.0], [1060.3330078124998, 135.02456665039062, 1.0], [1052.1875, 130.55087280273443, 1.0], [1043.4802246093748, 138.37983703613278, 1.0], [1066.7932128906248, 178.64306640624997, 1.0], [1068.7593994140625, 149.28445434570315, 1.0], [1056.4006347656252, 144.81076049804685, 1.0], [1050.502197265625, 148.72525024414057, 1.0], [1076.0623779296875, 182.55754089355472, 1.0], [1079.1519775390623, 151.24169921874997, 1.0], [1060.894775390625, 148.1660308837891, 1.0], [1055.5581054687502, 150.96209716796878, 1.0], [1081.9608154296877, 188.70887756347656, 1.0], [1087.0167236328125, 166.06080627441406, 1.0], [1083.0843505859373, 170.53450012207028, 1.0], [1081.3990478515623, 173.33055114746094, 1.0]], "head_box": [[962.0, 1.0], [1092.0, 143.0]], "head_size": 142.0, "hand_box_center": [1053.872802734375, 180.60030364990234], "is_left": 0, "is_mpii": 1}