{"mpii_image": "019333923.jpg", "mpii_annorect_idx": 0, "mpii_body_pts": [[821.0, 540.0, 0.0], [805.0, 282.0, 1.0], [788.6124267578125, 237.57589721679688, 0.0], [738.3875732421875, 101.42410278320312, 0.0], [696.0, 601.0, 0.0], [673.0, 435.0, 0.0], [768.0, 528.0, 0.0], [874.0, 551.0, 1.0], [752.0, 435.0, 1.0], [739.0, 648.0, 1.0], [615.0, 599.0, 0.0], [675.0, 433.0, 0.0], [716.0, 288.0, 1.0], [894.0, 276.0, 1.0], [894.0, 450.0, 1.0], [764.0, 508.0, 1.0]], "hand_pts": [[794.9921264648436, 499.7066040039063, 1.0], [772.7761840820312, 494.23486328125, 1.0], [735.988525390625, 487.5736083984375, 1.0], [720.700134277344, 496.61386108398443, 1.0], [715.2058715820314, 513.5048828125, 1.0], [745.0659790039061, 490.9042358398438, 1.0], [717.3558349609375, 493.759033203125, 1.0], [708.5172119140624, 506.1299438476563, 1.0], [710.1893920898439, 516.121826171875, 1.0], [750.5602416992186, 507.3194580078125, 1.0], [720.700134277344, 513.5048828125, 1.0], [716.8780517578126, 521.5935668945311, 1.0], [713.7725830078126, 532.5370483398438, 1.0], [757.965576171875, 518.7387695312501, 1.0], [730.7331542968751, 533.7265625, 1.0], [720.2223510742188, 537.5330200195312, 1.0], [709.9505004882811, 539.6741333007814, 1.0], [760.8321533203124, 540.14990234375, 1.0], [741.7216796875, 542.766845703125, 1.0], [731.9275512695312, 546.0974731445312, 1.0], [721.8945312500001, 549.1901855468752, 1.0]], "head_box": [[709.0, 97.0], [818.0, 242.0]], "head_size": 145.0, "hand_box_center": [751.754669189453, 518.3818969726564], "is_left": 1, "is_mpii": 1}