{"mpii_image": "019461925.jpg", "mpii_annorect_idx": 0, "mpii_body_pts": [[995.0, 528.0, 0.0], [954.0, 361.0, 1.0], [948.6774291992188, 323.7417907714844, 0.0], [926.3225708007812, 167.25819396972656, 0.0], [944.0, 653.0, 1.0], [784.0, 738.0, 0.0], [939.0, 527.0, 0.0], [1051.0, 529.0, 0.0], [1128.0, 730.0, 0.0], [1031.0, 665.0, 0.0], [820.0, 699.0, 1.0], [840.0, 539.0, 1.0], [852.0, 374.0, 1.0], [1056.0, 348.0, 1.0], [1051.0, 539.0, 1.0], [1026.0, 699.0, 1.0]], "hand_pts": [[821.6393432617189, 701.5153198242186, 1.0], [837.7828979492189, 705.8198852539062, 1.0], [855.6561279296875, 714.7159423828125, 1.0], [868.3403930664062, 721.0292358398438, 1.0], [873.8176269531249, 734.2298583984375, 1.0], [843.2601928710938, 713.2810668945311, 1.0], [843.5484619140625, 730.2122802734375, 1.0], [843.2601928710938, 744.5607299804686, 1.0], [842.6836547851562, 754.3177490234374, 1.0], [828.5580444335938, 710.6983642578127, 1.0], [831.1525268554685, 718.446533203125, 1.0], [831.7290649414062, 735.6647338867188, 1.0], [831.4407958984374, 756.0395507812499, 1.0], [817.8917236328125, 710.6983642578127, 1.0], [818.4683227539061, 719.5944213867188, 1.0], [819.90966796875, 733.9428710937499, 1.0], [820.4862670898436, 748.0043945312501, 1.0], [806.9371948242185, 710.1244506835938, 1.0], [804.3427124023436, 719.3074340820311, 1.0], [803.4778442382814, 728.2034912109376, 1.0], [804.9192504882811, 738.534423828125, 1.0]], "head_box": [[888.0, 160.0], [987.0, 331.0]], "head_size": 171.0, "hand_box_center": [838.6477355957031, 728.7774353027343], "is_left": 0, "is_mpii": 1}