{"mpii_image": "019577511.jpg", "mpii_annorect_idx": 0, "mpii_body_pts": [[1366.0, 1059.0, 1.0], [913.0, 792.0, 1.0], [392.0, 1073.0, 1.0], [541.0, 997.0, 0.0], [925.0, 752.0, 0.0], [1310.0, 1003.0, 0.0], [468.0, 1037.0, 0.0], [312.0, 451.0, 0.0], [314.0, 393.0, 0.0], [331.0, 25.0, 0.0], [817.0, 721.0, 1.0], [460.0, 811.0, 1.0], [234.0, 494.0, 1.0], [389.0, 407.0, 0.0], [578.0, 671.0, 1.0], [814.0, 662.0, 0.0]], "hand_pts": [[817.0, 721.0, 1.0], [834.9415893554686, 675.5794067382814, 1.0], [848.3994750976564, 621.9922485351562, 1.0], [854.4555053710938, 582.4716796875, 1.0], [867.2404785156251, 550.3193969726564, 1.0], [904.9225463867186, 632.0398559570314, 1.0], [943.9503784179688, 598.5478515625, 1.0], [962.1184692382814, 586.4907226562501, 1.0], [968.1745605468752, 574.4336547851561, 1.0], [929.146728515625, 660.8429565429686, 1.0], [972.884765625, 642.7572631835935, 1.0], [975.5763549804688, 619.9827270507812, 1.0], [958.0811157226562, 619.9827270507812, 1.0], [922.4177856445312, 691.6555786132812, 1.0], [972.2119140625, 675.5794067382814, 1.0], [969.5203247070312, 652.135009765625, 1.0], [955.3895263671876, 652.135009765625, 1.0], [927.8009033203125, 716.4396362304688, 1.0], [959.4269409179688, 707.731689453125, 1.0], [944.6232299804686, 695.6746215820312, 1.0], [932.5111694335936, 697.0142822265626, 1.0]], "head_box": [[186.0, 24.0], [460.0, 395.0]], "head_size": 371.0, "hand_box_center": [896.2881774902344, 635.6596984863281], "is_left": 0, "is_mpii": 1}