{"mpii_image": "019776763.jpg", "mpii_annorect_idx": 0, "mpii_body_pts": [[772.0, 409.0, 0.0], [775.0, 231.0, 1.0], [775.0753173828125, 229.9803924560547, 0.0], [785.9246826171875, 83.01959991455078, 0.0], [755.0, 700.0, 1.0], [757.0, 569.0, 1.0], [739.0, 417.0, 0.0], [804.0, 401.0, 1.0], [844.0, 522.0, 1.0], [859.0, 671.0, 1.0], [763.0, 441.0, 1.0], [708.0, 367.0, 1.0], [731.0, 244.0, 1.0], [818.0, 218.0, 1.0], [804.0, 289.0, 0.0], [831.0, 328.0, 1.0]], "hand_pts": [[836.8052368164061, 329.21902465820307, 1.0], [836.2652587890624, 339.1625061035157, 1.0], [837.3451538085936, 350.9872131347657, 1.0], [836.5352172851561, 368.99301147460926, 1.0], [837.3451538085936, 380.8177185058594, 1.0], [856.7833251953125, 346.95605468749994, 1.0], [864.612548828125, 356.63082885742193, 1.0], [863.2626953124999, 367.11181640624994, 1.0], [862.7227172851562, 376.517822265625, 1.0], [860.5629272460938, 342.65618896484375, 1.0], [865.4224853515625, 360.6619567871093, 1.0], [863.5326538085936, 371.94918823242193, 1.0], [859.2130737304689, 379.20523071289057, 1.0], [856.5133056640626, 342.38742065429693, 1.0], [862.1828002929688, 358.24328613281256, 1.0], [859.7529907226562, 368.7242736816406, 1.0], [857.0532836914061, 374.9053649902343, 1.0], [853.003662109375, 346.6873168945313, 1.0], [858.943115234375, 358.5120239257813, 1.0], [857.5932006835938, 364.96185302734375, 1.0], [854.6235351562501, 370.0679626464844, 1.0]], "head_box": [[725.0, 83.0], [836.0, 230.0]], "head_size": 147.0, "hand_box_center": [850.8438720703125, 355.01837158203125], "is_left": 1, "is_mpii": 1}