{"mpii_image": "019776763.jpg", "mpii_annorect_idx": 0, "mpii_body_pts": [[772.0, 409.0, 0.0], [775.0, 231.0, 1.0], [775.0753173828125, 229.9803924560547, 0.0], [785.9246826171875, 83.01959991455078, 0.0], [755.0, 700.0, 1.0], [757.0, 569.0, 1.0], [739.0, 417.0, 0.0], [804.0, 401.0, 1.0], [844.0, 522.0, 1.0], [859.0, 671.0, 1.0], [763.0, 441.0, 1.0], [708.0, 367.0, 1.0], [731.0, 244.0, 1.0], [818.0, 218.0, 1.0], [804.0, 289.0, 0.0], [831.0, 328.0, 1.0]], "hand_pts": [[763.0, 441.0, 1.0], [769.4221191406249, 452.6328125, 1.0], [778.8281249999999, 470.2893676757813, 1.0], [770.4971313476564, 499.9844665527344, 1.0], [768.8846435546876, 509.3478088378907, 1.0], [762.434814453125, 498.3793334960937, 1.0], [748.9976806640625, 500.25198364257807, 1.0], [750.0726318359374, 488.48095703124994, 1.0], [756.5224609375, 486.8758239746094, 1.0], [759.2098999023439, 489.01602172851557, 1.0], [742.5477905273439, 489.551055908203, 1.0], [748.1914062500001, 480.7227783203125, 1.0], [754.3724975585939, 479.3851623535156, 1.0], [754.3724975585939, 482.0603942871093, 1.0], [739.8604125976562, 480.99029541015625, 1.0], [744.6977539062501, 468.6842346191407, 1.0], [751.1475830078125, 468.149169921875, 1.0], [757.8661499023436, 465.47393798828114, 1.0], [748.7288818359375, 474.3022155761719, 1.0], [737.9791870117188, 473.2321166992187, 1.0], [742.8165283203124, 464.1363220214843, 1.0]], "head_box": [[725.0, 83.0], [836.0, 230.0]], "head_size": 147.0, "hand_box_center": [758.4036560058594, 475.1739044189453], "is_left": 0, "is_mpii": 1}