{"mpii_image": "019809763.jpg", "mpii_annorect_idx": 0, "mpii_body_pts": [[1214.0, 900.0, 0.0], [1208.0, 562.0, 0.0], [1235.8175048828125, 534.1824951171875, 0.0], [1384.1824951171875, 385.8175048828125, 0.0], [1320.0, 886.0, 0.0], [1508.0, 966.0, 1.0], [1194.0, 941.0, 1.0], [1234.0, 858.0, 0.0], [1545.0, 969.0, 0.0], [1261.0, 886.0, 1.0], [1573.0, 969.0, 1.0], [1378.0, 781.0, 1.0], [1212.0, 584.0, 1.0], [1203.0, 540.0, 0.0], [1375.0, 762.0, 0.0], [1579.0, 963.0, 0.0]], "hand_pts": [[1526.0799560546875, 923.5057373046876, 1.0], [1551.717529296875, 925.0293579101564, 1.0], [1574.676513671875, 938.7422485351562, 1.0], [1601.079345703125, 952.8360595703125, 1.0], [1616.002685546875, 960.4542846679688, 1.0], [1564.7276611328127, 978.3572387695311, 1.0], [1591.8957519531252, 989.4036865234375, 1.0], [1607.2017822265625, 977.9763183593751, 1.0], [1602.6099853515625, 960.835205078125, 1.0], [1561.6663818359373, 986.7373046875, 1.0], [1597.2528076171875, 1001.9738159179689, 1.0], [1618.2985839843752, 1013.7821655273439, 1.0], [1637.4310302734373, 1025.9713134765625, 1.0], [1564.344970703125, 982.9281616210938, 1.0], [1589.599853515625, 1000.8311157226561, 1.0], [1611.7935791015627, 1013.7821655273439, 1.0], [1635.517822265625, 1027.4949951171875, 1.0], [1569.7020263671875, 950.169677734375, 1.0], [1585.3907470703123, 968.8344116210938, 1.0], [1606.0538330078123, 992.8319091796875, 1.0], [1616.002685546875, 1005.782958984375, 1.0]], "head_box": [[1224.0, 361.0], [1396.0, 559.0]], "head_size": 198.0, "hand_box_center": [1581.7554931640625, 975.5003662109375], "is_left": 0, "is_mpii": 1}