{"mpii_image": "020091134.jpg", "mpii_annorect_idx": 1, "mpii_body_pts": [[334.0, 542.0, 0.0], [324.0, 256.0, 1.0], [329.6156005859375, 232.106201171875, 0.0], [369.3843994140625, 62.893798828125, 0.0], [350.0, 675.0, 1.0], [429.0, 537.0, 1.0], [262.0, 563.0, 1.0], [406.0, 520.0, 0.0], [572.0, 365.0, 1.0], [563.0, 628.0, 1.0], [454.0, 435.0, 1.0], [288.0, 477.0, 1.0], [228.0, 280.0, 1.0], [419.0, 231.0, 1.0], [510.0, 353.0, 1.0], [553.0, 305.0, 1.0]], "hand_pts": [[556.4437255859374, 295.9332275390625, 1.0], [546.2863769531252, 302.34121704101557, 1.0], [535.7904052734376, 323.25146484375006, 1.0], [529.0187988281251, 356.97766113281256, 1.0], [515.2388305664065, 371.2242126464843, 1.0], [557.4594726562501, 320.21609497070307, 1.0], [562.9124145507812, 346.737335205078, 1.0], [565.0852050781251, 357.28845214843744, 1.0], [568.3443603515625, 372.7093200683594, 1.0], [572.0183715820314, 320.890625, 1.0], [581.381103515625, 348.90167236328125, 1.0], [583.0106811523438, 367.0279235839844, 1.0], [585.7266845703126, 382.1782531738282, 1.0], [582.8529663085936, 324.2632446289063, 1.0], [594.6893920898439, 349.7132873535156, 1.0], [601.4793701171877, 372.168212890625, 1.0], [605.8643798828124, 383.05895996093744, 1.0], [589.2859497070314, 324.2632446289063, 1.0], [601.7509765625001, 350.52490234375006, 1.0], [604.4669189453124, 363.24035644531244, 1.0], [606.0965576171876, 371.35659790039057, 1.0]], "head_box": [[280.0, 64.0], [419.0, 231.0]], "head_size": 167.0, "hand_box_center": [560.6676940917971, 339.49609375], "is_left": 1, "is_mpii": 1}