{"mpii_image": "020091134.jpg", "mpii_annorect_idx": 1, "mpii_body_pts": [[334.0, 542.0, 0.0], [324.0, 256.0, 1.0], [329.6156005859375, 232.106201171875, 0.0], [369.3843994140625, 62.893798828125, 0.0], [350.0, 675.0, 1.0], [429.0, 537.0, 1.0], [262.0, 563.0, 1.0], [406.0, 520.0, 0.0], [572.0, 365.0, 1.0], [563.0, 628.0, 1.0], [454.0, 435.0, 1.0], [288.0, 477.0, 1.0], [228.0, 280.0, 1.0], [419.0, 231.0, 1.0], [510.0, 353.0, 1.0], [553.0, 305.0, 1.0]], "hand_pts": [[451.60446166992205, 436.5659484863281, 1.0], [466.76351928710926, 414.96874999999994, 1.0], [510.2299499511718, 412.91876220703125, 1.0], [533.1205444335938, 421.1187438964844, 1.0], [551.6387939453126, 417.2749938964844, 1.0], [515.3739013671877, 422.3999938964844, 1.0], [552.9248046875, 438.03124999999994, 1.0], [570.9286499023438, 448.5374755859375, 1.0], [579.4161376953124, 455.19998168945324, 1.0], [511.25872802734375, 440.59374999999994, 1.0], [543.4084472656251, 455.7124938964844, 1.0], [569.6426391601562, 469.5499877929688, 1.0], [581.9880981445312, 474.4187316894531, 1.0], [503.2856140136719, 456.4812316894531, 1.0], [536.464111328125, 474.4187316894531, 1.0], [549.3240356445312, 482.3624572753906, 1.0], [564.2414550781251, 490.56246948242193, 1.0], [497.37005615234375, 470.57498168945324, 1.0], [519.231872558594, 486.7187194824218, 1.0], [530.548583984375, 494.91870117187494, 1.0], [537.2357177734375, 501.324951171875, 1.0]], "head_box": [[280.0, 64.0], [419.0, 231.0]], "head_size": 167.0, "hand_box_center": [516.7962799072267, 457.1218566894531], "is_left": 0, "is_mpii": 1}