{"mpii_image": "020446672.jpg", "mpii_annorect_idx": 1, "mpii_body_pts": [[1457.0, 628.0, 0.0], [1468.0, 381.0, 1.0], [1466.6478271484375, 361.23760986328125, 0.0], [1456.3521728515625, 210.7624053955078, 0.0], [1310.0, 908.0, 1.0], [1243.0, 701.0, 1.0], [1409.0, 619.0, 0.0], [1505.0, 636.0, 0.0], [1524.0, 720.0, 1.0], [1479.0, 985.0, 1.0], [1267.0, 530.0, 1.0], [1245.0, 475.0, 1.0], [1363.0, 369.0, 1.0], [1572.0, 393.0, 1.0], [1608.0, 547.0, 1.0], [1608.0, 581.0, 1.0]], "hand_pts": [[1270.0511474609375, 531.6629638671875, 1.0], [1289.460205078125, 534.5576782226562, 1.0], [1303.3211669921875, 543.3153686523438, 1.0], [1309.1854248046873, 556.0538330078126, 1.0], [1316.382446289062, 569.3230590820311, 1.0], [1289.7266845703125, 528.984619140625, 1.0], [1297.4569091796877, 542.2538452148439, 1.0], [1303.3211669921875, 559.5038452148439, 1.0], [1307.3194580078123, 567.7307739257814, 1.0], [1274.799560546875, 532.7000122070314, 1.0], [1280.9302978515625, 544.642333984375, 1.0], [1291.5926513671877, 564.8115234374999, 1.0], [1297.7233886718748, 569.3230590820311, 1.0], [1265.4699707031252, 542.7846069335939, 1.0], [1270.2680664062502, 554.9923095703126, 1.0], [1283.062744140625, 568.2615356445312, 1.0], [1285.4617919921877, 562.953857421875, 1.0], [1259.0726318359373, 558.4423217773438, 1.0], [1268.668701171875, 570.9154052734375, 1.0], [1273.2001953125, 565.0769042968751, 1.0], [1271.0677490234375, 561.09619140625, 1.0]], "head_box": [[1415.0, 204.0], [1508.0, 368.0]], "head_size": 164.0, "hand_box_center": [1287.7275390624995, 549.9500122070312], "is_left": 0, "is_mpii": 1}