{"mpii_image": "020480152.jpg", "mpii_annorect_idx": 0, "mpii_body_pts": [[1113.0, 850.0, 1.0], [1106.0, 580.0, 1.0], [1104.4625244140625, 526.8455810546875, 0.0], [1100.5374755859375, 391.1543884277344, 0.0], [1113.0, 932.0, 0.0], [906.0, 920.0, 1.0], [1060.0, 848.0, 1.0], [1166.0, 852.0, 1.0], [1308.0, 901.0, 1.0], [1070.0, 903.0, 1.0], [1043.0, 790.0, 1.0], [985.0, 730.0, 1.0], [1009.0, 581.0, 1.0], [1202.0, 578.0, 1.0], [1228.0, 737.0, 1.0], [1161.0, 783.0, 1.0]], "hand_pts": [[1051.1604003906248, 795.1923217773439, 1.0], [1059.3957519531252, 781.9844360351564, 1.0], [1081.89208984375, 766.7753295898439, 1.0], [1093.1402587890625, 762.1725463867188, 1.0], [1097.7600097656252, 747.9640502929686, 1.0], [1086.91357421875, 787.5877685546876, 1.0], [1106.39697265625, 782.7849121093751, 1.0], [1120.85888671875, 780.1833496093752, 1.0], [1135.9234619140625, 780.9838256835938, 1.0], [1086.5118408203123, 805.3984375000001, 1.0], [1109.208984375, 804.1976928710938, 1.0], [1125.4786376953125, 807.7998657226564, 1.0], [1135.9234619140625, 811.8023071289061, 1.0], [1088.319580078125, 814.0036010742188, 1.0], [1114.23046875, 825.4104614257811, 1.0], [1124.0726318359373, 832.8148803710939, 1.0], [1131.5045166015625, 837.4176025390625, 1.0], [1087.5161132812502, 823.8094482421876, 1.0], [1104.5892333984373, 837.217529296875, 1.0], [1113.6279296875, 845.0221557617186, 1.0], [1123.269287109375, 854.0275878906249, 1.0]], "head_box": [[1061.0, 385.0], [1144.0, 533.0]], "head_size": 148.0, "hand_box_center": [1093.5419311523438, 800.9958190917968], "is_left": 0, "is_mpii": 1}