{"mpii_image": "020465353.jpg", "mpii_annorect_idx": 0, "mpii_body_pts": [[973.0, 552.0, 1.0], [954.0, 304.0, 1.0], [967.51708984375, 280.2384033203125, 0.0], [1035.48291015625, 160.7615966796875, 0.0], [870.0, 871.0, 1.0], [932.0, 740.0, 1.0], [932.0, 552.0, 1.0], [1013.0, 552.0, 1.0], [993.0, 760.0, 1.0], [974.0, 948.0, 1.0], [825.0, 565.0, 1.0], [830.0, 424.0, 1.0], [865.0, 300.0, 1.0], [1043.0, 307.0, 1.0], [1055.0, 424.0, 1.0], [1065.0, 535.0, 1.0]], "hand_pts": [[1071.8444824218748, 542.3901977539061, 1.0], [1058.0889892578123, 545.7431640625, 1.0], [1047.4700927734375, 554.2019653320312, 1.0], [1046.5262451171875, 565.7153930664064, 1.0], [1052.189697265625, 574.8790893554688, 1.0], [1074.84326171875, 549.2677001953124, 1.0], [1067.7640380859373, 570.649658203125, 1.0], [1063.280517578125, 577.6986694335938, 1.0], [1059.032958984375, 579.8133544921875, 1.0], [1083.8103027343748, 553.9670410156249, 1.0], [1078.618896484375, 576.7587890625001, 1.0], [1068.94384765625, 583.5728759765627, 1.0], [1061.8646240234373, 586.157470703125, 1.0], [1089.0018310546875, 559.606201171875, 1.0], [1082.1585693359375, 581.9281005859374, 1.0], [1076.7310791015627, 587.8022460937498, 1.0], [1071.067626953125, 588.0372314453124, 1.0], [1092.305419921875, 565.9503173828124, 1.0], [1084.282348632812, 581.2232055664064, 1.0], [1080.0347900390623, 586.157470703125, 1.0], [1075.0792236328123, 588.5071411132811, 1.0]], "head_box": [[951.0, 151.0], [1052.0, 290.0]], "head_size": 139.0, "hand_box_center": [1069.4158325195312, 565.4486694335936], "is_left": 1, "is_mpii": 1}