{"mpii_image": "022032103.jpg", "mpii_annorect_idx": 0, "mpii_body_pts": [[1008.0, 570.0, 0.0], [961.0, 372.0, 1.0], [960.903076171875, 373.9794006347656, 0.0], [968.096923828125, 227.02059936523438, 0.0], [864.0, 820.0, 1.0], [853.0, 646.0, 1.0], [956.0, 561.0, 0.0], [1059.0, 579.0, 1.0], [966.0, 664.0, 1.0], [946.0, 854.0, 1.0], [812.0, 481.0, 1.0], [792.0, 440.0, 1.0], [876.0, 376.0, 1.0], [1046.0, 368.0, 1.0], [1074.0, 497.0, 1.0], [953.0, 499.0, 1.0]], "hand_pts": [[819.7310180664062, 483.4271240234375, 1.0], [837.5758666992188, 470.9153747558593, 1.0], [848.6899414062501, 470.9153747558593, 1.0], [857.0254516601564, 476.19714355468744, 1.0], [870.412841796875, 483.23950195312494, 1.0], [837.2333374023439, 477.29251098632807, 1.0], [851.4659423828124, 487.06954956054693, 1.0], [860.505615234375, 491.2870788574219, 1.0], [866.6239624023438, 494.80908203125006, 1.0], [827.0396728515625, 488.2197875976563, 1.0], [843.1328735351564, 495.06057739257807, 1.0], [858.0358276367188, 501.59991455078125, 1.0], [871.1705932617189, 502.1029357910156, 1.0], [824.9462890624999, 499.0847778320313, 1.0], [843.1328735351564, 505.6241149902343, 1.0], [859.0462036132811, 508.1392517089843, 1.0], [871.1705932617189, 506.8816833496094, 1.0], [831.2611083984374, 509.89984130859375, 1.0], [848.1847534179689, 514.4270629882811, 1.0], [859.0462036132811, 514.1755371093751, 1.0], [867.129150390625, 511.91192626953125, 1.0]], "head_box": [[912.0, 225.0], [1017.0, 376.0]], "head_size": 151.0, "hand_box_center": [845.4508056640625, 492.6712188720702], "is_left": 0, "is_mpii": 1}