{"mpii_image": "022032103.jpg", "mpii_annorect_idx": 0, "mpii_body_pts": [[1008.0, 570.0, 0.0], [961.0, 372.0, 1.0], [960.903076171875, 373.9794006347656, 0.0], [968.096923828125, 227.02059936523438, 0.0], [864.0, 820.0, 1.0], [853.0, 646.0, 1.0], [956.0, 561.0, 0.0], [1059.0, 579.0, 1.0], [966.0, 664.0, 1.0], [946.0, 854.0, 1.0], [812.0, 481.0, 1.0], [792.0, 440.0, 1.0], [876.0, 376.0, 1.0], [1046.0, 368.0, 1.0], [1074.0, 497.0, 1.0], [953.0, 499.0, 1.0]], "hand_pts": [[953.0, 499.0, 1.0], [937.3502197265624, 488.16427612304705, 1.0], [908.9642944335936, 477.69403076171875, 1.0], [890.2505493164062, 480.20690917968744, 1.0], [873.6395263671876, 480.6257019042969, 1.0], [907.7387084960939, 488.5045776367188, 1.0], [882.5501708984374, 495.49951171874994, 1.0], [866.8073730468751, 495.98193359375, 1.0], [856.6350708007812, 494.5346984863281, 1.0], [905.3167114257811, 502.7356567382812, 1.0], [881.8236083984374, 509.0069885253906, 1.0], [864.6275634765625, 509.7305908203125, 1.0], [852.5177001953124, 508.2833557128905, 1.0], [910.16064453125, 512.6250610351562, 1.0], [889.8161010742186, 515.7606811523438, 1.0], [876.0108642578126, 516.2431030273439, 1.0], [858.3304443359374, 513.8310546874999, 1.0], [905.810302734375, 516.01513671875, 1.0], [892.1429443359374, 517.6903686523439, 1.0], [882.470703125, 518.1091308593751, 1.0], [872.3779296874999, 517.6903686523439, 1.0]], "head_box": [[912.0, 225.0], [1017.0, 376.0]], "head_size": 151.0, "hand_box_center": [902.7588500976562, 497.90158081054693], "is_left": 1, "is_mpii": 1}