{"mpii_image": "022769871.jpg", "mpii_annorect_idx": 0, "mpii_body_pts": [[492.0, 259.0, 0.0], [527.0, 436.0, 1.0], [558.2288818359375, 391.7261047363281, 0.0], [416.7710876464844, 592.27392578125, 0.0], [407.0, 863.0, 1.0], [348.0, 550.0, 0.0], [417.0, 280.0, 0.0], [566.0, 237.0, 0.0], [739.0, 482.0, 1.0], [848.0, 767.0, 0.0], [317.0, 910.0, 1.0], [348.0, 705.0, 1.0], [367.0, 482.0, 1.0], [686.0, 389.0, 1.0], [848.0, 308.0, 1.0], [963.0, 469.0, 1.0]], "hand_pts": [[322.2298583984375, 896.7952270507812, 1.0], [303.1458740234376, 923.9998168945311, 1.0], [285.363037109375, 963.7272338867186, 1.0], [283.19439697265625, 986.6137084960939, 1.0], [274.08612060546875, 1003.0228271484374, 1.0], [272.4112243652343, 947.9974975585939, 1.0], [270.48635864257795, 978.0551147460938, 1.0], [292.9428710937501, 980.6132202148438, 1.0], [289.7348022460937, 968.4622802734374, 1.0], [292.30126953125, 948.3172607421874, 1.0], [302.88787841796875, 986.0491943359374, 1.0], [305.77514648437494, 970.7006225585939, 1.0], [300.0006408691407, 967.82275390625, 1.0], [305.77514648437494, 943.5208129882812, 1.0], [320.5322875976563, 973.5784301757814, 1.0], [317.32421874999994, 954.3927001953124, 1.0], [310.90808105468744, 951.8345947265625, 1.0], [321.49472045898426, 944.1603393554688, 1.0], [326.94842529296875, 963.3460693359373, 1.0], [332.0813598632812, 969.7413330078126, 1.0], [333.36456298828125, 958.5496215820311, 1.0]], "head_box": [[386.0, 377.0], [589.0, 607.0]], "head_size": 230.0, "hand_box_center": [301.9254608154296, 949.9090270996094], "is_left": 0, "is_mpii": 1}