{"mpii_image": "023018349.jpg", "mpii_annorect_idx": 0, "mpii_body_pts": [[510.0, 618.0, 1.0], [596.0, 348.0, 0.0], [609.7178955078125, 336.2417907714844, 0.0], [743.2821044921875, 221.75819396972656, 0.0], [465.0, 1065.0, 1.0], [521.0, 855.0, 1.0], [468.0, 615.0, 1.0], [551.0, 620.0, 1.0], [604.0, 811.0, 1.0], [507.0, 988.0, 0.0], [695.0, 300.0, 1.0], [637.0, 446.0, 1.0], [532.0, 347.0, 1.0], [659.0, 349.0, 0.0], [767.0, 416.0, 1.0], [764.0, 305.0, 1.0]], "hand_pts": [[769.2645263671876, 323.95034790039057, 1.0], [760.2432861328125, 311.6737670898438, 1.0], [744.9071044921874, 305.3857421875, 1.0], [734.6830444335939, 292.80975341796875, 1.0], [738.5922241210936, 273.94570922851557, 1.0], [760.5440063476564, 250.5902557373047, 1.0], [742.8021850585938, 240.11024475097656, 1.0], [745.5085449218751, 263.4656982421874, 1.0], [748.2149047851562, 279.03601074218733, 1.0], [775.2786865234376, 251.4885406494141, 1.0], [762.0475463867186, 239.81082153320315, 1.0], [759.9425659179686, 268.85543823242193, 1.0], [759.641845703125, 284.72515869140625, 1.0], [777.3836669921875, 249.9914093017578, 1.0], [772.2716064453125, 279.03601074218733, 1.0], [771.670166015625, 286.8211669921874, 1.0], [780.9921875, 285.3240051269532, 1.0], [790.9155273437499, 260.77084350585943, 1.0], [782.1950073242188, 284.72515869140625, 1.0], [783.3978271484374, 290.71374511718744, 1.0], [793.3212280273436, 283.5274353027344, 1.0]], "head_box": [[608.0, 193.0], [745.0, 365.0]], "head_size": 172.0, "hand_box_center": [764.0021362304688, 281.8805847167969], "is_left": 1, "is_mpii": 1}