{"mpii_image": "023081173.jpg", "mpii_annorect_idx": 1, "mpii_body_pts": [[913.0, 668.0, 0.0], [915.0, 374.0, 1.0], [915.1124267578125, 391.76580810546875, 0.0], [913.8875732421875, 198.2342071533203, 0.0], [814.0, 1021.0, 0.0], [835.0, 823.0, 0.0], [848.0, 665.0, 0.0], [978.0, 671.0, 0.0], [978.0, 826.0, 0.0], [975.0, 1031.0, 0.0], [773.0, 544.0, 1.0], [714.0, 476.0, 1.0], [811.0, 389.0, 1.0], [1018.0, 358.0, 1.0], [1077.0, 482.0, 1.0], [1087.0, 535.0, 1.0]], "hand_pts": [[781.1974487304688, 538.3010864257811, 1.0], [822.6286010742188, 560.6175537109374, 1.0], [838.5928955078126, 584.4470214843748, 1.0], [843.1541137695312, 613.1936645507814, 1.0], [836.6923828125, 633.9971313476564, 1.0], [823.3887939453126, 584.4470214843748, 1.0], [823.0087280273439, 627.1887207031251, 1.0], [823.7689208984374, 651.7746582031251, 1.0], [824.5291137695312, 666.9044799804688, 1.0], [798.68212890625, 584.8252563476562, 1.0], [802.1030883789064, 635.1318969726564, 1.0], [804.3836669921875, 648.7487182617189, 1.0], [806.2841796875001, 660.8525390624999, 1.0], [779.6770019531251, 583.3122558593749, 1.0], [783.0979614257811, 625.2974853515626, 1.0], [786.1387939453126, 640.8055419921875, 1.0], [788.419372558594, 649.5051879882812, 1.0], [762.9525146484374, 584.0687255859374, 1.0], [767.5137329101565, 618.11083984375, 1.0], [771.6948852539064, 630.97119140625, 1.0], [773.9754638671876, 637.7796020507814, 1.0]], "head_box": [[845.0, 196.0], [984.0, 394.0]], "head_size": 198.0, "hand_box_center": [803.0533142089844, 602.602783203125], "is_left": 0, "is_mpii": 1}