{"mpii_image": "023116582.jpg", "mpii_annorect_idx": 0, "mpii_body_pts": [[595.0, 545.0, 0.0], [609.0, 253.0, 1.0], [616.44287109375, 194.0605926513672, 0.0], [638.55712890625, 18.93939971923828, 0.0], [545.0, 673.0, 0.0], [497.0, 551.0, 1.0], [522.0, 539.0, 0.0], [667.0, 551.0, 1.0], [781.0, 561.0, 1.0], [731.0, 650.0, 0.0], [319.0, 408.0, 1.0], [390.0, 392.0, 1.0], [466.0, 253.0, 1.0], [752.0, 253.0, 1.0], [853.0, 388.0, 0.0], [818.0, 373.0, 1.0]], "hand_pts": [[318.8553161621093, 417.22363281249994, 1.0], [336.61535644531244, 420.60641479492193, 1.0], [353.26287841796875, 446.46087646484375, 1.0], [355.6316223144532, 472.86340332031256, 1.0], [344.0840454101563, 487.76092529296875, 1.0], [324.07885742187494, 439.0816345214843, 1.0], [332.69769287109375, 472.1288452148438, 1.0], [344.9729919433594, 475.5116271972656, 1.0], [345.7565307617187, 462.50091552734375, 1.0], [308.0240173339844, 442.1574096679688, 1.0], [319.1164855957032, 477.8535766601563, 1.0], [334.00357055664057, 470.30734252929693, 1.0], [332.4365234374999, 461.72027587890625, 1.0], [297.45578002929693, 445.5826110839844, 1.0], [306.58001708984375, 482.01699829101557, 1.0], [321.72827148437494, 471.08798217773443, 1.0], [320.9447326660156, 465.1030578613281, 1.0], [288.03350830078125, 448.8809509277344, 1.0], [288.0364685058594, 472.1288452148438, 1.0], [298.2223510742187, 482.53741455078125, 1.0], [311.2811889648437, 483.05786132812506, 1.0]], "head_box": [[563.0, 17.0], [692.0, 196.0]], "head_size": 179.0, "hand_box_center": [321.8325653076172, 452.4922790527344], "is_left": 0, "is_mpii": 1}