{"mpii_image": "023250599.jpg", "mpii_annorect_idx": 1, "mpii_body_pts": [[794.0, 598.0, 1.0], [790.0, 286.0, 1.0], [786.7730712890625, 219.8480987548828, 0.0], [779.2269287109375, 65.15190124511719, 0.0], [527.0, 940.0, 1.0], [602.0, 674.0, 1.0], [717.0, 599.0, 1.0], [870.0, 596.0, 1.0], [776.0, 661.0, 1.0], [688.0, 958.0, 1.0], [553.0, 505.0, 1.0], [599.0, 441.0, 1.0], [661.0, 296.0, 1.0], [918.0, 275.0, 1.0], [913.0, 433.0, 1.0], [827.0, 492.0, 1.0]], "hand_pts": [[827.0, 492.0, 1.0], [798.6505126953124, 498.02053833007807, 1.0], [765.3878173828124, 534.1809082031251, 1.0], [765.5075073242186, 559.4647216796876, 1.0], [782.1848754882814, 571.9865722656251, 1.0], [782.8567504882811, 513.7725219726564, 1.0], [776.809814453125, 556.2620849609375, 1.0], [783.5286254882811, 569.9791870117188, 1.0], [789.9114990234374, 562.6188354492189, 1.0], [801.66943359375, 512.4342651367186, 1.0], [796.2943725585941, 559.2731933593752, 1.0], [797.3021850585938, 570.3137817382814, 1.0], [805.2791137695314, 561.2420043945311, 1.0], [821.4899291992186, 513.4379272460938, 1.0], [815.1070556640625, 553.5855712890626, 1.0], [816.1148681640625, 568.6409301757812, 1.0], [823.8902587890624, 559.2108154296876, 1.0], [834.927490234375, 512.4342651367186, 1.0], [833.5837402343752, 542.2104492187501, 1.0], [835.5994262695314, 557.6003417968751, 1.0], [830.560302734375, 569.6446533203125, 1.0]], "head_box": [[725.0, 65.0], [841.0, 220.0]], "head_size": 155.0, "hand_box_center": [800.4936218261719, 531.9932861328125], "is_left": 1, "is_mpii": 1}