{"mpii_image": "023686071.jpg", "mpii_annorect_idx": 1, "mpii_body_pts": [[1114.0, 465.0, 1.0], [1188.0, 172.0, 1.0], [1192.8441162109375, 160.73910522460938, 0.0], [1260.1558837890625, 4.260900020599365, 0.0], [720.0, 912.0, 1.0], [913.0, 666.0, 1.0], [1036.0, 459.0, 1.0], [1192.0, 470.0, 1.0], [1245.0, 688.0, 1.0], [1329.0, 987.0, 1.0], [929.0, 562.0, 1.0], [946.0, 364.0, 1.0], [1050.0, 174.0, 1.0], [1326.0, 169.0, 1.0], [1326.0, 322.0, 1.0], [1427.0, 386.0, 1.0]], "hand_pts": [[1435.60693359375, 379.54000854492193, 1.0], [1434.4421386718748, 385.91876220703125, 1.0], [1434.7333984374998, 390.2679138183594, 1.0], [1436.1892089843748, 404.76507568359375, 1.0], [1428.0361328124998, 416.3628234863282, 1.0], [1488.8933105468745, 395.1969604492187, 1.0], [1504.0347900390623, 418.1024780273438, 1.0], [1505.1995849609375, 435.20916748046875, 1.0], [1506.3642578124998, 454.92532348632807, 1.0], [1499.9582519531252, 402.445526123047, 1.0], [1519.17626953125, 428.25051879882807, 1.0], [1523.5440673828125, 452.02587890624994, 1.0], [1524.7087402343748, 470.8722229003906, 1.0], [1507.8201904296875, 412.5935668945313, 1.0], [1523.5440673828125, 436.9488220214844, 1.0], [1532.279541015625, 462.1739196777344, 1.0], [1531.9884033203125, 481.6001281738282, 1.0], [1514.2261962890625, 420.71197509765625, 1.0], [1524.12646484375, 440.71807861328125, 1.0], [1527.0382080078123, 454.63537597656244, 1.0], [1528.2030029296875, 465.36328125, 1.0]], "head_box": [[1158.0, 1.0], [1295.0, 164.0]], "head_size": 163.0, "hand_box_center": [1480.1578369140625, 430.57006835937506], "is_left": 1, "is_mpii": 1}