{"mpii_image": "023879621.jpg", "mpii_annorect_idx": 0, "mpii_body_pts": [[1601.0, 254.0, 1.0], [1276.0, 223.0, 1.0], [1291.5628662109375, 227.51319885253906, 0.0], [1160.4371337890625, 189.48680114746094, 0.0], [1541.0, 665.0, 0.0], [1493.0, 481.0, 0.0], [1607.0, 220.0, 1.0], [1594.0, 288.0, 1.0], [1524.0, 484.0, 1.0], [1571.0, 655.0, 1.0], [1436.0, 172.0, 0.0], [1448.0, 51.0, 1.0], [1292.0, 152.0, 1.0], [1259.0, 293.0, 1.0], [1189.0, 346.0, 1.0], [1036.0, 391.0, 1.0]], "hand_pts": [[1036.0, 391.0, 1.0], [1011.6748657226564, 385.25173950195307, 1.0], [986.2794799804689, 382.5659484863281, 1.0], [970.9972534179686, 380.775390625, 1.0], [966.5025024414061, 369.13693237304693, 1.0], [971.6715087890625, 387.0422668457032, 1.0], [951.2203369140626, 388.8328247070313, 1.0], [937.9607543945311, 394.20440673828125, 1.0], [931.8928833007812, 399.3522033691407, 1.0], [968.07568359375, 394.652069091797, 1.0], [950.5461425781251, 399.3522033691407, 1.0], [935.0391845703126, 406.06671142578125, 1.0], [927.1733398437501, 411.21450805664057, 1.0], [974.5930786132814, 402.70947265625, 1.0], [957.9624633789061, 411.21450805664057, 1.0], [946.2760620117188, 417.0337524414062, 1.0], [937.9607543945311, 421.28628540039057, 1.0], [979.0878295898438, 412.3335876464843, 1.0], [970.0983276367189, 420.3909912109375, 1.0], [964.0303955078126, 426.6578674316407, 1.0], [960.2098388671877, 430.910400390625, 1.0]], "head_box": [[1169.0, 145.0], [1283.0, 272.0]], "head_size": 127.0, "hand_box_center": [981.586669921875, 400.02366638183594], "is_left": 1, "is_mpii": 1}