{"mpii_image": "024044813.jpg", "mpii_annorect_idx": 1, "mpii_body_pts": [[1390.0, 547.0, 0.0], [1353.0, 353.0, 1.0], [1348.7186279296875, 336.65301513671875, 0.0], [1313.2813720703125, 201.3470001220703, 0.0], [1180.0, 617.0, 0.0], [1247.0, 525.0, 1.0], [1355.0, 540.0, 0.0], [1425.0, 554.0, 1.0], [1295.0, 528.0, 1.0], [1276.0, 641.0, 0.0], [1136.0, 583.0, 1.0], [1194.0, 470.0, 1.0], [1257.0, 355.0, 1.0], [1449.0, 350.0, 1.0], [1548.0, 420.0, 1.0], [1579.0, 533.0, 1.0]], "hand_pts": [[1131.7187500000002, 588.1254272460939, 1.0], [1121.493896484375, 597.3486938476562, 1.0], [1118.0212402343745, 607.9169311523438, 1.0], [1113.9698486328123, 613.4893188476564, 1.0], [1114.7415771484377, 618.8695678710936, 1.0], [1122.0726318359373, 606.9561767578125, 1.0], [1119.5645751953125, 616.1794433593752, 1.0], [1118.79296875, 622.5203857421876, 1.0], [1119.3717041015625, 627.3241577148436, 1.0], [1126.5098876953125, 608.3012695312499, 1.0], [1126.1240234374998, 617.5244750976564, 1.0], [1126.1240234374998, 623.865478515625, 1.0], [1125.5452880859375, 629.2456665039061, 1.0], [1133.4550781250002, 607.3405151367186, 1.0], [1133.26220703125, 616.37158203125, 1.0], [1133.26220703125, 622.9047241210938, 1.0], [1131.5258789062502, 628.0927734375001, 1.0], [1137.3135986328123, 605.9954223632812, 1.0], [1138.85693359375, 612.720703125, 1.0], [1138.6640624999998, 618.1009521484375, 1.0], [1136.7348632812502, 623.0968627929686, 1.0]], "head_box": [[1280.0, 198.0], [1382.0, 340.0]], "head_size": 142.0, "hand_box_center": [1126.4133911132812, 608.685546875], "is_left": 0, "is_mpii": 1}