{"mpii_image": "024044813.jpg", "mpii_annorect_idx": 1, "mpii_body_pts": [[1390.0, 547.0, 0.0], [1353.0, 353.0, 1.0], [1348.7186279296875, 336.65301513671875, 0.0], [1313.2813720703125, 201.3470001220703, 0.0], [1180.0, 617.0, 0.0], [1247.0, 525.0, 1.0], [1355.0, 540.0, 0.0], [1425.0, 554.0, 1.0], [1295.0, 528.0, 1.0], [1276.0, 641.0, 0.0], [1136.0, 583.0, 1.0], [1194.0, 470.0, 1.0], [1257.0, 355.0, 1.0], [1449.0, 350.0, 1.0], [1548.0, 420.0, 1.0], [1579.0, 533.0, 1.0]], "hand_pts": [[1579.0, 533.0, 1.0], [1563.9396972656252, 540.1110229492188, 1.0], [1547.1043701171873, 551.53759765625, 1.0], [1544.8085937500002, 560.9328002929686, 1.0], [1545.5738525390623, 575.1525268554685, 1.0], [1556.5423583984373, 550.0140991210938, 1.0], [1554.501708984375, 574.6446533203125, 1.0], [1548.8898925781248, 579.2153320312501, 1.0], [1547.86962890625, 566.0112915039061, 1.0], [1568.7862548828125, 552.5532836914061, 1.0], [1565.725341796875, 574.3907470703126, 1.0], [1565.2150878906252, 581.7545166015625, 1.0], [1559.0931396484373, 572.6132812500001, 1.0], [1581.540283203125, 554.3307495117188, 1.0], [1576.6938476562498, 573.6289672851562, 1.0], [1576.18359375, 581.2467041015625, 1.0], [1569.806640625, 574.6446533203125, 1.0], [1594.039306640625, 556.8699951171875, 1.0], [1594.2944335937498, 570.327941894531, 1.0], [1590.7232666015625, 578.4535522460939, 1.0], [1584.0911865234373, 581.2467041015625, 1.0]], "head_box": [[1280.0, 198.0], [1382.0, 340.0]], "head_size": 142.0, "hand_box_center": [1569.551513671875, 557.3772583007812], "is_left": 1, "is_mpii": 1}