{"mpii_image": "024149649.jpg", "mpii_annorect_idx": 0, "mpii_body_pts": [[173.0, 548.0, 0.0], [306.0, 181.0, 1.0], [292.2254943847656, 184.62489318847656, 0.0], [471.7745056152344, 137.37510681152344, 0.0], [690.0, 510.0, 1.0], [526.0, 456.0, 1.0], [204.0, 582.0, 1.0], [142.0, 514.0, 0.0], [408.0, 305.0, 1.0], [539.0, 373.0, 0.0], [487.0, 381.0, 1.0], [355.0, 452.0, 1.0], [342.0, 228.0, 1.0], [270.0, 133.0, 1.0], [512.0, 148.0, 1.0], [661.0, 133.0, 1.0]], "hand_pts": [[661.0, 133.0, 1.0], [685.8348999023438, 140.97892761230474, 1.0], [713.9516601562499, 138.23963928222656, 1.0], [737.1784667968751, 131.23927307128903, 1.0], [754.2930297851562, 142.5007476806641, 1.0], [734.7335815429689, 111.75998687744138, 1.0], [757.9603881835936, 110.54252624511722, 1.0], [773.546875, 126.3694534301758, 1.0], [783.9378051757811, 139.45710754394534, 1.0], [734.122314453125, 105.97706604003906, 1.0], [759.7941284179688, 106.58580017089842, 1.0], [780.5760498046875, 125.45635986328125, 1.0], [790.0501708984374, 136.4134674072266, 1.0], [736.5672607421874, 100.19415283203124, 1.0], [756.7379760742188, 98.97669982910156, 1.0], [776.60302734375, 111.75998687744138, 1.0], [787.605224609375, 119.67344665527344, 1.0], [724.3425903320311, 99.58542633056638, 1.0], [748.1806640625, 101.71597290039061, 1.0], [755.8211059570312, 108.1076126098633, 1.0], [761.0166015625, 113.2818069458008, 1.0]], "head_box": [[310.0, 70.0], [454.0, 252.0]], "head_size": 182.0, "hand_box_center": [725.5250854492188, 120.73872375488283], "is_left": 1, "is_mpii": 1}