{"mpii_image": "024371170.jpg", "mpii_annorect_idx": 0, "mpii_body_pts": [[1037.0, 404.0, 1.0], [1054.0, 226.0, 1.0], [1051.2900390625, 238.27439880371094, 0.0], [1090.7099609375, 59.72560119628906, 0.0], [939.0, 792.0, 1.0], [963.0, 633.0, 1.0], [986.0, 402.0, 1.0], [1087.0, 405.0, 1.0], [1098.0, 622.0, 1.0], [1090.0, 815.0, 1.0], [951.0, 489.0, 1.0], [922.0, 362.0, 1.0], [983.0, 223.0, 1.0], [1124.0, 229.0, 1.0], [1193.0, 362.0, 1.0], [1199.0, 495.0, 1.0]], "hand_pts": [[1198.9659423828125, 513.1573486328125, 1.0], [1183.960205078125, 523.1158447265626, 1.0], [1167.2869873046877, 535.7298583984375, 1.0], [1156.6162109374998, 547.6800537109375, 1.0], [1162.6185302734373, 558.3023681640624, 1.0], [1175.62353515625, 534.0701293945311, 1.0], [1174.9566650390627, 557.6384887695314, 1.0], [1169.287841796875, 555.3148803710939, 1.0], [1167.2869873046877, 550.3356323242186, 1.0], [1188.9620361328123, 539.3812866210938, 1.0], [1186.6278076171875, 561.2899169921876, 1.0], [1182.2928466796873, 560.9580078124999, 1.0], [1181.9593505859375, 555.3148803710939, 1.0], [1203.301025390625, 540.7091064453125, 1.0], [1200.9666748046877, 563.9454956054686, 1.0], [1196.9652099609377, 568.2608642578126, 1.0], [1193.2971191406252, 562.6177368164062, 1.0], [1216.6394042968745, 546.020263671875, 1.0], [1213.9718017578125, 562.2857666015626, 1.0], [1212.637939453125, 569.5886840820312, 1.0], [1208.3028564453125, 566.6011352539062, 1.0]], "head_box": [[1009.0, 53.0], [1133.0, 245.0]], "head_size": 192.0, "hand_box_center": [1186.627807617187, 541.3730163574219], "is_left": 1, "is_mpii": 1}