{"mpii_image": "024366101.jpg", "mpii_annorect_idx": 0, "mpii_body_pts": [[1318.0, 944.0, 1.0], [1294.0, 568.0, 1.0], [1156.0, 532.0, 1.0], [1378.0, 514.0, 0.0], [1630.0, 556.0, 0.0], [1567.0, 850.0, 1.0], [1267.0, 523.0, 0.0], [1312.0, 217.0, 0.0], [1315.0, 211.0, 0.0], [1449.0, 21.0, 0.0], [1441.0, 403.0, 1.0], [1240.0, 430.0, 1.0], [1216.0, 211.0, 1.0], [1408.0, 223.0, 0.0], [1423.0, 409.0, 0.0], [1537.0, 472.0, 1.0]], "hand_pts": [[1537.0, 472.0, 1.0], [1554.4080810546877, 467.33566284179693, 1.0], [1575.7796630859377, 452.51293945312494, 1.0], [1602.4940185546873, 458.97412109375006, 1.0], [1626.5369873046877, 461.2545471191407, 1.0], [1598.6776123046875, 496.22097778320307, 1.0], [1621.5756835937502, 493.94055175781244, 1.0], [1617.377685546875, 473.41677856445307, 1.0], [1595.6246337890625, 476.83740234375006, 1.0], [1585.320434570312, 510.2835693359375, 1.0], [1610.126708984375, 508.7632751464843, 1.0], [1620.0491943359373, 491.2800598144531, 1.0], [1605.5471191406252, 486.33917236328125, 1.0], [1587.2286376953125, 525.866455078125, 1.0], [1590.6633300781245, 491.66012573242193, 1.0], [1581.122436523437, 485.19894409179693, 1.0], [1569.6734619140623, 482.53845214843744, 1.0], [1583.0306396484375, 528.1468505859374, 1.0], [1578.0694580078123, 503.82238769531256, 1.0], [1570.0550537109377, 498.5014038085937, 1.0], [1558.6060791015627, 492.0402221679688, 1.0]], "head_box": [[1295.0, 1.0], [1470.0, 232.0]], "head_size": 231.0, "hand_box_center": [1581.7684936523438, 490.32989501953114], "is_left": 1, "is_mpii": 1}