{"mpii_image": "024366101.jpg", "mpii_annorect_idx": 0, "mpii_body_pts": [[1318.0, 944.0, 1.0], [1294.0, 568.0, 1.0], [1156.0, 532.0, 1.0], [1378.0, 514.0, 0.0], [1630.0, 556.0, 0.0], [1567.0, 850.0, 1.0], [1267.0, 523.0, 0.0], [1312.0, 217.0, 0.0], [1315.0, 211.0, 0.0], [1449.0, 21.0, 0.0], [1441.0, 403.0, 1.0], [1240.0, 430.0, 1.0], [1216.0, 211.0, 1.0], [1408.0, 223.0, 0.0], [1423.0, 409.0, 0.0], [1537.0, 472.0, 1.0]], "hand_pts": [[1437.2437744140625, 415.3133850097657, 1.0], [1459.6528320312498, 382.4836120605469, 1.0], [1478.6794433593745, 369.0149841308595, 1.0], [1502.3570556640627, 370.2776794433594, 1.0], [1512.081787109375, 380.379150390625, 1.0], [1487.5585937500002, 376.59109497070307, 1.0], [1534.4908447265625, 381.2209167480468, 1.0], [1532.3768310546875, 397.6358032226563, 1.0], [1523.9205322265625, 397.6358032226563, 1.0], [1504.4710693359375, 395.5313415527343, 1.0], [1533.2224121093748, 401.8447570800781, 1.0], [1523.9205322265625, 406.89547729492193, 1.0], [1515.4642333984373, 408.57907104492193, 1.0], [1504.893920898437, 417.83874511718744, 1.0], [1523.9205322265625, 416.57604980468744, 1.0], [1531.5311279296875, 407.73727416992193, 1.0], [1526.4573974609377, 404.79101562499994, 1.0], [1502.7799072265625, 432.1491394042969, 1.0], [1511.6589355468748, 430.04467773437506, 1.0], [1521.806396484375, 420.3641052246094, 1.0], [1526.0345458984373, 414.4715881347657, 1.0]], "head_box": [[1295.0, 1.0], [1470.0, 232.0]], "head_size": 231.0, "hand_box_center": [1485.8673095703125, 400.5820617675782], "is_left": 0, "is_mpii": 1}