{"mpii_image": "024338328.jpg", "mpii_annorect_idx": 0, "mpii_body_pts": [[1128.0, 651.0, 0.0], [1145.0, 381.0, 1.0], [1157.7640380859375, 326.20269775390625, 0.0], [1190.2359619140625, 186.79730224609375, 0.0], [1025.0, 1010.0, 0.0], [1055.0, 821.0, 0.0], [1082.0, 661.0, 0.0], [1173.0, 641.0, 0.0], [1180.0, 830.0, 0.0], [1207.0, 1059.0, 1.0], [932.0, 504.0, 1.0], [920.0, 406.0, 1.0], [1055.0, 381.0, 1.0], [1234.0, 381.0, 1.0], [1398.0, 399.0, 1.0], [1337.0, 399.0, 1.0]], "hand_pts": [[1334.2371826171875, 399.121826171875, 1.0], [1330.8116455078123, 381.57989501953136, 1.0], [1324.6945800781248, 359.6524658203126, 1.0], [1301.6948242187495, 339.43051147460926, 1.0], [1300.4714355468748, 346.25238037109375, 1.0], [1318.57763671875, 356.72879028320307, 1.0], [1306.58837890625, 356.24151611328125, 1.0], [1298.7586669921877, 359.6524658203126, 1.0], [1295.3331298828123, 365.01251220703125, 1.0], [1317.1096191406252, 368.6670532226563, 1.0], [1296.0671386718748, 372.8088989257813, 1.0], [1290.4395751953127, 376.21984863281256, 1.0], [1285.5460205078123, 382.55444335937506, 1.0], [1313.1947021484373, 378.89987182617193, 1.0], [1298.5139160156248, 382.79806518554693, 1.0], [1291.9075927734377, 384.2598876953126, 1.0], [1287.0140380859373, 387.42718505859364, 1.0], [1319.556396484375, 390.35086059570324, 1.0], [1304.1416015625, 393.03088378906256, 1.0], [1299.7373046875, 392.78723144531244, 1.0], [1296.5565185546875, 391.81268310546886, 1.0]], "head_box": [[1123.0, 183.0], [1225.0, 330.0]], "head_size": 147.0, "hand_box_center": [1309.8916015625, 369.27616882324213], "is_left": 1, "is_mpii": 1}