{"mpii_image": "024338328.jpg", "mpii_annorect_idx": 0, "mpii_body_pts": [[1128.0, 651.0, 0.0], [1145.0, 381.0, 1.0], [1157.7640380859375, 326.20269775390625, 0.0], [1190.2359619140625, 186.79730224609375, 0.0], [1025.0, 1010.0, 0.0], [1055.0, 821.0, 0.0], [1082.0, 661.0, 0.0], [1173.0, 641.0, 0.0], [1180.0, 830.0, 0.0], [1207.0, 1059.0, 1.0], [932.0, 504.0, 1.0], [920.0, 406.0, 1.0], [1055.0, 381.0, 1.0], [1234.0, 381.0, 1.0], [1398.0, 399.0, 1.0], [1337.0, 399.0, 1.0]], "hand_pts": [[929.002197265625, 503.2611389160155, 1.0], [935.3651123046874, 507.4849548339844, 1.0], [941.7279663085938, 511.708740234375, 1.0], [950.9188232421876, 518.04443359375, 1.0], [962.9376220703124, 528.6039428710939, 1.0], [941.0209960937499, 525.0841064453125, 1.0], [961.5236206054686, 537.051513671875, 1.0], [978.4913330078126, 545.4990844726564, 1.0], [986.9751586914061, 550.4268798828124, 1.0], [941.7279663085938, 530.0118408203125, 1.0], [965.05859375, 542.6832275390626, 1.0], [979.9053344726564, 553.2427368164062, 1.0], [988.38916015625, 559.5784301757814, 1.0], [942.4349975585939, 537.051513671875, 1.0], [961.5236206054686, 546.9070434570312, 1.0], [971.4214477539061, 550.4268798828124, 1.0], [979.1983032226565, 559.5784301757814, 1.0], [948.0908813476565, 539.8673706054686, 1.0], [962.9376220703124, 548.3150024414061, 1.0], [968.5935058593751, 551.8347778320312, 1.0], [974.9564208984373, 556.05859375, 1.0]], "head_box": [[1123.0, 183.0], [1225.0, 330.0]], "head_size": 147.0, "hand_box_center": [958.6956787109375, 531.4197845458984], "is_left": 0, "is_mpii": 1}