{"mpii_image": "024371170.jpg", "mpii_annorect_idx": 0, "mpii_body_pts": [[1037.0, 404.0, 1.0], [1054.0, 226.0, 1.0], [1051.2900390625, 238.27439880371094, 0.0], [1090.7099609375, 59.72560119628906, 0.0], [939.0, 792.0, 1.0], [963.0, 633.0, 1.0], [986.0, 402.0, 1.0], [1087.0, 405.0, 1.0], [1098.0, 622.0, 1.0], [1090.0, 815.0, 1.0], [951.0, 489.0, 1.0], [922.0, 362.0, 1.0], [983.0, 223.0, 1.0], [1124.0, 229.0, 1.0], [1193.0, 362.0, 1.0], [1199.0, 495.0, 1.0]], "hand_pts": [[955.5777587890625, 504.4855346679687, 1.0], [977.1150512695314, 519.29296875, 1.0], [995.062744140625, 536.6533813476565, 1.0], [996.6011352539062, 553.5031738281251, 1.0], [993.5243530273439, 565.2470092773439, 1.0], [991.9860229492188, 533.0791625976564, 1.0], [989.4220581054685, 558.6091918945311, 1.0], [985.3197021484375, 554.0137939453126, 1.0], [984.8069458007811, 546.8653564453124, 1.0], [979.1661987304686, 532.5685424804686, 1.0], [979.6790161132812, 561.672790527344, 1.0], [974.5510864257811, 555.0349731445312, 1.0], [973.0126953124999, 546.3547973632812, 1.0], [962.2440795898439, 534.1003417968751, 1.0], [966.859191894531, 562.1834106445314, 1.0], [961.7312622070312, 555.5455932617188, 1.0], [960.19287109375, 547.8865966796876, 1.0], [950.9626464843748, 533.5897827148439, 1.0], [950.9626464843748, 557.0773925781252, 1.0], [947.3731079101564, 552.4819946289062, 1.0], [946.3475341796875, 545.8441772460939, 1.0]], "head_box": [[1009.0, 53.0], [1133.0, 245.0]], "head_size": 192.0, "hand_box_center": [971.4743347167969, 534.8662719726562], "is_left": 0, "is_mpii": 1}