{"mpii_image": "024637140.jpg", "mpii_annorect_idx": 0, "mpii_body_pts": [[327.0, 436.0, 1.0], [340.0, 219.0, 1.0], [346.2951965332031, 196.13160705566406, 0.0], [382.7048034667969, 63.86840057373047, 0.0], [181.0, 705.0, 1.0], [221.0, 595.0, 1.0], [276.0, 439.0, 1.0], [377.0, 432.0, 1.0], [424.0, 581.0, 1.0], [458.0, 712.0, 1.0], [358.0, 268.0, 1.0], [285.0, 356.0, 1.0], [272.0, 223.0, 1.0], [407.0, 215.0, 1.0], [437.0, 291.0, 1.0], [487.0, 267.0, 1.0]], "hand_pts": [[487.0, 267.0, 1.0], [484.76416015625, 248.24159240722656, 1.0], [496.2547302246094, 236.33291625976565, 1.0], [502.5862426757813, 246.84057617187497, 1.0], [500.7102355957031, 256.1806945800781, 1.0], [502.52212524414057, 232.0409698486328, 1.0], [520.8522338867185, 222.17498779296872, 1.0], [515.155029296875, 234.2608184814453, 1.0], [510.69635009765625, 243.38685607910156, 1.0], [520.3568115234374, 237.71391296386713, 1.0], [532.7420043945311, 229.82112121582034, 1.0], [532.7420043945311, 242.89355468749997, 1.0], [522.090759277344, 253.00619506835938, 1.0], [527.7879028320312, 249.3064422607422, 1.0], [541.1639404296876, 246.10000610351562, 1.0], [534.7236328125, 256.95257568359375, 1.0], [525.55859375, 262.1322326660156, 1.0], [528.2833251953125, 258.67913818359375, 1.0], [540.1730957031251, 257.9391784667968, 1.0], [537.6960449218751, 267.80517578124994, 1.0], [527.0447998046875, 269.5317077636718, 1.0]], "head_box": [[311.0, 63.0], [418.0, 197.0]], "head_size": 134.0, "hand_box_center": [512.9640502929688, 245.85334777832026], "is_left": 1, "is_mpii": 1}