{"mpii_image": "024637140.jpg", "mpii_annorect_idx": 0, "mpii_body_pts": [[327.0, 436.0, 1.0], [340.0, 219.0, 1.0], [346.2951965332031, 196.13160705566406, 0.0], [382.7048034667969, 63.86840057373047, 0.0], [181.0, 705.0, 1.0], [221.0, 595.0, 1.0], [276.0, 439.0, 1.0], [377.0, 432.0, 1.0], [424.0, 581.0, 1.0], [458.0, 712.0, 1.0], [358.0, 268.0, 1.0], [285.0, 356.0, 1.0], [272.0, 223.0, 1.0], [407.0, 215.0, 1.0], [437.0, 291.0, 1.0], [487.0, 267.0, 1.0]], "hand_pts": [[358.0, 268.0, 1.0], [351.4953002929687, 233.56495666503906, 1.0], [359.5863342285155, 210.73828125, 1.0], [376.2179260253906, 203.57698059082028, 1.0], [390.60202026367193, 199.99632263183594, 1.0], [354.641815185547, 213.4237823486328, 1.0], [373.52090454101557, 202.68182373046875, 1.0], [387.4555053710937, 197.3108367919922, 1.0], [396.89505004882807, 194.6253509521484, 1.0], [358.2378234863281, 221.4802398681641, 1.0], [373.52090454101557, 211.1858673095703, 1.0], [391.05151367187494, 201.33906555175776, 1.0], [401.39007568359375, 198.65357971191403, 1.0], [366.77838134765625, 222.37541198730474, 1.0], [383.4099731445313, 212.5286102294922, 1.0], [393.74853515624994, 209.8431243896484, 1.0], [404.08709716796875, 206.71005249023438, 1.0], [374.8694152832031, 230.431884765625, 1.0], [389.2535095214843, 224.6133117675781, 1.0], [398.69305419921875, 219.68992614746097, 1.0], [406.7841186523437, 214.31893920898443, 1.0]], "head_box": [[311.0, 63.0], [418.0, 197.0]], "head_size": 134.0, "hand_box_center": [379.1397094726562, 231.31267547607422], "is_left": 0, "is_mpii": 1}