{"mpii_image": "025270786.jpg", "mpii_annorect_idx": 0, "mpii_body_pts": [[895.0, 572.0, 1.0], [872.0, 310.0, 1.0], [877.6597290039062, 268.79010009765625, 0.0], [898.3402709960938, 118.20989990234375, 0.0], [880.0, 912.0, 1.0], [862.0, 772.0, 1.0], [839.0, 591.0, 1.0], [951.0, 553.0, 1.0], [1014.0, 711.0, 1.0], [953.0, 851.0, 1.0], [783.0, 360.0, 1.0], [709.0, 344.0, 1.0], [791.0, 306.0, 1.0], [953.0, 314.0, 1.0], [958.0, 428.0, 1.0], [928.0, 520.0, 1.0]], "hand_pts": [[931.8610229492186, 524.9626464843748, 1.0], [907.4381103515625, 534.2763061523439, 1.0], [891.8489990234374, 536.6047363281252, 1.0], [880.9366455078125, 546.1770629882812, 1.0], [865.0877075195314, 549.2816162109375, 1.0], [896.006103515625, 573.0831909179689, 1.0], [888.4713745117189, 588.60595703125, 1.0], [881.9758911132812, 599.9893188476564, 1.0], [874.9608154296875, 611.6313476562501, 1.0], [898.3444213867186, 579.8096923828124, 1.0], [886.9124755859374, 595.5911865234375, 1.0], [872.1027832031251, 605.6809692382814, 1.0], [862.7493286132812, 611.6313476562501, 1.0], [903.5408325195314, 584.7252807617188, 1.0], [894.1873779296877, 597.6608886718751, 1.0], [887.1722412109375, 606.1984252929688, 1.0], [882.75537109375, 612.9249267578125, 1.0], [912.1148071289062, 581.8793945312501, 1.0], [900.4229736328125, 592.4866333007812, 1.0], [892.6284790039062, 598.4370117187499, 1.0], [886.1329956054686, 602.8351440429686, 1.0]], "head_box": [[836.0, 114.0], [940.0, 273.0]], "head_size": 159.0, "hand_box_center": [897.30517578125, 568.9437866210936], "is_left": 1, "is_mpii": 1}