{"mpii_image": "025698594.jpg", "mpii_annorect_idx": 0, "mpii_body_pts": [[918.0, 187.0, 0.0], [867.0, 125.0, 0.0], [938.2979125976562, 138.97999572753906, 0.0], [744.7020874023438, 101.0199966430664, 0.0], [863.0, 482.0, 1.0], [804.0, 305.0, 1.0], [879.0, 196.0, 0.0], [956.0, 178.0, 0.0], [978.0, 348.0, 0.0], [956.0, 513.0, 0.0], [680.0, 463.0, 1.0], [724.0, 314.0, 1.0], [767.0, 137.0, 0.0], [966.0, 113.0, 1.0], [969.0, 358.0, 1.0], [916.0, 503.0, 1.0]], "hand_pts": [[916.0, 503.0, 1.0], [895.8845825195314, 524.1693115234375, 1.0], [873.9642944335936, 549.3543090820311, 1.0], [864.8589477539061, 579.5762939453125, 1.0], [858.7887573242189, 600.0600585937499, 1.0], [870.2546997070312, 555.0628662109374, 1.0], [856.7653198242186, 573.1961059570314, 1.0], [852.0440673828124, 586.6280517578126, 1.0], [850.0206298828123, 596.3662719726562, 1.0], [881.720703125, 559.0924682617188, 1.0], [870.92919921875, 582.5984497070314, 1.0], [869.91748046875, 596.0304565429688, 1.0], [869.2430419921876, 609.7982177734375, 1.0], [892.5122070312499, 567.8233032226564, 1.0], [890.4888305664065, 586.6280517578126, 1.0], [888.8026123046874, 598.0452270507811, 1.0], [888.1281738281251, 608.1192626953124, 1.0], [915.7814331054688, 566.144287109375, 1.0], [916.7930908203126, 579.2404785156251, 1.0], [916.4558715820312, 587.9712524414061, 1.0], [916.7930908203126, 597.3736572265626, 1.0]], "head_box": [[768.0, 21.0], [915.0, 219.0]], "head_size": 198.0, "hand_box_center": [883.4068603515625, 556.3991088867188], "is_left": 1, "is_mpii": 1}