{"mpii_image": "025646306.jpg", "mpii_annorect_idx": 0, "mpii_body_pts": [[573.0, 740.0, 0.0], [587.0, 389.0, 1.0], [587.3787231445312, 351.3847961425781, 0.0], [589.6212768554688, 128.61520385742188, 0.0], [517.0, 938.0, 0.0], [485.0, 634.0, 1.0], [468.0, 734.0, 0.0], [677.0, 746.0, 0.0], [711.0, 643.0, 1.0], [706.0, 958.0, 1.0], [373.0, 711.0, 1.0], [336.0, 603.0, 1.0], [425.0, 393.0, 1.0], [749.0, 385.0, 1.0], [855.0, 614.0, 1.0], [806.0, 769.0, 1.0]], "hand_pts": [[373.0, 711.0, 1.0], [413.3760986328125, 742.4730224609375, 1.0], [434.96670532226557, 760.5769042968751, 1.0], [455.98913574218733, 774.7205810546876, 1.0], [476.4434204101563, 778.6807861328126, 1.0], [426.444091796875, 767.3658447265625, 1.0], [440.6484680175781, 804.705078125, 1.0], [440.6484680175781, 816.5857543945312, 1.0], [438.94393920898426, 813.1912841796876, 1.0], [407.69436645507807, 777.5492553710938, 1.0], [413.94427490234375, 821.1116943359374, 1.0], [414.512451171875, 831.2951049804688, 1.0], [413.94427490234375, 830.1636352539062, 1.0], [383.3350830078125, 783.0054931640625, 1.0], [394.99261474609364, 824.5342407226562, 1.0], [396.87088012695324, 833.4178466796876, 1.0], [394.99261474609364, 831.080078125, 1.0], [368.41928100585943, 785.2904663085939, 1.0], [373.0087585449219, 816.8986816406251, 1.0], [374.15612792968744, 829.4658203124999, 1.0], [372.2438354492187, 825.2767944335939, 1.0]], "head_box": [[510.0, 125.0], [667.0, 355.0]], "head_size": 230.0, "hand_box_center": [422.43135070800787, 772.2089233398438], "is_left": 0, "is_mpii": 1}