{"mpii_image": "025698594.jpg", "mpii_annorect_idx": 0, "mpii_body_pts": [[918.0, 187.0, 0.0], [867.0, 125.0, 0.0], [938.2979125976562, 138.97999572753906, 0.0], [744.7020874023438, 101.0199966430664, 0.0], [863.0, 482.0, 1.0], [804.0, 305.0, 1.0], [879.0, 196.0, 0.0], [956.0, 178.0, 0.0], [978.0, 348.0, 0.0], [956.0, 513.0, 0.0], [680.0, 463.0, 1.0], [724.0, 314.0, 1.0], [767.0, 137.0, 0.0], [966.0, 113.0, 1.0], [969.0, 358.0, 1.0], [916.0, 503.0, 1.0]], "hand_pts": [[675.8491821289061, 484.4332885742187, 1.0], [662.1294555664064, 488.7958068847657, 1.0], [645.4906005859374, 504.5008239746094, 1.0], [638.7766723632814, 529.5125732421876, 1.0], [630.311279296875, 542.3092651367186, 1.0], [631.18701171875, 529.2216796875, 1.0], [627.3922119140624, 544.0542602539061, 1.0], [626.2245483398439, 559.1776123046875, 1.0], [625.3488159179688, 574.591796875, 1.0], [642.5714721679689, 532.4208984375, 1.0], [641.1119384765626, 555.3967895507814, 1.0], [640.8200073242186, 571.3926391601562, 1.0], [641.695739746094, 586.5159912109375, 1.0], [656.291259765625, 534.4567260742186, 1.0], [655.7074584960938, 556.5601196289061, 1.0], [656.291259765625, 569.0659790039061, 1.0], [656.8750610351562, 582.1535034179688, 1.0], [666.5081176757812, 533.293395996094, 1.0], [667.0919189453125, 548.7075805664064, 1.0], [667.6757202148439, 560.0501098632811, 1.0], [669.4271850585938, 570.5201416015625, 1.0]], "head_box": [[768.0, 21.0], [915.0, 219.0]], "head_size": 198.0, "hand_box_center": [650.5989990234375, 535.4746398925781], "is_left": 0, "is_mpii": 1}