{"mpii_image": "026083562.jpg", "mpii_annorect_idx": 0, "mpii_body_pts": [[983.0, 442.0, 1.0], [983.0, 199.0, 1.0], [974.6890869140625, 218.66229248046875, 0.0], [1032.3109130859375, 82.33769989013672, 0.0], [941.0, 804.0, 1.0], [936.0, 624.0, 1.0], [926.0, 443.0, 1.0], [1040.0, 441.0, 1.0], [1067.0, 616.0, 1.0], [1087.0, 789.0, 1.0], [916.0, 411.0, 1.0], [857.0, 332.0, 1.0], [892.0, 209.0, 1.0], [1074.0, 189.0, 1.0], [1154.0, 300.0, 1.0], [1208.0, 409.0, 1.0]], "hand_pts": [[1208.0, 409.0, 1.0], [1202.3489990234375, 414.6295166015625, 1.0], [1195.2347412109373, 422.47238159179693, 1.0], [1187.1041259765623, 437.3990783691406, 1.0], [1187.6123046874998, 450.04882812500006, 1.0], [1223.4377441406252, 407.545654296875, 1.0], [1234.8714599609375, 403.2447509765625, 1.0], [1240.2071533203127, 408.8106384277344, 1.0], [1244.2723388671873, 415.6415100097657, 1.0], [1239.6989746093748, 413.6175231933595, 1.0], [1251.1325683593748, 410.5816040039063, 1.0], [1261.2957763671877, 418.42443847656244, 1.0], [1262.8203124999998, 427.7852783203125, 1.0], [1244.2723388671873, 419.689422607422, 1.0], [1255.7060546875002, 416.906463623047, 1.0], [1266.37744140625, 428.7972412109375, 1.0], [1267.3937988281248, 435.6281127929687, 1.0], [1251.38671875, 424.24334716796875, 1.0], [1256.7224121093748, 422.7253723144531, 1.0], [1262.0581054687502, 427.27926635742193, 1.0], [1262.8203124999998, 433.098175048828, 1.0]], "head_box": [[953.0, 73.0], [1054.0, 228.0]], "head_size": 155.0, "hand_box_center": [1227.2489624023435, 426.64678955078125], "is_left": 1, "is_mpii": 1}