{"mpii_image": "026209390.jpg", "mpii_annorect_idx": 0, "mpii_body_pts": [[647.0, 116.0, 0.0], [444.0, 37.0, 0.0], [392.88299560546875, 42.111698150634766, 0.0], [255.11700439453125, 55.888301849365234, 0.0], [717.0, 249.0, 1.0], [573.0, 292.0, 1.0], [616.0, 92.0, 0.0], [677.0, 140.0, 1.0], [423.0, 151.0, 0.0], [473.0, 327.0, 1.0], [248.0, 225.0, 1.0], [339.0, 108.0, 1.0], [428.0, 16.0, 0.0], [460.0, 57.0, 1.0], [419.0, 269.0, 1.0], [313.0, 286.0, 1.0]], "hand_pts": [[313.3083801269532, 295.31478881835943, 1.0], [308.66290283203136, 281.9906311035156, 1.0], [303.74417114257807, 274.9206848144532, 1.0], [291.49914550781244, 271.79687499999994, 1.0], [285.5777893066406, 265.7359619140625, 1.0], [272.04568481445324, 275.192626953125, 1.0], [253.46382141113278, 270.0261230468749, 1.0], [240.6204681396484, 268.1226806640626, 1.0], [228.17344665527347, 264.26168823242193, 1.0], [268.2200012207031, 283.3502502441406, 1.0], [247.9985656738281, 278.1837463378906, 1.0], [229.68995666503906, 275.7364501953125, 1.0], [216.65968322753903, 272.12451171875, 1.0], [266.58044433593756, 290.1482849121094, 1.0], [246.08572387695315, 286.3413696289063, 1.0], [229.41668701171875, 285.5256042480469, 1.0], [218.21292114257812, 283.3502502441406, 1.0], [267.6734924316406, 302.6566467285156, 1.0], [248.27183532714838, 298.57781982421875, 1.0], [236.5215301513672, 298.57781982421875, 1.0], [226.4107971191406, 300.2093505859375, 1.0]], "head_box": [[252.0, 1.0], [396.0, 97.0]], "head_size": 96.0, "hand_box_center": [264.9840316772461, 283.45916748046875], "is_left": 1, "is_mpii": 1}