{"mpii_image": "026209390.jpg", "mpii_annorect_idx": 0, "mpii_body_pts": [[647.0, 116.0, 0.0], [444.0, 37.0, 0.0], [392.88299560546875, 42.111698150634766, 0.0], [255.11700439453125, 55.888301849365234, 0.0], [717.0, 249.0, 1.0], [573.0, 292.0, 1.0], [616.0, 92.0, 0.0], [677.0, 140.0, 1.0], [423.0, 151.0, 0.0], [473.0, 327.0, 1.0], [248.0, 225.0, 1.0], [339.0, 108.0, 1.0], [428.0, 16.0, 0.0], [460.0, 57.0, 1.0], [419.0, 269.0, 1.0], [313.0, 286.0, 1.0]], "hand_pts": [[239.11593627929688, 236.4411163330078, 1.0], [238.71559143066403, 247.20724487304688, 1.0], [225.90451049804685, 258.3721008300781, 1.0], [218.29792785644534, 267.54324340820307, 1.0], [211.49203491210943, 274.3218994140625, 1.0], [212.69306945800778, 251.59342956542974, 1.0], [202.2840576171875, 267.9419860839844, 1.0], [206.28752136230472, 278.7080993652343, 1.0], [214.69480895996094, 284.29052734375, 1.0], [214.29444885253912, 252.78967285156247, 1.0], [205.4868316650391, 267.54324340820307, 1.0], [209.49029541015625, 277.5118713378906, 1.0], [217.49722290039065, 282.2968139648437, 1.0], [215.8958435058594, 253.587158203125, 1.0], [207.4885711669922, 267.144500732422, 1.0], [211.09169006347656, 276.315643310547, 1.0], [217.49722290039065, 279.50558471679693, 1.0], [215.8958435058594, 253.18841552734378, 1.0], [209.49029541015625, 264.7520141601563, 1.0], [211.8923797607422, 273.92315673828114, 1.0], [217.89756774902344, 277.1131286621093, 1.0]], "head_box": [[252.0, 1.0], [396.0, 97.0]], "head_size": 96.0, "hand_box_center": [220.6999969482422, 260.3658218383789], "is_left": 0, "is_mpii": 1}