{"mpii_image": "026449287.jpg", "mpii_annorect_idx": 0, "mpii_body_pts": [[686.0, 557.0, 1.0], [661.0, 325.0, 0.0], [681.9749145507812, 273.9684143066406, 0.0], [737.0250854492188, 140.03160095214844, 0.0], [791.0, 934.0, 1.0], [784.0, 654.0, 1.0], [627.0, 573.0, 1.0], [745.0, 541.0, 1.0], [936.0, 607.0, 1.0], [953.0, 821.0, 1.0], [644.0, 475.0, 1.0], [487.0, 433.0, 1.0], [590.0, 303.0, 1.0], [732.0, 347.0, 0.0], [722.0, 465.0, 0.0], [828.0, 494.0, 1.0]], "hand_pts": [[644.0, 475.0, 1.0], [672.7457885742189, 467.7517700195313, 1.0], [693.0806884765626, 462.23107910156244, 1.0], [715.5282592773439, 474.06112670898426, 1.0], [724.2431640625, 479.8447265625, 1.0], [708.3978271484374, 478.00448608398443, 1.0], [720.8099975585939, 487.99432373046875, 1.0], [721.8663940429686, 498.5099487304688, 1.0], [721.0740966796877, 507.4482421875, 1.0], [700.4751586914061, 484.0509643554688, 1.0], [711.0386962890625, 495.3552551269532, 1.0], [718.6973266601564, 502.1904296875, 1.0], [725.0354614257811, 509.28845214843744, 1.0], [694.6652221679686, 497.9841613769531, 1.0], [703.380126953125, 505.6080017089843, 1.0], [708.3978271484374, 511.1286926269532, 1.0], [696.5138549804688, 508.2369079589842, 1.0], [679.8762207031249, 504.03063964843744, 1.0], [689.6475219726562, 514.5462646484374, 1.0], [679.6121215820311, 510.60290527343756, 1.0], [675.9148559570314, 505.34509277343756, 1.0]], "head_box": [[656.0, 134.0], [763.0, 280.0]], "head_size": 146.0, "hand_box_center": [684.5177307128906, 488.3886718749999], "is_left": 0, "is_mpii": 1}