{"mpii_image": "026547322.jpg", "mpii_annorect_idx": 1, "mpii_body_pts": [[1015.0, 648.0, 0.0], [900.0, 456.0, 0.0], [881.06787109375, 429.11920166015625, 0.0], [787.93212890625, 296.88079833984375, 0.0], [1011.0, 706.0, 0.0], [867.0, 742.0, 1.0], [990.0, 624.0, 0.0], [1040.0, 672.0, 1.0], [905.0, 838.0, 1.0], [1076.0, 742.0, 1.0], [708.0, 638.0, 1.0], [809.0, 552.0, 1.0], [877.0, 436.0, 0.0], [922.0, 475.0, 1.0], [872.0, 626.0, 1.0], [737.0, 569.0, 1.0]], "hand_pts": [[737.0, 569.0, 1.0], [741.9819946289062, 555.0660400390625, 1.0], [745.2998657226564, 535.2437744140626, 1.0], [743.6409301757812, 516.7979736328126, 1.0], [740.5995483398439, 506.88684082031256, 1.0], [707.6976928710938, 538.8228149414061, 1.0], [690.5555419921875, 529.1869506835938, 1.0], [680.6020507812499, 522.5795288085938, 1.0], [675.6253051757812, 517.8992309570314, 1.0], [701.3385009765626, 547.0820922851562, 1.0], [685.0258178710938, 536.0697021484375, 1.0], [676.4547119140625, 529.4622802734374, 1.0], [670.6484985351564, 523.6807250976564, 1.0], [698.5736694335938, 556.4426269531249, 1.0], [681.7080078125, 543.5030517578126, 1.0], [677.8371582031249, 539.3734130859374, 1.0], [673.9663696289061, 535.2437744140626, 1.0], [699.6795654296876, 566.6290893554688, 1.0], [689.4495849609375, 560.5722656249999, 1.0], [684.4728393554688, 555.0660400390625, 1.0], [681.4315185546875, 551.4870605468751, 1.0]], "head_box": [[769.0, 286.0], [900.0, 440.0]], "head_size": 154.0, "hand_box_center": [707.9741821289064, 537.9434204101562], "is_left": 1, "is_mpii": 1}