{"mpii_image": "027064394.jpg", "mpii_annorect_idx": 0, "mpii_body_pts": [[446.0, 552.0, 0.0], [492.0, 301.0, 1.0], [492.4891052246094, 298.8528137207031, 0.0], [532.5109252929688, 123.14720153808594, 0.0], [481.0, 704.0, 1.0], [429.0, 503.0, 1.0], [363.0, 549.0, 1.0], [528.0, 555.0, 0.0], [636.0, 475.0, 1.0], [628.0, 710.0, 1.0], [468.0, 483.0, 1.0], [404.0, 410.0, 1.0], [377.0, 293.0, 1.0], [607.0, 309.0, 1.0], [683.0, 408.0, 1.0], [723.0, 485.0, 0.0]], "hand_pts": [[474.40115356445307, 486.5694580078125, 1.0], [494.666015625, 488.42907714843744, 1.0], [510.9312133789062, 529.0750732421877, 1.0], [522.9301757812499, 550.859191894531, 1.0], [536.2622680664061, 569.7210693359374, 1.0], [523.7301025390626, 504.10302734375006, 1.0], [535.4623413085938, 535.4509277343749, 1.0], [529.5962524414061, 551.921875, 1.0], [524.2633666992188, 558.8290405273439, 1.0], [508.2648010253907, 501.97775268554693, 1.0], [515.7307739257814, 538.6388549804688, 1.0], [510.9312133789062, 559.6259765625001, 1.0], [502.66528320312506, 568.1271362304688, 1.0], [490.13308715820307, 508.8848876953126, 1.0], [498.3990173339844, 539.7014770507814, 1.0], [498.1323547363281, 562.8139038085938, 1.0], [491.99957275390625, 563.8765869140625, 1.0], [475.7343444824219, 517.6516723632812, 1.0], [479.2007141113281, 542.3580932617188, 1.0], [481.3338623046875, 553.5158081054686, 1.0], [486.6667175292969, 569.4554443359374, 1.0]], "head_box": [[452.0, 116.0], [573.0, 306.0]], "head_size": 190.0, "hand_box_center": [505.3317108154296, 528.145263671875], "is_left": 0, "is_mpii": 1}