{"mpii_image": "027572964.jpg", "mpii_annorect_idx": 0, "mpii_body_pts": [[773.0, 394.0, 1.0], [771.0, 217.0, 1.0], [765.19189453125, 177.04730224609375, 0.0], [743.80810546875, 29.952699661254883, 0.0], [696.0, 642.0, 0.0], [688.0, 508.0, 0.0], [710.0, 384.0, 1.0], [836.0, 404.0, 1.0], [768.0, 506.0, 1.0], [799.0, 673.0, 0.0], [563.0, 363.0, 1.0], [638.0, 319.0, 1.0], [679.0, 208.0, 1.0], [863.0, 226.0, 1.0], [832.0, 373.0, 1.0], [721.0, 431.0, 1.0]], "hand_pts": [[552.5963134765626, 363.7948303222656, 1.0], [564.8975830078125, 388.5030822753906, 1.0], [567.3578491210936, 407.2894897460937, 1.0], [579.8641967773438, 422.19613647460926, 1.0], [589.9102783203125, 425.054931640625, 1.0], [538.8598022460939, 410.35250854492193, 1.0], [527.1735839843751, 428.73052978515625, 1.0], [518.5626831054685, 440.57415771484375, 1.0], [508.7216186523437, 453.6429748535157, 1.0], [526.7635498046875, 404.6348876953126, 1.0], [509.1316528320313, 420.3583374023437, 1.0], [498.4705200195313, 428.32214355468744, 1.0], [484.3240051269532, 438.73635864257795, 1.0], [527.7886352539064, 401.3677062988281, 1.0], [518.1526489257811, 414.4365234374999, 1.0], [512.8220214843748, 422.19613647460926, 1.0], [507.69650268554693, 431.3851318359375, 1.0], [530.2489013671877, 398.71307373046875, 1.0], [526.5585327148438, 407.6979064941406, 1.0], [524.3032836914061, 415.6617126464843, 1.0], [522.8681030273438, 422.19613647460926, 1.0]], "head_box": [[699.0, 29.0], [810.0, 178.0]], "head_size": 149.0, "hand_box_center": [537.1171417236328, 408.7189025878906], "is_left": 0, "is_mpii": 1}