{"mpii_image": "027528821.jpg", "mpii_annorect_idx": 0, "mpii_body_pts": [[1472.0, 773.0, 1.0], [1522.0, 472.0, 0.0], [1531.6697998046875, 392.3293151855469, 0.0], [1558.3302001953125, 172.6707000732422, 0.0], [1217.0, 1056.0, 0.0], [1212.0, 775.0, 1.0], [1427.0, 735.0, 1.0], [1517.0, 811.0, 1.0], [1196.0, 844.0, 1.0], [1185.0, 1043.0, 1.0], [1217.0, 557.0, 1.0], [1408.0, 516.0, 1.0], [1515.0, 424.0, 0.0], [1528.0, 519.0, 1.0], [1384.0, 628.0, 1.0], [1179.0, 609.0, 1.0]], "hand_pts": [[1179.0, 609.0, 1.0], [1155.6339111328123, 586.6293945312501, 1.0], [1130.6148681640625, 575.7834472656252, 1.0], [1098.7357177734377, 569.3562622070311, 1.0], [1084.6120605468748, 576.9885864257812, 1.0], [1119.3159179687502, 575.7834472656252, 1.0], [1080.5767822265625, 572.1681518554686, 1.0], [1062.0142822265623, 588.6378784179688, 1.0], [1058.7860107421877, 597.8770141601562, 1.0], [1108.4205322265625, 582.2106933593751, 1.0], [1080.1732177734373, 583.8175048828123, 1.0], [1063.62841796875, 610.7314453125, 1.0], [1066.453125, 622.3807983398439, 1.0], [1109.6311035156248, 589.4412841796875, 1.0], [1083.8050537109377, 593.4583129882812, 1.0], [1075.734375, 612.7399902343751, 1.0], [1077.7520751953125, 622.3807983398439, 1.0], [1107.6134033203123, 596.6719360351564, 1.0], [1095.9110107421877, 596.6719360351564, 1.0], [1085.4191894531252, 611.5348510742188, 1.0], [1089.0509033203125, 617.9620971679686, 1.0]], "head_box": [[1458.0, 175.0], [1632.0, 390.0]], "head_size": 215.0, "hand_box_center": [1118.8930053710938, 595.8685302734375], "is_left": 1, "is_mpii": 1}