{"mpii_image": "027528821.jpg", "mpii_annorect_idx": 0, "mpii_body_pts": [[1472.0, 773.0, 1.0], [1522.0, 472.0, 0.0], [1531.6697998046875, 392.3293151855469, 0.0], [1558.3302001953125, 172.6707000732422, 0.0], [1217.0, 1056.0, 0.0], [1212.0, 775.0, 1.0], [1427.0, 735.0, 1.0], [1517.0, 811.0, 1.0], [1196.0, 844.0, 1.0], [1185.0, 1043.0, 1.0], [1217.0, 557.0, 1.0], [1408.0, 516.0, 1.0], [1515.0, 424.0, 0.0], [1528.0, 519.0, 1.0], [1384.0, 628.0, 1.0], [1179.0, 609.0, 1.0]], "hand_pts": [[1211.3614501953123, 553.7921752929688, 1.0], [1182.1119384765623, 562.8699340820311, 1.0], [1150.583251953125, 571.1912231445311, 1.0], [1133.8692626953123, 579.5125122070312, 1.0], [1120.9539794921877, 584.807861328125, 1.0], [1145.64501953125, 541.3102416992186, 1.0], [1124.7525634765627, 540.5537719726565, 1.0], [1109.1781005859373, 548.4967651367188, 1.0], [1097.40234375, 556.0615844726562, 1.0], [1149.4437255859375, 544.7144165039062, 1.0], [1125.132446289062, 545.4708862304689, 1.0], [1113.3566894531252, 552.6574096679688, 1.0], [1103.1003417968748, 557.5745849609376, 1.0], [1149.4437255859375, 547.7402954101562, 1.0], [1132.349853515625, 548.1185302734376, 1.0], [1123.6129150390623, 553.03564453125, 1.0], [1114.8760986328123, 558.7092895507814, 1.0], [1142.606201171875, 551.9009399414062, 1.0], [1129.6907958984373, 554.1704101562501, 1.0], [1125.132446289062, 556.0615844726562, 1.0], [1122.4733886718748, 557.9528198242185, 1.0]], "head_box": [[1458.0, 175.0], [1632.0, 390.0]], "head_size": 215.0, "hand_box_center": [1154.3818969726562, 562.6808166503907], "is_left": 0, "is_mpii": 1}