{"mpii_image": "028050451.jpg", "mpii_annorect_idx": 1, "mpii_body_pts": [[680.0, 500.0, 1.0], [734.0, 250.0, 0.0], [727.5366821289062, 235.7333984375, 0.0], [658.4633178710938, 83.2666015625, 0.0], [741.0, 685.0, 0.0], [708.0, 594.0, 1.0], [621.0, 501.0, 1.0], [739.0, 499.0, 1.0], [822.0, 501.0, 1.0], [832.0, 675.0, 0.0], [667.0, 396.0, 0.0], [710.0, 367.0, 0.0], [694.0, 247.0, 0.0], [774.0, 253.0, 1.0], [849.0, 377.0, 1.0], [758.0, 386.0, 1.0]], "hand_pts": [[758.8834228515625, 380.580108642578, 1.0], [742.57421875, 378.0159301757813, 1.0], [712.817138671875, 382.859375, 1.0], [695.0773315429689, 394.2557067871093, 1.0], [688.2103271484375, 403.37277221679693, 1.0], [724.8344116210938, 383.71411132812494, 1.0], [694.5050659179688, 387.70281982421875, 1.0], [680.1987915039064, 397.38970947265625, 1.0], [679.0542602539061, 408.7860412597656, 1.0], [729.4124145507812, 385.13864135742193, 1.0], [708.8113403320312, 393.11608886718744, 1.0], [703.9472045898436, 410.78039550781244, 1.0], [705.6640014648438, 420.75219726562494, 1.0], [737.1378173828124, 384.8537292480469, 1.0], [725.6928100585939, 404.2275085449219, 1.0], [722.54541015625, 420.18237304687494, 1.0], [726.8372802734374, 434.1428833007814, 1.0], [747.4383544921875, 392.2613525390625, 1.0], [744.2909545898439, 406.79168701171875, 1.0], [742.2880859375002, 416.7634887695313, 1.0], [736.5655517578125, 426.7352600097657, 1.0]], "head_box": [[625.0, 80.0], [761.0, 239.0]], "head_size": 159.0, "hand_box_center": [718.9688415527344, 406.07940673828136], "is_left": 1, "is_mpii": 1}