{"mpii_image": "028246923.jpg", "mpii_annorect_idx": 1, "mpii_body_pts": [[721.0, 422.0, 0.0], [752.0, 250.0, 0.0], [750.3109741210938, 224.1448974609375, 0.0], [740.6890258789062, 76.8551025390625, 0.0], [607.0, 677.0, 1.0], [617.0, 475.0, 1.0], [671.0, 425.0, 0.0], [770.0, 419.0, 0.0], [774.0, 464.0, 0.0], [779.0, 669.0, 0.0], [632.0, 417.0, 1.0], [630.0, 361.0, 1.0], [677.0, 249.0, 1.0], [826.0, 251.0, 0.0], [843.0, 305.0, 0.0], [822.0, 280.0, 0.0]], "hand_pts": [[630.4659423828124, 419.0219116210937, 1.0], [642.6299438476564, 426.67672729492193, 1.0], [647.7516479492188, 446.6643981933595, 1.0], [646.044372558594, 460.69827270507807, 1.0], [652.2330932617189, 474.09423828124994, 1.0], [623.2102661132811, 454.31924438476574, 1.0], [610.406066894531, 471.1173706054688, 1.0], [617.4483642578126, 474.7321472167969, 1.0], [625.9844970703126, 470.90472412109375, 1.0], [612.5401000976562, 449.0033569335937, 1.0], [605.7111816406251, 470.90472412109375, 1.0], [613.3937377929688, 474.306884765625, 1.0], [623.2102661132811, 469.628936767578, 1.0], [605.9246215820311, 445.3885803222656, 1.0], [607.8452148437498, 467.2899475097657, 1.0], [620.0092163085938, 470.05419921875, 1.0], [627.6917114257812, 465.80151367187494, 1.0], [600.5895385742189, 444.96331787109364, 1.0], [606.1380004882812, 460.0603637695313, 1.0], [612.9669189453124, 463.03726196289057, 1.0], [622.5700683593751, 462.39935302734375, 1.0]], "head_box": [[686.0, 80.0], [805.0, 221.0]], "head_size": 141.0, "hand_box_center": [626.4113159179689, 446.8770294189453], "is_left": 0, "is_mpii": 1}