{"mpii_image": "028422585.jpg", "mpii_annorect_idx": 0, "mpii_body_pts": [[1008.0, 557.0, 0.0], [970.0, 340.0, 0.0], [969.22509765625, 309.15960693359375, 0.0], [965.77490234375, 171.84039306640625, 0.0], [1067.0, 981.0, 1.0], [1056.0, 756.0, 1.0], [979.0, 567.0, 1.0], [1036.0, 547.0, 0.0], [1033.0, 744.0, 0.0], [984.0, 950.0, 1.0], [1067.0, 330.0, 1.0], [1001.0, 399.0, 1.0], [927.0, 347.0, 1.0], [1013.0, 333.0, 0.0], [1016.0, 390.0, 0.0], [1079.0, 333.0, 0.0]], "hand_pts": [[1083.7474365234373, 318.1592102050781, 1.0], [1076.654418945312, 292.96609497070307, 1.0], [1080.9130859375, 279.2506103515625, 1.0], [1085.9232177734375, 269.5250854492187, 1.0], [1094.9415283203125, 265.0363769531249, 1.0], [1075.6523437499998, 276.75689697265625, 1.0], [1088.9293212890625, 261.7945556640625, 1.0], [1098.6992187499998, 253.81462097167972, 1.0], [1108.218505859375, 249.325927734375, 1.0], [1085.9232177734375, 279.9987487792968, 1.0], [1098.1981201171873, 263.54016113281256, 1.0], [1111.4752197265627, 255.80960083007812, 1.0], [1120.7440185546873, 250.5727844238281, 1.0], [1095.943603515625, 281.7443542480469, 1.0], [1106.2144775390623, 267.5301208496093, 1.0], [1120.2430419921875, 258.05395507812494, 1.0], [1127.7583007812502, 254.31336975097656, 1.0], [1102.957885742188, 286.7317810058594, 1.0], [1117.2369384765625, 278.7518615722656, 1.0], [1132.0169677734377, 275.7593994140625, 1.0], [1139.5322265624998, 274.01379394531244, 1.0]], "head_box": [[912.0, 175.0], [1023.0, 306.0]], "head_size": 131.0, "hand_box_center": [1107.5922851562498, 283.74256896972656], "is_left": 0, "is_mpii": 1}