{"mpii_image": "028490862.jpg", "mpii_annorect_idx": 0, "mpii_body_pts": [[697.0, 446.0, 0.0], [591.0, 301.0, 0.0], [579.96728515625, 291.1835021972656, 0.0], [475.03271484375, 197.81649780273438, 0.0], [612.0, 651.0, 0.0], [513.0, 558.0, 0.0], [645.0, 438.0, 0.0], [748.0, 453.0, 0.0], [632.0, 618.0, 0.0], [717.0, 674.0, 0.0], [397.0, 517.0, 1.0], [469.0, 414.0, 1.0], [525.0, 315.0, 0.0], [657.0, 286.0, 1.0], [616.0, 455.0, 1.0], [496.0, 535.0, 1.0]], "hand_pts": [[395.707275390625, 525.9459838867186, 1.0], [382.1014099121093, 524.529541015625, 1.0], [368.6986083984375, 525.1365966796876, 1.0], [353.8742980957032, 528.576416015625, 1.0], [341.0806884765625, 524.1248779296877, 1.0], [342.50219726562494, 520.0780639648439, 1.0], [336.41003417968744, 536.6700439453126, 1.0], [336.816162109375, 554.8807983398439, 1.0], [342.29913330078125, 562.5697631835936, 1.0], [352.046630859375, 518.0546264648436, 1.0], [341.0806884765625, 541.12158203125, 1.0], [346.56365966796875, 564.1884765625002, 1.0], [356.10809326171875, 567.021240234375, 1.0], [360.98184204101557, 518.2569580078125, 1.0], [353.0619812011719, 542.7402954101562, 1.0], [363.8248596191407, 564.3908081054686, 1.0], [373.97848510742193, 558.52294921875, 1.0], [368.6986083984375, 518.864013671875, 1.0], [363.6217651367188, 538.6934814453126, 1.0], [365.246368408203, 548.6082153320312, 1.0], [371.5416259765625, 556.9041748046875, 1.0]], "head_box": [[478.0, 172.0], [577.0, 317.0]], "head_size": 145.0, "hand_box_center": [366.05865478515625, 542.5379333496094], "is_left": 0, "is_mpii": 1}