{"mpii_image": "028703813.jpg", "mpii_annorect_idx": 0, "mpii_body_pts": [[484.0, 713.0, 1.0], [435.0, 587.0, 1.0], [272.0, 460.0, 1.0], [381.0, 436.0, 1.0], [509.0, 547.0, 1.0], [582.0, 705.0, 1.0], [327.0, 448.0, 1.0], [309.0, 206.0, 1.0], [306.0, 193.0, 0.0], [283.0, 57.0, 0.0], [199.0, 159.0, 1.0], [222.0, 195.0, 1.0], [257.0, 209.0, 1.0], [361.0, 203.0, 1.0], [442.0, 174.0, 1.0], [514.0, 123.0, 1.0]], "hand_pts": [[196.76029968261722, 153.2646484375, 1.0], [182.1439208984375, 142.5022735595703, 1.0], [163.07908630371094, 132.37297058105472, 1.0], [148.46270751953128, 130.4737243652344, 1.0], [131.09252929687497, 118.44518280029297, 1.0], [163.2909088134766, 147.77793884277347, 1.0], [150.3691864013672, 145.03459167480466, 1.0], [141.26043701171878, 139.1258392333984, 1.0], [134.2700042724609, 133.63912963867188, 1.0], [172.61149597167972, 149.4661560058594, 1.0], [165.40922546386716, 141.65815734863284, 1.0], [163.7145843505859, 136.59350585937497, 1.0], [162.23175048828125, 128.36344909667974, 1.0], [183.62673950195315, 148.83308410644528, 1.0], [181.50842285156253, 135.32734680175784, 1.0], [180.66110229492185, 122.03263854980467, 1.0], [179.39010620117188, 110.21512603759766, 1.0], [198.4549407958984, 148.83308410644528, 1.0], [198.24311828613276, 133.63912963867188, 1.0], [198.24311828613276, 122.66572570800781, 1.0], [197.8194580078125, 111.9033432006836, 1.0]], "head_box": [[238.0, 60.0], [352.0, 191.0]], "head_size": 131.0, "hand_box_center": [164.7737350463867, 131.73988723754883], "is_left": 0, "is_mpii": 1}