{"mpii_image": "028882943.jpg", "mpii_annorect_idx": 0, "mpii_body_pts": [[1196.0, 710.0, 1.0], [1047.0, 657.0, 1.0], [1051.125244140625, 668.7042236328125, 0.0], [999.8746948242188, 523.2957763671875, 0.0], [1322.0, 747.0, 1.0], [1275.0, 779.0, 1.0], [1172.0, 764.0, 1.0], [1219.0, 656.0, 1.0], [1322.0, 615.0, 1.0], [1401.0, 548.0, 1.0], [1108.0, 916.0, 1.0], [1067.0, 805.0, 1.0], [988.0, 714.0, 1.0], [1105.0, 600.0, 1.0], [1158.0, 586.0, 1.0], [1202.0, 568.0, 1.0]], "hand_pts": [[1207.8981933593748, 569.0977783203126, 1.0], [1215.6666259765625, 560.0001220703125, 1.0], [1226.6337890625, 553.1768798828125, 1.0], [1232.574340820312, 547.7183227539062, 1.0], [1236.68701171875, 545.8988037109375, 1.0], [1220.236328125, 551.8122558593749, 1.0], [1230.7464599609377, 553.6317749023439, 1.0], [1237.6009521484375, 555.4512939453124, 1.0], [1242.6275634765627, 555.4512939453124, 1.0], [1221.607177734375, 560.909912109375, 1.0], [1230.2895507812505, 560.4550170898436, 1.0], [1238.5148925781248, 560.4550170898436, 1.0], [1242.6275634765627, 560.909912109375, 1.0], [1221.607177734375, 567.278259277344, 1.0], [1229.83251953125, 565.4587402343751, 1.0], [1237.1440429687498, 563.63916015625, 1.0], [1241.2567138671877, 564.0940551757812, 1.0], [1225.262939453125, 570.007568359375, 1.0], [1232.574340820312, 567.7331542968751, 1.0], [1237.1440429687498, 566.3684692382812, 1.0], [1239.8858642578123, 566.3684692382812, 1.0]], "head_box": [[965.0, 521.0], [1086.0, 671.0]], "head_size": 150.0, "hand_box_center": [1225.2628784179688, 557.9531860351562], "is_left": 1, "is_mpii": 1}