{"mpii_image": "029330861.jpg", "mpii_annorect_idx": 0, "mpii_body_pts": [[471.0, 432.0, 0.0], [645.0, 350.0, 0.0], [671.12158203125, 343.5766906738281, 0.0], [801.87841796875, 311.4233093261719, 0.0], [522.0, 787.0, 1.0], [493.0, 616.0, 1.0], [467.0, 436.0, 1.0], [475.0, 428.0, 0.0], [480.0, 598.0, 0.0], [509.0, 755.0, 0.0], [766.0, 593.0, 1.0], [658.0, 525.0, 1.0], [645.0, 355.0, 1.0], [645.0, 344.0, 0.0], [543.0, 428.0, 0.0], [499.0, 522.0, 0.0]], "hand_pts": [[752.3525390624999, 594.2091064453125, 1.0], [773.0560302734375, 602.2645263671876, 1.0], [791.141845703125, 616.7169189453125, 1.0], [794.9494018554686, 624.5354614257811, 1.0], [799.7088623046876, 633.3016967773438, 1.0], [782.0989379882814, 617.427734375, 1.0], [790.9038696289062, 632.3539428710938, 1.0], [794.2354736328126, 640.6463623046875, 1.0], [799.7088623046876, 651.3079223632811, 1.0], [770.4383544921875, 622.6400756835938, 1.0], [774.4838867187501, 640.1724853515626, 1.0], [772.3421020507811, 631.4062499999999, 1.0], [771.1522827148436, 626.4308471679688, 1.0], [760.9194946289062, 624.5354614257811, 1.0], [765.6789550781252, 637.0924682617188, 1.0], [764.2510986328125, 631.6431884765626, 1.0], [762.5853271484375, 628.5631713867188, 1.0], [754.9702148437499, 625.4831542968751, 1.0], [760.4435424804686, 631.169372558594, 1.0], [759.2537231445312, 627.6154785156251, 1.0], [758.5397949218751, 622.8770141601562, 1.0]], "head_box": [[678.0, 267.0], [795.0, 388.0]], "head_size": 121.0, "hand_box_center": [776.0307006835938, 622.7585144042969], "is_left": 0, "is_mpii": 1}