{"mpii_image": "029592635.jpg", "mpii_annorect_idx": 0, "mpii_body_pts": [[726.0, 365.0, 0.0], [714.0, 107.0, 1.0], [700.06787109375, 148.79640197753906, 0.0], [744.93212890625, 14.20359992980957, 0.0], [661.0, 709.0, 1.0], [667.0, 583.0, 1.0], [681.0, 368.0, 0.0], [771.0, 362.0, 1.0], [755.0, 589.0, 1.0], [724.0, 707.0, 1.0], [706.0, 436.0, 1.0], [651.0, 338.0, 1.0], [638.0, 142.0, 1.0], [789.0, 72.0, 1.0], [859.0, 181.0, 0.0], [891.0, 166.0, 1.0]], "hand_pts": [[708.9622192382811, 440.74810791015625, 1.0], [730.7047119140626, 448.5114135742187, 1.0], [743.4219970703125, 467.71536254882807, 1.0], [746.2936401367189, 490.1880798339844, 1.0], [749.5755615234375, 507.34906005859375, 1.0], [723.3204956054686, 493.4568176269531, 1.0], [725.3716430664062, 514.7037353515627, 1.0], [732.3456420898436, 532.6819458007812, 1.0], [741.3708496093751, 541.6710205078126, 1.0], [716.3464355468751, 495.4998168945313, 1.0], [719.2181396484376, 518.381103515625, 1.0], [727.4228515625, 532.2733154296877, 1.0], [738.909423828125, 544.5311889648438, 1.0], [711.013427734375, 495.4998168945313, 1.0], [711.8338623046875, 511.026397705078, 1.0], [715.5260009765626, 521.2412719726564, 1.0], [724.5512084960936, 528.1873779296877, 1.0], [707.3212890624999, 495.0912170410155, 1.0], [717.9874267578125, 506.12326049804693, 1.0], [729.8842163085938, 517.5639038085938, 1.0], [736.8582763671876, 524.1014404296876, 1.0]], "head_box": [[676.0, 6.0], [769.0, 157.0]], "head_size": 151.0, "hand_box_center": [728.4484252929688, 492.6396484375], "is_left": 0, "is_mpii": 1}