{"mpii_image": "029592635.jpg", "mpii_annorect_idx": 0, "mpii_body_pts": [[726.0, 365.0, 0.0], [714.0, 107.0, 1.0], [700.06787109375, 148.79640197753906, 0.0], [744.93212890625, 14.20359992980957, 0.0], [661.0, 709.0, 1.0], [667.0, 583.0, 1.0], [681.0, 368.0, 0.0], [771.0, 362.0, 1.0], [755.0, 589.0, 1.0], [724.0, 707.0, 1.0], [706.0, 436.0, 1.0], [651.0, 338.0, 1.0], [638.0, 142.0, 1.0], [789.0, 72.0, 1.0], [859.0, 181.0, 0.0], [891.0, 166.0, 1.0]], "hand_pts": [[891.0, 166.0, 1.0], [873.042724609375, 144.9868927001953, 1.0], [854.1263427734375, 127.07831573486327, 1.0], [857.8629150390624, 103.82041931152342, 1.0], [842.4495239257811, 89.40052032470705, 1.0], [897.0969848632812, 100.09915161132812, 1.0], [878.6475830078125, 93.81951904296876, 1.0], [863.4677734375, 97.3082046508789, 1.0], [855.7610473632812, 105.91362762451173, 1.0], [903.6359863281251, 118.00773620605466, 1.0], [880.9829711914061, 106.14620971679688, 1.0], [862.3001098632811, 106.61136627197267, 1.0], [851.7909545898439, 111.49552154541017, 1.0], [901.0670776367188, 131.2647399902344, 1.0], [885.8872070312499, 121.96157836914062, 1.0], [866.9708251953124, 120.79868316650389, 1.0], [848.7550048828124, 119.63578796386717, 1.0], [893.3603515625, 142.66110229492185, 1.0], [860.8988647460939, 131.49731445312503, 1.0], [854.1263427734375, 139.17242431640628, 1.0], [867.2043457031251, 147.08010864257815, 1.0]], "head_box": [[676.0, 6.0], [769.0, 157.0]], "head_size": 151.0, "hand_box_center": [873.0427551269531, 127.70026016235352], "is_left": 1, "is_mpii": 1}