{"mpii_image": "029529049.jpg", "mpii_annorect_idx": 0, "mpii_body_pts": [[796.0, 730.0, 0.0], [764.0, 501.0, 1.0], [763.5404052734375, 479.2847900390625, 0.0], [760.4595947265625, 333.7152099609375, 0.0], [812.0, 815.0, 1.0], [676.0, 861.0, 1.0], [758.0, 743.0, 0.0], [833.0, 717.0, 0.0], [895.0, 660.0, 1.0], [871.0, 856.0, 1.0], [758.0, 645.0, 0.0], [650.0, 658.0, 1.0], [676.0, 513.0, 1.0], [851.0, 488.0, 1.0], [910.0, 588.0, 0.0], [864.0, 622.0, 0.0]], "hand_pts": [[864.3407592773439, 645.0893554687501, 1.0], [854.0347900390626, 633.8708496093751, 1.0], [842.7700805664065, 616.9237060546876, 1.0], [827.430908203125, 602.6021728515625, 1.0], [802.5048217773439, 584.7002563476564, 1.0], [854.51416015625, 609.762939453125, 1.0], [858.3489379882812, 598.3057250976562, 1.0], [861.9440307617188, 591.3836669921875, 1.0], [868.4152221679686, 579.9264526367188, 1.0], [869.8532714843749, 616.2076416015625, 1.0], [874.8864746093751, 608.0921020507812, 1.0], [878.9609375, 602.8408813476564, 1.0], [886.6304931640625, 590.9062499999999, 1.0], [882.5560302734375, 626.7100830078126, 1.0], [892.1430053710939, 617.1624145507812, 1.0], [897.8952026367188, 612.1498413085939, 1.0], [907.482177734375, 600.9313354492188, 1.0], [899.333251953125, 631.7225952148438, 1.0], [912.9946899414062, 625.9940185546876, 1.0], [918.2675170898436, 622.65234375, 1.0], [926.6561279296875, 617.1624145507812, 1.0]], "head_box": [[707.0, 334.0], [817.0, 479.0]], "head_size": 145.0, "hand_box_center": [864.5804748535156, 612.5079040527344], "is_left": 1, "is_mpii": 1}