{"mpii_image": "029771985.jpg", "mpii_annorect_idx": 1, "mpii_body_pts": [[469.0, 783.0, 1.0], [538.0, 492.0, 1.0], [548.4801025390625, 471.9819030761719, 0.0], [616.5198974609375, 342.0180969238281, 0.0], [685.0, 1039.0, 1.0], [717.0, 834.0, 1.0], [529.0, 770.0, 1.0], [409.0, 795.0, 1.0], [333.0, 956.0, 1.0], [353.0, 1022.0, 1.0], [810.0, 573.0, 1.0], [744.0, 665.0, 1.0], [639.0, 524.0, 1.0], [436.0, 460.0, 1.0], [345.0, 548.0, 1.0], [260.0, 619.0, 1.0]], "hand_pts": [[814.9535522460939, 574.4107666015625, 1.0], [788.6541137695312, 554.9763793945312, 1.0], [791.6234130859374, 533.0070190429686, 1.0], [803.076416015625, 526.6697387695314, 1.0], [815.8019409179688, 532.5845336914062, 1.0], [818.7712402343751, 528.7821655273439, 1.0], [826.4065551757811, 520.3323974609374, 1.0], [825.5581665039061, 533.4295043945311, 1.0], [818.7712402343751, 540.1893310546877, 1.0], [834.0418701171876, 538.921875, 1.0], [840.8287963867188, 548.6390380859374, 1.0], [833.1934814453126, 557.9337768554688, 1.0], [825.5581665039061, 555.3988647460939, 1.0], [839.5562133789061, 547.37158203125, 1.0], [845.4948120117188, 554.9763793945312, 1.0], [838.2836914062501, 565.5385742187501, 1.0], [829.7999877929688, 564.2711181640625, 1.0], [844.6464233398438, 556.2438354492189, 1.0], [853.130126953125, 567.6510009765626, 1.0], [845.0706176757812, 576.5232543945311, 1.0], [836.5869750976564, 574.4107666015625, 1.0]], "head_box": [[521.0, 339.0], [644.0, 475.0]], "head_size": 136.0, "hand_box_center": [820.8921203613281, 548.4278259277343], "is_left": 0, "is_mpii": 1}