{"mpii_image": "029771985.jpg", "mpii_annorect_idx": 0, "mpii_body_pts": [[1488.0, 659.0, 1.0], [1524.0, 428.0, 1.0], [1523.1722412109375, 405.059814453125, 0.0], [1517.8277587890625, 256.940185546875, 0.0], [1095.0, 975.0, 1.0], [1254.0, 800.0, 1.0], [1429.0, 650.0, 1.0], [1547.0, 667.0, 1.0], [1718.0, 824.0, 1.0], [1778.0, 956.0, 1.0], [1294.0, 552.0, 1.0], [1383.0, 523.0, 1.0], [1424.0, 412.0, 1.0], [1624.0, 444.0, 1.0], [1672.0, 607.0, 1.0], [1648.0, 708.0, 1.0]], "hand_pts": [[1648.0, 708.0, 1.0], [1636.164428710937, 717.8899536132812, 1.0], [1620.305908203125, 738.0570068359373, 1.0], [1609.3270263671875, 754.8224487304686, 1.0], [1604.4473876953125, 774.2606201171875, 1.0], [1640.0681152343748, 754.8224487304686, 1.0], [1638.1162109374998, 778.1482543945311, 1.0], [1634.944580078125, 793.9417724609375, 1.0], [1633.9686279296877, 804.3897705078127, 1.0], [1656.1705322265623, 756.5232543945311, 1.0], [1660.5621337890625, 780.092041015625, 1.0], [1661.5380859375, 798.0723266601564, 1.0], [1661.0500488281248, 809.9782104492188, 1.0], [1663.9777832031252, 754.8224487304686, 1.0], [1668.6134033203123, 778.3912353515625, 1.0], [1671.0531005859373, 790.7830200195314, 1.0], [1674.4688720703125, 800.0161743164062, 1.0], [1670.3211669921875, 756.037353515625, 1.0], [1680.3242187499998, 766.2423706054688, 1.0], [1685.9357910156252, 776.2044067382814, 1.0], [1690.5712890625, 785.4375610351561, 1.0]], "head_box": [[1461.0, 260.0], [1580.0, 402.0]], "head_size": 142.0, "hand_box_center": [1647.5093383789062, 758.9891052246094], "is_left": 1, "is_mpii": 1}