{"mpii_image": "029992940.jpg", "mpii_annorect_idx": 0, "mpii_body_pts": [[736.0, 521.0, 0.0], [771.0, 366.0, 0.0], [776.9503173828125, 356.0827941894531, 0.0], [855.0496826171875, 225.91720581054688, 0.0], [909.0, 533.0, 0.0], [811.0, 605.0, 1.0], [675.0, 545.0, 0.0], [797.0, 497.0, 0.0], [919.0, 445.0, 1.0], [933.0, 553.0, 1.0], [709.0, 615.0, 1.0], [697.0, 495.0, 1.0], [715.0, 387.0, 1.0], [827.0, 345.0, 0.0], [881.0, 425.0, 1.0], [883.0, 531.0, 1.0]], "hand_pts": [[709.0, 615.0, 1.0], [730.1790161132812, 623.02880859375, 1.0], [747.0659790039061, 645.6262207031249, 1.0], [753.4331665039061, 667.3969116210938, 1.0], [761.184509277344, 686.9630126953124, 1.0], [730.1790161132812, 644.5239257812499, 1.0], [732.6705322265627, 654.1691284179686, 1.0], [733.5010375976564, 665.1923217773439, 1.0], [734.33154296875, 676.2154541015625, 1.0], [712.4616088867185, 647.5552978515624, 1.0], [704.4333496093751, 672.6329345703126, 1.0], [706.9248657226562, 683.3804931640625, 1.0], [706.0943603515626, 693.0256958007811, 1.0], [697.2356567382812, 652.2401123046875, 1.0], [689.7611083984374, 672.6329345703126, 1.0], [690.3147583007812, 681.7269897460939, 1.0], [690.5916137695312, 690.5455322265626, 1.0], [688.3769531249999, 653.0668334960938, 1.0], [682.009765625, 666.2946166992188, 1.0], [675.0888671875, 675.6643066406251, 1.0], [668.9984741210939, 682.829345703125, 1.0]], "head_box": [[765.0, 211.0], [867.0, 371.0]], "head_size": 160.0, "hand_box_center": [715.091491699219, 654.0128479003906], "is_left": 0, "is_mpii": 1}