{"mpii_image": "030062056.jpg", "mpii_annorect_idx": 0, "mpii_body_pts": [[360.0, 210.0, 1.0], [551.0, 164.0, 0.0], [557.1785278320312, 162.72569274902344, 0.0], [704.8214721679688, 132.27430725097656, 0.0], [444.0, 611.0, 1.0], [439.0, 456.0, 1.0], [404.0, 226.0, 1.0], [315.0, 193.0, 1.0], [257.0, 402.0, 1.0], [166.0, 640.0, 1.0], [694.0, 402.0, 1.0], [628.0, 342.0, 1.0], [605.0, 187.0, 1.0], [497.0, 140.0, 0.0], [470.0, 268.0, 0.0], [570.0, 342.0, 1.0]], "hand_pts": [[698.4130249023438, 400.17028808593756, 1.0], [711.3048095703126, 403.0696716308595, 1.0], [717.9586181640624, 410.1110229492187, 1.0], [725.4442138671875, 413.0104064941406, 1.0], [733.7614746093751, 412.80331420898426, 1.0], [726.4838256835938, 417.35949707031256, 1.0], [730.8504028320311, 438.06936645507807, 1.0], [719.6220703125, 438.27645874023426, 1.0], [716.295166015625, 430.19961547851557, 1.0], [720.2459106445312, 423.779541015625, 1.0], [726.0679931640624, 444.2823486328125, 1.0], [715.6713867187501, 445.5249328613281, 1.0], [710.4730834960939, 438.27645874023426, 1.0], [713.1762084960938, 429.57830810546875, 1.0], [714.4237670898438, 446.14620971679693, 1.0], [705.6906738281251, 448.6314086914063, 1.0], [700.7003173828125, 441.59005737304693, 1.0], [701.5320434570312, 430.6138000488281, 1.0], [704.0272216796875, 445.5249328613281, 1.0], [693.2147216796877, 447.38882446289057, 1.0], [689.2640380859374, 441.17584228515636, 1.0]], "head_box": [[576.0, 71.0], [686.0, 224.0]], "head_size": 153.0, "hand_box_center": [711.5127563476562, 424.40084838867193], "is_left": 0, "is_mpii": 1}