{"mpii_image": "030277513.jpg", "mpii_annorect_idx": 0, "mpii_body_pts": [[584.0, 457.0, 1.0], [623.0, 238.0, 1.0], [617.2647705078125, 206.4564971923828, 0.0], [592.7352294921875, 71.54350280761719, 0.0], [137.0, 605.0, 1.0], [288.0, 444.0, 1.0], [530.0, 446.0, 1.0], [638.0, 468.0, 1.0], [427.0, 508.0, 1.0], [204.0, 669.0, 1.0], [444.0, 311.0, 0.0], [475.0, 322.0, 0.0], [574.0, 237.0, 1.0], [671.0, 239.0, 1.0], [772.0, 398.0, 1.0], [714.0, 520.0, 1.0]], "hand_pts": [[444.0, 311.0, 1.0], [456.33154296874994, 322.2630310058594, 1.0], [454.0808715820313, 339.6888732910156, 1.0], [443.0775451660156, 330.22912597656244, 1.0], [435.0751037597656, 321.2672729492187, 1.0], [471.58615112304693, 302.84564208984386, 1.0], [449.079345703125, 308.82022094726557, 1.0], [441.82714843749994, 313.7990417480469, 1.0], [434.32489013671886, 319.7736206054688, 1.0], [463.0835876464843, 290.14968872070324, 1.0], [440.5767822265625, 302.34777832031256, 1.0], [431.5740661621094, 311.55859374999994, 1.0], [428.82321166992193, 318.5289306640625, 1.0], [453.83078002929693, 284.17510986328125, 1.0], [432.5743713378906, 296.62213134765625, 1.0], [426.82260131835943, 304.8371887207031, 1.0], [424.3218688964844, 314.29693603515625, 1.0], [444.82806396484375, 278.9473571777344, 1.0], [424.822021484375, 287.66027832031256, 1.0], [420.07058715820307, 302.34777832031256, 1.0], [418.82019042968744, 311.55859374999994, 1.0]], "head_box": [[557.0, 68.0], [653.0, 210.0]], "head_size": 142.0, "hand_box_center": [445.2031707763672, 309.318115234375], "is_left": 0, "is_mpii": 1}