{"mpii_image": "030884381.jpg", "mpii_annorect_idx": 0, "mpii_body_pts": [[1365.0, 493.0, 0.0], [1124.0, 463.0, 0.0], [1124.462646484375, 462.96881103515625, 0.0], [960.5372924804688, 474.03118896484375, 0.0], [1522.0, 427.0, 1.0], [1405.0, 477.0, 0.0], [1315.0, 468.0, 0.0], [1414.0, 517.0, 1.0], [1516.0, 517.0, 1.0], [1671.0, 483.0, 1.0], [1121.0, 523.0, 0.0], [1114.0, 431.0, 0.0], [1077.0, 437.0, 0.0], [1170.0, 489.0, 1.0], [1337.0, 539.0, 1.0], [1294.0, 659.0, 1.0]], "hand_pts": [[1294.0, 659.0, 1.0], [1277.0275878906252, 658.7844238281251, 1.0], [1254.2786865234375, 658.5048217773439, 1.0], [1237.1467285156248, 662.6996459960939, 1.0], [1233.4956054687505, 674.4452514648436, 1.0], [1267.1978759765625, 670.2503662109375, 1.0], [1248.099853515625, 682.5552978515624, 1.0], [1238.5509033203125, 690.3856811523438, 1.0], [1230.1253662109373, 697.097412109375, 1.0], [1279.2744140624998, 676.1231689453125, 1.0], [1263.5467529296877, 688.4280395507814, 1.0], [1253.4360351562502, 697.3770751953124, 1.0], [1245.8531494140623, 706.3261108398436, 1.0], [1290.508544921875, 679.1994018554688, 1.0], [1278.4318847656252, 692.0635986328125, 1.0], [1270.848876953125, 700.4533081054686, 1.0], [1262.42333984375, 708.2836914062501, 1.0], [1298.93408203125, 688.1484375000001, 1.0], [1293.8787841796875, 696.5380859375001, 1.0], [1291.0701904296875, 702.4108886718751, 1.0], [1288.26171875, 709.40234375, 1.0]], "head_box": [[974.0, 392.0], [1111.0, 545.0]], "head_size": 153.0, "hand_box_center": [1264.5297241210938, 683.9535827636719], "is_left": 1, "is_mpii": 1}