{"mpii_image": "030884381.jpg", "mpii_annorect_idx": 0, "mpii_body_pts": [[1365.0, 493.0, 0.0], [1124.0, 463.0, 0.0], [1124.462646484375, 462.96881103515625, 0.0], [960.5372924804688, 474.03118896484375, 0.0], [1522.0, 427.0, 1.0], [1405.0, 477.0, 0.0], [1315.0, 468.0, 0.0], [1414.0, 517.0, 1.0], [1516.0, 517.0, 1.0], [1671.0, 483.0, 1.0], [1121.0, 523.0, 0.0], [1114.0, 431.0, 0.0], [1077.0, 437.0, 0.0], [1170.0, 489.0, 1.0], [1337.0, 539.0, 1.0], [1294.0, 659.0, 1.0]], "hand_pts": [[1122.6248779296875, 558.0131225585939, 1.0], [1131.651489257812, 565.5839843750001, 1.0], [1126.4255371093752, 581.1989135742189, 1.0], [1111.6981201171873, 584.9843750000001, 1.0], [1102.196533203125, 593.0283813476565, 1.0], [1091.7447509765625, 576.9403076171876, 1.0], [1075.5920410156248, 578.3598632812499, 1.0], [1066.0904541015625, 582.6184692382814, 1.0], [1056.5888671875002, 587.3502197265624, 1.0], [1087.4689941406252, 571.2621459960938, 1.0], [1067.5157470703125, 569.3694458007811, 1.0], [1055.638671875, 576.4671020507811, 1.0], [1046.1370849609375, 580.7257080078126, 1.0], [1084.6185302734373, 566.5303344726564, 1.0], [1071.3162841796875, 568.423095703125, 1.0], [1056.5888671875002, 572.6817016601565, 1.0], [1045.6619873046875, 574.5744018554688, 1.0], [1085.0936279296875, 561.7985839843751, 1.0], [1072.7415771484377, 564.6376342773439, 1.0], [1061.814697265625, 565.11083984375, 1.0], [1050.412841796875, 567.9498901367188, 1.0]], "head_box": [[974.0, 392.0], [1111.0, 545.0]], "head_size": 153.0, "hand_box_center": [1088.6567382812498, 575.5207519531252], "is_left": 0, "is_mpii": 1}