{"mpii_image": "030963332.jpg", "mpii_annorect_idx": 0, "mpii_body_pts": [[957.0, 838.0, 1.0], [933.0, 510.0, 1.0], [935.844482421875, 406.5625, 0.0], [941.155517578125, 213.4375, 0.0], [970.0, 962.0, 1.0], [627.0, 904.0, 1.0], [872.0, 838.0, 1.0], [1042.0, 838.0, 1.0], [1264.0, 907.0, 1.0], [973.0, 930.0, 0.0], [859.0, 806.0, 1.0], [728.0, 731.0, 1.0], [794.0, 518.0, 1.0], [1071.0, 502.0, 1.0], [1189.0, 695.0, 1.0], [1074.0, 708.0, 1.0]], "hand_pts": [[884.5784301757814, 811.6960449218751, 1.0], [898.01416015625, 782.3603515625, 1.0], [929.4594116210938, 768.6893310546877, 1.0], [960.0471191406249, 762.4234619140625, 1.0], [980.6295166015625, 752.7398071289062, 1.0], [957.1884765625002, 795.1768798828125, 1.0], [990.3489379882812, 797.740234375, 1.0], [1012.3606567382811, 801.4428100585938, 1.0], [1028.6550292968748, 805.1453247070312, 1.0], [954.3297729492189, 811.1264038085938, 1.0], [991.2065429687501, 813.1201171874999, 1.0], [1014.6475830078125, 816.8226928710936, 1.0], [1030.370239257812, 818.8163452148438, 1.0], [946.8972778320311, 825.65185546875, 1.0], [991.7783203125001, 827.6455688476562, 1.0], [1011.7889404296877, 826.7911376953125, 1.0], [1024.3670654296877, 826.2214965820312, 1.0], [936.8919677734374, 836.4747314453126, 1.0], [970.3383178710938, 837.6140136718751, 1.0], [988.3479003906249, 838.1836547851562, 1.0], [998.6390991210938, 836.1899414062501, 1.0]], "head_box": [[858.0, 220.0], [1019.0, 400.0]], "head_size": 180.0, "hand_box_center": [957.4743347167966, 795.4617309570312], "is_left": 0, "is_mpii": 1}