{"mpii_image": "031181613.jpg", "mpii_annorect_idx": 0, "mpii_body_pts": [[232.0, 341.0, 0.0], [232.0, 163.0, 1.0], [227.2935028076172, 180.88450622558594, 0.0], [261.7065124511719, 50.115501403808594, 0.0], [194.0, 382.0, 0.0], [231.0, 480.0, 1.0], [197.0, 347.0, 1.0], [267.0, 335.0, 0.0], [333.0, 437.0, 1.0], [251.0, 362.0, 0.0], [324.0, 353.0, 1.0], [223.0, 322.0, 1.0], [182.0, 191.0, 1.0], [282.0, 135.0, 1.0], [365.0, 179.0, 1.0], [440.0, 237.0, 1.0]], "hand_pts": [[444.8681335449219, 237.18562316894528, 1.0], [448.4429016113282, 249.7771453857422, 1.0], [461.0920715332031, 259.35763549804693, 1.0], [475.9411315917969, 264.2847595214843, 1.0], [487.21539306640625, 268.93814086914057, 1.0], [470.7164611816406, 247.03985595703125, 1.0], [486.115478515625, 255.79916381835938, 1.0], [491.0651550292969, 262.64239501953136, 1.0], [494.9149169921874, 269.48559570312494, 1.0], [476.4910888671874, 242.11273193359378, 1.0], [490.24020385742193, 253.33561706542974, 1.0], [496.01483154296875, 260.7262878417969, 1.0], [499.3146362304688, 267.8432312011719, 1.0], [481.44076538085943, 238.00680541992188, 1.0], [491.3401489257813, 250.59832763671878, 1.0], [497.1147766113282, 258.5364685058594, 1.0], [501.23950195312494, 265.10595703125, 1.0], [483.64062500000006, 242.11273193359378, 1.0], [489.96524047851557, 249.50341796875, 1.0], [494.36495971679693, 255.251708984375, 1.0], [497.6647338867188, 260.1788330078125, 1.0]], "head_box": [[195.0, 47.0], [294.0, 184.0]], "head_size": 137.0, "hand_box_center": [473.05381774902344, 253.3356094360351], "is_left": 1, "is_mpii": 1}