{"mpii_image": "031468897.jpg", "mpii_annorect_idx": 0, "mpii_body_pts": [[897.0, 590.0, 0.0], [582.0, 487.0, 0.0], [572.5853881835938, 482.0631103515625, 0.0], [427.41461181640625, 405.9368896484375, 0.0], [1276.0, 833.0, 1.0], [1028.0, 860.0, 1.0], [908.0, 595.0, 0.0], [886.0, 585.0, 1.0], [624.0, 622.0, 1.0], [554.0, 862.0, 1.0], [852.0, 581.0, 0.0], [756.0, 482.0, 0.0], [602.0, 460.0, 0.0], [561.0, 513.0, 1.0], [472.0, 674.0, 1.0], [338.0, 809.0, 1.0]], "hand_pts": [[342.32147216796875, 809.4605102539061, 1.0], [315.06893920898426, 812.9539184570312, 1.0], [278.10263061523443, 827.1961059570314, 1.0], [256.78628540039057, 855.6806030273439, 1.0], [246.53283691406253, 872.0725708007812, 1.0], [272.70608520507807, 828.27099609375, 1.0], [250.31042480468753, 852.7246704101564, 1.0], [250.8500671386719, 868.847961425781, 1.0], [256.5164489746093, 877.1782836914062, 1.0], [288.086212158203, 831.2269287109374, 1.0], [274.86468505859375, 868.0417480468751, 1.0], [289.70520019531256, 873.4161987304686, 1.0], [294.5620727539063, 866.4294433593751, 1.0], [300.7680969238281, 839.5573120117186, 1.0], [293.2129516601563, 870.7290039062501, 1.0], [306.1646423339845, 874.2223510742188, 1.0], [309.13275146484375, 864.817138671875, 1.0], [314.79910278320307, 851.1123046875, 1.0], [308.86291503906256, 869.1166381835936, 1.0], [316.4180603027344, 875.0285034179688, 1.0], [320.4654846191407, 869.1166381835936, 1.0]], "head_box": [[436.0, 364.0], [564.0, 524.0]], "head_size": 160.0, "hand_box_center": [294.4271545410156, 843.3193969726562], "is_left": 1, "is_mpii": 1}