{"mpii_image": "031528051.jpg", "mpii_annorect_idx": 0, "mpii_body_pts": [[1244.0, 414.0, 0.0], [863.0, 325.0, 0.0], [822.5151977539062, 329.82940673828125, 0.0], [509.48480224609375, 367.17059326171875, 0.0], [1462.0, 407.0, 1.0], [1325.0, 448.0, 0.0], [1214.0, 383.0, 0.0], [1273.0, 445.0, 1.0], [1484.0, 600.0, 1.0], [1707.0, 491.0, 1.0], [801.0, 593.0, 1.0], [876.0, 330.0, 0.0], [804.0, 286.0, 0.0], [922.0, 364.0, 1.0], [1173.0, 578.0, 1.0], [1074.0, 780.0, 1.0]], "hand_pts": [[801.0, 593.0, 1.0], [804.6589965820312, 609.2316284179686, 1.0], [806.3837890625001, 625.8287353515626, 1.0], [789.1361083984374, 645.8596801757811, 1.0], [770.738525390625, 663.0291137695312, 1.0], [762.1146850585939, 622.3948364257812, 1.0], [715.5458984375, 637.8472900390624, 1.0], [698.2981567382814, 645.2874145507814, 1.0], [682.7752685546876, 652.7274780273439, 1.0], [744.867004394531, 614.9547729492189, 1.0], [695.9984741210939, 625.2564086914061, 1.0], [682.7752685546876, 633.2687988281251, 1.0], [664.3776855468751, 641.2811889648439, 1.0], [736.8180541992186, 609.8038940429688, 1.0], [695.423583984375, 618.9609375, 1.0], [682.2003173828125, 624.6840820312501, 1.0], [666.1024780273439, 629.8348999023438, 1.0], [741.4174194335936, 604.6530761718751, 1.0], [706.9220581054685, 610.9485473632812, 1.0], [693.6987915039064, 612.0932006835938, 1.0], [681.6254272460939, 611.5208740234375, 1.0]], "head_box": [[545.0, 193.0], [787.0, 504.0]], "head_size": 311.0, "hand_box_center": [735.3807373046876, 628.0145568847656], "is_left": 0, "is_mpii": 1}