{"mpii_image": "031525124.jpg", "mpii_annorect_idx": 0, "mpii_body_pts": [[817.0, 354.0, 0.0], [730.0, 109.0, 0.0], [743.1176147460938, 109.41739654541016, 0.0], [496.88238525390625, 101.58260345458984, 0.0], [1114.0, 472.0, 1.0], [892.0, 526.0, 1.0], [793.0, 309.0, 0.0], [841.0, 398.0, 1.0], [580.0, 450.0, 1.0], [607.0, 714.0, 1.0], [491.0, 119.0, 1.0], [572.0, 28.0, 0.0], [737.0, 15.0, 0.0], [723.0, 202.0, 1.0], [582.0, 375.0, 1.0], [413.0, 309.0, 1.0]], "hand_pts": [[413.0, 309.0, 1.0], [400.41986083984386, 277.8916931152344, 1.0], [360.6778869628906, 244.7744903564453, 1.0], [316.06954956054693, 242.3512725830078, 1.0], [299.8483276367188, 246.79382324218747, 1.0], [327.42440795898426, 257.2944030761719, 1.0], [299.4428100585937, 248.81317138671875, 1.0], [279.5718078613281, 239.52420043945315, 1.0], [269.839080810547, 232.25456237792972, 1.0], [326.2077941894532, 283.94970703125, 1.0], [289.3045349121093, 266.5833740234375, 1.0], [277.94970703125, 254.87120056152344, 1.0], [286.4658203125, 244.7744903564453, 1.0], [328.64099121093756, 298.8928527832031, 1.0], [307.55340576171875, 294.0464172363281, 1.0], [299.8483276367188, 282.73809814453125, 1.0], [309.58105468749994, 274.6607360839844, 1.0], [331.8852233886719, 314.6437072753906, 1.0], [316.06954956054693, 310.2011413574219, 1.0], [309.58105468749994, 303.73925781249994, 1.0], [316.4750671386719, 296.8735046386719, 1.0]], "head_box": [[506.0, 2.0], [734.0, 209.0]], "head_size": 207.0, "hand_box_center": [341.4195404052735, 273.44913482666016], "is_left": 1, "is_mpii": 1}