{"mpii_image": "031632206.jpg", "mpii_annorect_idx": 0, "mpii_body_pts": [[923.0, 883.0, 0.0], [922.0, 604.0, 1.0], [923.22802734375, 571.7647705078125, 0.0], [928.77197265625, 426.2351989746094, 0.0], [1052.0, 898.0, 1.0], [886.0, 758.0, 1.0], [876.0, 896.0, 1.0], [969.0, 870.0, 0.0], [1117.0, 851.0, 0.0], [1011.0, 896.0, 0.0], [1086.0, 888.0, 1.0], [949.0, 761.0, 1.0], [853.0, 608.0, 1.0], [990.0, 600.0, 1.0], [1060.0, 737.0, 1.0], [1120.0, 862.0, 1.0]], "hand_pts": [[1129.4666748046877, 869.6929321289062, 1.0], [1124.9301757812505, 888.4689331054686, 1.0], [1129.4112548828125, 905.8211669921874, 1.0], [1134.88818359375, 921.438232421875, 1.0], [1143.3524169921873, 934.3284912109375, 1.0], [1164.7376708984375, 885.3331298828123, 1.0], [1179.4499511718752, 907.8043212890625, 1.0], [1176.213623046875, 928.379150390625, 1.0], [1171.7325439453125, 938.0468139648438, 1.0], [1175.4327392578123, 890.3198852539062, 1.0], [1185.17578125, 919.9508666992186, 1.0], [1180.1968994140625, 933.8327026367188, 1.0], [1168.4962158203125, 945.4835205078126, 1.0], [1180.2114257812502, 895.0799560546876, 1.0], [1191.3995361328123, 923.1734619140626, 1.0], [1184.1800537109375, 937.0552978515624, 1.0], [1172.4794921875, 948.9539794921875, 1.0], [1183.6821289062498, 902.1028442382814, 1.0], [1187.16748046875, 918.7114257812499, 1.0], [1184.1800537109375, 929.3707275390626, 1.0], [1177.7073974609377, 938.2947387695315, 1.0]], "head_box": [[873.0, 425.0], [979.0, 573.0]], "head_size": 148.0, "hand_box_center": [1158.1648559570312, 909.3234558105469], "is_left": 1, "is_mpii": 1}