{"mpii_image": "031632206.jpg", "mpii_annorect_idx": 0, "mpii_body_pts": [[923.0, 883.0, 0.0], [922.0, 604.0, 1.0], [923.22802734375, 571.7647705078125, 0.0], [928.77197265625, 426.2351989746094, 0.0], [1052.0, 898.0, 1.0], [886.0, 758.0, 1.0], [876.0, 896.0, 1.0], [969.0, 870.0, 0.0], [1117.0, 851.0, 0.0], [1011.0, 896.0, 0.0], [1086.0, 888.0, 1.0], [949.0, 761.0, 1.0], [853.0, 608.0, 1.0], [990.0, 600.0, 1.0], [1060.0, 737.0, 1.0], [1120.0, 862.0, 1.0]], "hand_pts": [[1086.3310546875, 880.7570190429686, 1.0], [1121.6552734375, 888.1599731445312, 1.0], [1143.96533203125, 898.735595703125, 1.0], [1154.0579833984375, 913.2770385742189, 1.0], [1157.5107421875, 923.8526611328123, 1.0], [1145.5589599609377, 901.6438598632812, 1.0], [1161.49462890625, 933.6351318359374, 1.0], [1158.3074951171875, 947.3834228515625, 1.0], [1154.0579833984375, 956.6371459960938, 1.0], [1141.840576171875, 909.0468139648438, 1.0], [1155.385986328125, 941.302490234375, 1.0], [1151.9332275390623, 954.257629394531, 1.0], [1146.090087890625, 962.4537353515626, 1.0], [1129.3575439453125, 917.7716674804686, 1.0], [1138.1221923828123, 945.797119140625, 1.0], [1135.46630859375, 959.809814453125, 1.0], [1125.1080322265623, 960.8673706054686, 1.0], [1117.6713867187498, 922.5307006835938, 1.0], [1117.4057617187505, 940.7736816406252, 1.0], [1117.6713867187498, 952.1424560546875, 1.0], [1110.2346191406252, 943.4176025390625, 1.0]], "head_box": [[873.0, 425.0], [979.0, 573.0]], "head_size": 148.0, "hand_box_center": [1123.912841796875, 921.6053771972656], "is_left": 0, "is_mpii": 1}