{"mpii_image": "031778541.jpg", "mpii_annorect_idx": 0, "mpii_body_pts": [[834.0, 550.0, 0.0], [881.0, 354.0, 1.0], [883.148681640625, 297.4892883300781, 0.0], [888.851318359375, 147.5106964111328, 0.0], [796.0, 663.0, 0.0], [629.0, 523.0, 1.0], [786.0, 543.0, 1.0], [881.0, 557.0, 0.0], [938.0, 551.0, 1.0], [800.0, 643.0, 0.0], [800.0, 476.0, 1.0], [757.0, 476.0, 1.0], [775.0, 336.0, 1.0], [987.0, 371.0, 1.0], [978.0, 509.0, 1.0], [954.0, 509.0, 1.0]], "hand_pts": [[954.0, 509.0, 1.0], [955.9078369140625, 499.6754455566406, 1.0], [960.2693481445312, 483.58102416992193, 1.0], [950.5200805664064, 473.3623657226563, 1.0], [939.2315063476564, 469.0194091796875, 1.0], [950.5200805664064, 497.6317138671874, 1.0], [942.8233642578126, 507.594940185547, 1.0], [929.9954223632812, 497.8871765136719, 1.0], [919.4765014648438, 489.456787109375, 1.0], [942.0536499023438, 504.0184020996094, 1.0], [935.3831176757812, 517.3026733398438, 1.0], [912.0363159179688, 497.12078857421875, 1.0], [898.4386596679688, 490.223175048828, 1.0], [932.5609741210938, 514.7479858398438, 1.0], [914.0887451171877, 512.959716796875, 1.0], [900.7477416992188, 500.44186401367193, 1.0], [889.2025756835938, 489.7122497558594, 1.0], [923.5814208984374, 516.2808227539062, 1.0], [907.4182128906249, 505.29571533203125, 1.0], [902.2870483398439, 498.3981323242187, 1.0], [897.9255981445311, 493.0333251953125, 1.0]], "head_box": [[829.0, 148.0], [943.0, 297.0]], "head_size": 149.0, "hand_box_center": [924.7359619140625, 493.1610412597656], "is_left": 1, "is_mpii": 1}