{"mpii_image": "031778541.jpg", "mpii_annorect_idx": 1, "mpii_body_pts": [[1117.0, 594.0, 0.0], [1144.0, 454.0, 0.0], [1129.9742431640625, 405.5310974121094, 0.0], [1079.0257568359375, 229.46890258789062, 0.0], [711.0, 687.0, 1.0], [898.0, 598.0, 0.0], [1113.0, 565.0, 0.0], [1121.0, 622.0, 0.0], [877.0, 589.0, 1.0], [776.0, 717.0, 0.0], [920.0, 464.0, 1.0], [1060.0, 466.0, 1.0], [1127.0, 407.0, 0.0], [1161.0, 500.0, 1.0], [1131.0, 648.0, 1.0], [962.0, 626.0, 1.0]], "hand_pts": [[971.9252319335938, 625.1715698242186, 1.0], [965.6590576171876, 614.8763427734375, 1.0], [952.5000610351562, 604.2692260742186, 1.0], [925.5555419921875, 607.700927734375, 1.0], [910.8300170898436, 615.5003051757812, 1.0], [936.5213623046875, 600.8374633789061, 1.0], [920.2293090820312, 593.6620483398438, 1.0], [905.1904907226564, 594.2860107421876, 1.0], [898.2976684570312, 595.221923828125, 1.0], [929.9418334960938, 608.3248901367188, 1.0], [910.5167236328125, 614.5643920898438, 1.0], [904.877197265625, 624.5476074218749, 1.0], [902.3707275390626, 632.3469848632811, 1.0], [934.0148925781252, 616.4362182617186, 1.0], [910.8300170898436, 616.4362182617186, 1.0], [904.5638427734375, 626.41943359375, 1.0], [901.1174926757812, 635.1547241210938, 1.0], [928.0620117187499, 623.2996826171877, 1.0], [910.8300170898436, 623.6116943359374, 1.0], [905.1904907226564, 627.9793090820312, 1.0], [902.0573730468751, 633.9068603515625, 1.0]], "head_box": [[1033.0, 228.0], [1176.0, 407.0]], "head_size": 179.0, "hand_box_center": [935.1114501953125, 614.4083862304688], "is_left": 1, "is_mpii": 1}