{"mpii_image": "032581788.jpg", "mpii_annorect_idx": 0, "mpii_body_pts": [[727.0, 334.0, 1.0], [746.0, 210.0, 1.0], [743.6220092773438, 222.2144012451172, 0.0], [770.3779907226562, 84.78559875488281, 0.0], [659.0, 631.0, 1.0], [698.0, 453.0, 1.0], [684.0, 334.0, 1.0], [770.0, 334.0, 1.0], [782.0, 478.0, 1.0], [741.0, 635.0, 1.0], [665.0, 388.0, 1.0], [637.0, 318.0, 1.0], [659.0, 203.0, 1.0], [833.0, 216.0, 1.0], [854.0, 314.0, 1.0], [870.0, 404.0, 1.0]], "hand_pts": [[665.0, 388.0, 1.0], [673.5276489257811, 386.2511596679687, 1.0], [684.2517700195314, 390.57217407226557, 1.0], [692.9331665039061, 403.28100585937494, 1.0], [703.1466064453124, 408.8729248046875, 1.0], [670.463623046875, 395.14733886718744, 1.0], [680.9324340820311, 407.60202026367193, 1.0], [686.2944335937501, 411.9230346679687, 1.0], [690.8905029296876, 415.2273254394531, 1.0], [659.9948730468752, 403.02685546874994, 1.0], [670.2083129882814, 415.7356872558594, 1.0], [676.3363647460938, 420.81924438476574, 1.0], [681.4430541992186, 424.12353515624994, 1.0], [659.2288818359375, 417.5149230957032, 1.0], [668.67626953125, 424.12353515624994, 1.0], [672.5063476562501, 427.9361877441405, 1.0], [679.1450805664064, 433.2738952636719, 1.0], [656.9308471679688, 420.5650634765625, 1.0], [666.6336059570314, 427.9361877441405, 1.0], [670.2083129882814, 430.7321472167969, 1.0], [674.8043212890625, 434.03643798828114, 1.0]], "head_box": [[708.0, 81.0], [806.0, 226.0]], "head_size": 145.0, "hand_box_center": [680.0387268066406, 410.1437988281249], "is_left": 0, "is_mpii": 1}