{"mpii_image": "032625392.jpg", "mpii_annorect_idx": 2, "mpii_body_pts": [[718.0, 890.0, 0.0], [799.0, 635.0, 1.0], [799.3760986328125, 579.334716796875, 0.0], [800.6239013671875, 394.6653137207031, 0.0], [748.0, 1066.0, 1.0], [736.0, 766.0, 1.0], [639.0, 890.0, 0.0], [796.0, 890.0, 0.0], [902.0, 775.0, 1.0], [884.0, 1017.0, 1.0], [754.0, 963.0, 1.0], [681.0, 821.0, 1.0], [663.0, 633.0, 1.0], [935.0, 636.0, 1.0], [1029.0, 805.0, 1.0], [1075.0, 939.0, 0.0]], "hand_pts": [[749.6268920898438, 951.0103149414062, 1.0], [783.2434082031251, 972.7811889648439, 1.0], [806.4160156249999, 995.2019653320312, 1.0], [839.3798217773439, 1009.4992675781251, 1.0], [861.5733032226565, 1009.4992675781251, 1.0], [806.4160156249999, 1008.849365234375, 1.0], [819.79736328125, 1046.8671875, 1.0], [812.2907714843751, 1068.6380615234375, 1.0], [797.2775268554686, 1064.0889892578123, 1.0], [789.4445190429686, 1012.0987548828125, 1.0], [794.0137939453126, 1054.6657714843752, 1.0], [786.1807861328126, 1072.21240234375, 1.0], [768.230224609375, 1067.33837890625, 1.0], [770.1884765625002, 1011.1239624023438, 1.0], [771.4939575195314, 1051.4163818359375, 1.0], [760.723571777344, 1066.363525390625, 1.0], [750.9323730468751, 1066.363525390625, 1.0], [750.9323730468751, 1015.34814453125, 1.0], [752.8906249999999, 1040.3684082031248, 1.0], [748.9741210937499, 1059.21484375, 1.0], [735.5927734375001, 1064.0889892578123, 1.0]], "head_box": [[729.0, 396.0], [871.0, 578.0]], "head_size": 182.0, "hand_box_center": [798.5830383300784, 1011.6113586425781], "is_left": 0, "is_mpii": 1}