{"mpii_image": "032682031.jpg", "mpii_annorect_idx": 1, "mpii_body_pts": [[1084.0, 595.0, 0.0], [1323.0, 585.0, 0.0], [1339.9959716796875, 593.8206787109375, 0.0], [1464.0040283203125, 658.1793212890625, 0.0], [895.0, 815.0, 1.0], [1008.0, 731.0, 1.0], [1068.0, 595.0, 1.0], [1100.0, 595.0, 0.0], [1110.0, 686.0, 0.0], [1053.0, 763.0, 0.0], [1248.0, 849.0, 1.0], [1256.0, 708.0, 1.0], [1303.0, 590.0, 1.0], [1342.0, 580.0, 0.0], [1325.0, 708.0, 1.0], [1310.0, 805.0, 1.0]], "hand_pts": [[1248.0, 849.0, 1.0], [1262.0344238281248, 854.9024658203124, 1.0], [1270.4427490234375, 871.8964233398438, 1.0], [1285.2210693359375, 880.2666015625, 1.0], [1296.43212890625, 883.0566406249999, 1.0], [1261.0152587890627, 876.2083740234376, 1.0], [1253.8809814453125, 884.8321533203124, 1.0], [1249.54931640625, 888.3831176757812, 1.0], [1245.2177734375002, 892.1877441406251, 1.0], [1247.510986328125, 875.7010498046875, 1.0], [1237.8286132812502, 883.0566406249999, 1.0], [1230.4395751953127, 887.1149291992186, 1.0], [1224.8339843749998, 891.1731567382814, 1.0], [1238.847900390625, 874.432861328125, 1.0], [1227.63671875, 881.0275268554685, 1.0], [1219.9927978515625, 885.5930786132814, 1.0], [1214.132446289062, 889.6513061523438, 1.0], [1231.2039794921877, 872.9110107421875, 1.0], [1218.2092285156248, 878.9984130859374, 1.0], [1211.5844726562498, 881.7884521484376, 1.0], [1203.9405517578127, 884.3248901367188, 1.0]], "head_box": [[1335.0, 570.0], [1469.0, 682.0]], "head_size": 112.0, "hand_box_center": [1250.1863403320312, 870.5938720703125], "is_left": 0, "is_mpii": 1}