{"mpii_image": "032682031.jpg", "mpii_annorect_idx": 1, "mpii_body_pts": [[1084.0, 595.0, 0.0], [1323.0, 585.0, 0.0], [1339.9959716796875, 593.8206787109375, 0.0], [1464.0040283203125, 658.1793212890625, 0.0], [895.0, 815.0, 1.0], [1008.0, 731.0, 1.0], [1068.0, 595.0, 1.0], [1100.0, 595.0, 0.0], [1110.0, 686.0, 0.0], [1053.0, 763.0, 0.0], [1248.0, 849.0, 1.0], [1256.0, 708.0, 1.0], [1303.0, 590.0, 1.0], [1342.0, 580.0, 0.0], [1325.0, 708.0, 1.0], [1310.0, 805.0, 1.0]], "hand_pts": [[1315.6105957031252, 819.8313598632811, 1.0], [1331.2244873046875, 827.220458984375, 1.0], [1348.1180419921875, 827.7300415039062, 1.0], [1361.42822265625, 827.7300415039062, 1.0], [1368.0833740234373, 827.98486328125, 1.0], [1349.1419677734375, 821.1053466796877, 1.0], [1364.243896484375, 818.5573730468751, 1.0], [1374.994384765625, 823.3984985351564, 1.0], [1381.3935546875, 826.2012939453125, 1.0], [1346.8382568359373, 818.3025512695312, 1.0], [1359.3804931640625, 816.5189819335939, 1.0], [1369.3631591796875, 819.5765380859374, 1.0], [1376.0181884765625, 821.8696899414061, 1.0], [1342.7427978515625, 817.028564453125, 1.0], [1353.749267578125, 815.4997558593751, 1.0], [1361.6842041015623, 818.8121337890624, 1.0], [1367.0594482421873, 821.6149291992186, 1.0], [1339.1593017578123, 813.7161865234375, 1.0], [1348.6300048828123, 815.7545776367189, 1.0], [1354.7731933593748, 817.5381469726564, 1.0], [1358.8686523437502, 819.8313598632811, 1.0]], "head_box": [[1335.0, 570.0], [1469.0, 682.0]], "head_size": 112.0, "hand_box_center": [1348.5020751953125, 820.8505249023438], "is_left": 1, "is_mpii": 1}