{"mpii_image": "033091189.jpg", "mpii_annorect_idx": 0, "mpii_body_pts": [[736.0, 603.0, 0.0], [820.0, 271.0, 0.0], [812.593994140625, 205.8704071044922, 0.0], [793.406005859375, 37.129600524902344, 0.0], [338.0, 594.0, 1.0], [525.0, 394.0, 1.0], [697.0, 572.0, 0.0], [775.0, 633.0, 1.0], [710.0, 446.0, 1.0], [527.0, 629.0, 1.0], [732.0, 524.0, 0.0], [778.0, 389.0, 0.0], [751.0, 252.0, 0.0], [889.0, 289.0, 1.0], [956.0, 461.0, 1.0], [919.0, 622.0, 1.0]], "hand_pts": [[919.0, 622.0, 1.0], [900.4972534179686, 628.5294799804688, 1.0], [877.5631713867188, 641.2485351562501, 1.0], [866.2412719726564, 649.6315307617188, 1.0], [852.3067016601564, 649.3424682617186, 1.0], [897.8845214843749, 666.1085205078126, 1.0], [901.9487304687501, 676.8040771484375, 1.0], [902.5293579101564, 686.9215087890624, 1.0], [906.8839111328125, 696.7498168945311, 1.0], [914.72216796875, 665.2412719726564, 1.0], [924.592529296875, 680.2728881835938, 1.0], [931.2695312500001, 688.6558837890625, 1.0], [939.6883544921876, 697.327941894531, 1.0], [929.5277099609375, 667.2647705078127, 1.0], [941.4301757812499, 677.9603271484374, 1.0], [947.5265502929686, 686.9215087890624, 1.0], [953.0423583984374, 693.2810058593751, 1.0], [935.3338012695314, 664.9522094726561, 1.0], [946.0750732421877, 669.5773315429689, 1.0], [954.7841796875001, 675.0696411132811, 1.0], [962.0418090820311, 679.9838256835938, 1.0]], "head_box": [[735.0, 40.0], [871.0, 203.0]], "head_size": 163.0, "hand_box_center": [907.1742553710938, 659.6639709472655], "is_left": 1, "is_mpii": 1}