{"mpii_image": "033426337.jpg", "mpii_annorect_idx": 0, "mpii_body_pts": [[535.0, 489.0, 0.0], [646.0, 341.0, 0.0], [674.0346069335938, 325.2304992675781, 0.0], [793.9653930664062, 257.7695007324219, 0.0], [564.0, 812.0, 1.0], [569.0, 645.0, 1.0], [510.0, 497.0, 1.0], [559.0, 480.0, 0.0], [549.0, 632.0, 0.0], [492.0, 822.0, 1.0], [647.0, 505.0, 1.0], [561.0, 473.0, 1.0], [618.0, 343.0, 1.0], [674.0, 338.0, 0.0], [618.0, 431.0, 0.0], [706.0, 463.0, 0.0]], "hand_pts": [[730.3614501953123, 470.11865234375006, 1.0], [736.9301147460938, 453.6514892578125, 1.0], [739.6481933593751, 441.92144775390625, 1.0], [744.6313476562501, 429.7402648925781, 1.0], [749.6144409179689, 417.55905151367193, 1.0], [763.6578369140625, 438.31219482421875, 1.0], [773.6240844726564, 430.64257812500006, 1.0], [780.4192504882811, 425.67987060546886, 1.0], [788.7999877929688, 419.36367797851557, 1.0], [768.1879272460939, 445.30511474609364, 1.0], [777.701171875, 438.98895263671875, 1.0], [787.8939208984374, 432.44717407226557, 1.0], [800.8048095703126, 423.875244140625, 1.0], [771.8120117187499, 448.46319580078125, 1.0], [783.8168334960938, 441.69586181640636, 1.0], [791.9710693359374, 436.5075988769531, 1.0], [797.4071655273438, 432.67276000976574, 1.0], [771.1325073242186, 460.6443786621094, 1.0], [779.0602416992186, 456.8095703125, 1.0], [787.44091796875, 453.6514892578125, 1.0], [794.236083984375, 450.042236328125, 1.0]], "head_box": [[682.0, 223.0], [786.0, 360.0]], "head_size": 137.0, "hand_box_center": [765.5831298828125, 443.838851928711], "is_left": 1, "is_mpii": 1}