{"mpii_image": "033426337.jpg", "mpii_annorect_idx": 0, "mpii_body_pts": [[535.0, 489.0, 0.0], [646.0, 341.0, 0.0], [674.0346069335938, 325.2304992675781, 0.0], [793.9653930664062, 257.7695007324219, 0.0], [564.0, 812.0, 1.0], [569.0, 645.0, 1.0], [510.0, 497.0, 1.0], [559.0, 480.0, 0.0], [549.0, 632.0, 0.0], [492.0, 822.0, 1.0], [647.0, 505.0, 1.0], [561.0, 473.0, 1.0], [618.0, 343.0, 1.0], [674.0, 338.0, 0.0], [618.0, 431.0, 0.0], [706.0, 463.0, 0.0]], "hand_pts": [[674.5089721679689, 505.0169372558593, 1.0], [678.8784179687501, 483.0796508789063, 1.0], [689.5592041015624, 466.14279174804693, 1.0], [691.6630249023438, 456.3032531738282, 1.0], [694.899658203125, 443.7215881347657, 1.0], [694.5759887695314, 466.6266784667969, 1.0], [706.7132568359374, 456.62588500976574, 1.0], [717.555908203125, 451.78677368164057, 1.0], [725.0001220703125, 449.0446166992188, 1.0], [697.6507568359374, 475.6596984863282, 1.0], [713.6719970703126, 471.1431884765625, 1.0], [724.5146484375, 467.110595703125, 1.0], [730.9766845703126, 465.3096008300782, 1.0], [697.165283203125, 487.5961608886718, 1.0], [713.8338012695314, 483.8861694335937, 1.0], [722.5726928710938, 482.1118469238282, 1.0], [730.0169067382812, 480.014892578125, 1.0], [696.6797485351565, 499.04870605468744, 1.0], [709.7880859375002, 500.01654052734375, 1.0], [719.1742553710939, 499.85522460937506, 1.0], [724.8383178710938, 499.04870605468744, 1.0]], "head_box": [[682.0, 223.0], [786.0, 360.0]], "head_size": 137.0, "hand_box_center": [702.7428283691407, 474.3692626953125], "is_left": 0, "is_mpii": 1}