{"mpii_image": "033407722.jpg", "mpii_annorect_idx": 0, "mpii_body_pts": [[672.0, 294.0, 0.0], [538.0, 299.0, 0.0], [528.936279296875, 299.10540771484375, 0.0], [375.0636901855469, 300.89459228515625, 0.0], [630.0, 479.0, 0.0], [659.0, 400.0, 0.0], [642.0, 284.0, 0.0], [702.0, 303.0, 1.0], [659.0, 431.0, 1.0], [663.0, 609.0, 1.0], [481.0, 553.0, 0.0], [483.0, 439.0, 1.0], [472.0, 307.0, 0.0], [603.0, 290.0, 1.0], [628.0, 400.0, 1.0], [553.0, 503.0, 1.0]], "hand_pts": [[553.0, 503.0, 1.0], [538.3524780273438, 509.9346008300781, 1.0], [519.6078491210938, 524.0615844726562, 1.0], [509.2223510742187, 550.29736328125, 1.0], [503.9029235839844, 563.415283203125, 1.0], [527.2070312500001, 545.7565307617188, 1.0], [518.3413696289061, 559.126708984375, 1.0], [508.2091369628905, 568.9651489257811, 1.0], [501.8764953613281, 576.5331420898438, 1.0], [539.3656616210936, 549.0360107421875, 1.0], [531.5132446289062, 568.9651489257811, 1.0], [516.821533203125, 579.5603637695312, 1.0], [506.4360046386718, 585.6148071289062, 1.0], [543.9251708984374, 553.8291015625, 1.0], [534.0462646484374, 574.7672729492188, 1.0], [522.1409301757812, 583.8489379882812, 1.0], [515.1882324218751, 589.8392944335936, 1.0], [547.2181396484376, 555.0904541015625, 1.0], [543.9251708984374, 569.2174072265626, 1.0], [539.3656616210936, 575.5241088867186, 1.0], [532.2731323242189, 579.5603637695312, 1.0]], "head_box": [[385.0, 231.0], [519.0, 369.0]], "head_size": 138.0, "hand_box_center": [527.4382476806641, 546.4196472167969], "is_left": 1, "is_mpii": 1}