{"mpii_image": "033679279.jpg", "mpii_annorect_idx": 1, "mpii_body_pts": [[902.0, 461.0, 1.0], [920.0, 248.0, 1.0], [913.9177856445312, 199.34249877929688, 0.0], [896.0822143554688, 56.657501220703125, 0.0], [853.0, 583.0, 0.0], [736.0, 648.0, 1.0], [853.0, 463.0, 1.0], [951.0, 459.0, 1.0], [893.0, 685.0, 1.0], [1016.0, 630.0, 1.0], [771.0, 353.0, 1.0], [751.0, 411.0, 1.0], [832.0, 251.0, 1.0], [1007.0, 244.0, 1.0], [1075.0, 411.0, 0.0], [1053.0, 415.0, 1.0]], "hand_pts": [[1072.9122314453125, 418.10235595703125, 1.0], [1089.53857421875, 406.9120483398438, 1.0], [1118.0729980468748, 408.70251464843744, 1.0], [1138.069580078125, 411.8357849121093, 1.0], [1164.6453857421877, 414.72518920898426, 1.0], [1113.3547363281248, 420.564208984375, 1.0], [1128.632934570312, 428.84503173828125, 1.0], [1140.541015625, 438.244873046875, 1.0], [1150.0808105468748, 445.69647216796875, 1.0], [1103.6934814453123, 430.18786621093756, 1.0], [1117.6236572265625, 439.81152343749994, 1.0], [1128.4083251953125, 448.5399475097657, 1.0], [1139.0533447265623, 454.2600402832031, 1.0], [1089.9879150390625, 436.9020385742187, 1.0], [1100.0985107421877, 446.97332763671875, 1.0], [1107.96240234375, 452.12084960937506, 1.0], [1118.0729980468748, 453.4636840820313, 1.0], [1073.361572265625, 440.2591552734375, 1.0], [1077.18115234375, 445.8542785644532, 1.0], [1081.6748046874998, 449.4351806640625, 1.0], [1086.6380615234375, 453.80801391601557, 1.0]], "head_box": [[854.0, 54.0], [956.0, 202.0]], "head_size": 148.0, "hand_box_center": [1118.77880859375, 430.58604431152344], "is_left": 1, "is_mpii": 1}