{"mpii_image": "033613048.jpg", "mpii_annorect_idx": 0, "mpii_body_pts": [[535.0, 657.0, 1.0], [827.0, 711.0, 1.0], [739.0, 532.0, 1.0], [824.0, 549.0, 1.0], [1035.0, 644.0, 1.0], [708.0, 648.0, 0.0], [782.0, 541.0, 1.0], [666.0, 235.0, 0.0], [659.0, 208.0, 0.0], [623.0, 59.0, 0.0], [245.0, 301.0, 1.0], [415.0, 278.0, 1.0], [586.0, 226.0, 1.0], [745.0, 243.0, 0.0], [807.0, 295.0, 0.0], [907.0, 257.0, 1.0]], "hand_pts": [[922.8697509765626, 254.7848052978515, 1.0], [920.20751953125, 261.1120910644532, 1.0], [926.7606811523438, 277.440643310547, 1.0], [935.9760742187501, 286.8295288085937, 1.0], [946.1552124023436, 298.87866210937506, 1.0], [959.39501953125, 276.445526123047, 1.0], [972.3531494140624, 291.86831665039057, 1.0], [975.4518432617188, 303.92611694335926, 1.0], [975.1701049804688, 313.4601745605469, 1.0], [957.7048339843751, 282.334228515625, 1.0], [971.2263183593751, 306.44982910156256, 1.0], [972.3531494140624, 318.22723388671875, 1.0], [971.2263183593751, 331.40667724609364, 1.0], [956.8597412109375, 288.222930908203, 1.0], [970.3812255859373, 307.57150268554693, 1.0], [972.6348266601564, 323.274658203125, 1.0], [972.3531494140624, 330.5654296875, 1.0], [956.0146484375, 294.95285034179693, 1.0], [965.3106689453124, 306.7302551269531, 1.0], [969.8178710937499, 313.4601745605469, 1.0], [973.4799194335938, 321.31176757812494, 1.0]], "head_box": [[584.0, 57.0], [699.0, 211.0]], "head_size": 154.0, "hand_box_center": [947.8296813964844, 293.09574127197254], "is_left": 1, "is_mpii": 1}