{"mpii_image": "033679279.jpg", "mpii_annorect_idx": 1, "mpii_body_pts": [[902.0, 461.0, 1.0], [920.0, 248.0, 1.0], [913.9177856445312, 199.34249877929688, 0.0], [896.0822143554688, 56.657501220703125, 0.0], [853.0, 583.0, 0.0], [736.0, 648.0, 1.0], [853.0, 463.0, 1.0], [951.0, 459.0, 1.0], [893.0, 685.0, 1.0], [1016.0, 630.0, 1.0], [771.0, 353.0, 1.0], [751.0, 411.0, 1.0], [832.0, 251.0, 1.0], [1007.0, 244.0, 1.0], [1075.0, 411.0, 0.0], [1053.0, 415.0, 1.0]], "hand_pts": [[771.0, 353.0, 1.0], [790.50537109375, 313.0191345214843, 1.0], [799.6838378906251, 301.79394531249994, 1.0], [813.3203125, 299.1834411621094, 1.0], [824.5966796875, 303.36026000976574, 1.0], [790.2431640625, 301.5328979492187, 1.0], [810.6979370117188, 294.2234802246094, 1.0], [824.3344726562501, 302.31607055664057, 1.0], [834.5618286132811, 310.14758300781256, 1.0], [786.3095703125, 304.40444946289057, 1.0], [807.5510253906249, 305.70971679687494, 1.0], [826.6946411132812, 315.1075439453125, 1.0], [837.9709472656251, 321.8948364257813, 1.0], [784.4738769531252, 319.5453796386719, 1.0], [808.6000366210939, 327.6379699707031, 1.0], [820.92529296875, 336.2526245117188, 1.0], [827.4813232421876, 343.5620422363282, 1.0], [784.4738769531252, 332.597930908203, 1.0], [800.4705200195312, 338.34103393554693, 1.0], [808.6000366210939, 343.300994873047, 1.0], [815.4182739257812, 346.69464111328136, 1.0]], "head_box": [[854.0, 54.0], [956.0, 202.0]], "head_size": 148.0, "hand_box_center": [804.4854736328125, 323.6117401123047], "is_left": 0, "is_mpii": 1}