{"mpii_image": "033761517.jpg", "mpii_annorect_idx": 2, "mpii_body_pts": [[1262.0, 657.0, 1.0], [1266.0, 311.0, 1.0], [1265.6402587890625, 267.1192932128906, 0.0], [1264.3597412109375, 110.88069915771484, 0.0], [1142.0, 1074.0, 1.0], [1168.0, 897.0, 1.0], [1193.0, 657.0, 1.0], [1331.0, 657.0, 1.0], [1343.0, 885.0, 1.0], [1358.0, 1072.0, 1.0], [1100.0, 676.0, 1.0], [1110.0, 513.0, 1.0], [1144.0, 317.0, 1.0], [1387.0, 305.0, 1.0], [1426.0, 508.0, 1.0], [1443.0, 666.0, 1.0]], "hand_pts": [[1443.0, 666.0, 1.0], [1427.6680908203123, 674.1728515625001, 1.0], [1415.6494140624998, 688.5339355468752, 1.0], [1407.3697509765625, 715.3945922851562, 1.0], [1398.8231201171873, 730.0216674804685, 1.0], [1445.562744140625, 717.7881469726565, 1.0], [1430.8731689453123, 745.1806640625, 1.0], [1419.6556396484375, 755.0206909179688, 1.0], [1410.3077392578123, 763.531005859375, 1.0], [1456.51318359375, 718.5859375000001, 1.0], [1438.0843505859373, 751.031494140625, 1.0], [1424.1960449218748, 760.3396606445311, 1.0], [1414.8481445312498, 765.9244995117188, 1.0], [1453.5751953125, 721.7773437500001, 1.0], [1434.078125, 750.7655639648438, 1.0], [1420.990966796875, 760.6055908203125, 1.0], [1411.10888671875, 768.0521240234373, 1.0], [1449.8360595703125, 722.5751953125, 1.0], [1439.1527099609375, 741.4573974609374, 1.0], [1429.5377197265627, 752.0952758789062, 1.0], [1422.0593261718748, 757.1482543945311, 1.0]], "head_box": [[1209.0, 109.0], [1321.0, 269.0]], "head_size": 160.0, "hand_box_center": [1427.6681518554688, 717.0260620117186], "is_left": 1, "is_mpii": 1}