{"mpii_image": "033967634.jpg", "mpii_annorect_idx": 0, "mpii_body_pts": [[965.0, 835.0, 1.0], [945.0, 504.0, 1.0], [943.8717041015625, 413.2820129394531, 0.0], [941.1282958984375, 192.71800231933594, 0.0], [980.0, 953.0, 1.0], [660.0, 913.0, 1.0], [875.0, 838.0, 1.0], [1055.0, 832.0, 1.0], [1260.0, 904.0, 1.0], [944.0, 887.0, 1.0], [882.0, 737.0, 1.0], [790.0, 740.0, 1.0], [816.0, 502.0, 1.0], [1074.0, 505.0, 1.0], [1117.0, 753.0, 1.0], [1032.0, 731.0, 1.0]], "hand_pts": [[922.0025634765625, 727.320129394531, 1.0], [910.2527465820312, 713.0121459960938, 1.0], [875.9824829101564, 717.2395019531251, 1.0], [882.5101318359374, 728.6208496093751, 1.0], [890.3433837890625, 730.5718994140625, 1.0], [890.0169677734374, 739.026611328125, 1.0], [883.4893188476564, 754.6353149414062, 1.0], [898.1765747070314, 750.0827636718751, 1.0], [909.5999755859375, 746.8309936523438, 1.0], [905.0306396484375, 748.7820434570314, 1.0], [897.850158691406, 765.3662719726562, 1.0], [912.5374755859374, 760.1633911132812, 1.0], [922.0025634765625, 750.4079589843749, 1.0], [914.8221435546875, 756.26123046875, 1.0], [916.5186767578126, 774.8834838867188, 1.0], [923.6345214843749, 767.9677124023436, 1.0], [929.5093994140625, 760.1633911132812, 1.0], [935.1083984375001, 764.3195190429686, 1.0], [930.7019042968751, 775.2950439453126, 1.0], [935.1083984375001, 769.9444580078125, 1.0], [940.0656127929685, 762.6731567382814, 1.0]], "head_box": [[852.0, 199.0], [1033.0, 407.0]], "head_size": 208.0, "hand_box_center": [908.0240478515625, 744.1535949707031], "is_left": 0, "is_mpii": 1}