{"mpii_image": "034161606.jpg", "mpii_annorect_idx": 0, "mpii_body_pts": [[628.0, 187.0, 0.0], [635.0, 86.0, 1.0], [612.0341186523438, 138.99819946289062, 0.0], [670.9658813476562, 3.001800060272217, 0.0], [599.0, 359.0, 1.0], [588.0, 206.0, 1.0], [588.0, 189.0, 0.0], [667.0, 185.0, 0.0], [785.0, 251.0, 1.0], [642.0, 272.0, 1.0], [549.0, 400.0, 1.0], [508.0, 257.0, 1.0], [535.0, 90.0, 1.0], [735.0, 82.0, 1.0], [731.0, 239.0, 1.0], [696.0, 386.0, 1.0]], "hand_pts": [[558.3443603515625, 408.9099426269532, 1.0], [571.8497924804686, 409.827178955078, 1.0], [589.6520385742188, 430.0271911621093, 1.0], [596.08056640625, 447.2710876464843, 1.0], [598.05859375, 459.58816528320307, 1.0], [593.6080932617189, 436.67840576171875, 1.0], [603.4981689453125, 457.86376953125, 1.0], [609.184997558594, 470.1808471679688, 1.0], [615.1190795898439, 481.7589111328125, 1.0], [582.7289428710939, 441.112548828125, 1.0], [591.3828125, 461.8052368164063, 1.0], [599.5421142578125, 478.31011962890625, 1.0], [605.4761962890625, 488.4101257324219, 1.0], [570.1190185546876, 444.8076782226563, 1.0], [576.3003540039061, 466.7320861816406, 1.0], [579.5146484375, 479.29550170898426, 1.0], [584.9542236328124, 493.58331298828114, 1.0], [556.025634765625, 446.2857360839843, 1.0], [559.7344360351564, 465.25402832031256, 1.0], [560.4761962890625, 475.3540344238282, 1.0], [560.7234497070314, 485.2077026367188, 1.0]], "head_box": [[582.0, 0.0], [701.0, 142.0]], "head_size": 142.0, "hand_box_center": [585.5723571777344, 451.2466278076172], "is_left": 0, "is_mpii": 1}