{"mpii_image": "034210762.jpg", "mpii_annorect_idx": 0, "mpii_body_pts": [[471.0, 215.0, 0.0], [431.0, 190.0, 1.0], [472.11981201171875, 187.2122039794922, 0.0], [330.88018798828125, 196.7877960205078, 0.0], [429.0, 517.0, 1.0], [438.0, 342.0, 1.0], [432.0, 219.0, 0.0], [509.0, 210.0, 0.0], [506.0, 344.0, 1.0], [504.0, 520.0, 0.0], [355.0, 397.0, 1.0], [333.0, 296.0, 1.0], [339.0, 196.0, 1.0], [522.0, 183.0, 1.0], [579.0, 307.0, 1.0], [599.0, 451.0, 1.0]], "hand_pts": [[355.0, 397.0, 1.0], [359.65576171875006, 408.42483520507807, 1.0], [369.8629455566406, 424.1541442871094, 1.0], [380.7992248535156, 437.46356201171875, 1.0], [388.57611083984375, 446.90115356445307, 1.0], [364.03027343749994, 467.7122497558594, 1.0], [385.6597900390626, 472.5520324707031, 1.0], [390.2773132324219, 464.8083801269532, 1.0], [389.5482177734375, 458.274658203125, 1.0], [379.34103393554693, 440.1254272460937, 1.0], [394.40878295898426, 446.4171752929687, 1.0], [403.15780639648443, 435.76962280273443, 1.0], [403.6438598632813, 428.75192260742193, 1.0], [371.32113647460926, 457.064697265625, 1.0], [394.165771484375, 463.35641479492193, 1.0], [398.05419921875, 454.40283203125, 1.0], [398.540252685547, 446.90115356445307, 1.0], [383.9585876464843, 430.9298400878906, 1.0], [395.6239318847657, 436.49560546874994, 1.0], [398.05419921875, 427.5419921875, 1.0], [399.9984436035156, 420.76629638671875, 1.0]], "head_box": [[353.0, 118.0], [450.0, 266.0]], "head_size": 148.0, "hand_box_center": [379.3219299316406, 434.77601623535156], "is_left": 0, "is_mpii": 1}