{"mpii_image": "034210762.jpg", "mpii_annorect_idx": 1, "mpii_body_pts": [[992.0, 165.0, 0.0], [976.0, 179.0, 0.0], [1002.8397827148438, 161.47959899902344, 0.0], [877.1602172851562, 243.52040100097656, 0.0], [890.0, 532.0, 0.0], [906.0, 349.0, 0.0], [939.0, 172.0, 0.0], [1044.0, 158.0, 0.0], [1131.0, 320.0, 1.0], [1176.0, 506.0, 0.0], [863.0, 518.0, 0.0], [900.0, 376.0, 1.0], [894.0, 193.0, 0.0], [1058.0, 164.0, 1.0], [1162.0, 300.0, 1.0], [1176.0, 436.0, 1.0]], "hand_pts": [[863.0, 518.0, 1.0], [851.4660034179686, 548.3529052734374, 1.0], [846.6921386718751, 565.6428833007812, 1.0], [843.6542358398438, 575.5846557617188, 1.0], [838.4464111328124, 566.9396362304688, 1.0], [850.1640625, 566.075134277344, 1.0], [849.2960815429689, 569.9653930664062, 1.0], [846.2581787109375, 561.7526855468751, 1.0], [850.5980224609375, 554.4044189453125, 1.0], [857.1078491210938, 565.6428833007812, 1.0], [858.84375, 572.1266479492188, 1.0], [859.277770996094, 564.3461914062499, 1.0], [858.84375, 551.8109130859373, 1.0], [865.7875366210939, 564.7784423828126, 1.0], [864.9195556640625, 572.1266479492188, 1.0], [870.5614013671876, 564.7784423828126, 1.0], [869.6934204101564, 552.2431640625, 1.0], [876.6372070312499, 562.6171875, 1.0], [877.9391479492188, 566.075134277344, 1.0], [880.1090698242186, 567.3718872070314, 1.0], [877.9391479492188, 558.2946777343751, 1.0]], "head_box": [[883.0, 128.0], [997.0, 277.0]], "head_size": 149.0, "hand_box_center": [859.2777404785155, 546.7923278808594], "is_left": 0, "is_mpii": 1}