{"mpii_image": "034210762.jpg", "mpii_annorect_idx": 1, "mpii_body_pts": [[992.0, 165.0, 0.0], [976.0, 179.0, 0.0], [1002.8397827148438, 161.47959899902344, 0.0], [877.1602172851562, 243.52040100097656, 0.0], [890.0, 532.0, 0.0], [906.0, 349.0, 0.0], [939.0, 172.0, 0.0], [1044.0, 158.0, 0.0], [1131.0, 320.0, 1.0], [1176.0, 506.0, 0.0], [863.0, 518.0, 0.0], [900.0, 376.0, 1.0], [894.0, 193.0, 0.0], [1058.0, 164.0, 1.0], [1162.0, 300.0, 1.0], [1176.0, 436.0, 1.0]], "hand_pts": [[1176.0, 436.0, 1.0], [1155.4421386718748, 455.46850585937494, 1.0], [1144.153564453125, 474.62854003906256, 1.0], [1139.2789306640625, 489.1901550292969, 1.0], [1142.6141357421875, 496.08776855468744, 1.0], [1161.0864257812502, 470.54104614257807, 1.0], [1159.8035888671875, 494.29949951171875, 1.0], [1160.3166503906252, 506.3064270019531, 1.0], [1161.0864257812502, 516.2696533203125, 1.0], [1174.6839599609375, 468.4973144531249, 1.0], [1174.1708984374998, 490.97842407226557, 1.0], [1174.1708984374998, 506.5618896484375, 1.0], [1175.1971435546873, 516.5250854492188, 1.0], [1187.2553710937502, 467.47546386718744, 1.0], [1185.45947265625, 489.1901550292969, 1.0], [1185.2028808593748, 502.218963623047, 1.0], [1185.45947265625, 512.1821899414062, 1.0], [1193.9259033203127, 469.51919555664057, 1.0], [1193.6693115234373, 484.33627319335943, 1.0], [1194.4389648437502, 495.0658874511719, 1.0], [1194.9521484374998, 504.5181579589842, 1.0]], "head_box": [[883.0, 128.0], [997.0, 277.0]], "head_size": 149.0, "hand_box_center": [1167.1155395507812, 476.2625427246094], "is_left": 1, "is_mpii": 1}