{"mpii_image": "034948298.jpg", "mpii_annorect_idx": 0, "mpii_body_pts": [[614.0, 255.0, 1.0], [855.0, 313.0, 1.0], [878.1480712890625, 326.3456115722656, 0.0], [1027.8519287109375, 412.6543884277344, 0.0], [348.0, 231.0, 1.0], [512.0, 255.0, 0.0], [642.0, 231.0, 1.0], [586.0, 278.0, 1.0], [437.0, 290.0, 1.0], [307.0, 282.0, 1.0], [716.0, 439.0, 1.0], [640.0, 322.0, 1.0], [801.0, 353.0, 1.0], [909.0, 272.0, 1.0], [841.0, 231.0, 1.0], [876.0, 334.0, 0.0]], "hand_pts": [[716.0, 439.0, 1.0], [733.2850341796877, 430.9649047851563, 1.0], [747.1511840820311, 432.21972656249994, 1.0], [764.4839477539062, 434.1019897460937, 1.0], [779.6106567382812, 439.121368408203, 1.0], [748.7269287109374, 435.3568420410156, 1.0], [769.8413085937499, 445.7092590332031, 1.0], [785.2831420898439, 452.6108703613282, 1.0], [797.2584838867188, 457.94393920898426, 1.0], [743.0543823242188, 441.31732177734375, 1.0], [765.7445068359374, 452.2971801757813, 1.0], [779.2955322265627, 457.94393920898426, 1.0], [790.9556884765625, 462.6495971679688, 1.0], [734.8607788085938, 446.96411132812494, 1.0], [758.1810913085939, 458.2576599121093, 1.0], [768.2656249999999, 463.90441894531244, 1.0], [774.8835449218751, 467.0415344238281, 1.0], [729.5033569335939, 454.8068542480469, 1.0], [736.4364624023436, 460.45361328124994, 1.0], [742.1089477539062, 466.4141235351563, 1.0], [748.0966186523438, 470.8060607910156, 1.0]], "head_box": [[881.0, 289.0], [1025.0, 450.0]], "head_size": 161.0, "hand_box_center": [756.6292419433594, 450.88548278808594], "is_left": 0, "is_mpii": 1}