{"mpii_image": "035121963.jpg", "mpii_annorect_idx": 0, "mpii_body_pts": [[1007.0, 903.0, 0.0], [1014.0, 651.0, 0.0], [1037.0400390625, 591.4984741210938, 0.0], [1093.9599609375, 444.5014953613281, 0.0], [1235.0, 1077.0, 0.0], [1233.0, 940.0, 1.0], [960.0, 937.0, 0.0], [1054.0, 868.0, 0.0], [1222.0, 915.0, 0.0], [1252.0, 1066.0, 0.0], [1085.0, 896.0, 1.0], [937.0, 815.0, 1.0], [954.0, 642.0, 1.0], [1074.0, 659.0, 0.0], [1093.0, 781.0, 1.0], [1196.0, 837.0, 0.0]], "hand_pts": [[1099.311767578125, 896.1322631835935, 1.0], [1109.1080322265623, 885.6750488281251, 1.0], [1148.0593261718748, 885.4426879882811, 1.0], [1167.1851806640625, 897.7589111328125, 1.0], [1176.5147705078123, 904.498046875, 1.0], [1161.1208496093748, 887.5341186523438, 1.0], [1190.0428466796873, 896.1322631835935, 1.0], [1203.8040771484375, 904.9627685546875, 1.0], [1213.1337890625, 913.7932739257814, 1.0], [1158.0887451171875, 896.8294067382812, 1.0], [1186.544189453125, 917.7437744140626, 1.0], [1202.4046630859377, 927.9686279296875, 1.0], [1217.5653076171875, 938.1934204101564, 1.0], [1152.0244140624998, 909.8428344726562, 1.0], [1174.6489257812502, 932.8486328124999, 1.0], [1185.8444824218748, 947.2563476562501, 1.0], [1196.107177734375, 959.1077880859374, 1.0], [1143.1612548828123, 924.4828491210938, 1.0], [1155.5230712890625, 944.0029907226562, 1.0], [1160.8875732421877, 956.3192138671875, 1.0], [1166.4854736328125, 967.7059326171877, 1.0]], "head_box": [[1008.0, 438.0], [1123.0, 598.0]], "head_size": 160.0, "hand_box_center": [1158.4385375976562, 926.5743103027344], "is_left": 0, "is_mpii": 1}