{"mpii_image": "035363786.jpg", "mpii_annorect_idx": 0, "mpii_body_pts": [[1009.0, 412.0, 1.0], [879.0, 209.0, 0.0], [899.2363891601562, 219.42950439453125, 0.0], [728.7636108398438, 131.57049560546875, 0.0], [966.0, 838.0, 0.0], [938.0, 634.0, 1.0], [947.0, 420.0, 1.0], [1071.0, 404.0, 1.0], [1080.0, 637.0, 1.0], [1152.0, 885.0, 1.0], [621.0, 457.0, 0.0], [718.0, 358.0, 0.0], [814.0, 209.0, 0.0], [944.0, 209.0, 1.0], [857.0, 333.0, 1.0], [721.0, 383.0, 1.0]], "hand_pts": [[721.0, 383.0, 1.0], [696.7554931640625, 360.949432373047, 1.0], [683.9700927734375, 340.0574951171875, 1.0], [668.5619506835936, 324.0621032714843, 1.0], [660.0383300781252, 308.06671142578125, 1.0], [696.0998535156251, 338.42532348632807, 1.0], [700.689453125, 319.8184204101563, 1.0], [688.5596923828124, 300.55868530273443, 1.0], [676.4299316406251, 298.2736206054688, 1.0], [702.0007934570314, 351.8092346191407, 1.0], [702.9843139648439, 326.34716796875, 1.0], [693.4771728515625, 315.5747680664063, 1.0], [678.3969116210938, 307.08740234375006, 1.0], [710.5244140625, 367.1517333984375, 1.0], [708.5574340820311, 340.0574951171875, 1.0], [697.7390136718751, 332.22302246093744, 1.0], [684.2979125976564, 324.0621032714843, 1.0], [715.1140747070314, 378.57702636718744, 1.0], [714.4584350585939, 359.6437072753906, 1.0], [706.2626342773439, 356.3793334960937, 1.0], [694.460693359375, 348.21841430664057, 1.0]], "head_box": [[739.0, 82.0], [889.0, 269.0]], "head_size": 187.0, "hand_box_center": [690.5191650390626, 340.6368103027344], "is_left": 1, "is_mpii": 1}