{"mpii_image": "035477129.jpg", "mpii_annorect_idx": 0, "mpii_body_pts": [[907.0, 382.0, 0.0], [817.0, 217.0, 0.0], [803.4102172851562, 198.5478057861328, 0.0], [721.5897827148438, 87.45220184326172, 0.0], [861.0, 636.0, 1.0], [770.0, 520.0, 0.0], [917.0, 384.0, 0.0], [896.0, 379.0, 1.0], [762.0, 518.0, 1.0], [824.0, 702.0, 1.0], [733.0, 373.0, 1.0], [822.0, 342.0, 0.0], [820.0, 210.0, 0.0], [814.0, 224.0, 1.0], [867.0, 353.0, 1.0], [781.0, 421.0, 1.0]], "hand_pts": [[781.0, 421.0, 1.0], [768.4102783203125, 426.24584960937506, 1.0], [765.13916015625, 434.01077270507807, 1.0], [755.3258056640625, 437.7680053710937, 1.0], [745.2608642578126, 441.7757263183594, 1.0], [745.512451171875, 412.9703063964843, 1.0], [738.2153930664064, 427.4982604980469, 1.0], [741.4865112304688, 435.0126953125, 1.0], [745.512451171875, 438.01849365234375, 1.0], [747.0222167968749, 410.9664306640625, 1.0], [736.4540405273439, 429.7525939941406, 1.0], [741.7380981445312, 436.7660827636719, 1.0], [745.512451171875, 440.7738037109375, 1.0], [749.0352172851561, 413.2207641601563, 1.0], [740.7316284179686, 427.7487182617187, 1.0], [744.757629394531, 434.01077270507807, 1.0], [748.0286865234375, 438.26898193359375, 1.0], [754.3193359375001, 417.729461669922, 1.0], [746.5189819335939, 426.99728393554693, 1.0], [748.531982421875, 432.2574157714843, 1.0], [750.2933349609377, 436.0146484375, 1.0]], "head_box": [[707.0, 77.0], [818.0, 209.0]], "head_size": 132.0, "hand_box_center": [758.7270202636719, 426.37107849121094], "is_left": 1, "is_mpii": 1}