{"mpii_image": "035846573.jpg", "mpii_annorect_idx": 0, "mpii_body_pts": [[962.0, 540.0, 0.0], [932.0, 329.0, 1.0], [918.694091796875, 300.9671936035156, 0.0], [842.305908203125, 140.03280639648438, 0.0], [878.0, 680.0, 0.0], [751.0, 548.0, 0.0], [932.0, 530.0, 0.0], [992.0, 550.0, 1.0], [715.0, 557.0, 1.0], [752.0, 629.0, 0.0], [831.0, 431.0, 1.0], [894.0, 423.0, 0.0], [896.0, 321.0, 1.0], [967.0, 337.0, 1.0], [1011.0, 507.0, 1.0], [860.0, 487.0, 1.0]], "hand_pts": [[867.2639770507814, 490.9713745117187, 1.0], [859.1772460937499, 468.9294128417969, 1.0], [851.7936401367189, 445.48794555664057, 1.0], [840.8941040039061, 431.8429260253907, 1.0], [833.7324218749999, 417.474853515625, 1.0], [829.2913208007812, 467.1800537109375, 1.0], [811.8070678710936, 461.745361328125, 1.0], [793.8404541015624, 455.98413085937494, 1.0], [782.8778076171876, 453.25512695312494, 1.0], [824.3689575195312, 479.0757141113281, 1.0], [798.3506469726562, 483.27416992187494, 1.0], [781.122314453125, 481.1749267578125, 1.0], [769.1744995117189, 481.454833984375, 1.0], [820.8529663085936, 490.9713745117187, 1.0], [798.7022705078126, 490.27160644531244, 1.0], [781.122314453125, 489.9217529296874, 1.0], [769.5195922851562, 488.5222473144532, 1.0], [819.4465942382812, 496.91918945312494, 1.0], [801.8666381835935, 498.6685485839844, 1.0], [793.7799072265627, 497.6189270019531, 1.0], [785.3414916992186, 496.91918945312494, 1.0]], "head_box": [[808.0, 136.0], [953.0, 305.0]], "head_size": 169.0, "hand_box_center": [818.2192382812501, 458.0717010498047], "is_left": 1, "is_mpii": 1}