{"mpii_image": "036159027.jpg", "mpii_annorect_idx": 1, "mpii_body_pts": [[1301.0, 668.0, 0.0], [1234.0, 370.0, 0.0], [1231.7816162109375, 363.30218505859375, 0.0], [1184.2183837890625, 219.6977996826172, 0.0], [1461.0, 926.0, 1.0], [1356.0, 819.0, 1.0], [1297.0, 671.0, 0.0], [1305.0, 665.0, 1.0], [1136.0, 835.0, 1.0], [1157.0, 1039.0, 1.0], [1222.0, 157.0, 1.0], [1117.0, 251.0, 1.0], [1197.0, 367.0, 0.0], [1270.0, 372.0, 1.0], [1243.0, 195.0, 1.0], [1275.0, 149.0, 1.0]], "hand_pts": [[1269.9082031250002, 141.6478424072266, 1.0], [1291.0258789062502, 153.21278381347656, 1.0], [1305.9400634765627, 150.57000732421875, 1.0], [1312.5684814453125, 142.31137084960943, 1.0], [1315.5513916015625, 127.11545562744139, 1.0], [1314.2255859375002, 138.3472137451172, 1.0], [1323.8370361328123, 117.86577606201169, 1.0], [1320.4580078125, 105.93674468994142, 1.0], [1316.473876953125, 98.49693298339845, 1.0], [1311.7425537109377, 131.48008728027347, 1.0], [1322.201171875, 115.11251068115236, 1.0], [1321.2050781250002, 103.70479583740233, 1.0], [1317.4698486328123, 97.2569580078125, 1.0], [1305.2681884765625, 121.56034851074217, 1.0], [1314.4816894531252, 102.96081542968751, 1.0], [1314.979736328125, 92.79307556152344, 1.0], [1310.4974365234373, 83.12132263183594, 1.0], [1293.564453125, 114.6165237426758, 1.0], [1293.564453125, 95.02501678466797, 1.0], [1290.3272705078123, 81.38536071777342, 1.0], [1288.833251953125, 74.93753051757811, 1.0]], "head_box": [[1145.0, 221.0], [1271.0, 362.0]], "head_size": 141.0, "hand_box_center": [1296.8726196289062, 114.07515716552734], "is_left": 1, "is_mpii": 1}