{"mpii_image": "036113752.jpg", "mpii_annorect_idx": 3, "mpii_body_pts": [[959.0, 664.0, 0.0], [922.0, 364.0, 1.0], [931.6376953125, 382.17388916015625, 0.0], [842.3623046875, 213.8260955810547, 0.0], [956.0, 959.0, 0.0], [925.0, 804.0, 0.0], [897.0, 668.0, 0.0], [1021.0, 659.0, 0.0], [1049.0, 786.0, 0.0], [1087.0, 953.0, 0.0], [724.0, 572.0, 1.0], [714.0, 454.0, 1.0], [826.0, 383.0, 1.0], [1018.0, 345.0, 1.0], [1093.0, 472.0, 1.0], [956.0, 541.0, 1.0]], "hand_pts": [[956.0, 541.0, 1.0], [922.7417602539062, 538.8959350585939, 1.0], [887.6107177734375, 547.330322265625, 1.0], [880.3963012695314, 587.6279296874999, 1.0], [869.1041870117188, 609.8071899414061, 1.0], [890.7474365234375, 551.0789184570314, 1.0], [867.22216796875, 572.9458618164061, 1.0], [854.0480346679689, 593.2508544921875, 1.0], [843.6968994140625, 611.6815185546876, 1.0], [895.1387939453126, 557.3265991210936, 1.0], [899.8438720703126, 601.372802734375, 1.0], [915.2136840820312, 608.8700561523438, 1.0], [925.2510986328125, 600.4356689453124, 1.0], [910.8222656249998, 557.9514160156249, 1.0], [913.6453247070312, 596.062316894531, 1.0], [928.7014770507814, 596.062316894531, 1.0], [926.5057983398439, 584.8164672851561, 1.0], [927.7604980468751, 558.8885498046875, 1.0], [927.44677734375, 588.5650634765625, 1.0], [934.3475341796875, 581.0678100585938, 1.0], [935.2885742187502, 570.44677734375, 1.0]], "head_box": [[809.0, 208.0], [965.0, 388.0]], "head_size": 180.0, "hand_box_center": [899.8484497070312, 575.2887268066407], "is_left": 1, "is_mpii": 1}