{"mpii_image": "036372552.jpg", "mpii_annorect_idx": 0, "mpii_body_pts": [[446.0, 563.0, 0.0], [468.0, 289.0, 1.0], [473.8266906738281, 277.5130920410156, 0.0], [567.1732788085938, 93.48690032958984, 0.0], [532.0, 642.0, 0.0], [127.0, 549.0, 1.0], [340.0, 553.0, 0.0], [551.0, 572.0, 0.0], [688.0, 630.0, 1.0], [402.0, 681.0, 0.0], [408.0, 518.0, 1.0], [243.0, 503.0, 1.0], [357.0, 278.0, 1.0], [578.0, 299.0, 1.0], [661.0, 481.0, 0.0], [607.0, 597.0, 0.0]], "hand_pts": [[607.0, 597.0, 1.0], [598.13818359375, 560.062316894531, 1.0], [600.7723999023439, 536.8365478515624, 1.0], [642.1672973632811, 540.5826416015625, 1.0], [667.0042724609375, 526.3474731445311, 1.0], [642.5436401367188, 554.4431762695314, 1.0], [616.5777587890625, 583.2880859375002, 1.0], [602.6539916992188, 569.8021240234373, 1.0], [589.48291015625, 555.5670166015624, 1.0], [583.0855102539062, 545.4525146484374, 1.0], [586.8486938476562, 577.6689453125, 1.0], [569.9143676757812, 552.9447021484375, 1.0], [555.9906616210938, 535.7127075195314, 1.0], [565.0222778320311, 559.6876831054686, 1.0], [575.5591430664062, 597.5232543945311, 1.0], [555.2380371093751, 575.4212646484374, 1.0], [540.5616455078125, 558.5638427734375, 1.0], [558.2485351562501, 587.783386230469, 1.0], [557.11962890625, 616.2537231445312, 1.0], [539.4326782226562, 597.5232543945311, 1.0], [531.1536865234375, 586.2849731445314, 1.0]], "head_box": [[454.0, 75.0], [587.0, 296.0]], "head_size": 221.0, "hand_box_center": [599.0789794921875, 571.3005981445312], "is_left": 1, "is_mpii": 1}