{"mpii_image": "036362775.jpg", "mpii_annorect_idx": 0, "mpii_body_pts": [[776.0, 898.0, 0.0], [646.0, 987.0, 1.0], [780.0, 845.0, 1.0], [908.0, 855.0, 1.0], [946.0, 1074.0, 0.0], [990.0, 951.0, 0.0], [844.0, 850.0, 1.0], [866.0, 409.0, 0.0], [867.0, 336.0, 0.0], [870.0, 59.0, 0.0], [610.0, 653.0, 0.0], [706.0, 739.0, 0.0], [756.0, 400.0, 0.0], [975.0, 417.0, 1.0], [1011.0, 706.0, 0.0], [1026.0, 602.0, 0.0]], "hand_pts": [[1026.0, 602.0, 1.0], [1022.2706298828124, 564.4255981445311, 1.0], [1019.9846801757812, 517.9835205078126, 1.0], [1075.3044433593745, 490.2093505859375, 1.0], [1058.8457031250002, 502.0475158691406, 1.0], [1082.6195068359373, 594.0210571289061, 1.0], [1082.1622314453123, 563.0596313476564, 1.0], [1068.90380859375, 544.8470458984373, 1.0], [1047.4160156250002, 520.7153930664064, 1.0], [1069.3609619140625, 605.859191894531, 1.0], [1057.0169677734377, 566.7021484375, 1.0], [1042.844116210937, 537.1067504882812, 1.0], [1031.4144287109373, 521.6260375976564, 1.0], [1047.4160156250002, 616.3314208984373, 1.0], [1041.9296875000002, 580.3616333007811, 1.0], [1028.6712646484373, 546.2130126953125, 1.0], [1019.9846801757812, 526.1791992187501, 1.0], [1019.5274658203124, 620.4292602539061, 1.0], [1016.7843627929688, 600.3954467773439, 1.0], [1014.4984130859374, 570.3446655273438, 1.0], [1015.8699951171875, 541.6598510742188, 1.0]], "head_box": [[787.0, 45.0], [951.0, 351.0]], "head_size": 306.0, "hand_box_center": [1048.5589599609373, 555.3193054199219], "is_left": 1, "is_mpii": 1}