{"mpii_image": "036545416.jpg", "mpii_annorect_idx": 0, "mpii_body_pts": [[519.0, 264.0, 0.0], [694.0, 273.0, 0.0], [722.4055786132812, 257.4226989746094, 0.0], [851.5944213867188, 186.57730102539062, 0.0], [563.0, 648.0, 1.0], [524.0, 481.0, 1.0], [485.0, 268.0, 1.0], [553.0, 259.0, 0.0], [607.0, 446.0, 1.0], [644.0, 619.0, 1.0], [563.0, 499.0, 1.0], [572.0, 392.0, 1.0], [630.0, 290.0, 1.0], [758.0, 255.0, 0.0], [692.0, 381.0, 1.0], [650.0, 472.0, 1.0]], "hand_pts": [[650.0, 472.0, 1.0], [639.1705932617189, 477.639892578125, 1.0], [631.3294067382812, 489.4773864746093, 1.0], [625.7646484375, 500.81115722656244, 1.0], [619.4411010742186, 510.6337585449219, 1.0], [649.7941894531251, 502.3223266601563, 1.0], [649.0353393554688, 514.6635742187501, 1.0], [647.5177001953124, 526.5010375976564, 1.0], [648.5294799804688, 538.086669921875, 1.0], [655.10595703125, 502.57418823242193, 1.0], [655.10595703125, 516.174743652344, 1.0], [654.8530273437499, 530.027099609375, 1.0], [655.10595703125, 539.5978393554688, 1.0], [655.8648071289061, 504.589080810547, 1.0], [654.8530273437499, 517.1821899414062, 1.0], [654.094177246094, 531.2864379882814, 1.0], [653.8412475585938, 538.8422851562499, 1.0], [652.5765380859374, 505.5965270996093, 1.0], [652.5765380859374, 515.1672973632811, 1.0], [651.5647583007812, 524.2343139648439, 1.0], [650.8059692382812, 532.0419921874999, 1.0]], "head_box": [[735.0, 146.0], [839.0, 298.0]], "head_size": 152.0, "hand_box_center": [637.6529541015624, 505.7989196777344], "is_left": 1, "is_mpii": 1}