{"mpii_image": "036601539.jpg", "mpii_annorect_idx": 1, "mpii_body_pts": [[376.0, 529.0, 0.0], [363.0, 193.0, 1.0], [370.19140625, 173.29379272460938, 0.0], [432.80859375, 1.7062000036239624, 0.0], [351.0, 1007.0, 0.0], [336.0, 790.0, 1.0], [321.0, 524.0, 1.0], [430.0, 533.0, 0.0], [482.0, 755.0, 1.0], [489.0, 967.0, 0.0], [376.0, 430.0, 1.0], [287.0, 326.0, 1.0], [265.0, 166.0, 1.0], [460.0, 220.0, 1.0], [514.0, 341.0, 1.0], [578.0, 427.0, 1.0]], "hand_pts": [[376.0, 430.0, 1.0], [401.86721801757807, 429.86386108398443, 1.0], [419.52212524414057, 440.80664062500006, 1.0], [429.84857177734375, 453.73901367187494, 1.0], [433.5127868652344, 463.0238037109375, 1.0], [437.177001953125, 446.77542114257807, 1.0], [442.1736755371094, 456.39181518554693, 1.0], [443.8392333984375, 464.3501892089843, 1.0], [446.8372497558594, 475.6245727539063, 1.0], [424.51879882812494, 445.78063964843744, 1.0], [429.18234252929693, 461.03421020507807, 1.0], [432.84655761718744, 471.31378173828125, 1.0], [438.50946044921875, 481.59335327148426, 1.0], [410.19500732421875, 445.78063964843744, 1.0], [418.85589599609375, 464.68179321289057, 1.0], [420.5214538574219, 476.28778076171875, 1.0], [409.86187744140625, 470.3189697265625, 1.0], [395.2049865722656, 453.07580566406256, 1.0], [406.5307922363281, 465.3450012207032, 1.0], [406.86389160156256, 476.28778076171875, 1.0], [391.2076721191407, 475.29296874999994, 1.0]], "head_box": [[327.0, 1.0], [476.0, 174.0]], "head_size": 173.0, "hand_box_center": [411.4186248779297, 455.7286071777344], "is_left": 0, "is_mpii": 1}