{"mpii_image": "036697637.jpg", "mpii_annorect_idx": 1, "mpii_body_pts": [[452.0, 305.0, 0.0], [498.0, 206.0, 0.0], [497.4966125488281, 206.23159790039062, 0.0], [648.50341796875, 136.76840209960938, 0.0], [559.0, 421.0, 0.0], [446.0, 433.0, 1.0], [402.0, 324.0, 0.0], [501.0, 286.0, 0.0], [652.0, 307.0, 1.0], [501.0, 404.0, 0.0], [464.0, 355.0, 1.0], [367.0, 313.0, 1.0], [419.0, 226.0, 1.0], [576.0, 185.0, 0.0], [611.0, 326.0, 1.0], [584.0, 470.0, 1.0]], "hand_pts": [[584.0, 470.0, 1.0], [580.2777099609376, 498.21319580078125, 1.0], [594.2317504882812, 530.9116821289061, 1.0], [605.1760864257812, 542.901123046875, 1.0], [617.4884643554688, 547.5333862304689, 1.0], [596.6942749023439, 530.094177246094, 1.0], [621.04541015625, 538.5413208007811, 1.0], [629.5272827148436, 539.6312255859373, 1.0], [637.1882934570314, 540.72119140625, 1.0], [603.2608642578126, 519.7396850585939, 1.0], [626.7911987304688, 526.2793579101565, 1.0], [634.7258300781252, 528.4592895507812, 1.0], [644.5757446289064, 529.2767333984376, 1.0], [609.2802124023438, 509.65765380859375, 1.0], [622.4134521484375, 514.8348999023438, 1.0], [630.3480834960938, 515.1074218749999, 1.0], [635.8202514648436, 516.1973876953125, 1.0], [616.9412841796875, 502.8454895019532, 1.0], [625.1495361328125, 504.2079162597656, 1.0], [620.2245483398439, 508.8402099609375, 1.0], [615.2996215820312, 508.29522705078125, 1.0]], "head_box": [[517.0, 84.0], [629.0, 259.0]], "head_size": 175.0, "hand_box_center": [612.426727294922, 508.76669311523443], "is_left": 1, "is_mpii": 1}