{"mpii_image": "037122765.jpg", "mpii_annorect_idx": 4, "mpii_body_pts": [[283.0, 592.0, 1.0], [226.0, 426.0, 1.0], [223.93820190429688, 416.3962097167969, 0.0], [190.06179809570312, 258.6037902832031, 0.0], [169.0, 908.0, 1.0], [131.0, 696.0, 0.0], [230.0, 602.0, 1.0], [335.0, 581.0, 1.0], [333.0, 735.0, 1.0], [376.0, 850.0, 1.0], [71.0, 569.0, 0.0], [90.0, 518.0, 1.0], [141.0, 429.0, 1.0], [311.0, 422.0, 1.0], [306.0, 528.0, 1.0], [251.0, 590.0, 1.0]], "hand_pts": [[71.0, 569.0, 1.0], [68.90959167480469, 603.0039062500001, 1.0], [81.33184814453124, 617.9500122070312, 1.0], [77.70868682861328, 634.4422607421874, 1.0], [76.67350006103516, 645.7806396484376, 1.0], [52.34657669067383, 601.457763671875, 1.0], [52.864173889160156, 625.6807250976564, 1.0], [54.41695404052735, 638.5653076171876, 1.0], [54.93454742431639, 634.4422607421874, 1.0], [33.71319198608399, 601.9731445312501, 1.0], [39.924320220947266, 627.2268676757812, 1.0], [45.617855072021484, 640.6268310546876, 1.0], [46.13544845581054, 635.9884033203126, 1.0], [20.255746841430657, 603.5193481445312, 1.0], [28.53725051879883, 628.7730712890627, 1.0], [36.30116271972655, 639.0806884765626, 1.0], [38.37154006958007, 635.9884033203126, 1.0], [13.52702331542969, 604.5501098632811, 1.0], [18.185369491577145, 628.2576904296875, 1.0], [23.3613109588623, 633.4114990234374, 1.0], [29.572439193725582, 638.0499267578125, 1.0]], "head_box": [[139.0, 263.0], [275.0, 412.0]], "head_size": 149.0, "hand_box_center": [47.42943572998046, 607.3903198242188], "is_left": 0, "is_mpii": 1}