{"mpii_image": "037122765.jpg", "mpii_annorect_idx": 4, "mpii_body_pts": [[283.0, 592.0, 1.0], [226.0, 426.0, 1.0], [223.93820190429688, 416.3962097167969, 0.0], [190.06179809570312, 258.6037902832031, 0.0], [169.0, 908.0, 1.0], [131.0, 696.0, 0.0], [230.0, 602.0, 1.0], [335.0, 581.0, 1.0], [333.0, 735.0, 1.0], [376.0, 850.0, 1.0], [71.0, 569.0, 0.0], [90.0, 518.0, 1.0], [141.0, 429.0, 1.0], [311.0, 422.0, 1.0], [306.0, 528.0, 1.0], [251.0, 590.0, 1.0]], "hand_pts": [[251.0, 590.0, 1.0], [228.38983154296878, 594.5777587890625, 1.0], [194.65110778808597, 610.716552734375, 1.0], [186.4156799316406, 624.7387695312501, 1.0], [174.99232482910156, 632.9404907226562, 1.0], [199.69863891601565, 600.6629028320311, 1.0], [196.24507141113276, 631.0885009765627, 1.0], [200.49562072753906, 639.5547485351564, 1.0], [204.48049926757815, 646.9627075195312, 1.0], [211.3876495361328, 600.1337280273439, 1.0], [207.66841125488278, 633.4696044921874, 1.0], [213.24725341796875, 641.6713256835938, 1.0], [215.90385437011716, 636.1153564453125, 1.0], [222.81098937988278, 600.6629028320311, 1.0], [217.76347351074216, 630.559326171875, 1.0], [220.15440368652344, 639.2901611328125, 1.0], [222.54533386230472, 632.4113159179688, 1.0], [237.15658569335935, 605.1605834960938, 1.0], [227.85852050781253, 630.0302124023436, 1.0], [227.3271942138672, 635.5861816406251, 1.0], [231.31208801269537, 641.6713256835938, 1.0]], "head_box": [[139.0, 263.0], [275.0, 412.0]], "head_size": 149.0, "hand_box_center": [212.99616241455078, 618.4813537597656], "is_left": 1, "is_mpii": 1}