{"mpii_image": "037454824.jpg", "mpii_annorect_idx": 0, "mpii_body_pts": [[429.0, 214.0, 0.0], [625.0, 221.0, 1.0], [616.3070068359375, 221.86929321289062, 0.0], [763.6929931640625, 207.13070678710938, 0.0], [367.0, 439.0, 1.0], [479.0, 332.0, 1.0], [400.0, 222.0, 1.0], [458.0, 206.0, 0.0], [539.0, 334.0, 1.0], [446.0, 429.0, 1.0], [766.0, 452.0, 1.0], [690.0, 367.0, 1.0], [630.0, 270.0, 1.0], [619.0, 171.0, 1.0], [652.0, 140.0, 1.0], [723.0, 121.0, 1.0]], "hand_pts": [[725.5258178710938, 125.01285552978516, 1.0], [736.0100708007812, 124.28438568115236, 1.0], [754.0527954101562, 118.21385192871095, 1.0], [766.9753417968751, 114.571533203125, 1.0], [774.2899169921876, 113.11460876464845, 1.0], [750.3955078124999, 98.54532623291016, 1.0], [759.6607055664064, 90.5322265625, 1.0], [767.9506225585938, 88.34683227539061, 1.0], [774.2899169921876, 90.77504730224608, 1.0], [744.0561523437499, 96.60276031494138, 1.0], [745.2752685546876, 87.86119079589845, 1.0], [754.5404663085938, 83.97605133056638, 1.0], [764.0494384765626, 83.73323059082031, 1.0], [736.9854125976564, 101.94482421875001, 1.0], [739.423583984375, 90.04658508300783, 1.0], [744.7876586914061, 84.7045135498047, 1.0], [754.0527954101562, 83.97605133056638, 1.0], [729.9146118164061, 107.04407501220703, 1.0], [728.2078247070312, 100.24507904052734, 1.0], [731.3775024414061, 97.08840179443358, 1.0], [736.4977416992188, 95.38864898681639, 1.0]], "head_box": [[630.0, 144.0], [750.0, 285.0]], "head_size": 141.0, "hand_box_center": [749.9078674316406, 104.37304306030273], "is_left": 1, "is_mpii": 1}