{"mpii_image": "037667644.jpg", "mpii_annorect_idx": 0, "mpii_body_pts": [[274.0, 364.0, 0.0], [342.0, 196.0, 1.0], [351.8004150390625, 192.2917022705078, 0.0], [480.1995849609375, 143.7082977294922, 0.0], [293.0, 447.0, 1.0], [414.0, 326.0, 1.0], [268.0, 403.0, 1.0], [280.0, 324.0, 0.0], [428.0, 279.0, 0.0], [370.0, 391.0, 0.0], [403.0, 354.0, 1.0], [312.0, 369.0, 1.0], [351.0, 244.0, 1.0], [333.0, 147.0, 1.0], [373.0, 273.0, 0.0], [440.0, 267.0, 1.0]], "hand_pts": [[425.221710205078, 349.5, 1.0], [428.26867675781244, 335.33316040039057, 1.0], [435.98770141601557, 326.0235290527343, 1.0], [448.7850036621093, 322.1782531738282, 1.0], [455.6914978027344, 313.4757690429687, 1.0], [457.5196838378907, 328.65451049804693, 1.0], [472.3482971191407, 329.66644287109375, 1.0], [483.3174438476563, 330.4759826660156, 1.0], [490.83331298828114, 330.88073730468744, 1.0], [459.550994873047, 337.3569946289063, 1.0], [477.83288574218744, 336.54745483398443, 1.0], [491.2395935058594, 336.54745483398443, 1.0], [498.3492126464844, 336.34509277343756, 1.0], [460.16040039062506, 344.84518432617193, 1.0], [479.86419677734375, 343.8332824707031, 1.0], [491.84896850585943, 342.21420288085943, 1.0], [500.5836486816406, 341.80944824218744, 1.0], [460.972930908203, 353.9524230957032, 1.0], [477.4266052246093, 350.71429443359375, 1.0], [485.95816040039057, 349.9047546386719, 1.0], [492.8646240234376, 347.8809204101563, 1.0]], "head_box": [[365.0, 99.0], [467.0, 237.0]], "head_size": 138.0, "hand_box_center": [462.9026794433593, 333.71409606933594], "is_left": 0, "is_mpii": 1}