{"mpii_image": "037667644.jpg", "mpii_annorect_idx": 0, "mpii_body_pts": [[274.0, 364.0, 0.0], [342.0, 196.0, 1.0], [351.8004150390625, 192.2917022705078, 0.0], [480.1995849609375, 143.7082977294922, 0.0], [293.0, 447.0, 1.0], [414.0, 326.0, 1.0], [268.0, 403.0, 1.0], [280.0, 324.0, 0.0], [428.0, 279.0, 0.0], [370.0, 391.0, 0.0], [403.0, 354.0, 1.0], [312.0, 369.0, 1.0], [351.0, 244.0, 1.0], [333.0, 147.0, 1.0], [373.0, 273.0, 0.0], [440.0, 267.0, 1.0]], "hand_pts": [[444.63204956054693, 271.70947265625, 1.0], [472.2983093261718, 269.45620727539057, 1.0], [487.8920288085937, 269.2058410644532, 1.0], [500.4675903320313, 273.4620361328125, 1.0], [507.7614135742187, 281.9744262695313, 1.0], [484.8738708496094, 267.45327758789057, 1.0], [501.72515869140625, 268.9554748535156, 1.0], [513.0431518554686, 277.96859741210926, 1.0], [519.0794067382814, 284.72845458984375, 1.0], [480.598175048828, 277.4678649902344, 1.0], [498.2039794921874, 280.72262573242193, 1.0], [508.5159606933595, 286.4810180664062, 1.0], [516.3128051757811, 291.73864746093744, 1.0], [476.8255004882812, 286.981719970703, 1.0], [493.1737670898438, 289.48538208007807, 1.0], [502.73120117187494, 293.4912109374999, 1.0], [509.01898193359375, 300.7518005371094, 1.0], [475.8194580078125, 293.74157714843744, 1.0], [486.13143920898426, 297.9977722167969, 1.0], [493.6767883300781, 300.5014343261719, 1.0], [501.47363281249994, 304.25689697265625, 1.0]], "head_box": [[365.0, 99.0], [467.0, 237.0]], "head_size": 138.0, "hand_box_center": [481.8557281494142, 285.85508728027344], "is_left": 1, "is_mpii": 1}