{"mpii_image": "037720178.jpg", "mpii_annorect_idx": 0, "mpii_body_pts": [[864.0, 668.0, 1.0], [880.0, 354.0, 0.0], [881.2451782226562, 308.81658935546875, 0.0], [885.7548217773438, 145.1833953857422, 0.0], [819.0, 1017.0, 1.0], [810.0, 846.0, 1.0], [816.0, 668.0, 1.0], [911.0, 668.0, 1.0], [919.0, 828.0, 1.0], [905.0, 993.0, 1.0], [1058.0, 282.0, 1.0], [902.0, 388.0, 1.0], [789.0, 349.0, 1.0], [970.0, 358.0, 0.0], [1049.0, 400.0, 1.0], [1138.0, 317.0, 0.0]], "hand_pts": [[1057.1795654296877, 287.46679687499994, 1.0], [1066.9837646484375, 266.5695190429687, 1.0], [1088.6931152343745, 235.5718994140625, 1.0], [1112.5032958984373, 219.20237731933597, 1.0], [1119.50634765625, 202.83283996582034, 1.0], [1109.3519287109373, 233.482177734375, 1.0], [1143.3165283203125, 227.90957641601562, 1.0], [1164.67578125, 231.39245605468756, 1.0], [1174.1297607421877, 235.92019653320318, 1.0], [1111.1026611328125, 249.85171508789065, 1.0], [1153.8210449218748, 248.45855712890625, 1.0], [1173.7796630859377, 253.33459472656244, 1.0], [1182.8835449218748, 257.5140380859375, 1.0], [1113.5537109374998, 267.6144104003906, 1.0], [1146.8179931640627, 271.7938537597656, 1.0], [1166.4265136718752, 276.669891357422, 1.0], [1176.9310302734373, 280.15277099609375, 1.0], [1113.5537109374998, 288.51168823242193, 1.0], [1139.8150634765627, 289.55654907226557, 1.0], [1153.8210449218748, 291.6462707519531, 1.0], [1162.5748291015625, 292.6911315917969, 1.0]], "head_box": [[821.0, 146.0], [946.0, 308.0]], "head_size": 162.0, "hand_box_center": [1120.0315551757812, 247.7619857788086], "is_left": 0, "is_mpii": 1}