{"mpii_image": "038095185.jpg", "mpii_annorect_idx": 1, "mpii_body_pts": [[738.0, 424.0, 0.0], [1033.0, 482.0, 0.0], [1045.3272705078125, 540.8732299804688, 0.0], [1078.6727294921875, 700.1267700195312, 0.0], [497.0, 808.0, 1.0], [636.0, 587.0, 1.0], [682.0, 397.0, 1.0], [794.0, 451.0, 0.0], [842.0, 618.0, 1.0], [830.0, 802.0, 1.0], [1047.0, 826.0, 1.0], [987.0, 684.0, 1.0], [999.0, 533.0, 1.0], [1066.0, 430.0, 0.0], [1014.0, 690.0, 0.0], [1069.0, 829.0, 0.0]], "hand_pts": [[1047.0, 826.0, 1.0], [1076.4523925781248, 848.2963867187501, 1.0], [1098.79833984375, 860.2560424804686, 1.0], [1117.79248046875, 873.606384277344, 1.0], [1133.434814453125, 878.3345947265625, 1.0], [1085.1114501953123, 866.0968017578126, 1.0], [1089.30126953125, 878.6127319335939, 1.0], [1091.535888671875, 891.6849365234376, 1.0], [1091.8153076171875, 900.5851440429688, 1.0], [1070.30712890625, 862.2029418945311, 1.0], [1073.1004638671875, 881.1159057617188, 1.0], [1074.7763671875002, 893.0756225585939, 1.0], [1075.6143798828123, 902.2539672851562, 1.0], [1059.1341552734373, 863.037353515625, 1.0], [1060.81005859375, 882.2284545898439, 1.0], [1060.81005859375, 893.353759765625, 1.0], [1060.5307617187502, 901.9758300781252, 1.0], [1052.4302978515625, 866.9312133789061, 1.0], [1052.989013671875, 884.7316284179686, 1.0], [1052.989013671875, 894.7443847656251, 1.0], [1051.8717041015625, 901.4195556640625, 1.0]], "head_box": [[995.0, 544.0], [1129.0, 697.0]], "head_size": 153.0, "hand_box_center": [1090.2174072265625, 864.1269836425781], "is_left": 0, "is_mpii": 1}