{"mpii_image": "038348112.jpg", "mpii_annorect_idx": 0, "mpii_body_pts": [[570.0, 556.0, 0.0], [550.0, 242.0, 1.0], [548.3302001953125, 232.63729858398438, 0.0], [523.6697998046875, 94.36270141601562, 0.0], [505.0, 717.0, 0.0], [509.0, 650.0, 0.0], [495.0, 552.0, 0.0], [644.0, 560.0, 0.0], [640.0, 640.0, 0.0], [664.0, 719.0, 0.0], [442.0, 419.0, 1.0], [417.0, 385.0, 1.0], [464.0, 252.0, 1.0], [636.0, 232.0, 1.0], [707.0, 370.0, 1.0], [662.0, 421.0, 1.0]], "hand_pts": [[662.0, 421.0, 1.0], [646.6992797851562, 414.90283203125, 1.0], [624.1302490234374, 412.7511596679687, 1.0], [600.12060546875, 430.6817321777344, 1.0], [583.7940673828125, 435.4632263183594, 1.0], [642.6176147460938, 450.7640075683594, 1.0], [612.1254272460939, 460.3269958496093, 1.0], [590.9969482421876, 462.9568176269531, 1.0], [578.5119018554686, 460.8051452636719, 1.0], [638.2958984375001, 460.8051452636719, 1.0], [616.4471435546875, 467.9773864746093, 1.0], [585.4747314453126, 468.9336853027344, 1.0], [571.0689697265625, 465.8257141113281, 1.0], [636.1350708007812, 454.3501281738282, 1.0], [610.9249267578125, 460.8051452636719, 1.0], [583.5539550781251, 458.41439819335943, 1.0], [568.9080810546876, 454.82827758789057, 1.0], [627.2514648437499, 446.9388122558593, 1.0], [615.006591796875, 456.2627258300781, 1.0], [592.4374999999999, 457.4580993652343, 1.0], [581.873291015625, 455.5455017089843, 1.0]], "head_box": [[488.0, 90.0], [584.0, 237.0]], "head_size": 147.0, "hand_box_center": [615.4540405273438, 440.84242248535156], "is_left": 1, "is_mpii": 1}