{"mpii_image": "038348112.jpg", "mpii_annorect_idx": 0, "mpii_body_pts": [[570.0, 556.0, 0.0], [550.0, 242.0, 1.0], [548.3302001953125, 232.63729858398438, 0.0], [523.6697998046875, 94.36270141601562, 0.0], [505.0, 717.0, 0.0], [509.0, 650.0, 0.0], [495.0, 552.0, 0.0], [644.0, 560.0, 0.0], [640.0, 640.0, 0.0], [664.0, 719.0, 0.0], [442.0, 419.0, 1.0], [417.0, 385.0, 1.0], [464.0, 252.0, 1.0], [636.0, 232.0, 1.0], [707.0, 370.0, 1.0], [662.0, 421.0, 1.0]], "hand_pts": [[442.0, 419.0, 1.0], [456.0318603515625, 405.3585510253906, 1.0], [486.25772094726557, 408.6734008789063, 1.0], [499.833740234375, 421.16784667968756, 1.0], [500.8583374023437, 435.44723510742193, 1.0], [465.2532958984375, 411.7332763671874, 1.0], [480.36624145507807, 426.01263427734375, 1.0], [494.19842529296875, 440.29202270507807, 1.0], [507.0059814453125, 445.90176391601557, 1.0], [458.3372192382812, 428.56253051757807, 1.0], [479.85394287109375, 446.4117431640625, 1.0], [495.22302246093744, 451.7665100097656, 1.0], [503.1637268066406, 449.21661376953125, 1.0], [452.95803833007807, 440.03701782226557, 1.0], [474.98706054687494, 458.3962097167969, 1.0], [487.79461669921875, 458.3962097167969, 1.0], [495.22302246093744, 454.31640624999994, 1.0], [455.2633972167969, 450.2365722656249, 1.0], [469.86404418945324, 464.0059814453125, 1.0], [482.1593017578125, 463.2409973144532, 1.0], [488.3069458007813, 459.16119384765625, 1.0]], "head_box": [[488.0, 90.0], [584.0, 237.0]], "head_size": 147.0, "hand_box_center": [474.50299072265625, 434.68226623535156], "is_left": 0, "is_mpii": 1}