{"mpii_image": "038350902.jpg", "mpii_annorect_idx": 0, "mpii_body_pts": [[1098.0, 575.0, 1.0], [1219.0, 160.0, 1.0], [1220.218017578125, 157.42520141601562, 0.0], [1296.781982421875, -4.42519998550415, 0.0], [786.0, 956.0, 1.0], [904.0, 758.0, 1.0], [1006.0, 562.0, 1.0], [1189.0, 587.0, 1.0], [1251.0, 783.0, 1.0], [1251.0, 1071.0, 0.0], [854.0, 541.0, 1.0], [922.0, 299.0, 1.0], [1040.0, 144.0, 1.0], [1397.0, 175.0, 1.0], [1561.0, 277.0, 1.0], [1788.0, 314.0, 1.0]], "hand_pts": [[852.9396362304688, 548.9321899414061, 1.0], [878.1076660156249, 558.9622802734374, 1.0], [885.525634765625, 598.0269165039061, 1.0], [891.5213012695314, 632.3270874023436, 1.0], [902.2189941406251, 648.1844482421877, 1.0], [848.4696655273438, 611.2705078125, 1.0], [866.9949340820312, 646.3647460937499, 1.0], [877.4316406249999, 665.6016235351562, 1.0], [883.1718750000001, 675.9998779296877, 1.0], [829.1616821289061, 609.7107543945312, 1.0], [852.6443481445312, 651.3039550781251, 1.0], [858.6455078124999, 663.5219726562501, 1.0], [869.3432006835936, 677.5596313476564, 1.0], [823.4214477539061, 607.631103515625, 1.0], [833.8582153320311, 655.9832153320312, 1.0], [844.5558471679688, 646.6246948242186, 1.0], [846.38232421875, 634.40673828125, 1.0], [818.98583984375, 600.3522949218749, 1.0], [820.5513305664064, 630.767333984375, 1.0], [828.3789062500001, 643.2453002929688, 1.0], [835.945556640625, 634.1467895507814, 1.0]], "head_box": [[1175.0, 2.0], [1342.0, 151.0]], "head_size": 149.0, "hand_box_center": [860.6024169921875, 613.2459106445312], "is_left": 0, "is_mpii": 1}