{"mpii_image": "038620292.jpg", "mpii_annorect_idx": 0, "mpii_body_pts": [[296.0, 396.0, 1.0], [287.0, 196.0, 1.0], [296.5541076660156, 160.00160217285156, 0.0], [333.4458923339844, 20.99839973449707, 0.0], [119.0, 672.0, 1.0], [203.0, 537.0, 1.0], [258.0, 398.0, 1.0], [334.0, 393.0, 1.0], [488.0, 478.0, 1.0], [469.0, 621.0, 1.0], [370.0, 252.0, 1.0], [284.0, 324.0, 1.0], [235.0, 204.0, 1.0], [339.0, 187.0, 1.0], [423.0, 250.0, 1.0], [509.0, 241.0, 1.0]], "hand_pts": [[370.0, 252.0, 1.0], [367.17837524414057, 240.21557617187494, 1.0], [372.9478759765625, 223.86488342285153, 1.0], [381.3802185058594, 214.58476257324216, 1.0], [383.59924316406256, 222.5391540527344, 1.0], [372.9478759765625, 200.44363403320312, 1.0], [381.3802185058594, 196.0245361328125, 1.0], [381.8240051269532, 202.6531829833984, 1.0], [377.8297424316406, 205.3046569824219, 1.0], [385.8182983398438, 196.90835571289062, 1.0], [390.70016479492193, 192.48924255371097, 1.0], [392.91918945312494, 197.79217529296872, 1.0], [387.59350585937494, 204.42082214355472, 1.0], [391.58776855468744, 200.8855438232422, 1.0], [399.57629394531244, 197.79217529296872, 1.0], [398.244873046875, 203.53700256347656, 1.0], [394.6944274902344, 208.39802551269537, 1.0], [399.57629394531244, 215.02667236328125, 1.0], [408.0086364746093, 212.81712341308597, 1.0], [410.22766113281256, 216.7943267822266, 1.0], [408.896240234375, 220.32960510253906, 1.0]], "head_box": [[258.0, 21.0], [372.0, 160.0]], "head_size": 139.0, "hand_box_center": [388.70301818847656, 222.24462127685547], "is_left": 0, "is_mpii": 1}