{"mpii_image": "038842722.jpg", "mpii_annorect_idx": 0, "mpii_body_pts": [[1628.0, 635.0, 0.0], [1657.0, 378.0, 1.0], [1647.448974609375, 332.2348937988281, 0.0], [1618.551025390625, 193.76510620117188, 0.0], [1554.0, 956.0, 1.0], [1566.0, 800.0, 1.0], [1586.0, 624.0, 0.0], [1670.0, 646.0, 1.0], [1684.0, 881.0, 1.0], [1708.0, 1067.0, 1.0], [1542.0, 605.0, 1.0], [1535.0, 497.0, 1.0], [1566.0, 381.0, 1.0], [1747.0, 374.0, 1.0], [1742.0, 533.0, 1.0], [1641.0, 600.0, 1.0]], "hand_pts": [[1546.963134765625, 614.0432739257812, 1.0], [1549.8262939453125, 605.0808105468752, 1.0], [1555.1435546875, 603.8586425781251, 1.0], [1567.8232421874998, 604.6734008789064, 1.0], [1576.003662109375, 594.4888305664065, 1.0], [1560.0517578125, 627.8943481445312, 1.0], [1580.0938720703123, 627.07958984375, 1.0], [1594.4095458984375, 626.6721801757812, 1.0], [1604.6350097656252, 624.2279052734375, 1.0], [1563.3239746093748, 637.264221191406, 1.0], [1581.7298583984375, 637.6715698242186, 1.0], [1594.818603515625, 634.8198852539062, 1.0], [1606.6801757812502, 629.9312744140624, 1.0], [1564.9600830078125, 639.3011474609374, 1.0], [1585.0020751953125, 639.70849609375, 1.0], [1594.4095458984375, 636.8568115234374, 1.0], [1604.6350097656252, 634.005126953125, 1.0], [1567.8232421874998, 641.3380737304688, 1.0], [1578.4577636718752, 640.9306640624999, 1.0], [1588.683227539062, 639.70849609375, 1.0], [1596.4547119140625, 636.8568115234374, 1.0]], "head_box": [[1579.0, 193.0], [1687.0, 333.0]], "head_size": 140.0, "hand_box_center": [1576.8216552734375, 617.9134521484376], "is_left": 0, "is_mpii": 1}