{"mpii_image": "039064065.jpg", "mpii_annorect_idx": 0, "mpii_body_pts": [[1205.0, 685.0, 0.0], [1298.0, 623.0, 1.0], [1295.0599365234375, 618.2958984375, 0.0], [1215.9400634765625, 491.7041015625, 0.0], [1041.0, 789.0, 1.0], [1124.0, 723.0, 1.0], [1194.0, 653.0, 0.0], [1216.0, 716.0, 0.0], [1228.0, 830.0, 0.0], [1318.0, 806.0, 0.0], [1320.0, 174.0, 1.0], [1301.0, 334.0, 1.0], [1316.0, 529.0, 1.0], [1279.0, 716.0, 1.0], [1272.0, 879.0, 1.0], [1279.0, 993.0, 1.0]], "hand_pts": [[1279.0, 993.0, 1.0], [1273.8272705078123, 1009.7941894531251, 1.0], [1261.0679931640627, 1020.2122802734375, 1.0], [1249.5847167968748, 1033.4254150390625, 1.0], [1256.7298583984375, 1045.876220703125, 1.0], [1285.3105468749998, 1033.9335937500002, 1.0], [1290.414306640625, 1042.0648193359373, 1.0], [1296.0283203124998, 1052.7369384765625, 1.0], [1300.366455078125, 1061.1221923828123, 1.0], [1298.8353271484375, 1029.105712890625, 1.0], [1307.2564697265627, 1041.3024902343745, 1.0], [1313.6361083984373, 1053.499267578125, 1.0], [1318.4846191406252, 1061.3763427734373, 1.0], [1306.4908447265625, 1029.8680419921875, 1.0], [1311.5946044921875, 1035.2041015625, 1.0], [1321.802001953125, 1047.6550292968748, 1.0], [1326.1401367187498, 1058.0729980468748, 1.0], [1315.1672363281248, 1027.0729980468748, 1.0], [1319.5053710937502, 1031.9008789062502, 1.0], [1325.119384765625, 1039.7779541015627, 1.0], [1328.6920166015623, 1046.6385498046875, 1.0]], "head_box": [[1200.0, 480.0], [1311.0, 630.0]], "head_size": 150.0, "hand_box_center": [1289.1383666992185, 1027.1881713867188], "is_left": 1, "is_mpii": 1}