{"mpii_image": "039064065.jpg", "mpii_annorect_idx": 0, "mpii_body_pts": [[1205.0, 685.0, 0.0], [1298.0, 623.0, 1.0], [1295.0599365234375, 618.2958984375, 0.0], [1215.9400634765625, 491.7041015625, 0.0], [1041.0, 789.0, 1.0], [1124.0, 723.0, 1.0], [1194.0, 653.0, 0.0], [1216.0, 716.0, 0.0], [1228.0, 830.0, 0.0], [1318.0, 806.0, 0.0], [1320.0, 174.0, 1.0], [1301.0, 334.0, 1.0], [1316.0, 529.0, 1.0], [1279.0, 716.0, 1.0], [1272.0, 879.0, 1.0], [1279.0, 993.0, 1.0]], "hand_pts": [[1325.529052734375, 158.57473754882812, 1.0], [1321.3583984374998, 146.7549896240234, 1.0], [1314.94189453125, 121.51823425292967, 1.0], [1294.4091796875002, 116.40699005126953, 1.0], [1282.8594970703123, 114.17082214355464, 1.0], [1330.3414306640623, 101.3927230834961, 1.0], [1312.6961669921875, 91.4896926879883, 1.0], [1299.8631591796875, 90.8507843017578, 1.0], [1288.6343994140623, 94.68421936035156, 1.0], [1337.0787353515625, 102.67053222656247, 1.0], [1322.0, 92.4480514526367, 1.0], [1306.2796630859377, 89.57297515869136, 1.0], [1296.975830078125, 92.12860107421875, 1.0], [1335.474609375, 103.30944061279295, 1.0], [1321.0375976562502, 93.72586059570311, 1.0], [1306.6004638671875, 91.4896926879883, 1.0], [1299.8631591796875, 92.4480514526367, 1.0], [1332.2663574218752, 103.30944061279295, 1.0], [1319.7542724609375, 96.28147888183594, 1.0], [1311.7336425781248, 95.00366973876953, 1.0], [1306.2796630859377, 95.64257812499999, 1.0]], "head_box": [[1200.0, 480.0], [1311.0, 630.0]], "head_size": 150.0, "hand_box_center": [1309.9691162109375, 124.07385635375974], "is_left": 0, "is_mpii": 1}