{"mpii_image": "039127686.jpg", "mpii_annorect_idx": 1, "mpii_body_pts": [[564.0, 631.0, 0.0], [572.0, 674.0, 1.0], [415.0, 485.0, 1.0], [577.0, 452.0, 1.0], [703.0, 617.0, 1.0], [684.0, 716.0, 1.0], [496.0, 469.0, 1.0], [504.0, 248.0, 1.0], [511.0, 213.0, 0.0], [544.0, 49.0, 0.0], [548.0, 535.0, 1.0], [408.0, 450.0, 1.0], [405.0, 248.0, 1.0], [602.0, 248.0, 1.0], [638.0, 394.0, 1.0], [628.0, 479.0, 1.0]], "hand_pts": [[523.1365966796876, 529.8854980468751, 1.0], [554.0437011718751, 524.4022827148436, 1.0], [574.2404174804686, 520.4421997070311, 1.0], [598.7213134765626, 528.9716186523438, 1.0], [613.4098510742188, 535.9779052734375, 1.0], [574.8524780273438, 557.9107055664064, 1.0], [606.6776123046875, 564.3078002929686, 1.0], [621.672119140625, 566.4401245117186, 1.0], [633.6065673828124, 567.6586303710939, 1.0], [574.8524780273438, 570.4002075195312, 1.0], [598.7213134765626, 579.843505859375, 1.0], [620.4480590820311, 582.8897094726564, 1.0], [631.4644775390626, 581.3666381835935, 1.0], [568.7322387695312, 562.4800415039062, 1.0], [584.3388061523438, 568.572509765625, 1.0], [606.6776123046875, 574.0556640624999, 1.0], [617.0819702148439, 572.5325927734374, 1.0], [570.8743286132812, 548.7720336914062, 1.0], [584.0327758789062, 557.9107055664064, 1.0], [591.3770751953124, 564.3078002929686, 1.0], [605.1475219726562, 567.9632568359373, 1.0]], "head_box": [[462.0, 50.0], [594.0, 213.0]], "head_size": 163.0, "hand_box_center": [578.37158203125, 551.6659545898438], "is_left": 0, "is_mpii": 1}