{"mpii_image": "039106888.jpg", "mpii_annorect_idx": 0, "mpii_body_pts": [[1343.0, 329.0, 0.0], [1263.0, 168.0, 0.0], [1272.97802734375, 187.58639526367188, 0.0], [1199.02197265625, 42.41360092163086, 0.0], [1249.0, 628.0, 0.0], [1262.0, 498.0, 1.0], [1281.0, 326.0, 0.0], [1405.0, 332.0, 1.0], [1323.0, 437.0, 1.0], [1215.0, 673.0, 1.0], [1151.0, 337.0, 1.0], [1143.0, 279.0, 1.0], [1186.0, 144.0, 0.0], [1339.0, 191.0, 1.0], [1318.0, 342.0, 1.0], [1241.0, 340.0, 1.0]], "hand_pts": [[1147.0107421875, 341.5570373535156, 1.0], [1166.0279541015627, 335.9137573242187, 1.0], [1183.8555908203125, 343.01248168945324, 1.0], [1192.17529296875, 351.590087890625, 1.0], [1190.9866943359375, 365.7875061035156, 1.0], [1162.46240234375, 338.5757751464843, 1.0], [1161.5710449218748, 353.3647766113282, 1.0], [1172.5648193359373, 366.3790893554688, 1.0], [1183.5584716796875, 371.1115417480469, 1.0], [1149.3887939453125, 350.40698242187494, 1.0], [1157.1141357421875, 366.67486572265636, 1.0], [1169.29638671875, 379.09759521484375, 1.0], [1176.724609375, 384.7174072265625, 1.0], [1138.6921386718745, 357.5056762695313, 1.0], [1152.360107421875, 376.1398010253907, 1.0], [1163.056640625, 389.74566650390636, 1.0], [1171.970458984375, 398.91485595703125, 1.0], [1130.669677734375, 369.6326599121093, 1.0], [1144.0404052734373, 386.196319580078, 1.0], [1152.6572265624998, 394.18237304687494, 1.0], [1156.8170166015625, 399.21063232421875, 1.0]], "head_box": [[1173.0, 35.0], [1299.0, 195.0]], "head_size": 160.0, "hand_box_center": [1161.4224853515625, 367.56219482421875], "is_left": 0, "is_mpii": 1}