{"mpii_image": "039127686.jpg", "mpii_annorect_idx": 0, "mpii_body_pts": [[745.0, 602.0, 1.0], [681.0, 498.0, 1.0], [674.0, 402.0, 0.0], [750.0, 384.0, 1.0], [873.0, 442.0, 1.0], [824.0, 585.0, 1.0], [712.0, 393.0, 0.0], [704.0, 226.0, 1.0], [710.0, 189.0, 0.0], [737.0, 46.0, 0.0], [740.0, 460.0, 1.0], [622.0, 376.0, 0.0], [623.0, 235.0, 1.0], [784.0, 217.0, 1.0], [801.0, 336.0, 1.0], [828.0, 437.0, 1.0]], "hand_pts": [[828.0, 437.0, 1.0], [815.1146240234374, 453.5753784179687, 1.0], [798.7237548828125, 473.8532104492187, 1.0], [791.7700195312501, 492.3999938964844, 1.0], [791.0249633789062, 507.23742675781244, 1.0], [810.6444091796876, 496.10934448242193, 1.0], [799.2203979492189, 516.8817749023439, 1.0], [792.5150756835938, 528.751708984375, 1.0], [785.3129882812499, 536.1704101562501, 1.0], [824.3035278320311, 496.35662841796875, 1.0], [813.8729248046874, 524.7950439453126, 1.0], [807.1675415039061, 530.977294921875, 1.0], [799.7171020507812, 536.9122924804685, 1.0], [834.2373657226562, 495.3674621582031, 1.0], [826.0419311523438, 515.3980102539062, 1.0], [820.3299560546875, 523.0640258789061, 1.0], [813.1278686523438, 528.0098266601564, 1.0], [838.4592895507812, 493.63644409179693, 1.0], [835.2307739257814, 510.69949340820307, 1.0], [829.5187988281251, 517.8709106445312, 1.0], [825.0485229492188, 523.805908203125, 1.0]], "head_box": [[670.0, 45.0], [778.0, 191.0]], "head_size": 146.0, "hand_box_center": [811.8861389160156, 486.95614624023426], "is_left": 1, "is_mpii": 1}