{"mpii_image": "039411338.jpg", "mpii_annorect_idx": 1, "mpii_body_pts": [[1528.0, 548.0, 0.0], [1528.0, 332.0, 1.0], [1519.1668701171875, 278.8053894042969, 0.0], [1491.8331298828125, 114.1946029663086, 0.0], [1393.0, 884.0, 1.0], [1381.0, 677.0, 1.0], [1479.0, 542.0, 0.0], [1576.0, 554.0, 0.0], [1559.0, 699.0, 1.0], [1537.0, 915.0, 1.0], [1378.0, 465.0, 1.0], [1301.0, 446.0, 1.0], [1398.0, 323.0, 1.0], [1657.0, 340.0, 1.0], [1710.0, 472.0, 1.0], [1619.0, 475.0, 1.0]], "hand_pts": [[1626.8582763671875, 476.1735534667969, 1.0], [1599.1162109374998, 464.13742065429693, 1.0], [1552.6962890625, 464.68450927734375, 1.0], [1522.2073974609377, 486.02130126953125, 1.0], [1511.220458984375, 496.689697265625, 1.0], [1551.3228759765625, 468.2406311035157, 1.0], [1531.2716064453125, 481.097412109375, 1.0], [1517.5379638671877, 495.5954895019531, 1.0], [1506.8256835937502, 508.99938964843744, 1.0], [1567.5286865234375, 473.16452026367193, 1.0], [1543.6319580078123, 479.45614624023426, 1.0], [1525.5035400390623, 501.6135864257813, 1.0], [1524.4047851562502, 513.3761596679688, 1.0], [1583.18505859375, 482.73870849609364, 1.0], [1562.03515625, 487.3890380859375, 1.0], [1551.3228759765625, 507.35809326171875, 1.0], [1551.8721923828123, 515.0174560546875, 1.0], [1590.052001953125, 494.5013122558593, 1.0], [1579.6143798828123, 500.7929382324219, 1.0], [1569.4514160156248, 511.4613342285155, 1.0], [1560.6617431640625, 513.1026000976562, 1.0]], "head_box": [[1438.0, 117.0], [1573.0, 276.0]], "head_size": 159.0, "hand_box_center": [1566.8419799804688, 489.5774383544922], "is_left": 1, "is_mpii": 1}