{"mpii_image": "039977755.jpg", "mpii_annorect_idx": 0, "mpii_body_pts": [[645.0, 569.0, 1.0], [640.0, 228.0, 0.0], [588.8850708007812, 218.2946014404297, 0.0], [928.1149291992188, 282.7054138183594, 0.0], [544.0, 668.0, 0.0], [485.0, 835.0, 1.0], [544.0, 569.0, 1.0], [745.0, 569.0, 1.0], [838.0, 829.0, 1.0], [745.0, 655.0, 0.0], [395.0, 888.0, 1.0], [367.0, 550.0, 1.0], [466.0, 234.0, 1.0], [814.0, 221.0, 0.0], [860.0, 528.0, 1.0], [919.0, 873.0, 1.0]], "hand_pts": [[395.0, 888.0, 1.0], [442.46911621093744, 905.9849853515626, 1.0], [469.95666503906256, 938.9991455078126, 1.0], [490.97656249999994, 959.1296997070312, 1.0], [530.5909423828125, 973.6237182617189, 1.0], [419.0238647460937, 991.3386840820311, 1.0], [457.02136230468744, 983.2864379882814, 1.0], [484.5089111328125, 951.8826904296875, 1.0], [482.89199829101557, 930.1416625976562, 1.0], [398.0039672851563, 993.7543334960939, 1.0], [440.8522033691407, 986.50732421875, 1.0], [465.91439819335943, 959.9349365234375, 1.0], [469.1482238769532, 930.9468994140624, 1.0], [385.0686645507813, 988.1177368164062, 1.0], [433.57611083984375, 986.50732421875, 1.0], [458.6382751464843, 967.9871826171876, 1.0], [464.2974853515625, 937.388671875, 1.0], [370.5164184570312, 982.481201171875, 1.0], [418.2154235839844, 979.2603149414062, 1.0], [440.8522033691407, 969.5975952148438, 1.0], [455.40444946289057, 951.0774536132812, 1.0]], "head_box": [[620.0, 85.0], [897.0, 416.0]], "head_size": 331.0, "hand_box_center": [450.5536804199219, 940.8771667480469], "is_left": 0, "is_mpii": 1}