{"mpii_image": "039963848.jpg", "mpii_annorect_idx": 1, "mpii_body_pts": [[740.0, 368.0, 0.0], [743.0, 156.0, 1.0], [749.3148193359375, 172.41859436035156, 0.0], [686.6851806640625, 9.581399917602539, 0.0], [758.0, 487.0, 0.0], [464.0, 363.0, 1.0], [679.0, 363.0, 1.0], [801.0, 373.0, 0.0], [907.0, 448.0, 1.0], [625.0, 483.0, 0.0], [582.0, 464.0, 0.0], [576.0, 324.0, 1.0], [617.0, 125.0, 1.0], [869.0, 187.0, 1.0], [830.0, 392.0, 1.0], [781.0, 228.0, 1.0]], "hand_pts": [[777.9310913085938, 227.3322296142578, 1.0], [789.3340454101562, 204.82781982421878, 1.0], [790.998046875, 180.51605224609375, 1.0], [780.0849609375001, 152.48709106445315, 1.0], [775.7771606445312, 132.46640014648443, 1.0], [792.5269165039061, 179.36828613281253, 1.0], [794.7315063476564, 146.48089599609378, 1.0], [774.0540161132811, 133.89645385742193, 1.0], [764.2896728515626, 137.0425567626953, 1.0], [790.0182495117188, 178.4590301513672, 1.0], [787.7376708984374, 139.81509399414057, 1.0], [767.4403076171876, 128.90385437011716, 1.0], [758.8331298828123, 134.75448608398443, 1.0], [780.6677856445312, 177.0951232910156, 1.0], [780.6677856445312, 149.1351013183594, 1.0], [764.9316406249999, 140.9516754150391, 1.0], [754.8969726562501, 145.9526519775391, 1.0], [768.3525390624999, 178.00439453124997, 1.0], [762.6510620117186, 160.728271484375, 1.0], [751.940673828125, 150.7710418701172, 1.0], [740.3011474609374, 149.81704711914062, 1.0]], "head_box": [[655.0, 2.0], [781.0, 180.0]], "head_size": 178.0, "hand_box_center": [767.5163269042969, 178.1180419921875], "is_left": 1, "is_mpii": 1}