{"mpii_image": "040097033.jpg", "mpii_annorect_idx": 0, "mpii_body_pts": [[1152.0, 527.0, 1.0], [1151.0, 334.0, 1.0], [1142.108154296875, 283.6133117675781, 0.0], [1117.891845703125, 146.38670349121094, 0.0], [831.0, 840.0, 1.0], [958.0, 694.0, 1.0], [1095.0, 525.0, 1.0], [1208.0, 528.0, 1.0], [1278.0, 771.0, 1.0], [1369.0, 966.0, 1.0], [1018.0, 540.0, 1.0], [1021.0, 458.0, 1.0], [1052.0, 333.0, 1.0], [1249.0, 335.0, 1.0], [1280.0, 470.0, 1.0], [1264.0, 566.0, 1.0]], "hand_pts": [[1023.9041137695312, 559.8751831054686, 1.0], [1028.8525390625, 551.8635864257811, 1.0], [1034.419555664063, 545.4954223632812, 1.0], [1039.1618652343748, 547.755126953125, 1.0], [1046.3782958984373, 546.5225219726562, 1.0], [1016.6876220703125, 560.0806274414061, 1.0], [1021.8422851562499, 575.0767211914061, 1.0], [1030.5020751953125, 583.70458984375, 1.0], [1038.9556884765627, 589.045654296875, 1.0], [1011.12060546875, 573.2278442382814, 1.0], [1017.9247436523439, 590.2781982421877, 1.0], [1032.357666015625, 599.31689453125, 1.0], [1044.9350585937502, 602.6036987304688, 1.0], [1010.9144287109374, 579.5960693359374, 1.0], [1017.3062133789061, 599.5223388671876, 1.0], [1030.9144287109373, 607.3284912109375, 1.0], [1044.3165283203125, 608.561096191406, 1.0], [1010.2958984375001, 584.3208618164061, 1.0], [1014.8319702148438, 596.0300903320312, 1.0], [1027.6154785156248, 604.2471313476564, 1.0], [1035.65673828125, 606.5068359375001, 1.0]], "head_box": [[1081.0, 143.0], [1179.0, 287.0]], "head_size": 144.0, "hand_box_center": [1028.3370971679688, 577.0282592773436], "is_left": 0, "is_mpii": 1}