{"mpii_image": "040097033.jpg", "mpii_annorect_idx": 0, "mpii_body_pts": [[1152.0, 527.0, 1.0], [1151.0, 334.0, 1.0], [1142.108154296875, 283.6133117675781, 0.0], [1117.891845703125, 146.38670349121094, 0.0], [831.0, 840.0, 1.0], [958.0, 694.0, 1.0], [1095.0, 525.0, 1.0], [1208.0, 528.0, 1.0], [1278.0, 771.0, 1.0], [1369.0, 966.0, 1.0], [1018.0, 540.0, 1.0], [1021.0, 458.0, 1.0], [1052.0, 333.0, 1.0], [1249.0, 335.0, 1.0], [1280.0, 470.0, 1.0], [1264.0, 566.0, 1.0]], "hand_pts": [[1266.804931640625, 581.9744262695314, 1.0], [1255.1583251953123, 602.8486938476562, 1.0], [1247.2386474609377, 600.9932250976562, 1.0], [1244.909423828125, 588.0047607421876, 1.0], [1251.8973388671873, 581.046691894531, 1.0], [1257.4876708984375, 614.4454956054686, 1.0], [1247.7045898437502, 626.0422973632811, 1.0], [1243.5118408203123, 634.8558959960938, 1.0], [1239.3189697265627, 645.9888305664065, 1.0], [1258.8852539062502, 625.5784301757814, 1.0], [1250.0339355468748, 640.88623046875, 1.0], [1241.6483154296875, 651.0914306640626, 1.0], [1236.0579833984375, 661.2966308593751, 1.0], [1257.9536132812502, 626.9700927734375, 1.0], [1252.3631591796875, 638.56689453125, 1.0], [1246.3070068359373, 653.4108276367188, 1.0], [1243.0458984375, 663.615966796875, 1.0], [1255.1583251953123, 630.2171630859373, 1.0], [1250.499755859375, 640.4223632812499, 1.0], [1247.7045898437502, 646.452697753906, 1.0], [1243.5118408203123, 654.8024291992185, 1.0]], "head_box": [[1081.0, 143.0], [1179.0, 287.0]], "head_size": 144.0, "hand_box_center": [1251.4314575195312, 622.331329345703], "is_left": 1, "is_mpii": 1}