{"mpii_image": "040375661.jpg", "mpii_annorect_idx": 0, "mpii_body_pts": [[937.0, 653.0, 1.0], [932.0, 378.0, 1.0], [931.2152709960938, 353.2817077636719, 0.0], [926.7847290039062, 213.7183074951172, 0.0], [927.0, 1074.0, 1.0], [898.0, 872.0, 1.0], [891.0, 655.0, 1.0], [982.0, 650.0, 1.0], [1016.0, 869.0, 0.0], [1026.0, 1057.0, 0.0], [843.0, 552.0, 1.0], [802.0, 521.0, 1.0], [840.0, 393.0, 1.0], [1023.0, 362.0, 1.0], [1076.0, 513.0, 1.0], [963.0, 513.0, 1.0]], "hand_pts": [[963.0, 513.0, 1.0], [951.6562499999999, 496.4816284179687, 1.0], [931.6062622070312, 488.4006652832031, 1.0], [906.06640625, 499.0960388183593, 1.0], [889.83544921875, 498.6206970214844, 1.0], [935.9026489257811, 480.5574035644532, 1.0], [908.4533081054686, 490.30206298828125, 1.0], [899.6217651367188, 504.32489013671886, 1.0], [895.0866088867186, 513.8318481445311, 1.0], [934.9479370117186, 488.87603759765625, 1.0], [908.9306640624999, 501.4727783203125, 1.0], [901.7699584960938, 513.3565063476562, 1.0], [897.7122192382812, 521.4374389648438, 1.0], [940.4378051757811, 500.75976562500006, 1.0], [913.9431762695314, 510.5044250488281, 1.0], [904.8729248046874, 522.6257934570314, 1.0], [900.5764770507814, 530.4690551757811, 1.0], [941.6312255859373, 512.6434936523439, 1.0], [921.3425903320311, 522.6257934570314, 1.0], [913.7044677734375, 528.8053588867186, 1.0], [907.9758911132812, 535.9356079101562, 1.0]], "head_box": [[887.0, 207.0], [971.0, 360.0]], "head_size": 153.0, "hand_box_center": [926.417724609375, 508.2465057373047], "is_left": 1, "is_mpii": 1}