{"mpii_image": "040375661.jpg", "mpii_annorect_idx": 0, "mpii_body_pts": [[937.0, 653.0, 1.0], [932.0, 378.0, 1.0], [931.2152709960938, 353.2817077636719, 0.0], [926.7847290039062, 213.7183074951172, 0.0], [927.0, 1074.0, 1.0], [898.0, 872.0, 1.0], [891.0, 655.0, 1.0], [982.0, 650.0, 1.0], [1016.0, 869.0, 0.0], [1026.0, 1057.0, 0.0], [843.0, 552.0, 1.0], [802.0, 521.0, 1.0], [840.0, 393.0, 1.0], [1023.0, 362.0, 1.0], [1076.0, 513.0, 1.0], [963.0, 513.0, 1.0]], "hand_pts": [[847.4512939453124, 560.1174316406251, 1.0], [855.1726684570312, 545.7100219726564, 1.0], [883.1843261718751, 537.5981445312501, 1.0], [907.3762207031249, 549.0054931640625, 1.0], [921.6366577148436, 556.8638305664064, 1.0], [870.9610595703125, 542.6680908203125, 1.0], [893.1157226562501, 551.7938842773441, 1.0], [907.12158203125, 561.6802368164062, 1.0], [896.1715698242186, 562.4407348632812, 1.0], [864.5947875976565, 553.0614013671876, 1.0], [892.8610839843749, 568.0176391601562, 1.0], [899.7366333007812, 570.8060913085938, 1.0], [884.7122192382812, 570.5526123046874, 1.0], [862.3029174804685, 565.9896850585939, 1.0], [885.7308349609376, 577.6504516601564, 1.0], [892.6064453125, 578.9179687499999, 1.0], [877.0726928710938, 578.9179687499999, 1.0], [862.0482788085938, 582.9738769531252, 1.0], [880.6378173828124, 590.0717773437501, 1.0], [870.9610595703125, 589.8182373046875, 1.0], [866.6319580078125, 586.0158081054686, 1.0]], "head_box": [[887.0, 207.0], [971.0, 360.0]], "head_size": 153.0, "hand_box_center": [884.543975830078, 563.8349609375001], "is_left": 0, "is_mpii": 1}