{"mpii_image": "040472531.jpg", "mpii_annorect_idx": 0, "mpii_body_pts": [[427.0, 633.0, 0.0], [391.0, 381.0, 0.0], [409.3351135253906, 335.76019287109375, 0.0], [464.6648864746094, 199.23980712890625, 0.0], [337.0, 1000.0, 1.0], [351.0, 837.0, 1.0], [407.0, 645.0, 0.0], [447.0, 621.0, 0.0], [452.0, 821.0, 1.0], [458.0, 1008.0, 1.0], [354.0, 639.0, 1.0], [321.0, 533.0, 1.0], [340.0, 383.0, 1.0], [442.0, 378.0, 0.0], [447.0, 479.0, 0.0], [519.0, 605.0, 1.0]], "hand_pts": [[354.4664001464843, 649.0955810546876, 1.0], [371.3121337890625, 647.9768066406251, 1.0], [388.38244628906256, 672.5900268554686, 1.0], [392.4254150390625, 690.266845703125, 1.0], [396.46841430664057, 701.2308959960939, 1.0], [378.94885253906256, 684.0016479492188, 1.0], [382.5426025390626, 697.8745727539062, 1.0], [385.6871337890625, 706.3773193359374, 1.0], [390.4039306640625, 711.9712524414061, 1.0], [367.71835327148426, 687.357971191406, 1.0], [376.0289306640625, 707.2723388671877, 1.0], [380.97033691406244, 714.2088012695315, 1.0], [383.66564941406256, 716.4463500976562, 1.0], [360.0816345214843, 688.92431640625, 1.0], [365.2476501464844, 705.4822998046874, 1.0], [370.6382751464843, 713.3137817382814, 1.0], [372.6597900390626, 713.7612915039061, 1.0], [354.9156188964843, 686.6867065429689, 1.0], [357.6109313964844, 702.3496704101562, 1.0], [361.4292907714843, 704.5872802734375, 1.0], [363.6753845214844, 703.0209960937499, 1.0]], "head_box": [[379.0, 196.0], [495.0, 339.0]], "head_size": 143.0, "hand_box_center": [375.46740722656244, 682.2115783691406], "is_left": 0, "is_mpii": 1}