{"mpii_image": "040472531.jpg", "mpii_annorect_idx": 0, "mpii_body_pts": [[427.0, 633.0, 0.0], [391.0, 381.0, 0.0], [409.3351135253906, 335.76019287109375, 0.0], [464.6648864746094, 199.23980712890625, 0.0], [337.0, 1000.0, 1.0], [351.0, 837.0, 1.0], [407.0, 645.0, 0.0], [447.0, 621.0, 0.0], [452.0, 821.0, 1.0], [458.0, 1008.0, 1.0], [354.0, 639.0, 1.0], [321.0, 533.0, 1.0], [340.0, 383.0, 1.0], [442.0, 378.0, 0.0], [447.0, 479.0, 0.0], [519.0, 605.0, 1.0]], "hand_pts": [[519.0, 605.0, 1.0], [514.8971557617186, 633.1405639648438, 1.0], [519.9891967773439, 644.0074462890625, 1.0], [521.444091796875, 658.49658203125, 1.0], [522.8989868164062, 670.0879516601564, 1.0], [543.0247802734376, 651.9764404296876, 1.0], [540.1150512695314, 672.5028076171876, 1.0], [532.3557128906249, 678.2984619140626, 1.0], [520.231689453125, 682.4036865234375, 1.0], [546.4194946289062, 651.4934692382814, 1.0], [545.2070922851562, 670.8123779296876, 1.0], [530.6583251953124, 685.7845458984375, 1.0], [519.2617797851562, 686.9919433593751, 1.0], [532.5981445312501, 666.7070922851562, 1.0], [529.2034301757814, 672.0198364257812, 1.0], [525.8087158203125, 674.4346923828124, 1.0], [519.9891967773439, 679.9888305664065, 1.0], [526.5361938476562, 666.9486083984374, 1.0], [523.1414794921875, 671.2953491210939, 1.0], [520.4741821289062, 673.46875, 1.0], [518.0493774414062, 677.5739746093752, 1.0]], "head_box": [[379.0, 196.0], [495.0, 339.0]], "head_size": 143.0, "hand_box_center": [530.6583251953125, 645.9959716796875], "is_left": 1, "is_mpii": 1}