{"mpii_image": "040801023.jpg", "mpii_annorect_idx": 1, "mpii_body_pts": [[720.0, 577.0, 1.0], [726.0, 299.0, 1.0], [727.2874755859375, 285.0791931152344, 0.0], [740.7125244140625, 139.92080688476562, 0.0], [680.0, 833.0, 1.0], [672.0, 731.0, 0.0], [677.0, 575.0, 1.0], [763.0, 578.0, 1.0], [789.0, 724.0, 1.0], [797.0, 840.0, 1.0], [621.0, 527.0, 0.0], [592.0, 415.0, 1.0], [636.0, 300.0, 1.0], [816.0, 298.0, 1.0], [867.0, 410.0, 1.0], [850.0, 497.0, 1.0]], "hand_pts": [[850.0, 497.0, 1.0], [829.325439453125, 509.5767822265625, 1.0], [812.1311645507812, 523.472229003906, 1.0], [803.4093627929686, 541.5858764648439, 1.0], [793.9400634765625, 549.2779541015625, 1.0], [822.0988769531252, 537.3676147460936, 1.0], [809.3900146484375, 557.2182006835938, 1.0], [804.156982421875, 560.9401855468751, 1.0], [800.1698608398438, 563.669677734375, 1.0], [834.0601196289061, 543.819091796875, 1.0], [824.3416137695311, 559.4514160156249, 1.0], [816.367431640625, 562.6771240234374, 1.0], [808.1440429687501, 565.4066162109374, 1.0], [843.031066894531, 545.307861328125, 1.0], [835.8044433593751, 556.4738159179689, 1.0], [825.3383789062501, 562.1808471679689, 1.0], [817.8625488281249, 565.1584472656251, 1.0], [847.5165405273439, 549.2779541015625, 1.0], [836.3028564453124, 556.2257080078126, 1.0], [829.8238525390626, 558.4588623046875, 1.0], [823.3447875976564, 561.9327392578126, 1.0]], "head_box": [[683.0, 137.0], [785.0, 288.0]], "head_size": 151.0, "hand_box_center": [821.9700317382812, 531.2033081054688], "is_left": 1, "is_mpii": 1}