{"mpii_image": "040949628.jpg", "mpii_annorect_idx": 0, "mpii_body_pts": [[487.0, 715.0, 1.0], [619.0, 576.0, 0.0], [820.0, 609.0, 0.0], [774.0, 601.0, 1.0], [535.0, 520.0, 1.0], [361.0, 530.0, 1.0], [797.0, 605.0, 0.0], [982.0, 268.0, 0.0], [974.0, 226.0, 0.0], [940.0, 38.0, 0.0], [994.0, 160.0, 0.0], [1014.0, 216.0, 0.0], [1031.0, 272.0, 0.0], [932.0, 264.0, 1.0], [756.0, 206.0, 1.0], [880.0, 142.0, 1.0]], "hand_pts": [[880.0, 142.0, 1.0], [887.191650390625, 155.29316711425776, 1.0], [903.26171875, 173.2542266845703, 1.0], [919.3317260742186, 188.27618408203125, 1.0], [932.7780761718752, 198.39968872070312, 1.0], [938.681396484375, 156.2728576660156, 1.0], [951.4718017578126, 161.82446289062503, 1.0], [960.6547241210938, 164.43698120117185, 1.0], [964.5902099609375, 169.33544921875003, 1.0], [948.5202026367188, 140.5977630615234, 1.0], [968.1978149414062, 143.2102813720703, 1.0], [981.6441650390625, 143.53684997558597, 1.0], [990.4990844726564, 146.14936828613276, 1.0], [940.649169921875, 120.02420043945311, 1.0], [968.5257568359374, 117.73825073242186, 1.0], [979.3484497070312, 115.45230102539061, 1.0], [989.5151977539061, 113.81947326660155, 1.0], [936.0576782226562, 105.32879638671874, 1.0], [951.1438598632812, 97.16468048095705, 1.0], [961.6386108398438, 90.63339233398435, 1.0], [969.1817016601565, 86.06149291992188, 1.0]], "head_box": [[880.0, 41.0], [1035.0, 224.0]], "head_size": 183.0, "hand_box_center": [935.2495422363281, 142.2305908203125], "is_left": 1, "is_mpii": 1}