{"mpii_image": "041059870.jpg", "mpii_annorect_idx": 0, "mpii_body_pts": [[689.0, 362.0, 0.0], [611.0, 182.0, 1.0], [660.50537109375, 211.7032012939453, 0.0], [531.49462890625, 134.2967987060547, 0.0], [632.0, 425.0, 0.0], [535.0, 290.0, 1.0], [646.0, 359.0, 0.0], [731.0, 365.0, 0.0], [826.0, 272.0, 1.0], [779.0, 431.0, 1.0], [470.0, 390.0, 1.0], [413.0, 259.0, 1.0], [501.0, 210.0, 1.0], [721.0, 154.0, 1.0], [743.0, 301.0, 1.0], [646.0, 413.0, 1.0]], "hand_pts": [[470.0, 390.0, 1.0], [487.23718261718744, 401.85009765625, 1.0], [499.85861206054693, 421.51568603515636, 1.0], [499.85861206054693, 443.3663635253906, 1.0], [494.09664916992193, 454.01858520507807, 1.0], [496.84045410156256, 428.6171569824219, 1.0], [498.2123413085937, 452.92605590820295, 1.0], [498.76110839843744, 470.67971801757807, 1.0], [487.23718261718744, 461.939453125, 1.0], [479.55459594726557, 428.07089233398443, 1.0], [482.0239868164063, 451.28723144531244, 1.0], [482.8471374511718, 466.3095703125, 1.0], [476.53640747070307, 459.75436401367193, 1.0], [468.85382080078136, 426.9783630371093, 1.0], [467.20755004882807, 455.93051147460926, 1.0], [469.40255737304693, 467.402099609375, 1.0], [476.2620544433594, 471.2259826660156, 1.0], [458.70181274414057, 425.33956909179693, 1.0], [457.05554199218744, 445.5514526367188, 1.0], [457.05554199218744, 455.38424682617193, 1.0], [457.6042785644532, 465.49017333984375, 1.0]], "head_box": [[545.0, 94.0], [647.0, 252.0]], "head_size": 158.0, "hand_box_center": [478.4570770263672, 430.6129913330078], "is_left": 0, "is_mpii": 1}