{"mpii_image": "041008968.jpg", "mpii_annorect_idx": 0, "mpii_body_pts": [[760.0, 712.0, 0.0], [688.0, 592.0, 1.0], [700.0, 472.0, 0.0], [795.0, 446.0, 1.0], [907.0, 603.0, 1.0], [1012.0, 712.0, 0.0], [748.0, 459.0, 0.0], [689.0, 230.0, 1.0], [688.0, 214.0, 0.0], [685.0, 78.0, 0.0], [528.0, 344.0, 1.0], [572.0, 299.0, 1.0], [619.0, 231.0, 1.0], [758.0, 228.0, 1.0], [789.0, 373.0, 1.0], [727.0, 460.0, 1.0]], "hand_pts": [[727.0, 460.0, 1.0], [706.3062744140624, 460.7212219238281, 1.0], [687.8319702148438, 467.8321838378906, 1.0], [671.3283081054686, 477.3952026367188, 1.0], [658.02685546875, 484.0157470703125, 1.0], [688.8172607421874, 486.95822143554693, 1.0], [675.7621459960938, 500.6897277832031, 1.0], [670.0967407226564, 505.5938415527344, 1.0], [663.6923217773439, 511.7239685058594, 1.0], [691.7731933593752, 501.6705322265625, 1.0], [683.3981933593751, 509.7623291015625, 1.0], [670.3430175781251, 520.7965698242186, 1.0], [662.460693359375, 527.1719360351564, 1.0], [701.3797607421876, 509.2719116210937, 1.0], [689.0635986328125, 523.0034179687501, 1.0], [680.1959838867188, 526.436279296875, 1.0], [668.6187744140626, 529.1335449218751, 1.0], [713.9422607421874, 507.5554809570313, 1.0], [704.0893554687501, 523.2485961914061, 1.0], [696.2069702148439, 527.662353515625, 1.0], [689.3099365234375, 528.1527099609375, 1.0]], "head_box": [[635.0, 80.0], [739.0, 213.0]], "head_size": 133.0, "hand_box_center": [692.513427734375, 494.56677246093756], "is_left": 1, "is_mpii": 1}