{"mpii_image": "041176455.jpg", "mpii_annorect_idx": 0, "mpii_body_pts": [[542.0, 457.0, 1.0], [560.0, 255.0, 1.0], [565.1256103515625, 237.81399536132812, 0.0], [605.8743896484375, 101.18599700927734, 0.0], [501.0, 487.0, 0.0], [482.0, 624.0, 1.0], [484.0, 463.0, 1.0], [600.0, 451.0, 1.0], [687.0, 583.0, 1.0], [590.0, 482.0, 0.0], [542.0, 521.0, 1.0], [487.0, 405.0, 1.0], [465.0, 273.0, 1.0], [655.0, 237.0, 1.0], [641.0, 379.0, 1.0], [622.0, 499.0, 1.0]], "hand_pts": [[542.0, 521.0, 1.0], [563.5703125000001, 527.7163696289062, 1.0], [587.7517700195314, 544.5406494140624, 1.0], [601.5325927734374, 555.4117431640625, 1.0], [607.7729492187501, 563.1768188476564, 1.0], [570.8507080078125, 559.0354614257811, 1.0], [579.6912841796876, 576.1185913085939, 1.0], [588.0117797851562, 587.7661743164062, 1.0], [593.4721069335938, 594.7546997070312, 1.0], [557.8499755859374, 561.882629394531, 1.0], [560.9701538085938, 590.6133422851564, 1.0], [566.1704711914062, 603.2963256835938, 1.0], [567.9905395507814, 612.355529785156, 1.0], [550.5695190429686, 562.4003295898438, 1.0], [549.5294799804688, 583.6248168945311, 1.0], [550.5695190429686, 598.8961181640624, 1.0], [551.0895385742189, 611.8378906249999, 1.0], [541.2089843750001, 566.2828369140626, 1.0], [544.3291625976562, 580.5187988281251, 1.0], [546.4093017578126, 586.7308349609376, 1.0], [548.4893798828125, 591.9075317382812, 1.0]], "head_box": [[531.0, 99.0], [640.0, 240.0]], "head_size": 141.0, "hand_box_center": [574.4909667968751, 566.677764892578], "is_left": 0, "is_mpii": 1}