{"mpii_image": "041176455.jpg", "mpii_annorect_idx": 0, "mpii_body_pts": [[542.0, 457.0, 1.0], [560.0, 255.0, 1.0], [565.1256103515625, 237.81399536132812, 0.0], [605.8743896484375, 101.18599700927734, 0.0], [501.0, 487.0, 0.0], [482.0, 624.0, 1.0], [484.0, 463.0, 1.0], [600.0, 451.0, 1.0], [687.0, 583.0, 1.0], [590.0, 482.0, 0.0], [542.0, 521.0, 1.0], [487.0, 405.0, 1.0], [465.0, 273.0, 1.0], [655.0, 237.0, 1.0], [641.0, 379.0, 1.0], [622.0, 499.0, 1.0]], "hand_pts": [[622.0, 499.0, 1.0], [610.6674194335936, 528.2218627929686, 1.0], [596.1165161132811, 532.4289550781251, 1.0], [590.9533081054686, 547.8551635742186, 1.0], [580.861572265625, 556.5031127929686, 1.0], [628.0346069335938, 540.6094970703126, 1.0], [636.952880859375, 556.9705810546876, 1.0], [635.3099975585939, 573.5654296874999, 1.0], [632.963134765625, 583.8495483398438, 1.0], [635.3099975585939, 541.54443359375, 1.0], [645.1670532226562, 563.2813110351564, 1.0], [645.6364746093751, 578.2399902343751, 1.0], [646.1058349609376, 591.328857421875, 1.0], [634.1365356445312, 541.7781372070315, 1.0], [640.9426269531249, 565.3848876953125, 1.0], [640.0038452148439, 578.7074584960938, 1.0], [637.4222412109374, 587.5891723632814, 1.0], [624.0447998046875, 556.2694091796876, 1.0], [623.5754394531251, 571.2280883789064, 1.0], [624.0447998046875, 577.5388183593751, 1.0], [623.8101196289061, 582.4471435546875, 1.0]], "head_box": [[531.0, 99.0], [640.0, 240.0]], "head_size": 141.0, "hand_box_center": [613.4837036132812, 545.1644287109375], "is_left": 1, "is_mpii": 1}