{"mpii_image": "041134079.jpg", "mpii_annorect_idx": 0, "mpii_body_pts": [[819.0, 235.0, 0.0], [709.0, 197.0, 0.0], [731.6920776367188, 231.61500549316406, 0.0], [627.3079223632812, 72.38500213623047, 0.0], [934.0, 259.0, 1.0], [824.0, 276.0, 0.0], [781.0, 239.0, 0.0], [857.0, 231.0, 1.0], [795.0, 375.0, 0.0], [886.0, 334.0, 1.0], [611.0, 381.0, 1.0], [625.0, 307.0, 1.0], [644.0, 191.0, 0.0], [774.0, 202.0, 1.0], [863.0, 297.0, 1.0], [787.0, 361.0, 1.0]], "hand_pts": [[611.0, 381.0, 1.0], [620.5153808593751, 388.16427612304705, 1.0], [625.0292968749999, 399.91632080078125, 1.0], [609.0569458007811, 405.10107421875, 1.0], [601.7652587890624, 406.1380310058594, 1.0], [606.6264038085938, 390.2381591796874, 1.0], [594.8207397460939, 396.45983886718744, 1.0], [595.5151977539061, 408.2119140624999, 1.0], [603.1541137695312, 410.97711181640625, 1.0], [599.6818847656251, 386.78167724609364, 1.0], [585.7929077148438, 385.3990783691406, 1.0], [584.0567626953124, 400.261993408203, 1.0], [588.9179077148436, 407.5205993652343, 1.0], [596.2096557617188, 385.3990783691406, 1.0], [581.2789916992189, 379.8686828613282, 1.0], [577.8067016601564, 391.2751159667968, 1.0], [577.8067016601564, 400.60763549804693, 1.0], [594.4735107421876, 385.7447204589843, 1.0], [580.5845336914062, 380.5599975585937, 1.0], [567.7371826171876, 382.28823852539057, 1.0], [563.917724609375, 386.4360351562499, 1.0]], "head_box": [[612.0, 54.0], [747.0, 250.0]], "head_size": 196.0, "hand_box_center": [594.4735107421875, 395.4228973388672], "is_left": 0, "is_mpii": 1}