{"mpii_image": "041134079.jpg", "mpii_annorect_idx": 0, "mpii_body_pts": [[819.0, 235.0, 0.0], [709.0, 197.0, 0.0], [731.6920776367188, 231.61500549316406, 0.0], [627.3079223632812, 72.38500213623047, 0.0], [934.0, 259.0, 1.0], [824.0, 276.0, 0.0], [781.0, 239.0, 0.0], [857.0, 231.0, 1.0], [795.0, 375.0, 0.0], [886.0, 334.0, 1.0], [611.0, 381.0, 1.0], [625.0, 307.0, 1.0], [644.0, 191.0, 0.0], [774.0, 202.0, 1.0], [863.0, 297.0, 1.0], [787.0, 361.0, 1.0]], "hand_pts": [[787.0, 361.0, 1.0], [775.1692504882811, 355.2301635742187, 1.0], [757.9318237304686, 356.47866821289057, 1.0], [746.3357543945311, 369.5878295898438, 1.0], [744.455322265625, 378.6393737792969, 1.0], [756.9916381835936, 373.95755004882807, 1.0], [746.3357543945311, 381.448486328125, 1.0], [740.6944580078126, 384.2575988769531, 1.0], [734.7396850585939, 388.0030822753906, 1.0], [764.2000122070314, 381.448486328125, 1.0], [747.2760009765627, 393.3091735839844, 1.0], [738.8140258789061, 395.4940185546874, 1.0], [732.8592529296875, 396.7425231933595, 1.0], [775.4826660156249, 385.8182067871093, 1.0], [764.2000122070314, 397.3667602539063, 1.0], [752.29052734375, 404.8577270507813, 1.0], [744.7687377929688, 406.4183349609374, 1.0], [780.4971923828124, 394.24554443359375, 1.0], [769.8413085937499, 404.54559326171875, 1.0], [765.1401977539061, 408.29107666015625, 1.0], [758.2452392578126, 410.163818359375, 1.0]], "head_box": [[612.0, 54.0], [747.0, 250.0]], "head_size": 196.0, "hand_box_center": [759.9296264648438, 382.6969909667969], "is_left": 1, "is_mpii": 1}