{"mpii_image": "041283940.jpg", "mpii_annorect_idx": 0, "mpii_body_pts": [[955.0, 628.0, 1.0], [822.0, 451.0, 1.0], [821.555419921875, 436.06298828125, 0.0], [817.444580078125, 297.93701171875, 0.0], [899.0, 989.0, 0.0], [978.0, 792.0, 0.0], [1005.0, 596.0, 1.0], [904.0, 660.0, 1.0], [1050.0, 851.0, 1.0], [1159.0, 965.0, 1.0], [1172.0, 437.0, 1.0], [1037.0, 450.0, 1.0], [904.0, 434.0, 1.0], [739.0, 468.0, 1.0], [700.0, 490.0, 1.0], [660.0, 490.0, 1.0]], "hand_pts": [[1172.0, 437.0, 1.0], [1192.7169189453125, 426.9537048339844, 1.0], [1208.59375, 421.43457031249994, 1.0], [1231.0229492187498, 420.93283081054693, 1.0], [1245.3876953125, 424.1941528320313, 1.0], [1218.4223632812502, 427.70629882812494, 1.0], [1243.37158203125, 427.70629882812494, 1.0], [1252.444091796875, 431.2184753417969, 1.0], [1260.0045166015625, 435.73413085937494, 1.0], [1222.4544677734375, 435.4832458496093, 1.0], [1245.1357421875, 435.73413085937494, 1.0], [1256.2242431640625, 441.50411987304693, 1.0], [1263.5325927734375, 448.52847290039057, 1.0], [1217.414306640625, 452.5423583984375, 1.0], [1237.0712890625, 460.0684509277344, 1.0], [1248.1597900390623, 464.0823669433594, 1.0], [1254.712158203125, 466.84191894531244, 1.0], [1213.1300048828123, 463.58062744140625, 1.0], [1222.95849609375, 468.848876953125, 1.0], [1229.762939453125, 473.1136474609375, 1.0], [1238.079345703125, 476.1240844726563, 1.0]], "head_box": [[765.0, 300.0], [874.0, 434.0]], "head_size": 134.0, "hand_box_center": [1217.7662963867188, 448.5284576416016], "is_left": 0, "is_mpii": 1}