{"mpii_image": "041334246.jpg", "mpii_annorect_idx": 0, "mpii_body_pts": [[659.0, 512.0, 0.0], [977.0, 353.0, 0.0], [988.4865112304688, 352.77911376953125, 0.0], [1173.5135498046875, 349.22088623046875, 0.0], [749.0, 942.0, 1.0], [945.0, 713.0, 1.0], [673.0, 513.0, 1.0], [644.0, 511.0, 0.0], [934.0, 693.0, 0.0], [786.0, 858.0, 0.0], [1131.0, 751.0, 0.0], [1070.0, 568.0, 1.0], [1038.0, 348.0, 1.0], [916.0, 357.0, 0.0], [937.0, 571.0, 1.0], [1032.0, 783.0, 1.0]], "hand_pts": [[1036.739013671875, 802.6099853515626, 1.0], [1042.83154296875, 850.8472900390624, 1.0], [1050.4472656250002, 885.4325561523436, 1.0], [1073.5989990234375, 907.2758178710939, 1.0], [1091.876708984375, 907.5792236328125, 1.0], [1061.4139404296875, 901.2082519531251, 1.0], [1072.3804931640625, 911.8265380859373, 1.0], [1085.1748046874998, 918.8042602539061, 1.0], [1100.1015625, 923.3549194335936, 1.0], [1063.24169921875, 887.5562133789061, 1.0], [1086.0887451171875, 901.8150024414061, 1.0], [1111.3728027343748, 902.7251586914061, 1.0], [1126.6042480468745, 899.3880004882812, 1.0], [1068.11572265625, 874.20751953125, 1.0], [1087.9165039062505, 884.2190551757812, 1.0], [1109.2404785156248, 883.3088989257812, 1.0], [1123.5579833984375, 882.3987426757814, 1.0], [1081.519287109375, 861.1622314453124, 1.0], [1111.9820556640627, 859.0385742187501, 1.0], [1121.1209716796875, 858.4317626953124, 1.0], [1129.3458251953125, 854.791259765625, 1.0]], "head_box": [[1018.0, 254.0], [1144.0, 448.0]], "head_size": 194.0, "hand_box_center": [1083.0424194335938, 862.9824523925781], "is_left": 1, "is_mpii": 1}