{"mpii_image": "041354052.jpg", "mpii_annorect_idx": 0, "mpii_body_pts": [[545.0, 385.0, 0.0], [616.0, 217.0, 1.0], [619.1442260742188, 203.8441925048828, 0.0], [650.8557739257812, 71.15579986572266, 0.0], [662.0, 544.0, 1.0], [660.0, 320.0, 0.0], [514.0, 422.0, 1.0], [575.0, 348.0, 0.0], [751.0, 307.0, 1.0], [758.0, 507.0, 1.0], [782.0, 379.0, 1.0], [636.0, 313.0, 1.0], [551.0, 235.0, 1.0], [680.0, 198.0, 1.0], [801.0, 296.0, 1.0], [897.0, 335.0, 1.0]], "hand_pts": [[897.0, 335.0, 1.0], [897.4655151367186, 351.9248046875, 1.0], [900.963623046875, 366.5542297363282, 1.0], [914.2563476562501, 386.2923278808594, 1.0], [939.2092895507814, 389.0788879394532, 1.0], [938.9761352539062, 356.56906127929693, 1.0], [942.7073974609375, 373.5205993652343, 1.0], [940.3753662109375, 384.20239257812494, 1.0], [930.3475341796875, 378.62930297851557, 1.0], [947.1383056640626, 354.71136474609364, 1.0], [951.1027832031251, 372.3595275878906, 1.0], [950.4031982421876, 385.1312561035156, 1.0], [941.5413818359374, 379.7903747558593, 1.0], [952.2687988281251, 352.85363769531256, 1.0], [959.2649536132812, 372.5917663574219, 1.0], [958.7985839843751, 383.7379760742187, 1.0], [949.4703369140626, 379.325927734375, 1.0], [958.5653686523438, 354.71136474609364, 1.0], [960.1978149414062, 367.48306274414057, 1.0], [960.1978149414062, 378.3970947265625, 1.0], [954.8340454101562, 384.20239257812494, 1.0]], "head_box": [[577.0, 75.0], [693.0, 200.0]], "head_size": 125.0, "hand_box_center": [928.5989074707031, 362.03944396972656], "is_left": 1, "is_mpii": 1}