{"mpii_image": "041990755.jpg", "mpii_annorect_idx": 0, "mpii_body_pts": [[1268.0, 573.0, 0.0], [1271.0, 319.0, 1.0], [1270.1944580078125, 297.0685119628906, 0.0], [1262.8055419921875, 95.93150329589844, 0.0], [1268.0, 755.0, 0.0], [1139.0, 802.0, 1.0], [1195.0, 533.0, 1.0], [1341.0, 612.0, 0.0], [1265.0, 867.0, 1.0], [1406.0, 749.0, 1.0], [1187.0, 427.0, 1.0], [1072.0, 497.0, 1.0], [1131.0, 292.0, 1.0], [1411.0, 346.0, 1.0], [1445.0, 530.0, 1.0], [1322.0, 648.0, 1.0]], "hand_pts": [[1322.0, 648.0, 1.0], [1293.8734130859373, 653.0806274414061, 1.0], [1265.3167724609377, 665.4139404296876, 1.0], [1250.5223388671873, 679.1176147460938, 1.0], [1245.0174560546875, 690.7657470703126, 1.0], [1272.1978759765625, 693.1638793945312, 1.0], [1253.2747802734373, 716.1175537109374, 1.0], [1242.6090087890625, 722.2841796875001, 1.0], [1232.9754638671877, 727.0805053710939, 1.0], [1284.5838623046875, 706.8675537109373, 1.0], [1267.7252197265627, 731.5341796875, 1.0], [1257.7475585937502, 740.4415893554686, 1.0], [1248.4580078125, 744.895263671875, 1.0], [1296.9699707031252, 718.8582763671876, 1.0], [1287.3364257812502, 745.5804443359375, 1.0], [1278.7349853515625, 754.8304443359374, 1.0], [1264.628662109375, 755.5156249999999, 1.0], [1311.4202880859375, 716.1175537109374, 1.0], [1309.7000732421877, 737.3582763671876, 1.0], [1308.32373046875, 749.6915893554688, 1.0], [1300.4105224609377, 752.0897216796877, 1.0]], "head_box": [[1195.0, 93.0], [1338.0, 300.0]], "head_size": 207.0, "hand_box_center": [1277.4877319335938, 701.7578125], "is_left": 1, "is_mpii": 1}