{"mpii_image": "042006267.jpg", "mpii_annorect_idx": 1, "mpii_body_pts": [[1005.0, 580.0, 1.0], [1019.0, 292.0, 1.0], [1020.2443237304688, 239.73980712890625, 0.0], [1023.7556762695312, 92.26020050048828, 0.0], [897.0, 972.0, 1.0], [908.0, 778.0, 1.0], [943.0, 582.0, 1.0], [1067.0, 577.0, 1.0], [1045.0, 770.0, 1.0], [1021.0, 929.0, 1.0], [857.0, 587.0, 1.0], [871.0, 437.0, 1.0], [897.0, 286.0, 1.0], [1140.0, 297.0, 1.0], [1174.0, 450.0, 1.0], [1169.0, 585.0, 1.0]], "hand_pts": [[1174.29931640625, 587.0477294921874, 1.0], [1160.457885742188, 597.44677734375, 1.0], [1147.344848632812, 617.03564453125, 1.0], [1144.18798828125, 642.1868286132812, 1.0], [1141.5168457031252, 655.4879150390625, 1.0], [1173.3280029296875, 633.4806518554686, 1.0], [1166.04296875, 658.3900146484375, 1.0], [1157.5438232421875, 665.8869628906249, 1.0], [1147.344848632812, 667.09619140625, 1.0], [1181.8271484374998, 633.7224731445312, 1.0], [1175.75634765625, 661.2920532226564, 1.0], [1165.8001708984373, 671.6911010742188, 1.0], [1156.5725097656252, 678.2207641601564, 1.0], [1186.1981201171873, 636.140869140625, 1.0], [1182.7984619140625, 655.0042724609375, 1.0], [1173.3280029296875, 666.1288452148439, 1.0], [1162.4005126953125, 674.5931396484376, 1.0], [1191.7833251953123, 638.5592651367186, 1.0], [1188.1408691406252, 652.5858764648439, 1.0], [1179.1560058593748, 657.4226684570311, 1.0], [1171.628173828125, 661.2920532226564, 1.0]], "head_box": [[967.0, 92.0], [1077.0, 240.0]], "head_size": 148.0, "hand_box_center": [1166.6500854492188, 632.6342468261719], "is_left": 1, "is_mpii": 1}