{"mpii_image": "042423725.jpg", "mpii_annorect_idx": 2, "mpii_body_pts": [[1073.0, 1055.0, 0.0], [913.0, 887.0, 1.0], [1027.0, 776.0, 1.0], [1176.0, 787.0, 1.0], [1157.0, 917.0, 1.0], [1114.0, 1033.0, 0.0], [1102.0, 782.0, 1.0], [1106.0, 558.0, 1.0], [1109.0, 512.0, 0.0], [1117.0, 375.0, 0.0], [1152.0, 670.0, 1.0], [1030.0, 714.0, 1.0], [1008.0, 567.0, 1.0], [1203.0, 548.0, 1.0], [1208.0, 730.0, 1.0], [1059.0, 689.0, 0.0]], "hand_pts": [[1165.3253173828125, 680.8126831054685, 1.0], [1185.585205078125, 651.0369262695312, 1.0], [1202.70947265625, 630.6261596679688, 1.0], [1226.587158203125, 627.2644042968751, 1.0], [1236.717041015625, 622.7019653320312, 1.0], [1236.2346191406252, 652.2376098632811, 1.0], [1256.494384765625, 662.3229370117186, 1.0], [1250.7059326171875, 668.566223144531, 1.0], [1244.1938476562498, 672.8884887695314, 1.0], [1238.1640624999998, 671.6878662109375, 1.0], [1254.56494140625, 674.3292846679688, 1.0], [1248.53515625, 680.8126831054685, 1.0], [1242.5054931640627, 684.8948364257812, 1.0], [1235.0286865234375, 685.135009765625, 1.0], [1249.7410888671875, 688.0164794921875, 1.0], [1241.0583496093748, 694.9801635742188, 1.0], [1233.09912109375, 695.46044921875, 1.0], [1233.3403320312498, 697.8616943359373, 1.0], [1246.605712890625, 700.9833374023439, 1.0], [1238.8876953125, 704.1050415039062, 1.0], [1231.8931884765623, 701.7037353515627, 1.0]], "head_box": [[1056.0, 381.0], [1171.0, 507.0]], "head_size": 126.0, "hand_box_center": [1210.9098510742188, 663.4035034179688], "is_left": 0, "is_mpii": 1}