{"mpii_image": "042600508.jpg", "mpii_annorect_idx": 0, "mpii_body_pts": [[372.0, 487.0, 0.0], [482.0, 301.0, 1.0], [489.81500244140625, 299.7886962890625, 0.0], [674.1849975585938, 271.2113037109375, 0.0], [97.0, 901.0, 0.0], [210.0, 699.0, 1.0], [309.0, 465.0, 0.0], [434.0, 509.0, 1.0], [446.0, 708.0, 1.0], [412.0, 934.0, 1.0], [314.0, 470.0, 1.0], [261.0, 331.0, 1.0], [395.0, 234.0, 1.0], [569.0, 367.0, 1.0], [513.0, 482.0, 1.0], [525.0, 547.0, 1.0]], "hand_pts": [[321.61816406249994, 466.31768798828125, 1.0], [340.9424743652344, 474.84408569335955, 1.0], [360.8189086914063, 505.92407226562494, 1.0], [376.00228881835943, 523.8019409179688, 1.0], [387.0447692871094, 533.703552246094, 1.0], [343.1509704589843, 519.4012451171875, 1.0], [345.75250244140625, 542.2078247070312, 1.0], [355.0201110839843, 543.4232788085938, 1.0], [359.41003417968744, 540.02001953125, 1.0], [324.04678344726557, 524.2191162109375, 1.0], [336.2494201660157, 531.5031738281251, 1.0], [339.1676025390626, 519.843505859375, 1.0], [334.53381347656244, 511.09228515625, 1.0], [314.0475158691406, 520.5728149414062, 1.0], [327.70504760742193, 523.9760742187501, 1.0], [328.43670654296864, 516.1971435546876, 1.0], [326.4856262207031, 511.33535766601557, 1.0], [305.26766967773443, 517.8988037109375, 1.0], [316.2424621582031, 522.5175170898436, 1.0], [319.16906738281256, 515.2247924804688, 1.0], [316.2424621582031, 509.87683105468744, 1.0]], "head_box": [[511.0, 193.0], [653.0, 378.0]], "head_size": 185.0, "hand_box_center": [346.1562194824219, 504.8704833984375], "is_left": 0, "is_mpii": 1}