{"mpii_image": "042906237.jpg", "mpii_annorect_idx": 0, "mpii_body_pts": [[358.0, 474.0, 0.0], [348.0, 247.0, 1.0], [350.08740234375, 218.52139282226562, 0.0], [359.91259765625, 84.47859954833984, 0.0], [538.0, 702.0, 1.0], [438.0, 522.0, 1.0], [296.0, 486.0, 1.0], [420.0, 461.0, 0.0], [531.0, 504.0, 1.0], [630.0, 666.0, 1.0], [416.0, 367.0, 1.0], [330.0, 330.0, 1.0], [270.0, 249.0, 1.0], [425.0, 245.0, 1.0], [509.0, 314.0, 1.0], [601.0, 357.0, 1.0]], "hand_pts": [[586.9008178710938, 346.9086303710937, 1.0], [587.1305541992186, 361.32113647460926, 1.0], [588.279296875, 374.5897827148438, 1.0], [591.9552612304686, 393.8064575195313, 1.0], [608.267333984375, 395.6366271972656, 1.0], [619.2952270507812, 367.49792480468744, 1.0], [627.5661621093749, 379.39395141601557, 1.0], [622.97119140625, 393.12014770507807, 1.0], [613.092041015625, 386.714599609375, 1.0], [627.7958984375001, 366.8116149902343, 1.0], [637.4452514648436, 380.30902099609375, 1.0], [633.309814453125, 394.4927673339844, 1.0], [625.9578857421875, 386.94335937499994, 1.0], [638.1345214843749, 368.4129943847657, 1.0], [646.6351928710938, 382.1391906738282, 1.0], [643.18896484375, 395.1790771484375, 1.0], [637.6750488281251, 388.5447387695313, 1.0], [651.2301635742188, 370.9294738769531, 1.0], [656.7440795898439, 385.79949951171875, 1.0], [653.7573852539062, 394.7215270996093, 1.0], [646.6351928710938, 387.85842895507807, 1.0]], "head_box": [[305.0, 84.0], [405.0, 219.0]], "head_size": 135.0, "hand_box_center": [621.8224487304688, 371.2726287841797], "is_left": 1, "is_mpii": 1}