{"mpii_image": "043039262.jpg", "mpii_annorect_idx": 0, "mpii_body_pts": [[1071.0, 517.0, 0.0], [1025.0, 711.0, 1.0], [1028.591796875, 756.8309936523438, 0.0], [1046.408203125, 984.1690063476562, 0.0], [1074.0, 820.0, 0.0], [956.0, 845.0, 0.0], [990.0, 503.0, 0.0], [1152.0, 531.0, 0.0], [1136.0, 869.0, 0.0], [1161.0, 820.0, 0.0], [935.0, 953.0, 1.0], [866.0, 922.0, 1.0], [894.0, 714.0, 1.0], [1155.0, 708.0, 1.0], [1170.0, 925.0, 1.0], [1037.0, 950.0, 1.0]], "hand_pts": [[1037.0, 950.0, 1.0], [1029.2587890625002, 942.1682739257812, 1.0], [1008.2094116210939, 948.7667236328125, 1.0], [994.5662841796875, 964.2925415039062, 1.0], [993.3968505859374, 977.1013183593751, 1.0], [1022.6321411132811, 943.7208251953124, 1.0], [1008.2094116210939, 966.2332763671877, 1.0], [1004.701171875, 977.8776245117186, 1.0], [1003.9215698242185, 991.0745239257812, 1.0], [1030.8179931640627, 955.3651733398438, 1.0], [1023.4117431640625, 969.3384399414062, 1.0], [1017.564697265625, 981.3709106445312, 1.0], [1010.9380493164062, 992.6271362304688, 1.0], [1044.4611816406252, 960.7992553710939, 1.0], [1039.0039062499998, 972.443603515625, 1.0], [1033.1568603515625, 984.0879516601564, 1.0], [1026.1403808593745, 993.4033813476565, 1.0], [1056.934814453125, 966.6213989257812, 1.0], [1058.1042480468745, 976.7131958007812, 1.0], [1052.64697265625, 983.6997680664064, 1.0], [1045.6306152343748, 991.4627075195312, 1.0]], "head_box": [[950.0, 758.0], [1125.0, 983.0]], "head_size": 225.0, "hand_box_center": [1025.750549316406, 967.7858276367189], "is_left": 1, "is_mpii": 1}