{"mpii_image": "043285111.jpg", "mpii_annorect_idx": 0, "mpii_body_pts": [[389.0, 436.0, 0.0], [403.0, 232.0, 1.0], [411.9435119628906, 190.08839416503906, 0.0], [445.0564880371094, 34.911598205566406, 0.0], [280.0, 541.0, 0.0], [392.0, 673.0, 1.0], [350.0, 448.0, 0.0], [427.0, 423.0, 0.0], [545.0, 528.0, 1.0], [379.0, 543.0, 0.0], [404.0, 427.0, 1.0], [280.0, 396.0, 1.0], [342.0, 239.0, 1.0], [464.0, 224.0, 1.0], [477.0, 365.0, 1.0], [503.0, 423.0, 1.0]], "hand_pts": [[426.9450988769531, 435.96240234375006, 1.0], [442.21820068359375, 421.7833251953125, 1.0], [466.9945678710937, 425.1593017578125, 1.0], [489.7344970703125, 433.93682861328125, 1.0], [505.0075988769531, 434.61203002929693, 1.0], [475.81903076171875, 439.6759643554688, 1.0], [497.54074096679693, 447.77828979492193, 1.0], [511.1168518066406, 455.2054138183594, 1.0], [521.9777221679688, 460.2693786621093, 1.0], [471.40679931640625, 451.82946777343756, 1.0], [492.11032104492193, 462.97015380859364, 1.0], [507.7228088378906, 468.03408813476574, 1.0], [517.2260742187501, 470.73486328125, 1.0], [469.0309753417969, 462.29495239257807, 1.0], [484.9828796386719, 473.0980529785155, 1.0], [496.86193847656244, 476.8116149902343, 1.0], [500.2559814453125, 472.0852661132813, 1.0], [461.22473144531244, 469.04690551757807, 1.0], [474.80081176757807, 479.5123901367188, 1.0], [483.62527465820307, 479.5123901367188, 1.0], [486.67990112304705, 478.8371887207031, 1.0]], "head_box": [[372.0, 31.0], [485.0, 194.0]], "head_size": 163.0, "hand_box_center": [474.46141052246094, 450.6478576660156], "is_left": 0, "is_mpii": 1}