{"mpii_image": "043812235.jpg", "mpii_annorect_idx": 1, "mpii_body_pts": [[874.0, 511.0, 1.0], [891.0, 281.0, 0.0], [880.1325073242188, 238.8195037841797, 0.0], [842.8674926757812, 94.18049621582031, 0.0], [853.0, 920.0, 1.0], [842.0, 718.0, 1.0], [832.0, 511.0, 1.0], [916.0, 511.0, 1.0], [937.0, 729.0, 1.0], [942.0, 930.0, 1.0], [764.0, 409.0, 1.0], [803.0, 415.0, 1.0], [832.0, 281.0, 0.0], [950.0, 281.0, 1.0], [942.0, 420.0, 1.0], [811.0, 396.0, 1.0]], "hand_pts": [[769.2234497070314, 424.56176757812494, 1.0], [763.8387451171876, 408.98724365234375, 1.0], [761.0181274414061, 393.92333984374994, 1.0], [757.4283447265626, 381.4126586914063, 1.0], [754.8641357421875, 368.9019775390625, 1.0], [745.3767700195314, 391.8807983398438, 1.0], [731.0174560546875, 383.9658508300781, 1.0], [731.5302734375, 389.07226562500006, 1.0], [735.3765258789061, 394.4339904785155, 1.0], [743.325439453125, 402.3489074707031, 1.0], [721.7864990234375, 400.051025390625, 1.0], [728.966125488281, 403.62551879882807, 1.0], [736.6586303710939, 407.20001220703125, 1.0], [742.5562133789061, 409.7532043457031, 1.0], [724.09423828125, 413.3276977539063, 1.0], [732.8123779296876, 418.17877197265625, 1.0], [741.7869262695314, 420.4766540527343, 1.0], [738.1971435546876, 423.02984619140636, 1.0], [726.6583862304689, 428.64691162109375, 1.0], [735.8894042968751, 432.2213745117187, 1.0], [744.0946655273439, 434.2639465332031, 1.0]], "head_box": [[808.0, 90.0], [915.0, 243.0]], "head_size": 153.0, "hand_box_center": [745.5049743652344, 401.5829620361328], "is_left": 0, "is_mpii": 1}