{"mpii_image": "043812235.jpg", "mpii_annorect_idx": 1, "mpii_body_pts": [[874.0, 511.0, 1.0], [891.0, 281.0, 0.0], [880.1325073242188, 238.8195037841797, 0.0], [842.8674926757812, 94.18049621582031, 0.0], [853.0, 920.0, 1.0], [842.0, 718.0, 1.0], [832.0, 511.0, 1.0], [916.0, 511.0, 1.0], [937.0, 729.0, 1.0], [942.0, 930.0, 1.0], [764.0, 409.0, 1.0], [803.0, 415.0, 1.0], [832.0, 281.0, 0.0], [950.0, 281.0, 1.0], [942.0, 420.0, 1.0], [811.0, 396.0, 1.0]], "hand_pts": [[811.0, 396.0, 1.0], [801.44482421875, 381.045867919922, 1.0], [781.0191650390625, 369.3511047363281, 1.0], [758.8063354492188, 374.69003295898426, 1.0], [747.0615844726562, 381.30010986328125, 1.0], [771.0617065429688, 372.40191650390625, 1.0], [755.997802734375, 371.1307678222656, 1.0], [742.9765014648438, 372.910400390625, 1.0], [737.1041259765626, 376.97811889648426, 1.0], [771.5723266601564, 384.859375, 1.0], [751.146728515625, 385.3678588867188, 1.0], [739.912658691406, 387.1474914550781, 1.0], [731.7423706054688, 388.6728820800782, 1.0], [780.2532348632812, 396.2998962402343, 1.0], [755.997802734375, 397.3168334960937, 1.0], [740.9338989257812, 400.11340332031256, 1.0], [736.5934448242188, 403.1642150878906, 1.0], [781.7851562500001, 407.74041748046875, 1.0], [759.8276367187499, 413.84201049804693, 1.0], [751.6573486328125, 416.892822265625, 1.0], [747.0615844726562, 418.418243408203, 1.0]], "head_box": [[808.0, 90.0], [915.0, 243.0]], "head_size": 153.0, "hand_box_center": [771.3711853027344, 393.88467407226557], "is_left": 1, "is_mpii": 1}