{"mpii_image": "043919217.jpg", "mpii_annorect_idx": 2, "mpii_body_pts": [[1383.0, 764.0, 0.0], [1268.0, 644.0, 0.0], [1229.7200927734375, 606.1652221679688, 0.0], [1134.2799072265625, 511.8348083496094, 0.0], [1167.0, 910.0, 0.0], [1231.0, 745.0, 0.0], [1348.0, 753.0, 0.0], [1418.0, 775.0, 1.0], [1331.0, 935.0, 1.0], [1463.0, 867.0, 1.0], [1199.0, 870.0, 0.0], [1211.0, 750.0, 0.0], [1276.0, 626.0, 0.0], [1259.0, 661.0, 1.0], [1202.0, 803.0, 1.0], [1142.0, 907.0, 1.0]], "hand_pts": [[1147.511962890625, 899.4846801757812, 1.0], [1131.4550781250002, 907.4790039062501, 1.0], [1119.2976074218752, 919.1278686523438, 1.0], [1110.8103027343748, 925.9801025390626, 1.0], [1103.6994628906248, 932.6040039062501, 1.0], [1120.444580078125, 917.5289916992188, 1.0], [1104.6169433593748, 927.8073730468751, 1.0], [1095.6708984374998, 932.3755493164062, 1.0], [1089.018798828125, 934.65966796875, 1.0], [1120.9033203124998, 921.4119262695312, 1.0], [1099.1116943359373, 932.6040039062501, 1.0], [1090.8538818359373, 936.4869384765626, 1.0], [1081.2196044921877, 938.3142089843749, 1.0], [1120.2150878906252, 928.9494018554686, 1.0], [1103.6994628906248, 937.6289672851562, 1.0], [1092.4595947265627, 939.9130859375001, 1.0], [1084.4310302734373, 943.1107788085939, 1.0], [1122.2796630859377, 939.6846313476565, 1.0], [1111.9572753906252, 945.623291015625, 1.0], [1105.5345458984373, 948.3641967773438, 1.0], [1100.2586669921877, 950.1914672851562, 1.0]], "head_box": [[1129.0, 494.0], [1235.0, 624.0]], "head_size": 130.0, "hand_box_center": [1114.3657836914062, 924.8380737304688], "is_left": 1, "is_mpii": 1}