{"mpii_image": "044014421.jpg", "mpii_annorect_idx": 0, "mpii_body_pts": [[800.0, 419.0, 0.0], [818.0, 191.0, 1.0], [812.86767578125, 162.47059631347656, 0.0], [789.13232421875, 30.529399871826172, 0.0], [738.0, 660.0, 1.0], [583.0, 501.0, 1.0], [756.0, 434.0, 1.0], [844.0, 403.0, 0.0], [861.0, 366.0, 1.0], [844.0, 670.0, 1.0], [702.0, 347.0, 1.0], [666.0, 364.0, 1.0], [736.0, 199.0, 1.0], [900.0, 183.0, 1.0], [978.0, 362.0, 1.0], [963.0, 284.0, 1.0]], "hand_pts": [[963.0, 284.0, 1.0], [962.9134521484375, 270.9291381835937, 1.0], [962.03076171875, 245.4359283447266, 1.0], [924.9576416015624, 221.70086669921872, 1.0], [916.3513793945311, 203.6797943115234, 1.0], [967.9889526367189, 238.1835479736328, 1.0], [960.7067260742188, 215.10778808593753, 1.0], [937.3153686523438, 212.25079345703128, 1.0], [925.3989868164062, 214.22871398925778, 1.0], [963.3547973632812, 239.28239440917972, 1.0], [950.3350830078125, 222.14039611816406, 1.0], [928.2677001953124, 219.72294616699222, 1.0], [915.4686889648438, 223.01948547363278, 1.0], [958.0586547851561, 255.54530334472656, 1.0], [933.3432006835936, 235.98585510253906, 1.0], [913.0412597656249, 230.9311676025391, 1.0], [905.0969848632812, 227.19509887695315, 1.0], [943.7148437500001, 263.01745605468744, 1.0], [921.2061767578126, 249.61154174804685, 1.0], [911.0551757812499, 243.67778015136716, 1.0], [900.6835327148439, 238.1835479736328, 1.0]], "head_box": [[759.0, 24.0], [843.0, 169.0]], "head_size": 145.0, "hand_box_center": [934.3362426757814, 243.83989715576172], "is_left": 1, "is_mpii": 1}