{"mpii_image": "044527912.jpg", "mpii_annorect_idx": 0, "mpii_body_pts": [[919.0, 557.0, 1.0], [935.0, 275.0, 0.0], [917.6121826171875, 216.6739044189453, 0.0], [873.3878173828125, 68.32610321044922, 0.0], [979.0, 823.0, 0.0], [865.0, 727.0, 1.0], [887.0, 558.0, 1.0], [951.0, 555.0, 1.0], [976.0, 736.0, 1.0], [1010.0, 918.0, 1.0], [865.0, 469.0, 1.0], [930.0, 361.0, 0.0], [859.0, 272.0, 0.0], [1010.0, 278.0, 1.0], [1059.0, 392.0, 1.0], [933.0, 429.0, 1.0]], "hand_pts": [[933.0, 429.0, 1.0], [915.7076416015625, 407.2956848144532, 1.0], [899.5661621093749, 386.4801025390625, 1.0], [883.4246826171876, 374.359619140625, 1.0], [870.7231445312501, 363.0296020507813, 1.0], [885.2769775390627, 392.5403137207031, 1.0], [863.578552246094, 392.01333618164057, 1.0], [854.5816650390625, 393.8577575683594, 1.0], [862.5200805664064, 397.01962280273443, 1.0], [883.4246826171876, 401.2354431152344, 1.0], [866.4893188476564, 399.12753295898426, 1.0], [853.5231933593751, 398.0735778808594, 1.0], [857.4924316406251, 404.3973083496093, 1.0], [881.0431518554686, 420.2066040039063, 1.0], [862.7847290039062, 412.8289489746093, 1.0], [854.5816650390625, 408.08615112304693, 1.0], [849.2893676757814, 403.87033081054693, 1.0], [881.0431518554686, 432.32708740234375, 1.0], [864.901611328125, 428.90173339843744, 1.0], [856.4339599609375, 421.26055908203125, 1.0], [852.200134277344, 417.8352355957031, 1.0]], "head_box": [[835.0, 67.0], [956.0, 218.0]], "head_size": 151.0, "hand_box_center": [891.1446838378906, 397.6783447265625], "is_left": 1, "is_mpii": 1}