{"mpii_image": "044689416.jpg", "mpii_annorect_idx": 0, "mpii_body_pts": [[559.0, 429.0, 0.0], [618.0, 268.0, 0.0], [601.2025146484375, 348.51220703125, 0.0], [663.7974853515625, 48.48780059814453, 0.0], [522.0, 693.0, 1.0], [618.0, 593.0, 1.0], [525.0, 441.0, 0.0], [593.0, 417.0, 1.0], [668.0, 606.0, 0.0], [590.0, 705.0, 1.0], [606.0, 693.0, 0.0], [500.0, 519.0, 1.0], [525.0, 293.0, 1.0], [711.0, 243.0, 0.0], [770.0, 383.0, 1.0], [863.0, 531.0, 1.0]], "hand_pts": [[863.0, 531.0, 1.0], [882.2555541992186, 579.8342285156249, 1.0], [899.54443359375, 605.3963623046875, 1.0], [904.2595825195314, 629.3934936523439, 1.0], [908.4508056640625, 646.0870971679688, 1.0], [955.0784301757814, 591.8328247070311, 1.0], [958.2218627929686, 633.56689453125, 1.0], [935.1699829101564, 648.173828125, 1.0], [921.0245361328125, 653.9122314453124, 1.0], [959.7935791015626, 597.5712280273438, 1.0], [948.2676391601562, 625.7417602539062, 1.0], [904.7835083007814, 629.3934936523439, 1.0], [885.9229125976562, 624.6983642578127, 1.0], [947.7437133789064, 589.74609375, 1.0], [934.6461181640624, 615.8298950195312, 1.0], [904.7835083007814, 622.0900268554686, 1.0], [882.2555541992186, 621.046630859375, 1.0], [940.9329833984374, 588.7027587890625, 1.0], [922.5962524414061, 604.3530273437499, 1.0], [900.068359375, 614.7865600585939, 1.0], [884.3511962890624, 613.7431640625, 1.0]], "head_box": [[514.0, 48.0], [751.0, 349.0]], "head_size": 301.0, "hand_box_center": [911.3967895507812, 592.4561157226562], "is_left": 1, "is_mpii": 1}