{"mpii_image": "045071799.jpg", "mpii_annorect_idx": 0, "mpii_body_pts": [[510.0, 441.0, 1.0], [419.0, 261.0, 1.0], [419.0, 279.05999755859375, 0.0], [419.0, 105.94000244140625, 0.0], [392.0, 557.0, 1.0], [259.0, 439.0, 0.0], [462.0, 441.0, 1.0], [557.0, 441.0, 1.0], [698.0, 506.0, 1.0], [977.0, 572.0, 1.0], [328.0, 594.0, 1.0], [290.0, 427.0, 1.0], [299.0, 274.0, 1.0], [539.0, 247.0, 1.0], [582.0, 402.0, 1.0], [611.0, 559.0, 1.0]], "hand_pts": [[331.70578002929693, 601.3557128906249, 1.0], [353.7652893066406, 612.5140991210938, 1.0], [379.0229187011718, 631.9999389648439, 1.0], [397.01895141601557, 647.0857543945312, 1.0], [414.0678710937501, 653.0571899414061, 1.0], [376.1814270019531, 638.5999755859375, 1.0], [386.91592407226557, 650.5429077148436, 1.0], [397.33468627929693, 660.6000976562501, 1.0], [403.96481323242193, 667.5144042968751, 1.0], [360.07968139648443, 640.4857177734375, 1.0], [370.18273925781244, 653.6857910156251, 1.0], [377.12857055664057, 663.7429809570314, 1.0], [382.4958190917969, 672.8572998046873, 1.0], [345.2408142089843, 644.2571411132811, 1.0], [353.1338500976563, 656.2000732421877, 1.0], [359.76397705078125, 664.6858520507814, 1.0], [367.02554321289057, 673.1715698242186, 1.0], [330.0862426757813, 647.0857543945312, 1.0], [334.50634765624994, 658.4000854492188, 1.0], [334.50634765624994, 666.5715332031251, 1.0], [336.08493041992193, 672.5430297851561, 1.0]], "head_box": [[354.0, 106.0], [484.0, 279.0]], "head_size": 173.0, "hand_box_center": [372.07705688476574, 637.2636413574218], "is_left": 0, "is_mpii": 1}