{"mpii_image": "045154636.jpg", "mpii_annorect_idx": 0, "mpii_body_pts": [[830.0, 381.0, 0.0], [836.0, 153.0, 1.0], [825.8245239257812, 165.57650756835938, 0.0], [935.1754760742188, 30.423500061035156, 0.0], [804.0, 472.0, 1.0], [642.0, 430.0, 1.0], [778.0, 383.0, 0.0], [881.0, 379.0, 1.0], [1067.0, 411.0, 0.0], [907.0, 462.0, 1.0], [598.0, 423.0, 1.0], [574.0, 266.0, 1.0], [713.0, 151.0, 1.0], [958.0, 155.0, 1.0], [1069.0, 292.0, 1.0], [1063.0, 373.0, 1.0]], "hand_pts": [[596.7980957031251, 405.8726196289063, 1.0], [631.6738891601565, 423.5469970703125, 1.0], [655.4528198242185, 449.74291992187494, 1.0], [661.7938842773441, 481.6199035644532, 1.0], [664.330322265625, 502.45040893554693, 1.0], [652.5993652343751, 460.47378540039057, 1.0], [657.6721801757812, 493.29760742187494, 1.0], [658.6233520507814, 513.4968872070314, 1.0], [659.2574462890625, 529.2775268554686, 1.0], [629.137451171875, 460.15817260742193, 1.0], [637.6978759765627, 492.0351562499999, 1.0], [644.3560180664061, 514.1281127929686, 1.0], [648.16064453125, 531.802490234375, 1.0], [607.2608642578126, 460.15817260742193, 1.0], [619.9429321289061, 490.4570922851563, 1.0], [625.64990234375, 512.8656616210936, 1.0], [630.4057006835938, 529.9087524414062, 1.0], [591.4082031249999, 465.20797729492193, 1.0], [596.1640014648438, 488.24777221679693, 1.0], [599.0174560546875, 501.8191833496094, 1.0], [600.9197998046875, 512.8656616210936, 1.0]], "head_box": [[826.0, 4.0], [935.0, 192.0]], "head_size": 188.0, "hand_box_center": [627.8692626953125, 468.8375549316406], "is_left": 0, "is_mpii": 1}