{"mpii_image": "045154636.jpg", "mpii_annorect_idx": 0, "mpii_body_pts": [[830.0, 381.0, 0.0], [836.0, 153.0, 1.0], [825.8245239257812, 165.57650756835938, 0.0], [935.1754760742188, 30.423500061035156, 0.0], [804.0, 472.0, 1.0], [642.0, 430.0, 1.0], [778.0, 383.0, 0.0], [881.0, 379.0, 1.0], [1067.0, 411.0, 0.0], [907.0, 462.0, 1.0], [598.0, 423.0, 1.0], [574.0, 266.0, 1.0], [713.0, 151.0, 1.0], [958.0, 155.0, 1.0], [1069.0, 292.0, 1.0], [1063.0, 373.0, 1.0]], "hand_pts": [[1063.0, 373.0, 1.0], [1045.895263671875, 378.50933837890625, 1.0], [1021.8236083984374, 396.8561401367188, 1.0], [1007.8561401367186, 428.22320556640625, 1.0], [988.5394287109374, 450.1209716796875, 1.0], [1034.8995361328123, 410.46826171875, 1.0], [1020.0405273437499, 454.26379394531244, 1.0], [1012.6110229492188, 469.0595703125, 1.0], [1007.2617797851562, 487.7022705078125, 1.0], [1057.1881103515623, 421.71304321289057, 1.0], [1036.9798583984375, 465.2126770019531, 1.0], [1031.3333740234373, 478.2329711914063, 1.0], [1027.4699707031252, 487.11044311523443, 1.0], [1074.7216796875002, 428.5191040039063, 1.0], [1056.8908691406252, 469.65139770507807, 1.0], [1050.6501464843748, 481.1921081542969, 1.0], [1047.0839843749998, 489.773681640625, 1.0], [1084.5286865234375, 435.62109374999994, 1.0], [1072.6414794921875, 466.9881591796874, 1.0], [1064.0231933593748, 475.5697021484375, 1.0], [1055.405029296875, 481.7839355468749, 1.0]], "head_box": [[826.0, 4.0], [935.0, 192.0]], "head_size": 188.0, "hand_box_center": [1036.5340576171875, 431.3868408203125], "is_left": 1, "is_mpii": 1}