{"mpii_image": "045566082.jpg", "mpii_annorect_idx": 1, "mpii_body_pts": [[1094.0, 859.0, 0.0], [1153.0, 794.0, 1.0], [1159.1744384765625, 772.3267822265625, 0.0], [1195.8255615234375, 643.6732177734375, 0.0], [1108.0, 792.0, 0.0], [1134.0, 828.0, 0.0], [1156.0, 867.0, 0.0], [1031.0, 850.0, 1.0], [1009.0, 824.0, 1.0], [992.0, 800.0, 1.0], [1151.0, 978.0, 1.0], [1098.0, 944.0, 1.0], [1074.0, 792.0, 1.0], [1231.0, 795.0, 1.0], [1233.0, 934.0, 1.0], [1276.0, 966.0, 1.0]], "hand_pts": [[1276.0, 966.0, 1.0], [1271.4067382812502, 982.0893554687501, 1.0], [1268.66259765625, 999.3944091796876, 1.0], [1277.3521728515623, 1008.7299804687501, 1.0], [1289.2430419921875, 1020.1148681640625, 1.0], [1297.9324951171875, 1004.859130859375, 1.0], [1304.56396484375, 1015.7886352539064, 1.0], [1308.22265625, 1021.9364624023436, 1.0], [1311.424072265625, 1028.31201171875, 1.0], [1307.7653808593748, 1003.0375366210938, 1.0], [1314.62548828125, 1015.1055297851561, 1.0], [1318.7415771484377, 1022.391845703125, 1.0], [1323.7722167968748, 1028.5396728515625, 1.0], [1315.5401611328125, 1002.3544921874999, 1.0], [1321.9428710937502, 1012.6008300781252, 1.0], [1324.9156494140627, 1019.2041015625001, 1.0], [1329.03173828125, 1027.6289062499998, 1.0], [1323.31494140625, 1003.4929809570314, 1.0], [1329.2603759765625, 1011.6900634765626, 1.0], [1332.2330322265623, 1017.8378906249999, 1.0], [1334.5197753906252, 1022.391845703125, 1.0]], "head_box": [[1135.0, 636.0], [1220.0, 780.0]], "head_size": 144.0, "hand_box_center": [1301.5911865234375, 997.2698364257812], "is_left": 1, "is_mpii": 1}