{"mpii_image": "045790030.jpg", "mpii_annorect_idx": 1, "mpii_body_pts": [[1332.0, 606.0, 1.0], [1356.0, 310.0, 1.0], [1360.2730712890625, 236.6033935546875, 0.0], [1368.7269287109375, 91.39659881591797, 0.0], [1244.0, 1002.0, 1.0], [1259.0, 809.0, 1.0], [1266.0, 602.0, 1.0], [1398.0, 610.0, 1.0], [1396.0, 852.0, 1.0], [1403.0, 1043.0, 1.0], [1220.0, 463.0, 1.0], [1194.0, 436.0, 1.0], [1242.0, 311.0, 1.0], [1470.0, 309.0, 1.0], [1506.0, 465.0, 1.0], [1449.0, 468.0, 1.0]], "hand_pts": [[1449.0, 468.0, 1.0], [1444.5780029296875, 455.76336669921875, 1.0], [1410.9384765625, 433.8425598144532, 1.0], [1395.1571044921875, 416.0577697753906, 1.0], [1389.3427734375, 399.9273681640625, 1.0], [1434.7731933593748, 453.4009399414062, 1.0], [1424.4777832031252, 454.11627197265625, 1.0], [1412.7457275390625, 453.639404296875, 1.0], [1402.2109375, 455.070068359375, 1.0], [1427.5903320312498, 469.3768920898438, 1.0], [1414.4217529296877, 471.0460205078125, 1.0], [1405.8023681640625, 471.9998168945313, 1.0], [1395.9857177734377, 472.95361328124994, 1.0], [1418.9708251953125, 482.7299194335937, 1.0], [1407.7177734375002, 487.2604064941406, 1.0], [1394.5491943359373, 487.4988708496093, 1.0], [1383.5355224609377, 486.7835388183593, 1.0], [1414.400146484375, 499.75573730468744, 1.0], [1400.3297119140625, 507.6962585449219, 1.0], [1391.418579101563, 512.1336059570314, 1.0], [1377.7891845703123, 518.0200805664064, 1.0]], "head_box": [[1309.0, 92.0], [1420.0, 236.0]], "head_size": 144.0, "hand_box_center": [1413.3945922851562, 458.97372436523443], "is_left": 1, "is_mpii": 1}