{"mpii_image": "045990892.jpg", "mpii_annorect_idx": 0, "mpii_body_pts": [[854.0, 499.0, 0.0], [782.0, 250.0, 0.0], [773.6931762695312, 239.6342010498047, 0.0], [673.3068237304688, 114.36579895019531, 0.0], [756.0, 852.0, 1.0], [694.0, 665.0, 0.0], [872.0, 489.0, 0.0], [836.0, 509.0, 1.0], [684.0, 706.0, 1.0], [605.0, 922.0, 1.0], [607.0, 393.0, 0.0], [749.0, 400.0, 1.0], [795.0, 246.0, 0.0], [768.0, 254.0, 1.0], [701.0, 362.0, 1.0], [557.0, 405.0, 1.0]], "hand_pts": [[563.9884033203126, 398.4141235351563, 1.0], [539.8403930664062, 410.70999145507807, 1.0], [512.9483642578126, 431.20306396484375, 1.0], [490.4468078613281, 434.4819641113281, 1.0], [478.64724731445324, 437.2143859863281, 1.0], [493.46533203124994, 399.7803344726562, 1.0], [471.78701782226557, 416.44805908203125, 1.0], [463.8291625976563, 429.01715087890625, 1.0], [458.8898010253907, 438.58056640624994, 1.0], [494.2885437011718, 397.86764526367193, 1.0], [470.96380615234375, 408.79730224609364, 1.0], [447.3646240234376, 415.3550720214844, 1.0], [436.6626892089844, 421.0931396484374, 1.0], [490.99563598632807, 397.5944213867188, 1.0], [459.98742675781244, 401.6930236816406, 1.0], [448.46228027343756, 406.0648803710938, 1.0], [436.6626892089844, 409.8902587890625, 1.0], [495.93499755859364, 406.3381347656249, 1.0], [477.00079345703125, 407.97756958007807, 1.0], [463.0059509277344, 410.98321533203125, 1.0], [453.4016418457031, 413.71563720703125, 1.0]], "head_box": [[658.0, 101.0], [789.0, 253.0]], "head_size": 152.0, "hand_box_center": [500.3255462646485, 418.0874938964844], "is_left": 0, "is_mpii": 1}