{"mpii_image": "046322964.jpg", "mpii_annorect_idx": 0, "mpii_body_pts": [[1273.0, 741.0, 0.0], [1154.0, 324.0, 1.0], [1133.039306640625, 305.1741943359375, 0.0], [958.960693359375, 148.8258056640625, 0.0], [1170.0, 1056.0, 0.0], [1183.0, 932.0, 0.0], [1208.0, 745.0, 0.0], [1338.0, 736.0, 0.0], [1356.0, 907.0, 0.0], [1369.0, 1059.0, 0.0], [814.0, 612.0, 1.0], [963.0, 510.0, 1.0], [1037.0, 367.0, 1.0], [1270.0, 280.0, 1.0], [1400.0, 451.0, 1.0], [1282.0, 600.0, 1.0]], "hand_pts": [[796.4097900390626, 613.7505493164062, 1.0], [785.4367675781251, 632.0727539062501, 1.0], [766.0726318359374, 636.2515258789061, 1.0], [744.1266479492188, 648.7877807617189, 1.0], [725.4079589843749, 660.0382690429686, 1.0], [748.3222045898436, 612.1433715820314, 1.0], [727.0216674804685, 627.5725708007812, 1.0], [717.016845703125, 641.7160034179688, 1.0], [717.016845703125, 656.8237915039062, 1.0], [748.3222045898436, 605.0715942382814, 1.0], [721.8579101562499, 621.4651489257811, 1.0], [713.4667968749999, 638.8230590820311, 1.0], [713.1440429687501, 653.9308471679688, 1.0], [749.9358520507812, 599.6071166992186, 1.0], [725.730712890625, 621.7866210937499, 1.0], [721.21240234375, 636.8944091796876, 1.0], [722.1806030273439, 647.1805419921876, 1.0], [751.2268066406251, 601.5357666015625, 1.0], [731.2172241210936, 618.5722045898438, 1.0], [727.6671142578125, 630.465576171875, 1.0], [728.3126220703124, 643.0018310546876, 1.0]], "head_box": [[961.0, 108.0], [1131.0, 346.0]], "head_size": 238.0, "hand_box_center": [754.7769165039064, 629.8226928710936], "is_left": 0, "is_mpii": 1}