{"mpii_image": "046437032.jpg", "mpii_annorect_idx": 1, "mpii_body_pts": [[903.0, 238.0, 1.0], [875.0, 66.0, 1.0], [918.478271484375, 41.25080108642578, 0.0], [766.521728515625, 127.74919891357422, 0.0], [772.0, 520.0, 0.0], [816.0, 350.0, 1.0], [849.0, 237.0, 1.0], [956.0, 239.0, 1.0], [973.0, 410.0, 0.0], [952.0, 592.0, 1.0], [797.0, 284.0, 1.0], [764.0, 181.0, 1.0], [762.0, 71.0, 1.0], [987.0, 61.0, 1.0], [1033.0, 233.0, 1.0], [981.0, 359.0, 1.0]], "hand_pts": [[984.6839599609376, 360.10998535156256, 1.0], [961.0827026367189, 361.829833984375, 1.0], [938.3449096679688, 369.5691223144532, 1.0], [931.7250366210939, 383.32788085937506, 1.0], [933.73974609375, 400.2396850585937, 1.0], [953.5993652343751, 400.5263366699219, 1.0], [946.691650390625, 417.43814086914057, 1.0], [940.3596191406249, 410.27212524414057, 1.0], [941.7987060546877, 400.8129577636719, 1.0], [967.7025756835938, 406.2591552734375, 1.0], [957.3410034179686, 424.3175048828125, 1.0], [949.8577270507811, 428.90374755859364, 1.0], [942.9500122070312, 431.7701721191406, 1.0], [982.3814086914061, 407.1190795898438, 1.0], [973.7467651367188, 424.6041564941406, 1.0], [966.839111328125, 437.21633911132807, 1.0], [961.9461669921874, 443.2358093261719, 1.0], [995.6211547851561, 405.9725036621093, 1.0], [994.1820068359374, 417.43814086914057, 1.0], [993.606384277344, 427.7572021484375, 1.0], [992.1672973632811, 433.7766418457031, 1.0]], "head_box": [[772.0, 1.0], [913.0, 168.0]], "head_size": 167.0, "hand_box_center": [963.673095703125, 401.6728973388672], "is_left": 1, "is_mpii": 1}