{"mpii_image": "046413519.jpg", "mpii_annorect_idx": 0, "mpii_body_pts": [[1030.0, 632.0, 1.0], [991.0, 445.0, 1.0], [988.0438232421875, 479.1603088378906, 0.0], [1002.9561767578125, 306.8396911621094, 0.0], [950.0, 932.0, 1.0], [1021.0, 753.0, 1.0], [993.0, 638.0, 1.0], [1067.0, 626.0, 1.0], [1117.0, 750.0, 1.0], [1123.0, 929.0, 1.0], [894.0, 740.0, 1.0], [897.0, 632.0, 1.0], [912.0, 468.0, 1.0], [1070.0, 422.0, 1.0], [1120.0, 496.0, 1.0], [1200.0, 570.0, 1.0]], "hand_pts": [[898.2185668945311, 750.7263183593751, 1.0], [914.0861206054686, 755.5709838867188, 1.0], [925.0910034179688, 766.5353393554688, 1.0], [935.8399658203124, 779.2846069335939, 1.0], [943.517822265625, 788.2090454101564, 1.0], [910.7590332031251, 769.0852050781251, 1.0], [915.6216430664062, 777.2446899414062, 1.0], [918.4368896484375, 783.3643188476562, 1.0], [920.4843139648439, 790.5039062500001, 1.0], [894.6355590820311, 768.8302001953123, 1.0], [894.1237182617189, 778.2646484375, 1.0], [895.6593017578126, 785.6591796875, 1.0], [894.8914794921875, 789.7389526367189, 1.0], [882.60693359375, 768.8302001953123, 1.0], [876.6924438476564, 776.2732543945312, 1.0], [874.2954101562501, 781.5272827148436, 1.0], [873.3365478515624, 788.6918945312501, 1.0], [877.4884033203126, 768.3202514648436, 1.0], [869.5546264648436, 775.2048339843751, 1.0], [863.6682739257812, 777.4996948242186, 1.0], [854.4548950195312, 782.8543701171876, 1.0]], "head_box": [[930.0, 307.0], [1061.0, 479.0]], "head_size": 172.0, "hand_box_center": [898.9863586425781, 770.6151123046876], "is_left": 0, "is_mpii": 1}