{"mpii_image": "046437032.jpg", "mpii_annorect_idx": 1, "mpii_body_pts": [[903.0, 238.0, 1.0], [875.0, 66.0, 1.0], [918.478271484375, 41.25080108642578, 0.0], [766.521728515625, 127.74919891357422, 0.0], [772.0, 520.0, 0.0], [816.0, 350.0, 1.0], [849.0, 237.0, 1.0], [956.0, 239.0, 1.0], [973.0, 410.0, 0.0], [952.0, 592.0, 1.0], [797.0, 284.0, 1.0], [764.0, 181.0, 1.0], [762.0, 71.0, 1.0], [987.0, 61.0, 1.0], [1033.0, 233.0, 1.0], [981.0, 359.0, 1.0]], "hand_pts": [[796.8016357421875, 302.251220703125, 1.0], [814.0062255859373, 311.1797790527344, 1.0], [820.7384643554688, 327.54879760742193, 1.0], [821.4865112304688, 341.3136291503906, 1.0], [821.4865112304688, 352.8463439941406, 1.0], [793.0615234374999, 341.6856689453125, 1.0], [794.5576171874998, 357.3106384277344, 1.0], [797.5496826171876, 364.3790588378906, 1.0], [800.5418090820311, 371.0754699707031, 1.0], [783.7112426757812, 342.80172729492193, 1.0], [783.7112426757812, 359.1707458496094, 1.0], [787.0773315429689, 366.98321533203125, 1.0], [790.0694580078125, 374.4236755371093, 1.0], [776.23095703125, 339.45352172851557, 1.0], [772.8648681640624, 348.0100402832031, 1.0], [772.4908447265626, 358.05468750000006, 1.0], [773.2388916015626, 366.61120605468744, 1.0], [773.6129150390625, 332.01306152343756, 1.0], [769.4987792968752, 337.59341430664057, 1.0], [768.376708984375, 343.54577636718744, 1.0], [768.3914794921875, 348.69729614257807, 1.0]], "head_box": [[772.0, 1.0], [913.0, 168.0]], "head_size": 167.0, "hand_box_center": [794.9316101074219, 338.3374481201172], "is_left": 0, "is_mpii": 1}