{"mpii_image": "046644709.jpg", "mpii_annorect_idx": 0, "mpii_body_pts": [[1029.0, 612.0, 0.0], [1018.0, 370.0, 0.0], [1016.6284790039062, 346.456298828125, 0.0], [1007.3715209960938, 187.543701171875, 0.0], [1086.0, 950.0, 0.0], [1033.0, 798.0, 1.0], [1048.0, 607.0, 0.0], [1009.0, 616.0, 1.0], [973.0, 825.0, 1.0], [1009.0, 995.0, 0.0], [890.0, 234.0, 1.0], [976.0, 299.0, 0.0], [1057.0, 341.0, 0.0], [979.0, 398.0, 1.0], [890.0, 499.0, 1.0], [827.0, 443.0, 1.0]], "hand_pts": [[890.0, 234.0, 1.0], [882.7828369140626, 218.4252471923828, 1.0], [876.1072998046874, 203.6541290283203, 1.0], [863.1270751953124, 191.0986785888672, 1.0], [857.9349975585939, 189.99084472656247, 1.0], [887.6040649414062, 192.20651245117185, 1.0], [867.9483032226564, 188.88301086425778, 1.0], [861.2727661132812, 193.6836242675781, 1.0], [859.7893066406252, 198.85351562499997, 1.0], [883.5245361328125, 203.6541290283203, 1.0], [865.3522949218749, 198.11495971679685, 1.0], [859.0476074218749, 204.761962890625, 1.0], [865.7231445312501, 208.45474243164062, 1.0], [877.2199096679689, 211.77824401855472, 1.0], [861.6436767578126, 208.45474243164062, 1.0], [858.6767578125, 215.10174560546875, 1.0], [867.5774536132812, 216.2095794677734, 1.0], [868.6900634765626, 221.01019287109378, 1.0], [862.3853759765627, 222.85658264160156, 1.0], [868.6900634765626, 225.81080627441406, 1.0], [873.1403808593751, 226.91864013671875, 1.0]], "head_box": [[949.0, 190.0], [1075.0, 344.0]], "head_size": 154.0, "hand_box_center": [873.9674987792969, 211.4415054321289], "is_left": 0, "is_mpii": 1}