{"mpii_image": "046731238.jpg", "mpii_annorect_idx": 0, "mpii_body_pts": [[810.0, 904.0, 1.0], [734.0, 701.0, 1.0], [911.0, 595.0, 1.0], [1043.0, 598.0, 1.0], [1178.0, 770.0, 1.0], [1320.0, 881.0, 1.0], [977.0, 597.0, 1.0], [962.0, 323.0, 1.0], [954.0, 256.0, 0.0], [937.0, 109.0, 0.0], [840.0, 453.0, 1.0], [858.0, 498.0, 1.0], [871.0, 339.0, 1.0], [1053.0, 307.0, 1.0], [1130.0, 450.0, 1.0], [995.0, 426.0, 1.0]], "hand_pts": [[842.2658081054686, 450.05664062500006, 1.0], [854.8919067382812, 447.361328125, 1.0], [880.1441040039061, 445.115234375, 1.0], [876.987548828125, 439.275390625, 1.0], [869.7726440429688, 434.109375, 1.0], [847.6770019531251, 422.4296569824219, 1.0], [866.1652221679686, 431.4140625, 1.0], [863.6851196289062, 439.275390625, 1.0], [860.528564453125, 437.70312499999994, 1.0], [838.4329223632811, 429.392578125, 1.0], [859.626708984375, 442.19531249999994, 1.0], [849.4807739257814, 443.31835937499994, 1.0], [844.7459716796877, 440.623046875, 1.0], [830.7670898437499, 439.5, 1.0], [847.2260742187501, 448.25976562500006, 1.0], [840.0111694335936, 447.58593749999994, 1.0], [835.9528198242185, 444.890625, 1.0], [825.8068237304686, 449.15820312500006, 1.0], [837.3056030273438, 453.87503051757807, 1.0], [831.6689453125, 453.87503051757807, 1.0], [830.5416259765625, 452.07812499999994, 1.0]], "head_box": [[892.0, 108.0], [1000.0, 258.0]], "head_size": 150.0, "hand_box_center": [852.9754638671874, 438.15234375], "is_left": 0, "is_mpii": 1}