{"mpii_image": "046731238.jpg", "mpii_annorect_idx": 0, "mpii_body_pts": [[810.0, 904.0, 1.0], [734.0, 701.0, 1.0], [911.0, 595.0, 1.0], [1043.0, 598.0, 1.0], [1178.0, 770.0, 1.0], [1320.0, 881.0, 1.0], [977.0, 597.0, 1.0], [962.0, 323.0, 1.0], [954.0, 256.0, 0.0], [937.0, 109.0, 0.0], [840.0, 453.0, 1.0], [858.0, 498.0, 1.0], [871.0, 339.0, 1.0], [1053.0, 307.0, 1.0], [1130.0, 450.0, 1.0], [995.0, 426.0, 1.0]], "hand_pts": [[995.0, 426.0, 1.0], [981.031066894531, 412.4974365234375, 1.0], [956.9340209960938, 403.2859802246094, 1.0], [933.3238525390626, 423.8905334472655, 1.0], [937.7051391601564, 438.4349365234375, 1.0], [950.6055297851561, 404.4980163574218, 1.0], [927.2387695312501, 422.92089843749994, 1.0], [935.7578735351564, 431.8899536132813, 1.0], [944.5204467773439, 427.5266418457031, 1.0], [947.9281005859374, 412.0126037597657, 1.0], [927.9689331054686, 431.1627197265625, 1.0], [938.9221191406249, 439.64697265625, 1.0], [947.9281005859374, 436.25326538085943, 1.0], [954.98681640625, 419.2848205566406, 1.0], [932.8370361328124, 440.3741760253906, 1.0], [945.4940185546876, 447.1615600585937, 1.0], [954.5, 441.586212158203, 1.0], [956.4472045898436, 434.3140258789063, 1.0], [940.13916015625, 449.100830078125, 1.0], [949.8753051757812, 450.55526733398443, 1.0], [957.1774291992186, 447.88879394531244, 1.0]], "head_box": [[892.0, 108.0], [1000.0, 258.0]], "head_size": 150.0, "hand_box_center": [961.119384765625, 426.9206237792969], "is_left": 1, "is_mpii": 1}