{"mpii_image": "047123669.jpg", "mpii_annorect_idx": 0, "mpii_body_pts": [[880.0, 541.0, 1.0], [878.0, 251.0, 1.0], [879.0369873046875, 200.601806640625, 0.0], [881.9630126953125, 58.39820098876953, 0.0], [884.0, 1052.0, 0.0], [853.0, 833.0, 1.0], [832.0, 535.0, 1.0], [928.0, 547.0, 1.0], [988.0, 833.0, 0.0], [983.0, 1038.0, 1.0], [769.0, 523.0, 1.0], [730.0, 453.0, 1.0], [779.0, 268.0, 1.0], [976.0, 234.0, 1.0], [1086.0, 388.0, 1.0], [1154.0, 540.0, 1.0]], "hand_pts": [[770.8085327148438, 525.7577514648438, 1.0], [786.1718750000001, 527.0158081054686, 1.0], [810.1639404296876, 539.1773071289062, 1.0], [817.9508666992186, 556.5808715820314, 1.0], [820.8972167968749, 570.0004272460939, 1.0], [791.4332885742188, 527.6448974609375, 1.0], [802.5875244140624, 556.1614990234374, 1.0], [807.217529296875, 572.5166015625, 1.0], [808.2698364257812, 583.8394165039061, 1.0], [774.1758422851564, 531.8385009765626, 1.0], [788.6973266601564, 564.7584228515625, 1.0], [796.2738037109376, 577.1296386718751, 1.0], [798.7992553710939, 583.2103881835938, 1.0], [761.9693603515625, 534.9837036132814, 1.0], [775.6490478515625, 564.1293945312501, 1.0], [785.1195678710938, 572.5166015625, 1.0], [788.6973266601564, 574.403747558594, 1.0], [748.7105712890626, 538.7579956054686, 1.0], [761.7589111328125, 560.3551025390625, 1.0], [766.8098754882812, 565.8068237304686, 1.0], [769.7562255859373, 568.5327148437499, 1.0]], "head_box": [[832.0, 55.0], [929.0, 204.0]], "head_size": 149.0, "hand_box_center": [784.8038940429688, 554.798583984375], "is_left": 0, "is_mpii": 1}