{"mpii_image": "047226346.jpg", "mpii_annorect_idx": 0, "mpii_body_pts": [[460.0, 609.0, 1.0], [395.0, 265.0, 1.0], [399.37890625, 219.1781005859375, 0.0], [418.62109375, 17.8218994140625, 0.0], [1056.0, 706.0, 1.0], [727.0, 673.0, 1.0], [390.0, 638.0, 1.0], [530.0, 580.0, 1.0], [754.0, 630.0, 1.0], [1111.0, 706.0, 0.0], [332.0, 458.0, 1.0], [197.0, 444.0, 1.0], [290.0, 268.0, 1.0], [499.0, 262.0, 1.0], [586.0, 450.0, 1.0], [731.0, 462.0, 1.0]], "hand_pts": [[723.8900146484375, 464.2736206054688, 1.0], [739.8721313476564, 441.72509765624994, 1.0], [750.1939086914062, 422.49252319335943, 1.0], [759.5167846679689, 436.0879516601563, 1.0], [764.1782226562501, 454.3257446289063, 1.0], [788.1513671874999, 441.0618896484375, 1.0], [784.4888305664065, 453.33096313476574, 1.0], [769.172607421875, 455.320526123047, 1.0], [757.5190429687501, 457.3100891113282, 1.0], [790.149169921875, 462.2840270996094, 1.0], [779.1614379882812, 469.24755859375006, 1.0], [759.1838378906251, 467.92117309570307, 1.0], [748.862060546875, 462.2840270996094, 1.0], [788.1513671874999, 477.5374450683594, 1.0], [778.4955444335938, 482.17980957031256, 1.0], [758.5178833007812, 479.85861206054693, 1.0], [749.1950073242188, 475.5478820800782, 1.0], [785.4876708984374, 490.46969604492193, 1.0], [780.1603393554688, 491.7960815429687, 1.0], [768.1737670898439, 490.80130004882807, 1.0], [754.8553466796876, 489.14331054687494, 1.0]], "head_box": [[335.0, 16.0], [483.0, 221.0]], "head_size": 205.0, "hand_box_center": [757.0195922851562, 457.14430236816406], "is_left": 1, "is_mpii": 1}