{"mpii_image": "047870220.jpg", "mpii_annorect_idx": 0, "mpii_body_pts": [[501.0, 710.0, 1.0], [464.0, 512.0, 1.0], [594.0, 545.0, 0.0], [683.0, 563.0, 0.0], [826.0, 621.0, 1.0], [742.0, 709.0, 0.0], [639.0, 554.0, 0.0], [682.0, 263.0, 1.0], [674.0, 240.0, 0.0], [602.0, 37.0, 0.0], [491.0, 297.0, 0.0], [487.0, 439.0, 0.0], [561.0, 224.0, 1.0], [803.0, 301.0, 1.0], [810.0, 501.0, 1.0], [723.0, 563.0, 1.0]], "hand_pts": [[723.0, 563.0, 1.0], [691.5622558593749, 564.5891723632814, 1.0], [657.0447387695314, 592.5861816406251, 1.0], [646.0133666992188, 619.8743286132812, 1.0], [639.9639282226562, 645.3905639648438, 1.0], [677.6840820312501, 591.1685791015625, 1.0], [657.0447387695314, 639.7202758789062, 1.0], [651.7069702148439, 649.2888793945314, 1.0], [644.9458007812499, 656.376708984375, 1.0], [699.3909301757812, 610.66015625, 1.0], [691.2064208984374, 642.555419921875, 1.0], [683.7335205078126, 656.0223388671876, 1.0], [676.2606811523438, 665.5909423828125, 1.0], [715.0484008789062, 606.7618408203125, 1.0], [712.9132690429686, 637.9483642578126, 1.0], [706.152099609375, 656.0223388671876, 1.0], [688.7154541015625, 667.362854003906, 1.0], [729.6382446289062, 603.9266967773438, 1.0], [726.0797119140626, 640.7834472656252, 1.0], [718.606872558594, 651.7696533203125, 1.0], [710.7781982421877, 659.5662841796875, 1.0]], "head_box": [[556.0, 32.0], [721.0, 246.0]], "head_size": 214.0, "hand_box_center": [684.8010864257812, 615.181427001953], "is_left": 1, "is_mpii": 1}