{"mpii_image": "048017344.jpg", "mpii_annorect_idx": 0, "mpii_body_pts": [[756.0, 456.0, 1.0], [749.0, 217.0, 1.0], [742.9600219726562, 161.96839904785156, 0.0], [728.0399780273438, 26.031600952148438, 0.0], [725.0, 607.0, 1.0], [617.0, 667.0, 1.0], [706.0, 454.0, 1.0], [805.0, 458.0, 1.0], [973.0, 386.0, 1.0], [936.0, 694.0, 1.0], [621.0, 402.0, 1.0], [648.0, 328.0, 1.0], [659.0, 231.0, 1.0], [838.0, 202.0, 1.0], [923.0, 206.0, 1.0], [878.0, 148.0, 1.0]], "hand_pts": [[881.1580200195312, 156.8297119140625, 1.0], [823.9805297851561, 135.5320739746094, 1.0], [820.6039428710939, 159.0715637207031, 1.0], [839.2879028320312, 169.60827636718753, 1.0], [857.9718627929686, 170.28083801269537, 1.0], [836.3615112304686, 116.47631072998047, 1.0], [846.9415893554686, 157.72644042968753, 1.0], [850.7684326171877, 168.4873504638672, 1.0], [841.7640991210938, 162.21015930175776, 1.0], [853.0194702148439, 109.52655792236328, 1.0], [867.4263916015625, 159.0715637207031, 1.0], [862.2489013671877, 168.4873504638672, 1.0], [855.0454711914061, 160.6408538818359, 1.0], [866.3008422851562, 113.11353302001953, 1.0], [878.4567260742186, 145.62042236328128, 1.0], [878.0064697265625, 159.2957458496094, 1.0], [871.4783325195315, 152.3459930419922, 1.0], [883.1839599609376, 119.61490631103516, 1.0], [886.1103515625001, 145.17205810546875, 1.0], [881.1580200195312, 149.65576171874997, 1.0], [878.4567260742186, 144.72369384765625, 1.0]], "head_box": [[680.0, 29.0], [791.0, 159.0]], "head_size": 130.0, "hand_box_center": [853.357147216797, 139.90369796752933], "is_left": 1, "is_mpii": 1}