{"mpii_image": "048386022.jpg", "mpii_annorect_idx": 1, "mpii_body_pts": [[887.0, 400.0, 1.0], [1096.0, 250.0, 0.0], [1134.9532470703125, 214.55259704589844, 0.0], [1257.0467529296875, 103.44740295410156, 0.0], [939.0, 886.0, 1.0], [901.0, 652.0, 1.0], [839.0, 373.0, 1.0], [934.0, 427.0, 1.0], [967.0, 662.0, 1.0], [1003.0, 873.0, 1.0], [1111.0, 498.0, 1.0], [1024.0, 396.0, 1.0], [1067.0, 237.0, 1.0], [1124.0, 263.0, 0.0], [1047.0, 396.0, 0.0], [1008.0, 511.0, 1.0]], "hand_pts": [[1005.7645874023438, 533.5760498046875, 1.0], [994.4055175781251, 542.3982543945311, 1.0], [988.9531860351562, 556.8756713867188, 1.0], [979.8659667968749, 570.900634765625, 1.0], [970.3244018554686, 584.0208129882812, 1.0], [1005.5374145507812, 577.6869506835938, 1.0], [1002.3568725585939, 597.8195800781251, 1.0], [993.7239990234375, 606.8679809570312, 1.0], [988.2716674804686, 612.7494506835938, 1.0], [999.8578491210936, 575.6510620117186, 1.0], [993.496826171875, 596.0099487304688, 1.0], [987.3629760742186, 605.7369384765626, 1.0], [981.0018920898438, 611.1659545898438, 1.0], [995.5414428710938, 571.8054809570314, 1.0], [990.54345703125, 589.4498291015624, 1.0], [984.8639526367188, 600.7603149414062, 1.0], [978.7301025390626, 607.3204345703126, 1.0], [990.54345703125, 572.4841308593751, 1.0], [986.9085693359374, 586.0567016601564, 1.0], [982.8193359375001, 594.8789062500001, 1.0], [979.1844482421877, 600.3079223632811, 1.0]], "head_box": [[1139.0, 73.0], [1253.0, 245.0]], "head_size": 172.0, "hand_box_center": [988.0444946289062, 573.1627502441406], "is_left": 1, "is_mpii": 1}