{"mpii_image": "048558970.jpg", "mpii_annorect_idx": 0, "mpii_body_pts": [[977.0, 575.0, 1.0], [984.0, 316.0, 1.0], [979.1409912109375, 260.7289123535156, 0.0], [964.8590087890625, 98.27110290527344, 0.0], [938.0, 1068.0, 1.0], [913.0, 887.0, 1.0], [913.0, 581.0, 1.0], [1041.0, 569.0, 1.0], [1044.0, 904.0, 1.0], [1038.0, 1063.0, 1.0], [865.0, 505.0, 1.0], [815.0, 464.0, 1.0], [885.0, 319.0, 1.0], [1083.0, 313.0, 1.0], [1155.0, 469.0, 1.0], [1122.0, 416.0, 1.0]], "hand_pts": [[1122.0, 416.0, 1.0], [1113.0756835937502, 398.29565429687494, 1.0], [1099.1368408203123, 376.0884399414062, 1.0], [1083.525390625, 354.1587829589843, 1.0], [1081.852783203125, 336.94818115234375, 1.0], [1079.06494140625, 379.1419372558594, 1.0], [1058.435546875, 380.5298767089843, 1.0], [1031.9516601562502, 381.0850524902343, 1.0], [1018.0128784179688, 381.0850524902343, 1.0], [1081.295166015625, 392.74386596679693, 1.0], [1056.4840087890625, 393.2990417480469, 1.0], [1030.8366699218752, 395.2421569824219, 1.0], [1017.1765747070314, 398.01806640624994, 1.0], [1079.34375, 407.45614624023426, 1.0], [1054.2539062499998, 407.7337341308594, 1.0], [1029.7215576171877, 408.84408569335955, 1.0], [1015.5039062500001, 411.06481933593756, 1.0], [1077.6711425781245, 422.4460144042968, 1.0], [1054.2539062499998, 421.890838623047, 1.0], [1037.5272216796875, 422.4460144042968, 1.0], [1023.8671874999999, 422.72360229492193, 1.0]], "head_box": [[915.0, 95.0], [1029.0, 264.0]], "head_size": 169.0, "hand_box_center": [1068.751953125, 379.8358917236328], "is_left": 1, "is_mpii": 1}