{"mpii_image": "048558970.jpg", "mpii_annorect_idx": 0, "mpii_body_pts": [[977.0, 575.0, 1.0], [984.0, 316.0, 1.0], [979.1409912109375, 260.7289123535156, 0.0], [964.8590087890625, 98.27110290527344, 0.0], [938.0, 1068.0, 1.0], [913.0, 887.0, 1.0], [913.0, 581.0, 1.0], [1041.0, 569.0, 1.0], [1044.0, 904.0, 1.0], [1038.0, 1063.0, 1.0], [865.0, 505.0, 1.0], [815.0, 464.0, 1.0], [885.0, 319.0, 1.0], [1083.0, 313.0, 1.0], [1155.0, 469.0, 1.0], [1122.0, 416.0, 1.0]], "hand_pts": [[867.7904663085939, 507.9313354492186, 1.0], [884.1860961914061, 495.43975830078125, 1.0], [905.8143920898438, 489.88793945312494, 1.0], [931.6288452148439, 488.1530151367188, 1.0], [949.0709838867188, 478.78433227539057, 1.0], [911.7447509765627, 506.8903503417969, 1.0], [934.4195556640625, 523.8927612304688, 1.0], [946.2802734375001, 533.2614746093751, 1.0], [957.4432373046875, 544.7120361328125, 1.0], [899.8840942382814, 517.6469726562501, 1.0], [926.0473632812499, 535.3433837890625, 1.0], [941.396484375, 546.7939453125001, 1.0], [952.5594482421876, 556.5096435546876, 1.0], [891.8606567382811, 531.1795043945312, 1.0], [915.5820312500001, 546.4469604492186, 1.0], [933.0242309570314, 557.20361328125, 1.0], [945.2337036132814, 566.5722656249999, 1.0], [886.9768676757812, 539.8541870117186, 1.0], [905.8143920898438, 556.162658691406, 1.0], [916.6285400390626, 563.4494018554686, 1.0], [926.3961791992186, 569.3482055664062, 1.0]], "head_box": [[915.0, 95.0], [1029.0, 264.0]], "head_size": 169.0, "hand_box_center": [912.6168518066406, 524.0662689208984], "is_left": 0, "is_mpii": 1}