{"mpii_image": "048895093.jpg", "mpii_annorect_idx": 0, "mpii_body_pts": [[812.0, 185.0, 0.0], [493.0, 101.0, 0.0], [458.8218078613281, 102.96710205078125, 0.0], [249.17820739746094, 115.03289794921875, 0.0], [1091.0, 241.0, 1.0], [876.0, 301.0, 0.0], [789.0, 175.0, 0.0], [834.0, 195.0, 1.0], [731.0, 510.0, 1.0], [989.0, 367.0, 1.0], [429.0, 555.0, 1.0], [417.0, 334.0, 1.0], [425.0, 44.0, 0.0], [561.0, 158.0, 1.0], [615.0, 392.0, 1.0], [568.0, 613.0, 1.0]], "hand_pts": [[568.0, 613.0, 1.0], [553.2086791992188, 605.2869262695314, 1.0], [540.0734863281252, 596.6807861328126, 1.0], [504.47012329101557, 591.5170898437499, 1.0], [482.3476867675781, 607.3524169921874, 1.0], [490.98925781249994, 607.6966552734375, 1.0], [460.9165649414062, 614.9258422851562, 1.0], [437.7571105957031, 627.6629638671875, 1.0], [423.58489990234375, 642.121337890625, 1.0], [497.211212158203, 616.6470947265625, 1.0], [459.8795471191407, 622.4992675781251, 1.0], [437.41143798828114, 637.3018798828124, 1.0], [421.51092529296875, 652.7930297851562, 1.0], [508.27243041992193, 629.7284545898439, 1.0], [470.59512329101557, 635.2363891601564, 1.0], [442.9420471191407, 651.0717773437501, 1.0], [426.69589233398443, 661.7434082031251, 1.0], [513.1116943359374, 643.8425903320311, 1.0], [490.6436157226563, 649.0062866210938, 1.0], [477.1627197265625, 658.6452026367188, 1.0], [467.4841613769531, 669.6610717773439, 1.0]], "head_box": [[269.0, 9.0], [439.0, 209.0]], "head_size": 200.0, "hand_box_center": [494.7554626464844, 630.5890808105469], "is_left": 1, "is_mpii": 1}