{"mpii_image": "048933083.jpg", "mpii_annorect_idx": 0, "mpii_body_pts": [[1301.0, 479.0, 1.0], [1336.0, 227.0, 1.0], [1336.0, 180.99349975585938, 0.0], [1336.0, 44.006500244140625, 0.0], [1094.0, 631.0, 1.0], [1079.0, 465.0, 1.0], [1248.0, 448.0, 1.0], [1354.0, 509.0, 1.0], [1344.0, 687.0, 1.0], [1329.0, 838.0, 1.0], [1075.0, 432.0, 1.0], [1149.0, 345.0, 1.0], [1224.0, 220.0, 1.0], [1447.0, 234.0, 1.0], [1474.0, 374.0, 1.0], [1447.0, 509.0, 1.0]], "hand_pts": [[1072.2092285156248, 435.30718994140625, 1.0], [1073.793701171875, 447.9369812011718, 1.0], [1071.6151123046875, 462.3428039550781, 1.0], [1059.7318115234375, 477.1433410644532, 1.0], [1051.8096923828125, 485.23428344726557, 1.0], [1043.0953369140623, 458.0013427734375, 1.0], [1039.13427734375, 479.5114135742187, 1.0], [1047.4525146484375, 485.6289672851563, 1.0], [1058.345458984375, 489.37841796874994, 1.0], [1037.351806640625, 455.43591308593744, 1.0], [1031.01416015625, 479.31408691406256, 1.0], [1039.5303955078123, 486.6156616210938, 1.0], [1048.8389892578123, 483.2608642578125, 1.0], [1037.1538085937498, 455.43591308593744, 1.0], [1030.6180419921875, 476.3539733886719, 1.0], [1039.13427734375, 484.4449157714843, 1.0], [1050.225341796875, 481.4848022460937, 1.0], [1038.1440429687498, 453.857177734375, 1.0], [1033.5888671875002, 470.8284301757813, 1.0], [1039.9265136718752, 480.4981079101562, 1.0], [1048.2447509765625, 482.07684326171875, 1.0]], "head_box": [[1286.0, 43.0], [1386.0, 182.0]], "head_size": 139.0, "hand_box_center": [1052.2058715820312, 462.3428039550781], "is_left": 0, "is_mpii": 1}