{"mpii_image": "049242269.jpg", "mpii_annorect_idx": 0, "mpii_body_pts": [[892.0, 631.0, 1.0], [924.0, 243.0, 1.0], [925.6611938476562, 238.2595977783203, 0.0], [1004.3388061523438, 13.740400314331055, 0.0], [904.0, 733.0, 0.0], [624.0, 621.0, 1.0], [842.0, 649.0, 1.0], [941.0, 612.0, 1.0], [1204.0, 621.0, 1.0], [885.0, 699.0, 1.0], [866.0, 54.0, 1.0], [730.0, 234.0, 1.0], [807.0, 209.0, 1.0], [1040.0, 277.0, 1.0], [1018.0, 531.0, 1.0], [975.0, 659.0, 1.0]], "hand_pts": [[975.0, 659.0, 1.0], [943.7786254882812, 678.0652465820311, 1.0], [927.8145751953124, 692.8522949218749, 1.0], [909.623046875, 729.4501953124999, 1.0], [907.0242919921875, 750.5217895507814, 1.0], [925.5870971679688, 702.8335571289061, 1.0], [913.7068481445312, 733.5166625976562, 1.0], [912.2218627929686, 750.8914184570312, 1.0], [910.73681640625, 763.8300781249999, 1.0], [955.2875366210939, 707.2696533203125, 1.0], [943.7786254882812, 736.4740600585939, 1.0], [932.2696533203125, 759.0242919921875, 1.0], [925.5870971679688, 773.0720214843749, 1.0], [974.2216186523438, 708.7483520507814, 1.0], [965.6827392578127, 734.6256713867188, 1.0], [952.6887817382815, 756.8062744140624, 1.0], [945.2636108398438, 767.52685546875, 1.0], [985.3593139648438, 719.0993041992188, 1.0], [987.2155761718751, 744.60693359375, 1.0], [971.2515869140625, 746.455322265625, 1.0], [964.5689697265625, 740.5405273437499, 1.0]], "head_box": [[880.0, 4.0], [1050.0, 248.0]], "head_size": 244.0, "hand_box_center": [947.1199340820312, 716.0360107421875], "is_left": 1, "is_mpii": 1}