{"mpii_image": "049319552.jpg", "mpii_annorect_idx": 0, "mpii_body_pts": [[845.0, 403.0, 0.0], [712.0, 231.0, 0.0], [718.8812866210938, 236.3916015625, 0.0], [608.1187133789062, 149.6083984375, 0.0], [814.0, 687.0, 1.0], [773.0, 540.0, 1.0], [809.0, 408.0, 0.0], [881.0, 398.0, 1.0], [893.0, 566.0, 1.0], [920.0, 751.0, 1.0], [602.0, 420.0, 1.0], [660.0, 340.0, 1.0], [689.0, 237.0, 0.0], [735.0, 225.0, 1.0], [771.0, 333.0, 1.0], [756.0, 451.0, 1.0]], "hand_pts": [[756.0, 451.0, 1.0], [743.6248168945311, 449.26144409179693, 1.0], [733.2017211914061, 453.87490844726557, 1.0], [725.5581665039061, 460.5644836425781, 1.0], [712.8188476562501, 461.25650024414057, 1.0], [743.1615600585938, 470.4834594726562, 1.0], [737.8342285156249, 485.70797729492193, 1.0], [732.7384643554688, 493.08956909179693, 1.0], [727.8743896484376, 497.24169921875, 1.0], [750.8051147460938, 479.01843261718744, 1.0], [743.6248168945311, 497.01101684570307, 1.0], [736.2128295898438, 507.62203979492193, 1.0], [732.5068359375001, 517.5410156249999, 1.0], [756.1324462890625, 486.16931152343756, 1.0], [753.816223144531, 498.62573242187494, 1.0], [750.3418579101562, 509.0060729980469, 1.0], [744.5512695312499, 518.0023803710939, 1.0], [764.4709472656251, 486.861358642578, 1.0], [763.54443359375, 499.5484313964844, 1.0], [761.2282104492188, 504.62326049804693, 1.0], [757.0589599609375, 507.3913574218749, 1.0]], "head_box": [[613.0, 121.0], [714.0, 265.0]], "head_size": 144.0, "hand_box_center": [738.6448974609376, 483.6319122314454], "is_left": 1, "is_mpii": 1}