{"mpii_image": "050035945.jpg", "mpii_annorect_idx": 0, "mpii_body_pts": [[1320.0, 724.0, 0.0], [1269.0, 440.0, 0.0], [1285.427490234375, 381.2538146972656, 0.0], [1344.572509765625, 169.74620056152344, 0.0], [1115.0, 891.0, 0.0], [1130.0, 727.0, 0.0], [1394.0, 708.0, 0.0], [1245.0, 739.0, 1.0], [990.0, 829.0, 1.0], [928.0, 1046.0, 0.0], [1400.0, 407.0, 0.0], [1307.0, 562.0, 0.0], [1270.0, 410.0, 0.0], [1267.0, 469.0, 1.0], [1142.0, 640.0, 1.0], [1031.0, 624.0, 1.0]], "hand_pts": [[1031.0, 624.0, 1.0], [1027.5460205078123, 606.3031005859374, 1.0], [1007.2732543945312, 599.2004394531251, 1.0], [987.3759155273439, 602.9386596679688, 1.0], [977.2395629882812, 616.0225219726562, 1.0], [1012.153747558594, 593.5930786132814, 1.0], [982.4954223632812, 598.4527587890624, 1.0], [973.8607177734374, 610.4151611328124, 1.0], [968.2294311523439, 621.2560424804686, 1.0], [998.6385498046875, 600.695739746094, 1.0], [974.2361450195312, 598.4527587890624, 1.0], [967.4785766601565, 608.1721801757812, 1.0], [963.3489379882812, 616.7701416015626, 1.0], [990.0038452148439, 611.5366210937498, 1.0], [970.8573608398436, 612.6580810546876, 1.0], [956.9667968749999, 617.517822265625, 1.0], [948.3320922851561, 621.6298828125, 1.0], [985.4987792968752, 626.4895629882812, 1.0], [967.4785766601565, 629.1063232421876, 1.0], [960.3455810546875, 632.096923828125, 1.0], [951.7108764648439, 633.9660644531249, 1.0]], "head_box": [[1226.0, 171.0], [1404.0, 380.0]], "head_size": 209.0, "hand_box_center": [989.6660461425781, 613.7795715332031], "is_left": 1, "is_mpii": 1}