{"mpii_image": "050107032.jpg", "mpii_annorect_idx": 0, "mpii_body_pts": [[1533.0, 468.0, 1.0], [1491.0, 231.0, 0.0], [1481.3077392578125, 188.39109802246094, 0.0], [1447.6922607421875, 40.6088981628418, 0.0], [1513.0, 896.0, 0.0], [1484.0, 682.0, 1.0], [1484.0, 468.0, 1.0], [1581.0, 468.0, 1.0], [1533.0, 713.0, 1.0], [1614.0, 889.0, 1.0], [1393.0, 446.0, 1.0], [1456.0, 362.0, 0.0], [1446.0, 227.0, 0.0], [1535.0, 234.0, 1.0], [1573.0, 398.0, 1.0], [1494.0, 487.0, 1.0]], "hand_pts": [[1393.0, 446.0, 1.0], [1387.2164306640625, 458.93203735351557, 1.0], [1377.2846679687502, 470.38287353515636, 1.0], [1373.886962890625, 485.73739624023426, 1.0], [1365.5233154296875, 491.9832763671874, 1.0], [1360.5574951171875, 458.93203735351557, 1.0], [1342.5234374999998, 476.8890075683594, 1.0], [1344.091552734375, 489.1205749511718, 1.0], [1347.4892578125, 495.62673950195307, 1.0], [1356.3756103515625, 456.06933593749994, 1.0], [1343.8302001953123, 470.1226196289063, 1.0], [1345.6597900390623, 484.17590332031256, 1.0], [1351.4097900390625, 493.5447692871094, 1.0], [1361.341552734375, 450.6041564941406, 1.0], [1348.2734374999998, 468.56115722656244, 1.0], [1350.1029052734373, 479.2312316894531, 1.0], [1353.5006103515625, 487.298858642578, 1.0], [1365.5233154296875, 448.782440185547, 1.0], [1356.8984374999998, 465.17794799804693, 1.0], [1357.94384765625, 472.9853210449219, 1.0], [1360.2961425781248, 477.4095153808594, 1.0]], "head_box": [[1406.0, 40.0], [1523.0, 189.0]], "head_size": 149.0, "hand_box_center": [1367.76171875, 470.81336975097656], "is_left": 0, "is_mpii": 1}