{"mpii_image": "050398193.jpg", "mpii_annorect_idx": 0, "mpii_body_pts": [[1350.0, 1034.0, 1.0], [1397.0, 801.0, 0.0], [1484.0, 553.0, 0.0], [1446.0, 566.0, 1.0], [1403.0, 854.0, 1.0], [1415.0, 1066.0, 1.0], [1465.0, 560.0, 0.0], [1254.0, 241.0, 0.0], [1255.0, 242.0, 0.0], [1105.0, 75.0, 0.0], [1152.0, 609.0, 1.0], [1232.0, 457.0, 1.0], [1285.0, 255.0, 0.0], [1223.0, 227.0, 1.0], [1025.0, 317.0, 1.0], [885.0, 283.0, 1.0]], "hand_pts": [[885.0, 283.0, 1.0], [889.7739868164064, 265.02734374999994, 1.0], [894.7120971679688, 251.8126220703125, 1.0], [890.6998901367189, 232.75885009765625, 1.0], [889.7739868164064, 215.54898071289062, 1.0], [869.7489013671877, 218.57174682617188, 1.0], [861.66650390625, 200.94276428222656, 1.0], [855.1235961914061, 187.14617919921872, 1.0], [849.3504638671875, 179.09815979003906, 1.0], [862.6143188476564, 222.61732482910153, 1.0], [847.4913330078126, 194.34397888183594, 1.0], [841.6529541015624, 182.54731750488278, 1.0], [836.2646484375, 173.73283386230472, 1.0], [852.4294433593751, 229.6856536865234, 1.0], [838.9588012695314, 204.39190673828128, 1.0], [832.8007812500001, 190.97856140136716, 1.0], [828.9520263671875, 181.39759826660156, 1.0], [845.1168212890625, 241.5660552978515, 1.0], [838.9588012695314, 231.6018524169922, 1.0], [828.567138671875, 217.0387878417969, 1.0], [823.1788940429689, 208.99078369140622, 1.0]], "head_box": [[1098.0, 45.0], [1263.0, 273.0]], "head_size": 228.0, "hand_box_center": [858.9454956054688, 228.36641693115234], "is_left": 1, "is_mpii": 1}