{"mpii_image": "050398193.jpg", "mpii_annorect_idx": 0, "mpii_body_pts": [[1350.0, 1034.0, 1.0], [1397.0, 801.0, 0.0], [1484.0, 553.0, 0.0], [1446.0, 566.0, 1.0], [1403.0, 854.0, 1.0], [1415.0, 1066.0, 1.0], [1465.0, 560.0, 0.0], [1254.0, 241.0, 0.0], [1255.0, 242.0, 0.0], [1105.0, 75.0, 0.0], [1152.0, 609.0, 1.0], [1232.0, 457.0, 1.0], [1285.0, 255.0, 0.0], [1223.0, 227.0, 1.0], [1025.0, 317.0, 1.0], [885.0, 283.0, 1.0]], "hand_pts": [[1152.7430419921875, 612.2155151367188, 1.0], [1132.2659912109375, 615.6176147460938, 1.0], [1112.926635742188, 623.5558471679688, 1.0], [1111.7890625, 642.2673950195312, 1.0], [1108.9449462890623, 657.5768432617189, 1.0], [1122.5963134765625, 633.1951293945311, 1.0], [1116.3394775390623, 649.0715942382814, 1.0], [1116.3394775390623, 646.2365112304688, 1.0], [1116.9083251953125, 640.5663452148438, 1.0], [1132.8348388671873, 638.2982788085939, 1.0], [1124.87158203125, 663.8140258789061, 1.0], [1129.4219970703125, 660.9789428710939, 1.0], [1132.8348388671873, 653.0407104492188, 1.0], [1144.2109375, 644.5354614257811, 1.0], [1141.9357910156252, 658.1438598632812, 1.0], [1139.6605224609375, 665.5150756835938, 1.0], [1143.073364257812, 655.8757934570314, 1.0], [1155.0183105468748, 646.8035278320311, 1.0], [1154.449462890625, 654.7417602539062, 1.0], [1149.8990478515623, 664.3810424804686, 1.0], [1153.3118896484375, 662.1129760742188, 1.0]], "head_box": [[1098.0, 45.0], [1263.0, 273.0]], "head_size": 228.0, "hand_box_center": [1131.9816284179685, 638.8652954101562], "is_left": 0, "is_mpii": 1}