{"mpii_image": "050563415.jpg", "mpii_annorect_idx": 0, "mpii_body_pts": [[778.0, 718.0, 0.0], [576.0, 946.0, 0.0], [577.559814453125, 946.56640625, 0.0], [406.440185546875, 884.43359375, 0.0], [1027.0, 937.0, 1.0], [1067.0, 706.0, 1.0], [778.0, 715.0, 1.0], [778.0, 721.0, 0.0], [1059.0, 689.0, 0.0], [1024.0, 935.0, 0.0], [963.0, 943.0, 1.0], [799.0, 949.0, 1.0], [576.0, 949.0, 1.0], [576.0, 943.0, 0.0], [822.0, 914.0, 1.0], [955.0, 906.0, 1.0]], "hand_pts": [[966.4906616210938, 943.4566650390624, 1.0], [978.5285034179688, 927.5126953124999, 1.0], [995.4989624023438, 921.3399658203124, 1.0], [1014.0856323242188, 922.6818237304688, 1.0], [1029.1704101562498, 922.4134521484375, 1.0], [1010.8531494140624, 923.75537109375, 1.0], [1032.2371826171875, 924.4555053710938, 1.0], [1048.6217041015625, 925.1833496093752, 1.0], [1052.0670166015625, 924.5604858398438, 1.0], [1012.3043823242188, 934.2292480468751, 1.0], [1033.749755859375, 936.9059448242186, 1.0], [1050.72021484375, 935.5640258789061, 1.0], [1054.2220458984373, 933.9537353515626, 1.0], [1010.0084228515625, 948.3699340820311, 1.0], [1033.3851318359373, 948.7858276367189, 1.0], [1048.934814453125, 947.7460327148438, 1.0], [1054.2220458984373, 946.0308227539061, 1.0], [1006.042724609375, 960.0151977539061, 1.0], [1029.9785156250002, 960.5233154296876, 1.0], [1040.2147216796875, 959.9865112304688, 1.0], [1048.2957763671877, 959.7181396484376, 1.0]], "head_box": [[406.0, 841.0], [578.0, 990.0]], "head_size": 149.0, "hand_box_center": [1010.3563537597655, 940.931640625], "is_left": 0, "is_mpii": 1}