{"mpii_image": "050972271.jpg", "mpii_annorect_idx": 1, "mpii_body_pts": [[293.0, 621.0, 0.0], [270.0, 334.0, 0.0], [297.1474914550781, 266.7213134765625, 0.0], [357.8525085449219, 116.27870178222656, 0.0], [275.0, 1040.0, 1.0], [282.0, 850.0, 1.0], [280.0, 619.0, 1.0], [306.0, 622.0, 0.0], [299.0, 824.0, 0.0], [297.0, 994.0, 0.0], [256.0, 629.0, 1.0], [225.0, 492.0, 1.0], [237.0, 321.0, 1.0], [302.0, 347.0, 0.0], [292.0, 472.0, 0.0], [347.0, 530.0, 0.0]], "hand_pts": [[258.9390563964843, 627.2481079101564, 1.0], [279.05737304687494, 646.0970458984374, 1.0], [296.5129699707031, 656.6995849609376, 1.0], [301.2466735839844, 669.6582031249999, 1.0], [306.5721130371093, 683.5004272460939, 1.0], [288.8206787109375, 666.1240234375, 1.0], [295.3295288085937, 684.0894775390627, 1.0], [298.28811645507795, 695.5755004882812, 1.0], [300.9508361816406, 702.349365234375, 1.0], [276.09878540039057, 666.7130737304689, 1.0], [278.1697998046875, 692.0413208007811, 1.0], [282.9035034179687, 700.2877807617189, 1.0], [288.2289428710937, 705.2944946289064, 1.0], [262.78521728515625, 668.4801635742188, 1.0], [263.37692260742193, 683.2059326171877, 1.0], [268.9982299804687, 691.1577758789062, 1.0], [277.28222656249994, 695.5755004882812, 1.0], [250.95091247558597, 665.5350341796876, 1.0], [251.54263305664062, 679.9662475585938, 1.0], [258.34735107421875, 686.1510620117186, 1.0], [264.2644958496094, 690.2742309570315, 1.0]], "head_box": [[273.0, 106.0], [382.0, 277.0]], "head_size": 171.0, "hand_box_center": [278.76151275634766, 666.2713012695314], "is_left": 0, "is_mpii": 1}