{"mpii_image": "051148677.jpg", "mpii_annorect_idx": 1, "mpii_body_pts": [[875.0, 434.0, 1.0], [1119.0, 327.0, 1.0], [1151.4210205078125, 300.2596130371094, 0.0], [1320.5789794921875, 160.7404022216797, 0.0], [559.0, 820.0, 1.0], [699.0, 708.0, 1.0], [786.0, 395.0, 1.0], [963.0, 472.0, 1.0], [1090.0, 621.0, 1.0], [1071.0, 879.0, 1.0], [832.0, 553.0, 1.0], [851.0, 361.0, 1.0], [1049.0, 296.0, 1.0], [1189.0, 358.0, 1.0], [1161.0, 488.0, 1.0], [1270.0, 621.0, 1.0]], "hand_pts": [[832.0, 553.0, 1.0], [850.09326171875, 571.3898925781252, 1.0], [868.4880981445312, 599.6530151367188, 1.0], [864.0893554687501, 624.3334960937499, 1.0], [861.2901611328125, 639.8583374023438, 1.0], [848.4937133789064, 623.537353515625, 1.0], [844.0949707031251, 649.4120483398438, 1.0], [854.8919067382812, 641.0525512695312, 1.0], [856.0916137695312, 630.70263671875, 1.0], [831.2985839843751, 619.1585693359374, 1.0], [829.2991333007814, 648.2178344726564, 1.0], [840.4959716796877, 638.6641235351562, 1.0], [841.6956787109375, 629.5084228515625, 1.0], [818.502197265625, 614.3817138671876, 1.0], [814.5033569335939, 639.8583374023438, 1.0], [826.4999389648439, 637.8679809570312, 1.0], [827.6995849609376, 628.3142089843749, 1.0], [809.7046508789062, 606.8182983398438, 1.0], [803.7063598632812, 632.6929931640625, 1.0], [817.7024536132812, 641.0525512695312, 1.0], [820.5016479492188, 633.091064453125, 1.0]], "head_box": [[1151.0, 123.0], [1321.0, 338.0]], "head_size": 215.0, "hand_box_center": [836.0972290039062, 601.2060241699219], "is_left": 0, "is_mpii": 1}