{"mpii_image": "051148677.jpg", "mpii_annorect_idx": 1, "mpii_body_pts": [[875.0, 434.0, 1.0], [1119.0, 327.0, 1.0], [1151.4210205078125, 300.2596130371094, 0.0], [1320.5789794921875, 160.7404022216797, 0.0], [559.0, 820.0, 1.0], [699.0, 708.0, 1.0], [786.0, 395.0, 1.0], [963.0, 472.0, 1.0], [1090.0, 621.0, 1.0], [1071.0, 879.0, 1.0], [832.0, 553.0, 1.0], [851.0, 361.0, 1.0], [1049.0, 296.0, 1.0], [1189.0, 358.0, 1.0], [1161.0, 488.0, 1.0], [1270.0, 621.0, 1.0]], "hand_pts": [[1270.0, 621.0, 1.0], [1281.619873046875, 648.5308227539061, 1.0], [1300.06494140625, 670.2705688476564, 1.0], [1310.2286376953125, 679.266357421875, 1.0], [1318.1336669921875, 686.387939453125, 1.0], [1324.909423828125, 639.909912109375, 1.0], [1349.0010986328123, 662.0244750976564, 1.0], [1358.0355224609377, 671.7698974609375, 1.0], [1364.0583496093748, 682.2648925781252, 1.0], [1330.1795654296877, 635.4120483398438, 1.0], [1356.1533203124995, 656.0272827148436, 1.0], [1367.8227539062502, 671.0202026367188, 1.0], [1373.8455810546877, 684.1390380859374, 1.0], [1327.9208984375, 635.7868652343751, 1.0], [1355.0240478515623, 657.1517944335938, 1.0], [1369.704833984375, 681.1404418945311, 1.0], [1365.5640869140623, 670.6453857421876, 1.0], [1323.4036865234375, 637.2861328125, 1.0], [1343.354614257812, 654.5280151367188, 1.0], [1352.3890380859373, 666.1475219726562, 1.0], [1357.2825927734375, 674.3936157226562, 1.0]], "head_box": [[1151.0, 123.0], [1321.0, 338.0]], "head_size": 215.0, "hand_box_center": [1321.9227905273438, 653.6939697265625], "is_left": 1, "is_mpii": 1}