{"mpii_image": "051398949.jpg", "mpii_annorect_idx": 1, "mpii_body_pts": [[948.0, 387.0, 0.0], [914.0, 189.0, 1.0], [912.1121215820312, 180.9293975830078, 0.0], [875.8878784179688, 26.070600509643555, 0.0], [940.0, 491.0, 0.0], [808.0, 486.0, 1.0], [877.0, 390.0, 0.0], [1018.0, 384.0, 1.0], [896.0, 390.0, 1.0], [919.0, 533.0, 1.0], [749.0, 383.0, 1.0], [811.0, 288.0, 1.0], [846.0, 187.0, 1.0], [981.0, 191.0, 1.0], [953.0, 320.0, 1.0], [837.0, 325.0, 1.0]], "hand_pts": [[742.1661376953124, 389.46115112304693, 1.0], [739.5775756835938, 395.55700683593756, 1.0], [732.5178833007812, 412.9067382812499, 1.0], [724.7522583007811, 418.7681274414062, 1.0], [721.222412109375, 425.09844970703125, 1.0], [709.9268798828124, 394.1502685546875, 1.0], [698.1607666015625, 395.55700683593756, 1.0], [688.9831542968751, 401.8872985839844, 1.0], [684.2766723632814, 406.1075134277344, 1.0], [705.6911010742188, 389.93005371093744, 1.0], [693.6895751953125, 388.9922485351563, 1.0], [684.9826660156249, 394.85363769531256, 1.0], [676.5110473632812, 399.07385253906256, 1.0], [702.8671874999999, 388.2888793945313, 1.0], [686.8652343749999, 387.8199768066406, 1.0], [680.5115356445312, 390.16452026367193, 1.0], [674.1577758789062, 393.4468994140625, 1.0], [698.8666992187499, 387.8199768066406, 1.0], [688.9831542968751, 387.1166076660156, 1.0], [681.4528198242185, 387.58551025390625, 1.0], [676.5110473632812, 389.6956176757813, 1.0]], "head_box": [[826.0, 31.0], [962.0, 176.0]], "head_size": 145.0, "hand_box_center": [708.1619567871094, 406.10752868652344], "is_left": 0, "is_mpii": 1}