{"mpii_image": "051498240.jpg", "mpii_annorect_idx": 0, "mpii_body_pts": [[614.0, 491.0, 1.0], [823.0, 420.0, 0.0], [824.8256225585938, 411.3789978027344, 0.0], [857.1743774414062, 258.6210021972656, 0.0], [195.0, 491.0, 1.0], [423.0, 466.0, 1.0], [613.0, 468.0, 1.0], [615.0, 514.0, 1.0], [431.0, 508.0, 1.0], [181.0, 516.0, 1.0], [574.0, 262.0, 1.0], [698.0, 332.0, 1.0], [830.0, 402.0, 0.0], [816.0, 437.0, 1.0], [671.0, 377.0, 1.0], [561.0, 297.0, 1.0]], "hand_pts": [[555.9764404296876, 254.81140136718753, 1.0], [553.2039184570314, 246.7547454833984, 1.0], [551.586669921875, 234.09429931640628, 1.0], [554.5902099609375, 224.42633056640628, 1.0], [556.4385375976564, 214.5281524658203, 1.0], [528.9445800781251, 220.97348022460938, 1.0], [513.9268798828124, 214.06777954101562, 1.0], [499.8333740234375, 208.31303405761722, 1.0], [490.59170532226557, 204.16961669921872, 1.0], [521.7822875976564, 229.03012084960943, 1.0], [505.14733886718744, 219.3621520996094, 1.0], [490.59170532226557, 212.45645141601565, 1.0], [479.50173950195307, 206.7017059326172, 1.0], [517.3925170898436, 235.24525451660153, 1.0], [500.98858642578125, 225.8074645996094, 1.0], [489.4364929199219, 220.5130920410156, 1.0], [479.7327575683593, 215.44891357421875, 1.0], [514.85107421875, 241.0, 1.0], [504.4541931152344, 235.01506042480466, 1.0], [497.52294921875, 231.33201599121094, 1.0], [489.66754150390636, 226.72822570800778, 1.0]], "head_box": [[773.0, 265.0], [909.0, 405.0]], "head_size": 140.0, "hand_box_center": [517.9701385498047, 229.49050903320312], "is_left": 0, "is_mpii": 1}