{"mpii_image": "051796053.jpg", "mpii_annorect_idx": 0, "mpii_body_pts": [[1040.0, 546.0, 1.0], [1023.0, 358.0, 0.0], [1020.1619873046875, 347.0797119140625, 0.0], [979.8380126953125, 191.92030334472656, 0.0], [1003.0, 752.0, 1.0], [1003.0, 652.0, 1.0], [1009.0, 544.0, 1.0], [1071.0, 547.0, 1.0], [1071.0, 655.0, 1.0], [1105.0, 764.0, 1.0], [944.0, 407.0, 1.0], [981.0, 404.0, 0.0], [975.0, 352.0, 0.0], [1071.0, 364.0, 1.0], [1111.0, 435.0, 1.0], [1111.0, 488.0, 1.0]], "hand_pts": [[1111.0, 488.0, 1.0], [1089.7618408203123, 496.66882324218744, 1.0], [1076.3338623046875, 510.8583068847657, 1.0], [1075.51171875, 521.2275390625, 1.0], [1076.059814453125, 528.3222656249998, 1.0], [1090.035888671875, 498.3060913085937, 1.0], [1084.5550537109377, 506.2194213867188, 1.0], [1084.8291015625, 517.1343994140625, 1.0], [1086.199340820312, 523.4105224609374, 1.0], [1098.5311279296875, 511.13116455078125, 1.0], [1099.0792236328123, 523.6834106445314, 1.0], [1094.9686279296877, 531.3238525390626, 1.0], [1090.3099365234373, 534.3255004882811, 1.0], [1107.8485107421877, 512.4955444335938, 1.0], [1105.65625, 529.140869140625, 1.0], [1101.8197021484375, 533.7797241210939, 1.0], [1096.6129150390623, 536.5084838867188, 1.0], [1114.4255371093752, 516.8615112304686, 1.0], [1113.329345703125, 531.0510253906249, 1.0], [1106.7523193359373, 535.4169921874999, 1.0], [1103.1898193359373, 537.8728637695312, 1.0]], "head_box": [[933.0, 195.0], [1067.0, 344.0]], "head_size": 149.0, "hand_box_center": [1094.9686279296875, 512.9364318847656], "is_left": 1, "is_mpii": 1}