{"mpii_image": "051711793.jpg", "mpii_annorect_idx": 0, "mpii_body_pts": [[1023.0, 511.0, 1.0], [990.0, 254.0, 1.0], [991.32568359375, 256.3822021484375, 0.0], [924.67431640625, 136.6177978515625, 0.0], [1003.0, 838.0, 0.0], [984.0, 699.0, 1.0], [979.0, 511.0, 1.0], [1066.0, 511.0, 1.0], [1157.0, 677.0, 1.0], [1152.0, 845.0, 0.0], [897.0, 501.0, 1.0], [895.0, 383.0, 1.0], [909.0, 263.0, 1.0], [1070.0, 244.0, 1.0], [1205.0, 335.0, 1.0], [1171.0, 468.0, 1.0]], "hand_pts": [[1171.0, 468.0, 1.0], [1146.3909912109373, 486.55337524414057, 1.0], [1125.0701904296875, 486.55337524414057, 1.0], [1107.966796875, 485.853485107422, 1.0], [1099.5322265624998, 491.2192993164063, 1.0], [1117.338623046875, 504.5172119140625, 1.0], [1097.657958984375, 512.2160034179688, 1.0], [1079.383056640625, 521.3145751953124, 1.0], [1070.01123046875, 529.7131958007812, 1.0], [1121.0872802734373, 511.7493896484375, 1.0], [1100.9379882812502, 524.3474121093749, 1.0], [1088.2861328124998, 534.8457641601562, 1.0], [1076.571533203125, 547.2104492187501, 1.0], [1130.6932373046873, 515.7154541015625, 1.0], [1111.481201171875, 532.0462036132811, 1.0], [1100.0008544921877, 542.7778320312501, 1.0], [1090.8634033203123, 551.4097900390626, 1.0], [1138.8935546875, 526.9136352539062, 1.0], [1131.1618652343748, 534.1458740234375, 1.0], [1121.0872802734373, 546.7438354492189, 1.0], [1112.6527099609375, 556.3090209960938, 1.0]], "head_box": [[914.0, 123.0], [1002.0, 270.0]], "head_size": 147.0, "hand_box_center": [1120.505615234375, 512.1545104980469], "is_left": 1, "is_mpii": 1}