{"mpii_image": "051944879.jpg", "mpii_annorect_idx": 4, "mpii_body_pts": [[1383.0, 636.0, 1.0], [1421.0, 385.0, 1.0], [1419.17919921875, 388.9236145019531, 0.0], [1493.82080078125, 228.07640075683594, 0.0], [1267.0, 889.0, 1.0], [1349.0, 838.0, 1.0], [1334.0, 638.0, 1.0], [1431.0, 634.0, 1.0], [1382.0, 838.0, 0.0], [1327.0, 920.0, 1.0], [1241.0, 559.0, 1.0], [1152.0, 424.0, 1.0], [1289.0, 391.0, 1.0], [1553.0, 379.0, 1.0], [1536.0, 487.0, 1.0], [1527.0, 549.0, 1.0]], "hand_pts": [[1240.0111083984373, 565.1673583984374, 1.0], [1258.217529296875, 561.7718505859375, 1.0], [1279.8375244140625, 566.6765136718751, 1.0], [1290.457885742188, 579.1267700195314, 1.0], [1302.2161865234375, 590.4452514648436, 1.0], [1270.734375, 589.3134155273439, 1.0], [1287.8028564453125, 609.309326171875, 1.0], [1296.5267333984375, 618.7413330078126, 1.0], [1306.0091552734375, 630.059814453125, 1.0], [1261.6312255859373, 599.1227416992188, 1.0], [1281.7340087890625, 621.0050659179688, 1.0], [1291.5958251953125, 632.7008056640626, 1.0], [1302.595458984375, 646.6602172851561, 1.0], [1255.5623779296875, 604.7819213867188, 1.0], [1271.1136474609375, 627.0415649414061, 1.0], [1281.7340087890625, 638.7373046875, 1.0], [1289.699340820312, 647.0374755859374, 1.0], [1247.2178955078125, 608.1774902343751, 1.0], [1255.5623779296875, 627.7961425781252, 1.0], [1257.458984375, 637.6054077148438, 1.0], [1258.5968017578125, 647.0374755859374, 1.0]], "head_box": [[1402.0, 212.0], [1511.0, 405.0]], "head_size": 193.0, "hand_box_center": [1273.0101318359375, 604.4046630859375], "is_left": 0, "is_mpii": 1}