{"mpii_image": "052054384.jpg", "mpii_annorect_idx": 0, "mpii_body_pts": [[1055.0, 686.0, 1.0], [1014.0, 413.0, 1.0], [1011.04931640625, 393.2532958984375, 0.0], [990.95068359375, 258.7467041015625, 0.0], [1035.0, 1067.0, 1.0], [1015.0, 895.0, 1.0], [1000.0, 697.0, 1.0], [1110.0, 675.0, 1.0], [1093.0, 892.0, 1.0], [1110.0, 1069.0, 1.0], [970.0, 405.0, 1.0], [895.0, 433.0, 1.0], [993.0, 425.0, 1.0], [1035.0, 400.0, 1.0], [1078.0, 420.0, 1.0], [1088.0, 373.0, 0.0]], "hand_pts": [[944.306884765625, 411.83120727539057, 1.0], [955.8287963867188, 400.9321289062499, 1.0], [971.9595336914061, 390.0330505371093, 1.0], [981.1771240234374, 386.87805175781244, 1.0], [990.6827392578127, 383.1494445800782, 1.0], [960.7256469726564, 389.172607421875, 1.0], [968.2149047851562, 381.14172363281256, 1.0], [975.4161376953124, 381.71533203124994, 1.0], [983.1934814453126, 384.87033081054693, 1.0], [965.04638671875, 402.9398498535156, 1.0], [978.2966308593751, 401.79260253906256, 1.0], [985.4978637695312, 402.9398498535156, 1.0], [986.9381103515625, 404.94760131835943, 1.0], [968.2149047851562, 410.9707641601563, 1.0], [982.0412597656249, 410.11032104492193, 1.0], [989.818603515625, 413.2653198242187, 1.0], [986.0739746093752, 413.2653198242187, 1.0], [967.3507690429686, 422.4434814453125, 1.0], [973.6878662109375, 423.5907592773437, 1.0], [980.3129882812499, 419.8621215820313, 1.0], [980.6010131835936, 416.1334838867188, 1.0]], "head_box": [[950.0, 258.0], [1052.0, 394.0]], "head_size": 136.0, "hand_box_center": [967.4948120117189, 402.3662414550781], "is_left": 0, "is_mpii": 1}