{"mpii_image": "052411154.jpg", "mpii_annorect_idx": 1, "mpii_body_pts": [[537.0, 528.0, 1.0], [543.0, 266.0, 0.0], [554.5460815429688, 207.09109497070312, 0.0], [580.4539184570312, 74.90889739990234, 0.0], [494.0, 874.0, 1.0], [518.0, 684.0, 1.0], [501.0, 523.0, 1.0], [573.0, 533.0, 1.0], [566.0, 703.0, 1.0], [547.0, 857.0, 1.0], [460.0, 463.0, 1.0], [383.0, 352.0, 1.0], [475.0, 251.0, 1.0], [610.0, 280.0, 0.0], [624.0, 357.0, 1.0], [624.0, 446.0, 1.0]], "hand_pts": [[629.5497436523439, 447.372283935547, 1.0], [621.2250976562501, 444.1487731933595, 1.0], [610.5880737304689, 443.9185180664062, 1.0], [602.4946899414062, 446.2210388183593, 1.0], [596.7136840820312, 450.3655700683594, 1.0], [619.1439819335939, 447.8327941894532, 1.0], [610.3568115234374, 455.2008666992188, 1.0], [605.0383300781252, 460.03616333007807, 1.0], [601.5697021484375, 463.48992919921875, 1.0], [626.5436401367188, 459.3453979492187, 1.0], [618.6814575195314, 466.7134399414062, 1.0], [612.9004516601564, 472.46975708007807, 1.0], [608.2756958007812, 476.8445434570313, 1.0], [630.9371948242185, 465.7924499511718, 1.0], [622.612548828125, 473.85125732421875, 1.0], [617.9877319335939, 479.37728881835943, 1.0], [612.6692504882811, 484.673095703125, 1.0], [631.399658203125, 475.4630126953125, 1.0], [626.3123779296876, 481.2193298339844, 1.0], [621.6876220703125, 485.13360595703125, 1.0], [617.5252685546875, 488.817626953125, 1.0]], "head_box": [[514.0, 76.0], [621.0, 206.0]], "head_size": 130.0, "hand_box_center": [614.0566711425781, 466.3680725097656], "is_left": 1, "is_mpii": 1}