{"mpii_image": "052411154.jpg", "mpii_annorect_idx": 1, "mpii_body_pts": [[537.0, 528.0, 1.0], [543.0, 266.0, 0.0], [554.5460815429688, 207.09109497070312, 0.0], [580.4539184570312, 74.90889739990234, 0.0], [494.0, 874.0, 1.0], [518.0, 684.0, 1.0], [501.0, 523.0, 1.0], [573.0, 533.0, 1.0], [566.0, 703.0, 1.0], [547.0, 857.0, 1.0], [460.0, 463.0, 1.0], [383.0, 352.0, 1.0], [475.0, 251.0, 1.0], [610.0, 280.0, 0.0], [624.0, 357.0, 1.0], [624.0, 446.0, 1.0]], "hand_pts": [[474.168212890625, 463.91531372070307, 1.0], [481.8687438964844, 454.0328063964844, 1.0], [483.76852416992193, 452.81994628906256, 1.0], [488.49652099609364, 448.947021484375, 1.0], [485.71536254882807, 443.69091796874994, 1.0], [516.5863647460939, 456.13961791992193, 1.0], [535.7764282226564, 461.39572143554693, 1.0], [545.7886352539064, 468.8649291992188, 1.0], [553.0196533203125, 475.2276000976563, 1.0], [514.6395263671876, 466.0985717773437, 1.0], [536.0545043945311, 476.05752563476574, 1.0], [545.5104980468751, 484.9099426269532, 1.0], [550.5166015625, 492.379150390625, 1.0], [511.0239868164063, 475.78088378906256, 1.0], [529.3796997070312, 482.9734802246094, 1.0], [539.9481811523438, 491.5492248535157, 1.0], [545.7886352539064, 497.91189575195307, 1.0], [505.7397766113281, 487.95294189453136, 1.0], [519.9237670898438, 494.0389709472655, 1.0], [530.7703247070314, 500.4016418457031, 1.0], [537.1669921874999, 505.93438720703125, 1.0]], "head_box": [[514.0, 76.0], [621.0, 206.0]], "head_size": 130.0, "hand_box_center": [513.5939331054688, 474.8126525878906], "is_left": 0, "is_mpii": 1}