{"mpii_image": "052680292.jpg", "mpii_annorect_idx": 1, "mpii_body_pts": [[904.0, 384.0, 1.0], [892.0, 138.0, 1.0], [896.2545166015625, 165.35060119628906, 0.0], [873.7454833984375, 20.64940071105957, 0.0], [862.0, 695.0, 0.0], [853.0, 535.0, 0.0], [864.0, 397.0, 1.0], [943.0, 371.0, 1.0], [975.0, 520.0, 0.0], [977.0, 656.0, 0.0], [821.0, 465.0, 1.0], [802.0, 329.0, 1.0], [819.0, 180.0, 1.0], [964.0, 95.0, 1.0], [1041.0, 175.0, 1.0], [992.0, 301.0, 1.0]], "hand_pts": [[997.0985107421876, 302.4173278808594, 1.0], [979.7105712890626, 299.66891479492193, 1.0], [961.3903198242186, 299.9089660644531, 1.0], [946.6859130859374, 306.15075683593756, 1.0], [939.2131347656251, 316.95379638671875, 1.0], [966.2114257812499, 320.5548400878907, 1.0], [952.953369140625, 337.1195373535156, 1.0], [945.2395629882812, 347.68252563476574, 1.0], [938.9721069335938, 357.045166015625, 1.0], [976.5768432617189, 327.51681518554693, 1.0], [963.2821044921875, 350.16061401367193, 1.0], [954.1586303710939, 360.16604614257807, 1.0], [945.9627075195312, 368.32836914062494, 1.0], [986.2190551757812, 332.31817626953125, 1.0], [973.6871337890625, 352.17385864257807, 1.0], [965.0162353515625, 365.4039306640625, 1.0], [956.5692138671875, 372.16946411132824, 1.0], [994.4149780273439, 338.3198547363282, 1.0], [988.1386108398438, 355.3375854492187, 1.0], [980.6748046875001, 361.8465270996094, 1.0], [976.5768432617189, 368.0882873535156, 1.0]], "head_box": [[834.0, 17.0], [936.0, 169.0]], "head_size": 152.0, "hand_box_center": [968.0353088378906, 335.9191894531251], "is_left": 1, "is_mpii": 1}