{"mpii_image": "052880522.jpg", "mpii_annorect_idx": 0, "mpii_body_pts": [[892.0, 676.0, 0.0], [591.0, 751.0, 0.0], [591.0, 797.4041137695312, 0.0], [591.0, 955.5958862304688, 0.0], [1084.0, 809.0, 1.0], [896.0, 868.0, 1.0], [888.0, 677.0, 0.0], [896.0, 674.0, 1.0], [903.0, 918.0, 1.0], [1134.0, 832.0, 1.0], [753.0, 812.0, 1.0], [735.0, 715.0, 0.0], [613.0, 740.0, 0.0], [568.0, 761.0, 1.0], [697.0, 776.0, 1.0], [746.0, 949.0, 1.0]], "hand_pts": [[754.6157226562501, 947.4513549804686, 1.0], [735.6867675781252, 977.0702514648438, 1.0], [718.6506958007811, 998.6112670898436, 1.0], [710.5383300781252, 1012.6129150390625, 1.0], [703.507568359375, 1026.0760498046875, 1.0], [754.6157226562501, 998.6112670898436, 1.0], [757.31982421875, 1017.4596557617186, 1.0], [758.9423217773438, 1032.26904296875, 1.0], [761.3760375976564, 1045.1937255859373, 1.0], [777.6008300781252, 995.380126953125, 1.0], [784.631591796875, 1015.0363159179688, 1.0], [790.3102416992186, 1027.691650390625, 1.0], [795.9889526367189, 1039.2698974609377, 1.0], [785.9836425781252, 993.7645263671876, 1.0], [795.7185058593751, 1006.9584350585939, 1.0], [802.7492675781251, 1020.9600830078125, 1.0], [808.1575317382812, 1030.653564453125, 1.0], [795.4481201171875, 993.7645263671876, 1.0], [805.4534301757812, 1007.7661743164062, 1.0], [810.3208618164061, 1015.8440551757811, 1.0], [815.1882934570314, 1022.8449096679688, 1.0]], "head_box": [[526.0, 802.0], [656.0, 951.0]], "head_size": 149.0, "hand_box_center": [759.3479309082031, 996.3225402832029], "is_left": 1, "is_mpii": 1}