{"mpii_image": "052807141.jpg", "mpii_annorect_idx": 0, "mpii_body_pts": [[847.0, 855.0, 1.0], [527.0, 808.0, 0.0], [511.66839599609375, 785.89697265625, 0.0], [422.33160400390625, 657.10302734375, 0.0], [921.0, 623.0, 1.0], [729.0, 578.0, 1.0], [829.0, 861.0, 1.0], [864.0, 849.0, 1.0], [961.0, 610.0, 1.0], [1000.0, 864.0, 1.0], [692.0, 856.0, 1.0], [518.0, 904.0, 1.0], [483.0, 821.0, 1.0], [570.0, 794.0, 0.0], [670.0, 821.0, 0.0], [807.0, 797.0, 0.0]], "hand_pts": [[699.6073608398438, 852.9389648437499, 1.0], [708.9953002929688, 829.927490234375, 1.0], [727.7711181640625, 809.9175415039061, 1.0], [734.8120727539061, 794.9100341796876, 1.0], [744.2000122070314, 784.9050903320312, 1.0], [753.4794921875, 825.6111450195312, 1.0], [772.0285034179688, 817.2545166015625, 1.0], [786.1104125976564, 812.2520141601562, 1.0], [798.8511352539061, 808.9170532226562, 1.0], [755.4098510742188, 841.6119995117188, 1.0], [780.4105834960938, 842.9340209960938, 1.0], [798.515869140625, 843.6010131835936, 1.0], [813.2683105468752, 844.2680053710939, 1.0], [754.7664184570312, 853.7725830078126, 1.0], [777.7283325195315, 858.9419555664062, 1.0], [796.504150390625, 861.2764892578127, 1.0], [809.2449340820312, 862.2769775390627, 1.0], [750.9056396484375, 865.2931518554688, 1.0], [768.005126953125, 876.6174926757812, 1.0], [778.3988647460939, 883.2874755859375, 1.0], [790.4690551757811, 888.6234741210939, 1.0]], "head_box": [[396.0, 654.0], [538.0, 789.0]], "head_size": 135.0, "hand_box_center": [756.4378356933595, 836.7642822265625], "is_left": 0, "is_mpii": 1}