{"mpii_image": "052879461.jpg", "mpii_annorect_idx": 0, "mpii_body_pts": [[929.0, 476.0, 0.0], [903.0, 199.0, 1.0], [900.918212890625, 190.1522979736328, 0.0], [857.081787109375, 3.8477001190185547, 0.0], [938.0, 574.0, 1.0], [716.0, 568.0, 1.0], [876.0, 460.0, 0.0], [981.0, 491.0, 1.0], [807.0, 400.0, 1.0], [855.0, 636.0, 1.0], [770.0, 371.0, 0.0], [805.0, 363.0, 0.0], [810.0, 214.0, 1.0], [996.0, 183.0, 1.0], [898.0, 324.0, 1.0], [696.0, 342.0, 1.0]], "hand_pts": [[715.3921508789061, 337.13812255859364, 1.0], [688.5645141601562, 328.9937438964843, 1.0], [670.8975219726562, 327.690673828125, 1.0], [649.9589233398438, 336.8123474121093, 1.0], [632.9462280273436, 343.6535949707031, 1.0], [672.5333862304689, 369.7155456542969, 1.0], [645.7057495117189, 384.7011413574219, 1.0], [629.6745605468752, 379.81454467773443, 1.0], [630.3289184570312, 369.7155456542969, 1.0], [676.4593505859374, 377.8598937988282, 1.0], [659.77392578125, 383.7238159179687, 1.0], [646.0328979492188, 378.51144409179693, 1.0], [642.76123046875, 368.73822021484375, 1.0], [684.9656982421875, 381.1176147460937, 1.0], [668.2802124023438, 380.14031982421875, 1.0], [656.8294067382812, 372.32171630859364, 1.0], [655.1935424804688, 365.15469360351574, 1.0], [695.1078491210938, 383.3980407714843, 1.0], [685.2928466796877, 378.8372192382812, 1.0], [683.3298950195312, 373.2990417480469, 1.0], [684.9656982421875, 366.4577941894532, 1.0]], "head_box": [[809.0, 0.0], [949.0, 194.0]], "head_size": 194.0, "hand_box_center": [672.5333557128906, 356.19590759277344], "is_left": 1, "is_mpii": 1}