{"mpii_image": "053233060.jpg", "mpii_annorect_idx": 0, "mpii_body_pts": [[1309.0, 773.0, 1.0], [1203.0, 433.0, 1.0], [1219.6409912109375, 338.9424133300781, 0.0], [1255.3590087890625, 137.05760192871094, 0.0], [1212.0, 913.0, 0.0], [899.0, 862.0, 0.0], [1314.0, 766.0, 1.0], [1303.0, 780.0, 1.0], [896.0, 896.0, 1.0], [1223.0, 936.0, 1.0], [1119.0, 312.0, 1.0], [1063.0, 501.0, 1.0], [1190.0, 408.0, 1.0], [1215.0, 458.0, 1.0], [1147.0, 676.0, 1.0], [989.0, 789.0, 1.0]], "hand_pts": [[1107.928466796875, 335.1885986328125, 1.0], [1128.6495361328123, 328.1287231445313, 1.0], [1153.09521484375, 301.2754516601563, 1.0], [1163.68798828125, 283.41531372070307, 1.0], [1165.317626953125, 271.77917480468744, 1.0], [1129.309814453125, 279.5791625976563, 1.0], [1150.379150390625, 251.48358154296875, 1.0], [1164.7744140624998, 238.2238006591797, 1.0], [1172.864501953125, 230.9174652099609, 1.0], [1120.0347900390623, 280.9013061523437, 1.0], [1149.1989746093748, 252.23831176757812, 1.0], [1160.5281982421875, 240.95080566406247, 1.0], [1174.1232910156248, 228.6599578857422, 1.0], [1112.1900634765625, 277.82333374023426, 1.0], [1137.0703124999998, 259.33120727539057, 1.0], [1157.4409179687502, 266.3670349121093, 1.0], [1168.8485107421877, 272.049774169922, 1.0], [1116.7216796875002, 288.8600158691406, 1.0], [1128.3787841796875, 271.2379760742187, 1.0], [1146.0333251953123, 271.2379760742187, 1.0], [1157.7125244140625, 274.21466064453136, 1.0]], "head_box": [[1167.0, 131.0], [1308.0, 345.0]], "head_size": 214.0, "hand_box_center": [1141.02587890625, 281.92427825927734], "is_left": 0, "is_mpii": 1}