{"mpii_image": "053267773.jpg", "mpii_annorect_idx": 0, "mpii_body_pts": [[511.0, 388.0, 0.0], [554.0, 220.0, 1.0], [554.1436767578125, 219.8491973876953, 0.0], [654.8563232421875, 114.15080261230469, 0.0], [462.0, 690.0, 0.0], [458.0, 541.0, 0.0], [460.0, 388.0, 0.0], [561.0, 388.0, 1.0], [566.0, 532.0, 0.0], [551.0, 694.0, 0.0], [441.0, 446.0, 1.0], [444.0, 332.0, 1.0], [470.0, 193.0, 1.0], [638.0, 247.0, 1.0], [665.0, 363.0, 1.0], [702.0, 487.0, 1.0]], "hand_pts": [[446.7796020507813, 460.8922119140625, 1.0], [455.9402465820313, 474.01770019531256, 1.0], [464.99499511718744, 486.4286193847656, 1.0], [463.92996215820307, 500.47616577148426, 1.0], [459.1373291015625, 513.1984863281252, 1.0], [439.16809082031256, 476.88690185546875, 1.0], [438.1030883789063, 502.0664672851563, 1.0], [455.94226074218744, 501.5363769531249, 1.0], [460.20236206054693, 491.7295837402343, 1.0], [426.65405273437506, 477.6820373535156, 1.0], [429.8491210937501, 501.27133178710926, 1.0], [448.22082519531256, 497.5606384277344, 1.0], [450.61712646484375, 489.874267578125, 1.0], [421.58792114257807, 479.343994140625, 1.0], [426.65405273437506, 499.41598510742193, 1.0], [439.4343566894531, 492.2596740722656, 1.0], [440.49938964843744, 487.48883056640625, 1.0], [415.47128295898426, 481.12765502929693, 1.0], [422.127685546875, 496.76550292968744, 1.0], [429.8491210937501, 492.5247497558594, 1.0], [431.71292114257807, 487.75387573242193, 1.0]], "head_box": [[554.0, 91.0], [655.0, 243.0]], "head_size": 152.0, "hand_box_center": [440.2331390380858, 487.04534912109386], "is_left": 0, "is_mpii": 1}