{"mpii_image": "053267773.jpg", "mpii_annorect_idx": 0, "mpii_body_pts": [[511.0, 388.0, 0.0], [554.0, 220.0, 1.0], [554.1436767578125, 219.8491973876953, 0.0], [654.8563232421875, 114.15080261230469, 0.0], [462.0, 690.0, 0.0], [458.0, 541.0, 0.0], [460.0, 388.0, 0.0], [561.0, 388.0, 1.0], [566.0, 532.0, 0.0], [551.0, 694.0, 0.0], [441.0, 446.0, 1.0], [444.0, 332.0, 1.0], [470.0, 193.0, 1.0], [638.0, 247.0, 1.0], [665.0, 363.0, 1.0], [702.0, 487.0, 1.0]], "hand_pts": [[702.0, 487.0, 1.0], [694.8353271484374, 500.5053405761719, 1.0], [691.4707641601564, 523.0032958984374, 1.0], [691.9514160156249, 546.6979370117188, 1.0], [689.0675048828123, 562.9730834960939, 1.0], [727.0388183593751, 526.5933837890626, 1.0], [734.0082397460939, 545.9799194335938, 1.0], [743.1406249999999, 558.1862792968751, 1.0], [752.993896484375, 567.0418701171876, 1.0], [736.65185546875, 521.5672607421874, 1.0], [755.6375122070312, 539.5177612304688, 1.0], [764.0488891601564, 551.4847412109376, 1.0], [765.9714355468752, 560.8190307617188, 1.0], [744.8228759765626, 518.6951904296876, 1.0], [745.063232421875, 547.6553344726564, 1.0], [734.7292480468751, 542.8685302734375, 1.0], [728.7211303710939, 539.9964599609375, 1.0], [743.1406249999999, 514.86572265625, 1.0], [744.3422241210935, 537.842346191406, 1.0], [737.6131591796876, 536.4063110351562, 1.0], [733.7679443359374, 533.5342407226562, 1.0]], "head_box": [[554.0, 91.0], [655.0, 243.0]], "head_size": 152.0, "hand_box_center": [727.5194702148438, 527.0209350585938], "is_left": 1, "is_mpii": 1}