{"mpii_image": "053478688.jpg", "mpii_annorect_idx": 0, "mpii_body_pts": [[707.0, 590.0, 0.0], [848.0, 318.0, 0.0], [882.0734252929688, 231.16009521484375, 0.0], [957.9265747070312, 37.839900970458984, 0.0], [277.0, 324.0, 0.0], [512.0, 315.0, 0.0], [697.0, 542.0, 0.0], [717.0, 638.0, 1.0], [551.0, 337.0, 0.0], [233.0, 357.0, 1.0], [495.0, 300.0, 0.0], [669.0, 311.0, 1.0], [817.0, 285.0, 0.0], [878.0, 350.0, 1.0], [680.0, 381.0, 1.0], [484.0, 363.0, 1.0]], "hand_pts": [[484.0, 363.0, 1.0], [447.7418518066406, 337.62841796874994, 1.0], [417.9226989746093, 315.0057678222656, 1.0], [388.81353759765625, 310.05706787109375, 1.0], [369.64410400390636, 301.57354736328125, 1.0], [385.61865234375006, 344.3445434570313, 1.0], [353.31457519531256, 346.8188781738282, 1.0], [329.88525390624994, 352.4745483398438, 1.0], [314.2657165527343, 358.8371887207031, 1.0], [380.6487731933595, 363.785888671875, 1.0], [352.9595947265625, 363.4324035644531, 1.0], [325.6253662109375, 368.734588623047, 1.0], [305.7459411621094, 372.62286376953136, 1.0], [394.1383972167969, 376.5111389160155, 1.0], [362.54431152343756, 378.2785339355469, 1.0], [337.6950378417969, 379.6924438476563, 1.0], [318.88058471679693, 380.39941406249994, 1.0], [399.4632568359375, 388.52941894531244, 1.0], [378.51885986328125, 391.3572692871094, 1.0], [360.7693481445313, 394.1850891113282, 1.0], [343.3748779296875, 395.5989990234375, 1.0]], "head_box": [[826.0, 45.0], [1014.0, 224.0]], "head_size": 179.0, "hand_box_center": [394.8729705810547, 348.5862731933594], "is_left": 1, "is_mpii": 1}