{"mpii_image": "053539753.jpg", "mpii_annorect_idx": 0, "mpii_body_pts": [[484.0, 518.0, 1.0], [566.0, 283.0, 1.0], [588.565185546875, 226.24510192871094, 0.0], [642.434814453125, 90.75489807128906, 0.0], [421.0, 642.0, 1.0], [299.0, 714.0, 0.0], [415.0, 518.0, 1.0], [553.0, 518.0, 1.0], [659.0, 716.0, 0.0], [584.0, 603.0, 0.0], [696.0, 9.0, 1.0], [535.0, 78.0, 1.0], [481.0, 251.0, 1.0], [650.0, 315.0, 1.0], [745.0, 406.0, 1.0], [911.0, 429.0, 1.0]], "hand_pts": [[911.0, 429.0, 1.0], [923.5383300781252, 408.4759826660156, 1.0], [949.4594726562501, 384.8987426757813, 1.0], [973.8851928710938, 379.43875122070307, 1.0], [993.0768432617189, 381.4242248535156, 1.0], [948.7117919921876, 391.35147094726557, 1.0], [966.6571655273438, 379.9351196289062, 1.0], [982.6086425781252, 384.8987426757813, 1.0], [964.4140014648438, 395.07418823242193, 1.0], [957.9337158203125, 407.7314147949219, 1.0], [984.8518676757811, 398.796905517578, 1.0], [976.6268310546876, 403.26416015625, 1.0], [964.1647949218751, 413.9359436035156, 1.0], [964.1647949218751, 427.3377380371093, 1.0], [985.8488159179688, 420.63684082031256, 1.0], [988.5904541015625, 411.7023315429687, 1.0], [972.3897705078127, 422.12594604492193, 1.0], [968.900390625, 437.51318359375006, 1.0], [990.3351440429686, 433.7904663085937, 1.0], [994.0737915039064, 427.08956909179693, 1.0], [983.3563842773439, 429.5713806152344, 1.0]], "head_box": [[559.0, 87.0], [672.0, 230.0]], "head_size": 143.0, "hand_box_center": [952.5368957519531, 408.47596740722656], "is_left": 1, "is_mpii": 1}