{"mpii_image": "053619228.jpg", "mpii_annorect_idx": 0, "mpii_body_pts": [[1330.0, 650.0, 1.0], [1313.0, 342.0, 1.0], [1299.83984375, 299.8877868652344, 0.0], [1256.16015625, 160.11219787597656, 0.0], [1331.0, 980.0, 1.0], [1305.0, 802.0, 1.0], [1283.0, 650.0, 1.0], [1377.0, 650.0, 1.0], [1389.0, 797.0, 1.0], [1403.0, 994.0, 1.0], [1208.0, 617.0, 1.0], [1220.0, 489.0, 1.0], [1225.0, 362.0, 1.0], [1401.0, 321.0, 1.0], [1451.0, 470.0, 1.0], [1321.0, 554.0, 1.0]], "hand_pts": [[1321.0, 554.0, 1.0], [1296.1435546875, 538.9441528320311, 1.0], [1278.6206054687502, 539.4426879882811, 1.0], [1268.8577880859375, 553.650634765625, 1.0], [1261.8486328124998, 569.1048583984375, 1.0], [1278.370239257812, 558.3865966796876, 1.0], [1261.09765625, 575.3364257812498, 1.0], [1252.5865478515625, 582.8143310546876, 1.0], [1250.083251953125, 577.8290405273439, 1.0], [1286.6311035156248, 571.0989990234375, 1.0], [1269.1081542968748, 586.802490234375, 1.0], [1262.0989990234375, 585.0576782226562, 1.0], [1256.091064453125, 581.3187255859374, 1.0], [1296.1435546875, 580.0723876953125, 1.0], [1281.374145507812, 588.0488281249999, 1.0], [1273.3636474609375, 586.0546875, 1.0], [1270.3597412109373, 582.5650634765625, 1.0], [1301.6507568359373, 584.0606079101562, 1.0], [1290.385986328125, 588.0488281249999, 1.0], [1284.1278076171875, 585.805419921875, 1.0], [1280.3729248046873, 582.0665283203124, 1.0]], "head_box": [[1227.0, 154.0], [1329.0, 306.0]], "head_size": 152.0, "hand_box_center": [1285.5416259765625, 563.4964904785155], "is_left": 1, "is_mpii": 1}