{"mpii_image": "053823945.jpg", "mpii_annorect_idx": 0, "mpii_body_pts": [[982.0, 629.0, 0.0], [1014.0, 389.0, 1.0], [1016.2202758789062, 375.95550537109375, 0.0], [1043.7796630859375, 214.04449462890625, 0.0], [893.0, 1009.0, 1.0], [953.0, 666.0, 1.0], [927.0, 623.0, 0.0], [1037.0, 635.0, 1.0], [1071.0, 675.0, 1.0], [1014.0, 1021.0, 1.0], [910.0, 698.0, 1.0], [887.0, 543.0, 1.0], [913.0, 381.0, 1.0], [1114.0, 396.0, 1.0], [1178.0, 566.0, 1.0], [1192.0, 724.0, 1.0]], "hand_pts": [[910.0, 698.0, 1.0], [949.3984985351564, 712.1489868164062, 1.0], [952.6932983398439, 746.1398925781252, 1.0], [949.6980590820312, 774.4656982421875, 1.0], [958.38427734375, 800.4061279296875, 1.0], [961.3795166015625, 710.9562988281249, 1.0], [969.4667358398438, 737.791259765625, 1.0], [971.5634155273439, 770.8876953124999, 1.0], [959.2828369140626, 780.130859375, 1.0], [941.910400390625, 706.7819824218751, 1.0], [945.80419921875, 744.9472656249998, 1.0], [947.6013793945312, 776.5528564453124, 1.0], [939.813720703125, 767.906066894531, 1.0], [919.7454833984375, 706.7819824218751, 1.0], [926.0355224609374, 733.6169433593751, 1.0], [929.9293823242188, 764.6262207031249, 1.0], [926.0355224609374, 767.906066894531, 1.0], [902.0734863281252, 705.5892944335938, 1.0], [900.8753662109375, 726.4609375, 1.0], [908.3635253906249, 750.6124267578125, 1.0], [914.653564453125, 766.4152221679686, 1.0]], "head_box": [[971.0, 211.0], [1089.0, 379.0]], "head_size": 168.0, "hand_box_center": [936.2193908691406, 749.2030639648438], "is_left": 0, "is_mpii": 1}