{"mpii_image": "053950657.jpg", "mpii_annorect_idx": 0, "mpii_body_pts": [[509.0, 545.0, 0.0], [505.0, 299.0, 1.0], [513.3430786132812, 275.4508056640625, 0.0], [558.6569213867188, 147.5491943359375, 0.0], [477.0, 932.0, 1.0], [477.0, 725.0, 1.0], [472.0, 542.0, 1.0], [545.0, 547.0, 0.0], [573.0, 725.0, 0.0], [578.0, 893.0, 0.0], [561.0, 475.0, 1.0], [441.0, 451.0, 1.0], [434.0, 304.0, 1.0], [576.0, 294.0, 1.0], [699.0, 340.0, 1.0], [679.0, 244.0, 1.0]], "hand_pts": [[571.3006591796875, 472.99832153320307, 1.0], [581.9417724609375, 465.59698486328125, 1.0], [602.2202148437499, 464.39675903320307, 1.0], [617.8807373046876, 464.7968444824219, 1.0], [628.1203002929688, 469.39767456054693, 1.0], [607.0388183593751, 476.1989135742187, 1.0], [620.6915893554688, 474.99868774414057, 1.0], [632.5374145507812, 480.19964599609375, 1.0], [641.9738769531252, 485.2005310058594, 1.0], [603.8264160156249, 485.40057373046875, 1.0], [621.0931396484376, 499.00305175781244, 1.0], [628.72265625, 503.2038269042969, 1.0], [635.7498168945311, 507.2045593261719, 1.0], [600.0116577148436, 498.2029113769531, 1.0], [611.0543212890625, 514.2058105468752, 1.0], [615.0698852539062, 520.8070068359373, 1.0], [618.0815429687501, 526.0079345703126, 1.0], [595.5945434570314, 508.2047424316406, 1.0], [602.8225097656249, 516.6062622070312, 1.0], [607.6411743164062, 520.8070068359373, 1.0], [611.6566772460939, 525.2078247070312, 1.0]], "head_box": [[486.0, 143.0], [586.0, 280.0]], "head_size": 137.0, "hand_box_center": [606.6372680664064, 495.2023468017578], "is_left": 0, "is_mpii": 1}