{"mpii_image": "054027889.jpg", "mpii_annorect_idx": 0, "mpii_body_pts": [[593.0, 176.0, 0.0], [968.0, 157.0, 1.0], [982.7730102539062, 151.6748046875, 0.0], [1125.22705078125, 100.32520294189453, 0.0], [500.0, 532.0, 1.0], [764.0, 351.0, 1.0], [583.0, 163.0, 1.0], [602.0, 189.0, 0.0], [739.0, 441.0, 1.0], [688.0, 740.0, 0.0], [1208.0, 342.0, 1.0], [1083.0, 211.0, 1.0], [972.0, 86.0, 1.0], [963.0, 228.0, 1.0], [1029.0, 376.0, 1.0], [1125.0, 495.0, 1.0]], "hand_pts": [[1206.4237060546875, 352.02270507812494, 1.0], [1222.1646728515623, 387.21044921875, 1.0], [1243.7049560546875, 429.545654296875, 1.0], [1268.0068359375, 435.86846923828125, 1.0], [1283.747802734375, 426.246826171875, 1.0], [1249.7803955078123, 422.12326049804693, 1.0], [1268.5592041015625, 425.97192382812494, 1.0], [1296.174926757812, 424.59738159179693, 1.0], [1297.831787109375, 391.88381958007807, 1.0], [1295.62255859375, 380.0629272460937, 1.0], [1294.2418212890625, 416.0753784179687, 1.0], [1266.349853515625, 414.97573852539057, 1.0], [1250.60888671875, 413.3263244628905, 1.0], [1288.7186279296877, 365.49301147460926, 1.0], [1293.13720703125, 402.05526733398443, 1.0], [1268.0068359375, 402.05526733398443, 1.0], [1248.12353515625, 401.7803649902343, 1.0], [1288.7186279296877, 345.69992065429693, 1.0], [1297.831787109375, 386.11080932617193, 1.0], [1270.2160644531252, 390.23437499999994, 1.0], [1248.399658203125, 389.40966796875, 1.0]], "head_box": [[995.0, 52.0], [1113.0, 200.0]], "head_size": 148.0, "hand_box_center": [1252.1277465820312, 390.78419494628906], "is_left": 0, "is_mpii": 1}