{"mpii_image": "055153425.jpg", "mpii_annorect_idx": 0, "mpii_body_pts": [[296.0, 507.0, 0.0], [479.0, 189.0, 0.0], [577.1207885742188, 168.57569885253906, 0.0], [846.8792114257812, 112.42430114746094, 0.0], [268.0, 773.0, 1.0], [640.0, 817.0, 1.0], [299.0, 562.0, 1.0], [293.0, 451.0, 0.0], [528.0, 544.0, 0.0], [265.0, 612.0, 0.0], [671.0, 482.0, 1.0], [476.0, 603.0, 1.0], [454.0, 283.0, 1.0], [503.0, 94.0, 0.0], [491.0, 305.0, 0.0], [618.0, 336.0, 0.0]], "hand_pts": [[618.0, 336.0, 1.0], [656.0999755859375, 317.7459411621094, 1.0], [685.1281127929686, 309.1635437011719, 1.0], [701.0028686523438, 323.1664123535156, 1.0], [712.3420410156249, 332.6522521972657, 1.0], [700.0957641601564, 306.0015869140625, 1.0], [748.1736450195314, 323.6181335449219, 1.0], [755.8842163085938, 343.4931640624999, 1.0], [741.3701171874999, 354.33410644531244, 1.0], [716.4240722656251, 342.13806152343756, 1.0], [730.484619140625, 363.81994628906256, 1.0], [702.3635864257811, 355.6892395019531, 1.0], [681.9531860351562, 352.07559204101557, 1.0], [706.4456787109374, 351.6238708496094, 1.0], [709.62060546875, 370.1438293457032, 1.0], [674.2426147460938, 364.7233581542968, 1.0], [655.6464233398438, 357.94775390624994, 1.0], [719.5990600585939, 369.24041748046875, 1.0], [703.7243041992188, 383.6949768066406, 1.0], [685.5817260742188, 379.17791748046875, 1.0], [680.138916015625, 373.3057556152344, 1.0]], "head_box": [[607.0, 4.0], [817.0, 277.0]], "head_size": 273.0, "hand_box_center": [686.9421081542969, 344.84828186035156], "is_left": 1, "is_mpii": 1}