{"mpii_image": "055348993.jpg", "mpii_annorect_idx": 1, "mpii_body_pts": [[549.0, 643.0, 1.0], [612.0, 335.0, 1.0], [612.1619262695312, 342.7063903808594, 0.0], [606.8380737304688, 89.2936019897461, 0.0], [181.0, 1009.0, 1.0], [168.0, 677.0, 1.0], [469.0, 646.0, 1.0], [628.0, 640.0, 1.0], [963.0, 674.0, 1.0], [913.0, 997.0, 1.0], [221.0, 628.0, 1.0], [330.0, 448.0, 1.0], [488.0, 262.0, 1.0], [736.0, 407.0, 1.0], [845.0, 541.0, 1.0], [925.0, 649.0, 1.0]], "hand_pts": [[925.0, 649.0, 1.0], [955.2584838867188, 665.6101684570312, 1.0], [976.9545898437499, 678.0758056640626, 1.0], [998.2333984375001, 692.6190795898439, 1.0], [1014.5054931640625, 705.5003051757812, 1.0], [998.650634765625, 646.49609375, 1.0], [1013.2537841796877, 676.4137573242188, 1.0], [1010.3331298828123, 692.6190795898439, 1.0], [1005.3263549804686, 700.5140380859374, 1.0], [985.2991943359375, 637.3546142578125, 1.0], [1004.4918823242188, 671.0119628906249, 1.0], [1004.0746459960939, 686.3862915039061, 1.0], [999.0678710937499, 695.1122436523438, 1.0], [968.6099243164062, 635.2770385742189, 1.0], [989.4715576171876, 656.0531616210938, 1.0], [987.3853759765627, 672.2584838867188, 1.0], [984.4647216796876, 682.2310180664062, 1.0], [953.172302246094, 633.1994018554688, 1.0], [967.7754516601565, 644.8340454101562, 1.0], [966.5237426757814, 652.7289428710939, 1.0], [964.8548583984374, 658.9617919921875, 1.0]], "head_box": [[490.0, 112.0], [729.0, 320.0]], "head_size": 208.0, "hand_box_center": [969.7527465820312, 669.349853515625], "is_left": 1, "is_mpii": 1}