{"mpii_image": "055348993.jpg", "mpii_annorect_idx": 1, "mpii_body_pts": [[549.0, 643.0, 1.0], [612.0, 335.0, 1.0], [612.1619262695312, 342.7063903808594, 0.0], [606.8380737304688, 89.2936019897461, 0.0], [181.0, 1009.0, 1.0], [168.0, 677.0, 1.0], [469.0, 646.0, 1.0], [628.0, 640.0, 1.0], [963.0, 674.0, 1.0], [913.0, 997.0, 1.0], [221.0, 628.0, 1.0], [330.0, 448.0, 1.0], [488.0, 262.0, 1.0], [736.0, 407.0, 1.0], [845.0, 541.0, 1.0], [925.0, 649.0, 1.0]], "hand_pts": [[221.0, 628.0, 1.0], [207.78610229492185, 653.9028930664062, 1.0], [205.0983581542969, 678.4321289062499, 1.0], [194.347412109375, 707.4212036132811, 1.0], [182.70054626464838, 725.2606201171875, 1.0], [171.05368041992188, 632.0495605468751, 1.0], [127.60190582275388, 660.5926513671876, 1.0], [124.0182571411133, 688.2437744140626, 1.0], [128.49781799316406, 702.0693969726564, 1.0], [168.3659362792969, 622.2379150390625, 1.0], [123.1223449707031, 648.1050415039062, 1.0], [115.50708770751952, 680.6620483398438, 1.0], [123.1223449707031, 696.2715454101564, 1.0], [179.56484985351565, 617.7780151367189, 1.0], [134.3212585449219, 644.5371704101562, 1.0], [124.0182571411133, 669.06640625, 1.0], [123.57029724121095, 682.8919677734374, 1.0], [185.83624267578128, 617.33203125, 1.0], [153.13542175292974, 633.8334960937499, 1.0], [145.52015686035156, 644.5371704101562, 1.0], [141.48855590820315, 654.3488769531251, 1.0]], "head_box": [[490.0, 112.0], [729.0, 320.0]], "head_size": 208.0, "hand_box_center": [168.25354385375977, 671.2963256835938], "is_left": 0, "is_mpii": 1}