{"mpii_image": "055794874.jpg", "mpii_annorect_idx": 0, "mpii_body_pts": [[821.0, 684.0, 1.0], [837.0, 387.0, 1.0], [844.101318359375, 317.64410400390625, 0.0], [859.898681640625, 163.35589599609375, 0.0], [812.0, 1050.0, 1.0], [793.0, 888.0, 1.0], [775.0, 680.0, 1.0], [867.0, 688.0, 1.0], [796.0, 859.0, 0.0], [793.0, 1015.0, 0.0], [677.0, 709.0, 1.0], [698.0, 550.0, 1.0], [743.0, 384.0, 1.0], [930.0, 389.0, 1.0], [949.0, 558.0, 1.0], [965.0, 643.0, 1.0]], "hand_pts": [[965.0, 643.0, 1.0], [958.6831054687501, 673.9913330078126, 1.0], [961.720703125, 686.8460693359373, 1.0], [957.9237060546876, 703.4816284179686, 1.0], [954.8860473632812, 718.6048583984375, 1.0], [980.7059326171877, 704.2377929687501, 1.0], [980.7059326171877, 725.4103393554688, 1.0], [962.4801025390626, 731.4596557617186, 1.0], [955.6454467773439, 723.8980102539062, 1.0], [970.8336181640624, 700.4569702148438, 1.0], [970.8336181640624, 718.6048583984375, 1.0], [957.1642456054686, 720.1171875, 1.0], [948.0513916015625, 715.5802612304688, 1.0], [963.9989624023438, 696.6762084960938, 1.0], [964.7583618164062, 709.5309448242186, 1.0], [954.1266479492188, 709.5309448242186, 1.0], [941.2167358398439, 707.262451171875, 1.0], [959.4425048828123, 694.4077148437499, 1.0], [957.1642456054686, 699.7008056640626, 1.0], [948.810791015625, 697.4323120117186, 1.0], [942.7355346679689, 697.4323120117186, 1.0]], "head_box": [[798.0, 160.0], [906.0, 321.0]], "head_size": 161.0, "hand_box_center": [960.9613342285159, 687.2298278808594], "is_left": 1, "is_mpii": 1}