{"mpii_image": "055766125.jpg", "mpii_annorect_idx": 1, "mpii_body_pts": [[579.0, 397.0, 1.0], [627.0, 214.0, 1.0], [640.018310546875, 196.15589904785156, 0.0], [729.981689453125, 72.84410095214844, 0.0], [516.0, 661.0, 0.0], [520.0, 518.0, 0.0], [532.0, 400.0, 1.0], [625.0, 394.0, 1.0], [654.0, 485.0, 0.0], [654.0, 628.0, 0.0], [584.0, 404.0, 1.0], [510.0, 322.0, 1.0], [539.0, 208.0, 1.0], [714.0, 220.0, 1.0], [683.0, 319.0, 1.0], [650.0, 388.0, 1.0]], "hand_pts": [[584.0, 404.0, 1.0], [599.1380615234375, 401.63751220703125, 1.0], [619.4411621093749, 413.06726074218744, 1.0], [624.7376098632811, 431.53070068359375, 1.0], [638.4201049804686, 436.80596923828125, 1.0], [609.73095703125, 427.57424926757807, 1.0], [614.5860595703126, 450.43374633789057, 1.0], [619.4411621093749, 452.1921691894532, 1.0], [618.9997558593751, 443.40005493164057, 1.0], [597.3725585937499, 431.53070068359375, 1.0], [603.1104125976564, 455.70901489257807, 1.0], [613.2619628906249, 456.5882263183594, 1.0], [614.5860595703126, 444.7188720703125, 1.0], [587.2210693359374, 435.0475463867188, 1.0], [598.2553100585939, 453.510986328125, 1.0], [608.8482055664062, 455.2694091796875, 1.0], [610.17236328125, 445.1584777832031, 1.0], [578.8350219726562, 437.2455749511718, 1.0], [593.8416137695311, 450.43374633789057, 1.0], [603.5517578124999, 450.87335205078125, 1.0], [608.8482055664062, 442.52084350585943, 1.0]], "head_box": [[628.0, 58.0], [742.0, 211.0]], "head_size": 153.0, "hand_box_center": [608.6275634765625, 429.1128692626953], "is_left": 0, "is_mpii": 1}