{"mpii_image": "055724855.jpg", "mpii_annorect_idx": 0, "mpii_body_pts": [[901.0, 802.0, 0.0], [892.0, 366.0, 0.0], [876.1934204101562, 380.4381103515625, 0.0], [1138.806640625, 140.56190490722656, 0.0], [990.0, 1065.0, 0.0], [907.0, 941.0, 0.0], [789.0, 811.0, 0.0], [1012.0, 792.0, 0.0], [1090.0, 891.0, 0.0], [1115.0, 1049.0, 0.0], [863.0, 612.0, 1.0], [624.0, 683.0, 1.0], [730.0, 348.0, 1.0], [1053.0, 383.0, 0.0], [1009.0, 544.0, 0.0], [1059.0, 566.0, 1.0]], "hand_pts": [[895.8988647460939, 605.835205078125, 1.0], [901.0181274414061, 563.434326171875, 1.0], [923.9650268554685, 513.2839355468753, 1.0], [947.2772827148438, 476.4206237792969, 1.0], [965.2097167968751, 460.9617919921874, 1.0], [936.5177612304688, 533.4993286132812, 1.0], [963.41650390625, 481.77175903320307, 1.0], [975.3714599609375, 455.61068725585943, 1.0], [984.9354858398438, 435.98986816406256, 1.0], [961.6232299804686, 553.1201171874999, 1.0], [993.9017333984375, 497.8251342773437, 1.0], [1007.0521850585938, 462.74551391601557, 1.0], [1012.4319458007811, 444.9084167480468, 1.0], [980.7512207031249, 566.7952270507812, 1.0], [1019.6049194335938, 522.2025146484375, 1.0], [1023.1914062500001, 487.71743774414057, 1.0], [1023.1914062500001, 462.74551391601557, 1.0], [989.1196899414062, 572.7409057617188, 1.0], [1001.0747070312501, 546.5798339843751, 1.0], [1004.6611938476562, 522.7970581054686, 1.0], [1000.4769287109374, 514.4730834960939, 1.0]], "head_box": [[885.0, 75.0], [1130.0, 446.0]], "head_size": 371.0, "hand_box_center": [959.545135498047, 520.9125366210938], "is_left": 0, "is_mpii": 1}