{"mpii_image": "056067829.jpg", "mpii_annorect_idx": 0, "mpii_body_pts": [[1016.0, 310.0, 0.0], [711.0, 332.0, 1.0], [709.72998046875, 332.8815002441406, 0.0], [542.27001953125, 449.1184997558594, 0.0], [1005.0, 415.0, 0.0], [784.0, 441.0, 1.0], [998.0, 286.0, 0.0], [1033.0, 333.0, 1.0], [820.0, 466.0, 1.0], [1039.0, 445.0, 1.0], [610.0, 492.0, 0.0], [497.0, 462.0, 1.0], [667.0, 302.0, 1.0], [754.0, 361.0, 1.0], [643.0, 516.0, 1.0], [568.0, 458.0, 1.0]], "hand_pts": [[568.0, 458.0, 1.0], [567.6464233398438, 443.94177246093744, 1.0], [571.3375244140623, 434.91900634765625, 1.0], [568.6530761718751, 425.8962097167969, 1.0], [565.2975463867188, 418.2101440429687, 1.0], [557.9154052734375, 437.5924072265625, 1.0], [548.5199584960938, 427.9012756347657, 1.0], [541.8088989257812, 421.21774291992193, 1.0], [534.7623291015624, 413.53167724609364, 1.0], [550.8688354492188, 439.931640625, 1.0], [537.44677734375, 431.91140747070307, 1.0], [525.3668823242186, 427.2329406738282, 1.0], [515.30029296875, 423.5569763183594, 1.0], [545.1644287109374, 447.6177062988281, 1.0], [532.4134521484375, 441.60253906249994, 1.0], [516.9780883789064, 436.58987426757807, 1.0], [507.5826110839844, 433.582275390625, 1.0], [538.1178588867186, 454.3012390136719, 1.0], [522.3469238281249, 452.29617309570307, 1.0], [510.93814086914057, 450.29113769531244, 1.0], [502.21380615234375, 447.95190429687494, 1.0]], "head_box": [[532.0, 305.0], [720.0, 477.0]], "head_size": 172.0, "hand_box_center": [536.775665283203, 435.7658386230468], "is_left": 1, "is_mpii": 1}