{"mpii_image": "056392446.jpg", "mpii_annorect_idx": 2, "mpii_body_pts": [[1052.0, 453.0, 0.0], [1108.0, 181.0, 1.0], [1101.5850830078125, 166.44920349121094, 0.0], [1032.4149169921875, 9.550800323486328, 0.0], [1100.0, 539.0, 0.0], [883.0, 518.0, 0.0], [973.0, 439.0, 0.0], [1131.0, 466.0, 1.0], [989.0, 563.0, 1.0], [1171.0, 559.0, 1.0], [942.0, 395.0, 1.0], [975.0, 301.0, 1.0], [1046.0, 194.0, 1.0], [1169.0, 167.0, 1.0], [1127.0, 368.0, 1.0], [1023.0, 409.0, 1.0]], "hand_pts": [[926.2510986328125, 401.3206481933595, 1.0], [930.9891967773439, 411.70690917968744, 1.0], [921.0391845703126, 429.1747436523438, 1.0], [912.9844360351564, 444.754150390625, 1.0], [913.6951293945311, 460.8056945800781, 1.0], [903.2713012695315, 418.08032226562494, 1.0], [890.4784545898439, 435.3121032714843, 1.0], [889.2939453125001, 453.0159912109375, 1.0], [894.505859375, 467.6511840820313, 1.0], [908.4832153320312, 428.70263671875, 1.0], [899.9546508789061, 444.754150390625, 1.0], [901.8499145507812, 458.9172668457031, 1.0], [905.1665649414061, 476.62115478515625, 1.0], [911.7998657226564, 435.07604980468744, 1.0], [906.35107421875, 453.2520141601563, 1.0], [908.0093994140625, 465.52673339843744, 1.0], [911.7998657226564, 480.870086669922, 1.0], [917.485595703125, 442.15759277343756, 1.0], [916.7749023437501, 450.4194030761719, 1.0], [917.2487182617189, 461.7498779296875, 1.0], [918.670166015625, 473.0803833007813, 1.0]], "head_box": [[998.0, 6.0], [1136.0, 170.0]], "head_size": 164.0, "hand_box_center": [910.141571044922, 441.09536743164074], "is_left": 0, "is_mpii": 1}