{"mpii_image": "056646661.jpg", "mpii_annorect_idx": 0, "mpii_body_pts": [[203.0, 576.0, 0.0], [372.0, 287.0, 0.0], [403.595703125, 258.276611328125, 0.0], [527.404296875, 145.72340393066406, 0.0], [301.0, 700.0, 1.0], [497.0, 638.0, 1.0], [212.0, 586.0, 1.0], [193.0, 566.0, 0.0], [410.0, 549.0, 0.0], [228.0, 642.0, 0.0], [650.0, 472.0, 1.0], [497.0, 512.0, 1.0], [396.0, 315.0, 1.0], [348.0, 259.0, 0.0], [276.0, 369.0, 0.0], [371.0, 506.0, 1.0]], "hand_pts": [[652.3558349609375, 470.92282104492193, 1.0], [657.6779174804686, 451.1653747558594, 1.0], [672.192626953125, 439.60003662109375, 1.0], [687.191162109375, 429.9622497558594, 1.0], [697.3515014648436, 418.8788146972656, 1.0], [697.3515014648436, 440.08193969726557, 1.0], [718.6397094726564, 437.67248535156256, 1.0], [716.2206420898438, 450.6834716796875, 1.0], [703.6411743164062, 452.129150390625, 1.0], [702.1896972656251, 452.129150390625, 1.0], [712.8338623046875, 463.2125854492187, 1.0], [698.319091796875, 465.14013671875, 1.0], [687.6749877929688, 462.2488098144532, 1.0], [702.1896972656251, 467.5495910644532, 1.0], [702.6735229492189, 475.74169921875, 1.0], [692.9970703125, 474.7779235839844, 1.0], [684.2882080078126, 471.88659667968744, 1.0], [700.7382202148438, 478.633026123047, 1.0], [695.9000244140624, 483.45190429687494, 1.0], [686.7073364257812, 482.48812866210926, 1.0], [678.4823608398438, 478.633026123047, 1.0]], "head_box": [[406.0, 116.0], [525.0, 288.0]], "head_size": 172.0, "hand_box_center": [685.4977722167969, 451.1653594970703], "is_left": 0, "is_mpii": 1}