{"mpii_image": "056831915.jpg", "mpii_annorect_idx": 1, "mpii_body_pts": [[1070.0, 431.0, 1.0], [1113.0, 272.0, 1.0], [1115.9937744140625, 266.1787109375, 0.0], [1182.0062255859375, 137.82130432128906, 0.0], [990.0, 831.0, 1.0], [1021.0, 619.0, 1.0], [1007.0, 422.0, 1.0], [1132.0, 439.0, 1.0], [1118.0, 626.0, 0.0], [1115.0, 836.0, 0.0], [1058.0, 470.0, 0.0], [1029.0, 403.0, 1.0], [1024.0, 246.0, 1.0], [1202.0, 297.0, 1.0], [1178.0, 441.0, 1.0], [1163.0, 573.0, 1.0]], "hand_pts": [[1163.0, 573.0, 1.0], [1151.3547363281248, 613.7501831054686, 1.0], [1151.3547363281248, 634.3101806640625, 1.0], [1150.9333496093748, 652.7722778320312, 1.0], [1150.9333496093748, 665.3600463867186, 1.0], [1160.6253662109373, 642.2824707031251, 1.0], [1151.776123046875, 666.1992797851562, 1.0], [1149.247802734375, 681.3045654296875, 1.0], [1147.1407470703123, 690.9552001953123, 1.0], [1149.669189453125, 640.184509277344, 1.0], [1139.5556640625002, 663.2620849609375, 1.0], [1131.9705810546877, 675.4302978515624, 1.0], [1126.4925537109377, 684.2417602539062, 1.0], [1137.8701171875, 631.373046875, 1.0], [1128.1781005859373, 653.6114501953124, 1.0], [1120.5930175781248, 665.3600463867186, 1.0], [1113.0079345703123, 672.4931640625, 1.0], [1123.964111328125, 621.722412109375, 1.0], [1111.3223876953123, 625.9183349609376, 1.0], [1101.6302490234373, 629.6947021484376, 1.0], [1090.6740722656248, 630.9534912109375, 1.0]], "head_box": [[1102.0, 125.0], [1196.0, 279.0]], "head_size": 154.0, "hand_box_center": [1126.8370361328125, 631.9776000976561], "is_left": 1, "is_mpii": 1}