{"mpii_image": "056831915.jpg", "mpii_annorect_idx": 4, "mpii_body_pts": [[458.0, 865.0, 0.0], [452.0, 941.0, 1.0], [468.8843078613281, 1008.5371704101562, 0.0], [428.1156921386719, 845.4628295898438, 0.0], [400.0, 833.0, 0.0], [412.0, 860.0, 0.0], [422.0, 886.0, 0.0], [494.0, 843.0, 1.0], [530.0, 634.0, 1.0], [383.0, 593.0, 1.0], [362.0, 1011.0, 1.0], [217.0, 1014.0, 1.0], [359.0, 944.0, 1.0], [545.0, 937.0, 1.0], [653.0, 994.0, 1.0], [518.0, 1006.0, 1.0]], "hand_pts": [[360.77130126953125, 1012.6860351562501, 1.0], [381.25991821289057, 1002.6292114257811, 1.0], [407.80856323242193, 998.319091796875, 1.0], [430.0286560058594, 1000.6177978515625, 1.0], [446.765838623047, 1002.91650390625, 1.0], [404.05712890624994, 999.7557983398439, 1.0], [432.9143676757813, 1002.6292114257811, 1.0], [447.9201049804687, 1004.9279174804685, 1.0], [456.86584472656256, 1006.9392700195312, 1.0], [413.0028686523438, 1004.3532104492186, 1.0], [439.26293945312494, 1008.0886230468751, 1.0], [456.00015258789057, 1011.5366821289061, 1.0], [468.12017822265625, 1014.4100952148438, 1.0], [420.79434204101557, 1012.3987426757814, 1.0], [442.14868164062506, 1016.1340942382814, 1.0], [456.86584472656256, 1019.0075073242186, 1.0], [469.5630493164063, 1021.0188598632812, 1.0], [424.54577636718744, 1019.5822143554686, 1.0], [441.28295898437494, 1023.3175659179686, 1.0], [453.69155883789057, 1025.0416259765625, 1.0], [463.7915954589842, 1026.191040039062, 1.0]], "head_box": [[396.0, 836.0], [501.0, 1018.0]], "head_size": 182.0, "hand_box_center": [415.16717529296875, 1012.2550659179685], "is_left": 0, "is_mpii": 1}