{"mpii_image": "057066458.jpg", "mpii_annorect_idx": 0, "mpii_body_pts": [[733.0, 284.0, 0.0], [638.0, 94.0, 1.0], [681.1602172851562, 110.70719909667969, 0.0], [532.8397827148438, 53.29280090332031, 0.0], [747.0, 369.0, 1.0], [617.0, 437.0, 1.0], [683.0, 305.0, 1.0], [783.0, 262.0, 0.0], [872.0, 193.0, 1.0], [768.0, 425.0, 1.0], [516.0, 421.0, 1.0], [508.0, 249.0, 1.0], [535.0, 119.0, 1.0], [741.0, 69.0, 1.0], [826.0, 255.0, 1.0], [805.0, 437.0, 1.0]], "hand_pts": [[514.90576171875, 434.2006225585937, 1.0], [535.6564331054686, 435.4547424316406, 1.0], [544.7980957031251, 446.3901672363281, 1.0], [538.09423828125, 453.6804504394532, 1.0], [533.2186889648439, 461.2745056152344, 1.0], [520.0624389648438, 457.16137695312494, 1.0], [525.2191162109375, 475.3243713378906, 1.0], [522.1251220703125, 486.97610473632807, 1.0], [520.75, 479.4367370605468, 1.0], [505.2799072265625, 461.61645507812494, 1.0], [510.09283447265625, 476.00976562500006, 1.0], [512.1555175781251, 487.31878662109375, 1.0], [512.8430786132812, 481.4929199218749, 1.0], [492.21624755859364, 466.41421508789057, 1.0], [494.6227111816406, 478.7513427734375, 1.0], [498.0605163574219, 486.29071044921864, 1.0], [502.52966308593756, 479.77944946289057, 1.0], [479.15261840820307, 467.44232177734375, 1.0], [482.2466430664063, 477.7232666015625, 1.0], [487.40335083007807, 485.6053161621093, 1.0], [490.49734497070307, 479.4367370605468, 1.0]], "head_box": [[548.0, 2.0], [666.0, 162.0]], "head_size": 160.0, "hand_box_center": [511.97535705566406, 460.75970458984375], "is_left": 0, "is_mpii": 1}