{"mpii_image": "057126183.jpg", "mpii_annorect_idx": 1, "mpii_body_pts": [[1254.0, 564.0, 0.0], [1290.0, 279.0, 1.0], [1288.4451904296875, 339.6387939453125, 0.0], [1296.5548095703125, 23.3612003326416, 0.0], [1195.0, 854.0, 0.0], [1189.0, 683.0, 0.0], [1186.0, 578.0, 0.0], [1322.0, 550.0, 0.0], [1329.0, 662.0, 0.0], [1369.0, 845.0, 0.0], [1263.0, 386.0, 1.0], [1164.0, 503.0, 0.0], [1133.0, 271.0, 1.0], [1446.0, 286.0, 1.0], [1409.0, 525.0, 1.0], [1189.0, 528.0, 1.0]], "hand_pts": [[1263.0, 386.0, 1.0], [1262.4082031250002, 342.5716552734375, 1.0], [1270.4859619140627, 312.13009643554693, 1.0], [1241.6365966796875, 286.85787963867193, 1.0], [1227.2119140625, 265.0318603515625, 1.0], [1201.8244628906248, 318.4481506347657, 1.0], [1165.4742431640625, 282.26293945312494, 1.0], [1185.0917968749998, 265.6062316894532, 1.0], [1200.0935058593748, 260.43692016601557, 1.0], [1209.3253173828125, 327.063690185547, 1.0], [1175.2830810546875, 286.28350830078125, 1.0], [1200.0935058593748, 269.0524291992188, 1.0], [1215.09521484375, 267.9037170410155, 1.0], [1232.4047851562502, 346.59222412109375, 1.0], [1203.555419921875, 328.78680419921875, 1.0], [1190.2846679687502, 298.91961669921875, 1.0], [1219.7110595703125, 282.83728027343756, 1.0], [1251.4454345703123, 354.05902099609375, 1.0], [1221.4420166015625, 336.8279724121093, 1.0], [1216.826171875, 311.5557250976563, 1.0], [1232.4047851562502, 296.62213134765625, 1.0]], "head_box": [[1177.0, 21.0], [1408.0, 342.0]], "head_size": 321.0, "hand_box_center": [1217.9801025390625, 323.2184600830078], "is_left": 0, "is_mpii": 1}