{"mpii_image": "057622941.jpg", "mpii_annorect_idx": 1, "mpii_body_pts": [[811.0, 395.0, 0.0], [811.0, 256.0, 1.0], [804.0692138671875, 238.97869873046875, 0.0], [749.9307861328125, 106.02130126953125, 0.0], [790.0, 433.0, 0.0], [645.0, 465.0, 1.0], [772.0, 382.0, 1.0], [849.0, 408.0, 0.0], [684.0, 492.0, 1.0], [823.0, 461.0, 0.0], [696.0, 429.0, 1.0], [735.0, 339.0, 1.0], [741.0, 237.0, 1.0], [880.0, 274.0, 1.0], [906.0, 386.0, 1.0], [806.0, 441.0, 1.0]], "hand_pts": [[703.187255859375, 437.9045715332031, 1.0], [690.5265502929686, 438.111358642578, 1.0], [679.1112060546875, 442.86788940429693, 1.0], [671.8468627929685, 454.0353393554687, 1.0], [658.7710571289062, 455.68978881835943, 1.0], [673.299743652344, 462.7211608886718, 1.0], [669.5637817382814, 476.7839050292969, 1.0], [670.6015625, 488.36499023437506, 1.0], [673.7148437500001, 498.9120483398438, 1.0], [681.8093872070314, 464.3756103515625, 1.0], [679.7338256835938, 477.40432739257807, 1.0], [680.9791870117188, 489.19219970703125, 1.0], [684.0924682617188, 499.3256530761719, 1.0], [691.7719116210939, 464.58239746093744, 1.0], [688.6586303710939, 476.7839050292969, 1.0], [689.9039306640626, 485.26290893554693, 1.0], [694.8851928710938, 494.7759399414062, 1.0], [699.866455078125, 462.92797851562494, 1.0], [698.4135742187501, 474.3022460937501, 1.0], [699.6588745117189, 482.78124999999994, 1.0], [702.3570556640624, 489.60580444335943, 1.0]], "head_box": [[727.0, 98.0], [827.0, 247.0]], "head_size": 149.0, "hand_box_center": [680.9791564941406, 468.6151123046875], "is_left": 0, "is_mpii": 1}