{"mpii_image": "057622941.jpg", "mpii_annorect_idx": 1, "mpii_body_pts": [[811.0, 395.0, 0.0], [811.0, 256.0, 1.0], [804.0692138671875, 238.97869873046875, 0.0], [749.9307861328125, 106.02130126953125, 0.0], [790.0, 433.0, 0.0], [645.0, 465.0, 1.0], [772.0, 382.0, 1.0], [849.0, 408.0, 0.0], [684.0, 492.0, 1.0], [823.0, 461.0, 0.0], [696.0, 429.0, 1.0], [735.0, 339.0, 1.0], [741.0, 237.0, 1.0], [880.0, 274.0, 1.0], [906.0, 386.0, 1.0], [806.0, 441.0, 1.0]], "hand_pts": [[806.797302246094, 438.073974609375, 1.0], [790.6011352539062, 436.363494873047, 1.0], [769.9877929687501, 436.363494873047, 1.0], [751.5830078125, 440.5174865722656, 1.0], [737.8407592773439, 442.71667480468744, 1.0], [768.0245971679688, 442.2279663085937, 1.0], [748.8836669921875, 451.51336669921875, 1.0], [741.0309448242186, 456.15606689453136, 1.0], [734.1598510742188, 460.55441284179693, 1.0], [772.6871337890625, 452.2464294433594, 1.0], [755.7547607421876, 466.41888427734375, 1.0], [749.1290283203125, 472.5276794433594, 1.0], [742.994140625, 479.36956787109375, 1.0], [780.0490722656251, 459.33264160156256, 1.0], [766.3068237304686, 473.7494506835938, 1.0], [759.4357299804686, 480.3469848632813, 1.0], [754.5277709960939, 485.72271728515625, 1.0], [788.8833618164062, 466.17453002929693, 1.0], [779.8036499023438, 475.7042846679688, 1.0], [774.8956909179688, 481.3243713378906, 1.0], [770.4785766601565, 486.9444885253907, 1.0]], "head_box": [[727.0, 98.0], [827.0, 247.0]], "head_size": 149.0, "hand_box_center": [770.4785766601564, 461.65399169921886], "is_left": 1, "is_mpii": 1}