{"mpii_image": "058019490.jpg", "mpii_annorect_idx": 0, "mpii_body_pts": [[435.0, 1066.0, 1.0], [181.0, 811.0, 1.0], [668.0, 845.0, 1.0], [879.0, 879.0, 1.0], [649.0, 1003.0, 1.0], [448.0, 1003.0, 1.0], [774.0, 862.0, 1.0], [817.0, 397.0, 1.0], [830.0, 266.0, 0.0], [857.0, -1.0, 0.0], [606.0, 655.0, 1.0], [562.0, 690.0, 1.0], [615.0, 395.0, 1.0], [1018.0, 398.0, 1.0], [1065.0, 718.0, 1.0], [885.0, 590.0, 1.0]], "hand_pts": [[634.1885375976565, 642.7797851562502, 1.0], [633.0355224609374, 618.1229248046874, 1.0], [655.5183105468752, 594.0394897460939, 1.0], [673.389221191406, 580.2775268554686, 1.0], [670.5068359375001, 591.7458496093751, 1.0], [637.6473999023438, 572.8231201171875, 1.0], [663.5890502929688, 564.221923828125, 1.0], [690.6836547851562, 565.3687744140625, 1.0], [709.131103515625, 572.8231201171875, 1.0], [620.3529663085936, 586.0116577148436, 1.0], [667.6244506835938, 604.3609619140624, 1.0], [683.7659301757812, 611.2419433593751, 1.0], [698.1779174804686, 619.8431396484375, 1.0], [616.3175659179686, 613.5355834960938, 1.0], [652.0594482421876, 627.2975463867188, 1.0], [672.812744140625, 635.3253784179688, 1.0], [669.3538818359374, 637.6190185546876, 1.0], [614.5881347656251, 637.6190185546876, 1.0], [649.7534790039062, 647.9404907226562, 1.0], [654.9418334960938, 652.52783203125, 1.0], [643.4122314453124, 651.9544067382812, 1.0]], "head_box": [[740.0, 0.0], [948.0, 265.0]], "head_size": 265.0, "hand_box_center": [661.859619140625, 608.3748779296875], "is_left": 0, "is_mpii": 1}