{"mpii_image": "058064523.jpg", "mpii_annorect_idx": 1, "mpii_body_pts": [[528.0, 509.0, 0.0], [723.0, 428.0, 0.0], [752.8571166992188, 403.97698974609375, 0.0], [867.1428833007812, 312.02301025390625, 0.0], [440.0, 816.0, 1.0], [601.0, 641.0, 1.0], [483.0, 486.0, 1.0], [573.0, 532.0, 0.0], [644.0, 655.0, 1.0], [598.0, 879.0, 1.0], [584.0, 611.0, 0.0], [603.0, 472.0, 1.0], [712.0, 404.0, 1.0], [734.0, 451.0, 0.0], [631.0, 527.0, 1.0], [647.0, 601.0, 1.0]], "hand_pts": [[647.0, 601.0, 1.0], [653.4298706054688, 609.8422241210935, 1.0], [653.9313354492188, 618.3312988281249, 1.0], [654.6835937500001, 633.062316894531, 1.0], [655.435791015625, 645.2965087890625, 1.0], [677.7521362304688, 627.3197021484375, 1.0], [679.256591796875, 653.7855834960939, 1.0], [663.9611206054685, 655.5333251953124, 1.0], [654.6835937500001, 652.5371704101562, 1.0], [671.4835205078126, 640.5526123046874, 1.0], [673.4894409179689, 663.0236816406251, 1.0], [657.9432373046875, 664.0223999023438, 1.0], [650.170166015625, 658.5294799804688, 1.0], [667.2208251953124, 646.0455932617188, 1.0], [673.990966796875, 660.2772216796876, 1.0], [660.1999511718751, 669.7650146484375, 1.0], [646.9104614257811, 662.0249633789062, 1.0], [662.9581909179688, 652.2875366210939, 1.0], [669.9790039062501, 662.2746582031251, 1.0], [660.9522094726561, 670.2643432617189, 1.0], [652.9283447265626, 670.2643432617189, 1.0]], "head_box": [[752.0, 287.0], [868.0, 429.0]], "head_size": 142.0, "hand_box_center": [663.0835266113281, 635.6321716308594], "is_left": 1, "is_mpii": 1}