{"mpii_image": "058096859.jpg", "mpii_annorect_idx": 0, "mpii_body_pts": [[925.0, 597.0, 0.0], [1047.0, 389.0, 0.0], [1049.9554443359375, 352.8774108886719, 0.0], [1062.0445556640625, 205.1226043701172, 0.0], [664.0, 527.0, 0.0], [823.0, 381.0, 0.0], [914.0, 583.0, 0.0], [936.0, 610.0, 1.0], [828.0, 376.0, 1.0], [665.0, 540.0, 1.0], [778.0, 388.0, 0.0], [914.0, 429.0, 1.0], [1024.0, 373.0, 0.0], [1069.0, 404.0, 1.0], [921.0, 499.0, 1.0], [768.0, 429.0, 1.0]], "hand_pts": [[768.0, 429.0, 1.0], [764.0732421875, 408.4860534667968, 1.0], [758.70458984375, 390.50183105468744, 1.0], [735.0336303710939, 372.7605895996094, 1.0], [721.3679199218749, 364.0115051269531, 1.0], [741.3784179687501, 381.9957580566405, 1.0], [713.802978515625, 373.2466735839844, 1.0], [720.1477661132811, 384.18301391601557, 1.0], [728.4447631835936, 385.64120483398443, 1.0], [732.5933227539062, 394.63333129882807, 1.0], [707.2141723632814, 384.6690979003906, 1.0], [713.802978515625, 397.30667114257807, 1.0], [721.1239013671877, 398.0357666015625, 1.0], [726.0045166015625, 406.5418090820313, 1.0], [705.7499389648439, 397.54968261718756, 1.0], [709.1663818359374, 408.9721069335937, 1.0], [716.4873046875, 409.4581909179687, 1.0], [720.6358032226564, 416.2630310058594, 1.0], [703.7977294921875, 414.0757446289063, 1.0], [712.5828247070312, 422.3387756347657, 1.0], [720.6358032226564, 422.3387756347657, 1.0]], "head_box": [[1003.0, 203.0], [1109.0, 355.0]], "head_size": 152.0, "hand_box_center": [735.8988647460938, 396.50575256347656], "is_left": 1, "is_mpii": 1}