{"mpii_image": "058114791.jpg", "mpii_annorect_idx": 0, "mpii_body_pts": [[1047.0, 450.0, 0.0], [852.0, 238.0, 0.0], [841.19482421875, 235.78529357910156, 0.0], [701.80517578125, 207.21470642089844, 0.0], [921.0, 479.0, 0.0], [857.0, 392.0, 0.0], [1035.0, 437.0, 0.0], [1058.0, 462.0, 1.0], [847.0, 413.0, 1.0], [969.0, 524.0, 1.0], [776.0, 472.0, 1.0], [841.0, 390.0, 0.0], [849.0, 231.0, 0.0], [855.0, 245.0, 1.0], [849.0, 427.0, 1.0], [754.0, 518.0, 1.0]], "hand_pts": [[754.0, 518.0, 1.0], [738.1477661132811, 518.0087890625001, 1.0], [723.8604736328125, 521.7409057617188, 1.0], [702.7808227539062, 532.937316894531, 1.0], [691.0698852539062, 543.6671752929686, 1.0], [709.1047363281252, 532.4707641601564, 1.0], [690.3672485351561, 536.66943359375, 1.0], [682.1696166992186, 541.5678710937499, 1.0], [673.9719848632812, 545.9997558593751, 1.0], [714.0233154296876, 541.8011474609374, 1.0], [696.9253540039061, 551.1314697265625, 1.0], [687.0881958007812, 558.595703125, 1.0], [679.3590087890624, 567.9260864257811, 1.0], [718.0050048828124, 551.8312377929685, 1.0], [706.5283203125, 563.2609252929686, 1.0], [696.9253540039061, 571.6582031249999, 1.0], [688.7277221679688, 578.6559448242186, 1.0], [730.4185791015625, 556.9629516601562, 1.0], [724.79736328125, 567.9260864257811, 1.0], [715.8970336914061, 572.1246948242186, 1.0], [706.9967651367188, 573.0577392578126, 1.0]], "head_box": [[720.0, 149.0], [823.0, 294.0]], "head_size": 145.0, "hand_box_center": [713.9859924316406, 548.3279724121094], "is_left": 1, "is_mpii": 1}