{"mpii_image": "059531075.jpg", "mpii_annorect_idx": 0, "mpii_body_pts": [[1046.0, 694.0, 1.0], [1056.0, 459.0, 1.0], [1055.0877685546875, 436.7652893066406, 0.0], [1048.9122314453125, 286.2347106933594, 0.0], [975.0, 838.0, 0.0], [985.0, 764.0, 0.0], [990.0, 691.0, 1.0], [1102.0, 696.0, 1.0], [1059.0, 696.0, 1.0], [1028.0, 810.0, 0.0], [792.0, 665.0, 1.0], [911.0, 568.0, 1.0], [962.0, 449.0, 1.0], [1150.0, 469.0, 1.0], [1102.0, 617.0, 1.0], [972.0, 635.0, 1.0]], "hand_pts": [[972.0, 635.0, 1.0], [955.667236328125, 638.3486938476562, 1.0], [942.4790649414062, 644.9129028320311, 1.0], [921.3229370117186, 644.9129028320311, 1.0], [899.0678100585938, 656.9472045898436, 1.0], [920.7734375000002, 607.1688232421876, 1.0], [909.783203125, 626.0408325195314, 1.0], [916.9268798828124, 640.8102416992186, 1.0], [924.3452148437498, 648.468505859375, 1.0], [929.2908325195315, 603.6132202148438, 1.0], [916.1026000976562, 627.9553833007812, 1.0], [922.6967163085939, 640.8102416992186, 1.0], [928.4665527343749, 646.0068969726564, 1.0], [943.5780639648439, 603.3397216796876, 1.0], [926.8179931640624, 624.3997802734376, 1.0], [929.5655517578125, 637.5281982421876, 1.0], [937.5334472656251, 645.7333984375001, 1.0], [946.6003417968751, 609.63037109375, 1.0], [933.4121093749999, 623.852783203125, 1.0], [934.7858886718752, 633.425537109375, 1.0], [940.0062255859373, 638.8956909179688, 1.0]], "head_box": [[1000.0, 283.0], [1104.0, 440.0]], "head_size": 157.0, "hand_box_center": [935.5339050292969, 630.1434631347656], "is_left": 1, "is_mpii": 1}