{"mpii_image": "059684285.jpg", "mpii_annorect_idx": 0, "mpii_body_pts": [[843.0, 625.0, 1.0], [818.0, 308.0, 1.0], [808.642578125, 252.79139709472656, 0.0], [777.357421875, 68.20860290527344, 0.0], [831.0, 1050.0, 0.0], [807.0, 893.0, 0.0], [745.0, 632.0, 1.0], [941.0, 618.0, 1.0], [982.0, 864.0, 0.0], [997.0, 1036.0, 1.0], [624.0, 517.0, 1.0], [671.0, 469.0, 1.0], [686.0, 321.0, 1.0], [950.0, 294.0, 1.0], [1027.0, 458.0, 1.0], [1086.0, 582.0, 1.0]], "hand_pts": [[1099.6824951171873, 596.7981567382814, 1.0], [1103.539306640625, 614.7196044921875, 1.0], [1117.6809082031248, 640.9617919921875, 1.0], [1130.8582763671875, 654.0828857421876, 1.0], [1146.2855224609377, 656.0029907226562, 1.0], [1151.749267578125, 615.6796875000001, 1.0], [1168.7834472656248, 631.0409545898438, 1.0], [1172.6402587890625, 643.8420410156249, 1.0], [1171.033203125, 652.1627197265625, 1.0], [1153.356201171875, 608.319091796875, 1.0], [1163.96240234375, 628.4807739257814, 1.0], [1164.2838134765625, 642.8819580078125, 1.0], [1160.7484130859375, 653.122802734375, 1.0], [1149.1781005859373, 608.9591674804685, 1.0], [1158.4986572265627, 629.1207885742189, 1.0], [1157.5344238281248, 643.8420410156249, 1.0], [1153.9990234375, 651.20263671875, 1.0], [1143.7142333984373, 613.1195068359374, 1.0], [1151.1064453124998, 627.8406982421875, 1.0], [1150.7850341796875, 637.1214599609375, 1.0], [1147.5710449218748, 643.8420410156249, 1.0]], "head_box": [[724.0, 66.0], [862.0, 255.0]], "head_size": 189.0, "hand_box_center": [1136.161376953125, 626.4005737304688], "is_left": 1, "is_mpii": 1}