{"mpii_image": "059684285.jpg", "mpii_annorect_idx": 0, "mpii_body_pts": [[843.0, 625.0, 1.0], [818.0, 308.0, 1.0], [808.642578125, 252.79139709472656, 0.0], [777.357421875, 68.20860290527344, 0.0], [831.0, 1050.0, 0.0], [807.0, 893.0, 0.0], [745.0, 632.0, 1.0], [941.0, 618.0, 1.0], [982.0, 864.0, 0.0], [997.0, 1036.0, 1.0], [624.0, 517.0, 1.0], [671.0, 469.0, 1.0], [686.0, 321.0, 1.0], [950.0, 294.0, 1.0], [1027.0, 458.0, 1.0], [1086.0, 582.0, 1.0]], "hand_pts": [[632.6048583984375, 531.5699462890625, 1.0], [627.1420288085936, 537.0079345703126, 1.0], [619.9720458984374, 540.74658203125, 1.0], [610.070739746094, 545.1649780273439, 1.0], [590.9508666992186, 546.5245361328125, 1.0], [604.60791015625, 587.3096923828124, 1.0], [602.559326171875, 597.5059814453125, 1.0], [605.2907714843751, 604.6433715820314, 1.0], [609.3878784179688, 615.1795654296876, 1.0], [617.9235229492188, 596.4863891601564, 1.0], [618.606384277344, 611.1010742187501, 1.0], [622.7034912109376, 621.9771118164061, 1.0], [630.8977050781251, 631.153747558594, 1.0], [627.4834594726564, 602.6041259765626, 1.0], [630.8977050781251, 618.9182128906249, 1.0], [638.4090576171876, 628.0948486328126, 1.0], [646.2619018554686, 634.5525512695312, 1.0], [633.9705200195312, 601.5845336914062, 1.0], [640.7990722656252, 614.8397216796876, 1.0], [646.6033325195315, 618.2384643554688, 1.0], [651.7247314453126, 623.3366088867185, 1.0]], "head_box": [[724.0, 66.0], [862.0, 255.0]], "head_size": 189.0, "hand_box_center": [621.3377990722656, 583.0612487792969], "is_left": 0, "is_mpii": 1}