{"mpii_image": "059739889.jpg", "mpii_annorect_idx": 0, "mpii_body_pts": [[1458.0, 1070.0, 1.0], [1470.0, 831.0, 1.0], [1448.0, 689.0, 0.0], [1597.0, 687.0, 0.0], [1744.0, 840.0, 1.0], [1728.0, 1071.0, 1.0], [1523.0, 688.0, 0.0], [1613.0, 457.0, 1.0], [1620.0, 442.0, 0.0], [1716.0, 256.0, 0.0], [1544.0, 619.0, 1.0], [1403.0, 576.0, 1.0], [1470.0, 436.0, 1.0], [1756.0, 477.0, 1.0], [1804.0, 590.0, 1.0], [1766.0, 595.0, 1.0]], "hand_pts": [[1766.0, 595.0, 1.0], [1746.8923339843748, 594.5366821289061, 1.0], [1714.9864501953125, 606.3166503906249, 1.0], [1690.6087646484375, 639.5147094726564, 1.0], [1659.4197998046877, 650.9376831054685, 1.0], [1720.7222900390623, 609.8862915039061, 1.0], [1702.7976074218752, 631.6613769531251, 1.0], [1692.4012451171875, 648.7958984375001, 1.0], [1684.8729248046873, 665.9303588867186, 1.0], [1734.3450927734375, 613.8129882812499, 1.0], [1721.0808105468748, 636.302001953125, 1.0], [1712.1184082031248, 652.0086059570314, 1.0], [1702.0805664062502, 670.9279174804685, 1.0], [1754.7792968749998, 623.80810546875, 1.0], [1740.4394531250002, 633.0892944335938, 1.0], [1732.5526123046875, 657.7200927734375, 1.0], [1728.6091308593745, 671.9988403320314, 1.0], [1763.7415771484377, 635.5880737304689, 1.0], [1761.232177734375, 649.15283203125, 1.0], [1756.2132568359373, 659.5049438476564, 1.0], [1749.7603759765625, 669.5000610351562, 1.0]], "head_box": [[1598.0, 239.0], [1739.0, 460.0]], "head_size": 221.0, "hand_box_center": [1712.7098999023438, 633.2677612304688], "is_left": 1, "is_mpii": 1}