{"mpii_image": "059739889.jpg", "mpii_annorect_idx": 0, "mpii_body_pts": [[1458.0, 1070.0, 1.0], [1470.0, 831.0, 1.0], [1448.0, 689.0, 0.0], [1597.0, 687.0, 0.0], [1744.0, 840.0, 1.0], [1728.0, 1071.0, 1.0], [1523.0, 688.0, 0.0], [1613.0, 457.0, 1.0], [1620.0, 442.0, 0.0], [1716.0, 256.0, 0.0], [1544.0, 619.0, 1.0], [1403.0, 576.0, 1.0], [1470.0, 436.0, 1.0], [1756.0, 477.0, 1.0], [1804.0, 590.0, 1.0], [1766.0, 595.0, 1.0]], "hand_pts": [[1539.4478759765627, 623.7142944335938, 1.0], [1575.399658203125, 603.1548461914061, 1.0], [1626.6501464843748, 607.7236328125, 1.0], [1642.7137451171875, 632.4710693359374, 1.0], [1658.012451171875, 643.8930053710939, 1.0], [1605.614501953125, 600.48974609375, 1.0], [1641.9488525390625, 611.9116821289061, 1.0], [1637.74169921875, 624.0950317382814, 1.0], [1629.3275146484375, 626.7601318359374, 1.0], [1597.582763671875, 618.7647705078127, 1.0], [1639.2716064453125, 633.9940185546876, 1.0], [1627.03271484375, 635.8976440429686, 1.0], [1616.3236083984373, 633.2325439453125, 1.0], [1598.7301025390623, 635.8976440429686, 1.0], [1636.5943603515623, 651.1268920898438, 1.0], [1625.5028076171875, 648.8425292968749, 1.0], [1613.6463623046875, 645.0352172851561, 1.0], [1591.0808105468748, 653.0305175781251, 1.0], [1630.8572998046875, 659.8836669921875, 1.0], [1624.3553466796873, 652.6497802734376, 1.0], [1616.7060546875002, 648.0810546875, 1.0]], "head_box": [[1598.0, 239.0], [1739.0, 460.0]], "head_size": 221.0, "hand_box_center": [1598.7301635742188, 630.1867065429688], "is_left": 0, "is_mpii": 1}