{"mpii_image": "059742924.jpg", "mpii_annorect_idx": 1, "mpii_body_pts": [[1335.0, 533.0, 0.0], [1344.0, 36.0, 1.0], [1336.9727783203125, 4.87939977645874, 0.0], [1379.0272216796875, 191.12060546875, 0.0], [1316.0, 1048.0, 1.0], [1305.0, 780.0, 1.0], [1288.0, 540.0, 0.0], [1382.0, 526.0, 1.0], [1415.0, 799.0, 0.0], [1432.0, 1073.0, 0.0], [993.0, 167.0, 1.0], [1106.0, 222.0, 1.0], [1217.0, 65.0, 1.0], [1471.0, 7.0, 1.0], [1498.0, 208.0, 1.0], [1291.0, 222.0, 1.0]], "hand_pts": [[1285.471923828125, 222.13099670410153, 1.0], [1249.0145263671875, 218.06198120117185, 1.0], [1197.1568603515625, 218.3749847412109, 1.0], [1169.4995117187502, 243.72802734375003, 1.0], [1156.6136474609375, 263.7600708007813, 1.0], [1183.328125, 220.5659942626953, 1.0], [1152.8421630859375, 251.2400512695312, 1.0], [1143.0992431640625, 273.7760925292969, 1.0], [1142.7849121093748, 287.2351074218749, 1.0], [1188.9853515625002, 228.0780029296875, 1.0], [1164.156494140625, 266.89007568359375, 1.0], [1164.156494140625, 289.7391052246093, 1.0], [1169.4995117187502, 306.6411437988281, 1.0], [1201.5568847656252, 240.59802246093753, 1.0], [1175.470947265625, 269.08108520507807, 1.0], [1176.4138183593748, 285.67010498046875, 1.0], [1177.0423583984373, 302.8851318359375, 1.0], [1216.95703125, 256.248046875, 1.0], [1184.8995361328123, 275.3410949707031, 1.0], [1183.328125, 293.4951171874999, 1.0], [1187.4139404296875, 307.26715087890625, 1.0]], "head_box": [[1282.0, 6.0], [1434.0, 190.0]], "head_size": 184.0, "hand_box_center": [1214.12841796875, 262.66456604003906], "is_left": 1, "is_mpii": 1}