{"mpii_image": "059819388.jpg", "mpii_annorect_idx": 0, "mpii_body_pts": [[1108.0, 644.0, 0.0], [1123.0, 431.0, 0.0], [1136.8797607421875, 404.6131896972656, 0.0], [1200.1202392578125, 284.3868103027344, 0.0], [1211.0, 991.0, 1.0], [1181.0, 800.0, 1.0], [1129.0, 647.0, 1.0], [1087.0, 640.0, 0.0], [1077.0, 798.0, 1.0], [1008.0, 934.0, 1.0], [1226.0, 580.0, 1.0], [1161.0, 541.0, 1.0], [1159.0, 432.0, 1.0], [1087.0, 429.0, 0.0], [1050.0, 508.0, 0.0], [1072.0, 583.0, 0.0]], "hand_pts": [[1240.9431152343748, 581.3826904296875, 1.0], [1246.53564453125, 576.2239990234375, 1.0], [1241.1502685546873, 590.4619140624999, 1.0], [1237.8360595703125, 600.366516113281, 1.0], [1236.1790771484375, 610.6838378906251, 1.0], [1258.7564697265627, 598.5093994140625, 1.0], [1257.927978515625, 614.1917724609376, 1.0], [1256.063720703125, 625.9534912109375, 1.0], [1251.0925292968748, 632.762939453125, 1.0], [1260.6207275390623, 603.0490722656251, 1.0], [1255.8566894531252, 618.5250244140624, 1.0], [1246.53564453125, 630.0804443359375, 1.0], [1238.8717041015625, 636.8898315429689, 1.0], [1258.963623046875, 610.8901977539061, 1.0], [1250.4711914062502, 625.1281127929686, 1.0], [1244.2572021484375, 630.699462890625, 1.0], [1238.8717041015625, 633.5883178710939, 1.0], [1254.8209228515623, 613.3663940429686, 1.0], [1247.9855957031255, 627.6042480468751, 1.0], [1241.9787597656255, 632.1438598632812, 1.0], [1235.3504638671875, 634.2073364257812, 1.0]], "head_box": [[1117.0, 277.0], [1220.0, 412.0]], "head_size": 135.0, "hand_box_center": [1247.985595703125, 606.5569152832031], "is_left": 0, "is_mpii": 1}