{"mpii_image": "060272980.jpg", "mpii_annorect_idx": 0, "mpii_body_pts": [[541.0, 446.0, 0.0], [567.0, 207.0, 1.0], [567.1815795898438, 165.77650451660156, 0.0], [567.8184204101562, 21.223499298095703, 0.0], [625.0, 522.0, 1.0], [605.0, 280.0, 1.0], [481.0, 446.0, 1.0], [601.0, 446.0, 0.0], [731.0, 284.0, 1.0], [735.0, 497.0, 0.0], [603.0, 437.0, 1.0], [501.0, 396.0, 1.0], [468.0, 228.0, 1.0], [665.0, 185.0, 1.0], [791.0, 247.0, 1.0], [772.0, 338.0, 1.0]], "hand_pts": [[634.5276489257811, 436.99749755859364, 1.0], [641.3302001953123, 428.3857421875, 1.0], [668.2312622070312, 432.384033203125, 1.0], [686.7836914062501, 440.9958190917969, 1.0], [696.0599365234375, 450.22268676757807, 1.0], [664.2115478515625, 413.9302673339844, 1.0], [685.2376708984374, 430.5386657714843, 1.0], [691.1126098632811, 441.6109313964844, 1.0], [689.8757324218751, 447.4546203613282, 1.0], [654.31689453125, 420.38909912109375, 1.0], [677.5074462890625, 438.84286499023443, 1.0], [683.0731811523439, 452.3756408691407, 1.0], [678.7442626953124, 453.6058654785156, 1.0], [645.3499145507812, 429.00085449218744, 1.0], [666.0667724609375, 446.83950805664057, 1.0], [673.4877929687501, 458.2193298339844, 1.0], [670.3956909179688, 459.7571411132813, 1.0], [638.8565063476562, 442.2260437011718, 1.0], [655.2445068359374, 452.6831970214843, 1.0], [663.90234375, 461.29495239257807, 1.0], [666.3759765625001, 465.90838623046875, 1.0]], "head_box": [[511.0, 23.0], [624.0, 164.0]], "head_size": 141.0, "hand_box_center": [665.2937927246094, 439.91932678222656], "is_left": 0, "is_mpii": 1}