{"mpii_image": "060507125.jpg", "mpii_annorect_idx": 1, "mpii_body_pts": [[1384.0, 402.0, 0.0], [1660.0, 380.0, 0.0], [1684.5235595703125, 351.66839599609375, 0.0], [1796.4764404296875, 222.33160400390625, 0.0], [1141.0, 109.0, 1.0], [1386.0, 131.0, 1.0], [1396.0, 398.0, 0.0], [1372.0, 405.0, 1.0], [1343.0, 153.0, 1.0], [1117.0, 278.0, 1.0], [1670.0, 232.0, 1.0], [1530.0, 215.0, 1.0], [1643.0, 352.0, 0.0], [1677.0, 408.0, 1.0], [1590.0, 333.0, 1.0], [1720.0, 285.0, 1.0]], "hand_pts": [[1720.0, 285.0, 1.0], [1732.531494140625, 300.0447387695313, 1.0], [1744.3577880859375, 317.15069580078136, 1.0], [1741.5419921875, 320.7962341308594, 1.0], [1737.5999755859375, 326.1243286132813, 1.0], [1780.4000244140625, 311.54217529296875, 1.0], [1775.894775390625, 312.10302734375006, 1.0], [1771.95263671875, 311.54217529296875, 1.0], [1768.292114257812, 309.29876708984375, 1.0], [1783.4974365234373, 298.0817565917969, 1.0], [1792.5080566406252, 294.43621826171864, 1.0], [1804.8975830078125, 291.0711059570312, 1.0], [1811.6553955078123, 287.4255676269531, 1.0], [1782.37109375, 282.65832519531256, 1.0], [1795.886962890625, 280.9757690429687, 1.0], [1804.3343505859373, 274.52597045898426, 1.0], [1807.4317626953125, 269.75872802734375, 1.0], [1779.8369140625, 269.47830200195307, 1.0], [1791.10009765625, 264.71105957031244, 1.0], [1784.9053955078125, 259.6633911132813, 1.0], [1778.9921875, 263.58935546874994, 1.0]], "head_box": [[1658.0, 219.0], [1823.0, 355.0]], "head_size": 136.0, "hand_box_center": [1765.8276977539062, 292.8938598632813], "is_left": 1, "is_mpii": 1}