{"mpii_image": "060671958.jpg", "mpii_annorect_idx": 0, "mpii_body_pts": [[1094.0, 448.0, 1.0], [1120.0, 224.0, 1.0], [1120.4112548828125, 176.71449279785156, 0.0], [1121.5887451171875, 41.285499572753906, 0.0], [982.0, 832.0, 1.0], [1026.0, 630.0, 1.0], [1046.0, 449.0, 1.0], [1142.0, 446.0, 1.0], [1134.0, 609.0, 1.0], [1070.0, 814.0, 1.0], [1002.0, 262.0, 1.0], [909.0, 356.0, 0.0], [989.0, 221.0, 1.0], [1251.0, 226.0, 1.0], [1217.0, 317.0, 1.0], [1119.0, 291.0, 1.0]], "hand_pts": [[1002.0, 262.0, 1.0], [1007.7941894531251, 240.8073425292969, 1.0], [1012.9810180664062, 224.5798187255859, 1.0], [1029.7764892578123, 212.04037475585938, 1.0], [1039.9031982421875, 207.36882019042974, 1.0], [1027.800537109375, 233.92294311523446, 1.0], [1047.31298828125, 218.67890930175778, 1.0], [1035.9512939453125, 218.67890930175778, 1.0], [1030.2705078125, 222.1211090087891, 1.0], [1036.6922607421875, 244.49540710449222, 1.0], [1057.1926269531248, 227.7761535644531, 1.0], [1048.053955078125, 227.7761535644531, 1.0], [1042.1260986328123, 231.71009826660153, 1.0], [1049.7828369140623, 252.85504150390628, 1.0], [1064.35546875, 240.3155975341797, 1.0], [1054.4757080078125, 235.8899078369141, 1.0], [1049.535888671875, 239.33210754394534, 1.0], [1056.69873046875, 262.1981506347657, 1.0], [1069.2952880859375, 248.42935180664062, 1.0], [1061.3914794921875, 247.6917419433594, 1.0], [1057.6866455078123, 249.16696166992185, 1.0]], "head_box": [[1068.0, 43.0], [1174.0, 175.0]], "head_size": 132.0, "hand_box_center": [1035.6476440429688, 234.7834854125977], "is_left": 0, "is_mpii": 1}