{"mpii_image": "060671958.jpg", "mpii_annorect_idx": 1, "mpii_body_pts": [[1707.0, 453.0, 1.0], [1760.0, 207.0, 1.0], [1778.4322509765625, 145.00059509277344, 0.0], [1818.5677490234375, 9.99940013885498, 0.0], [1541.0, 809.0, 1.0], [1593.0, 636.0, 1.0], [1661.0, 448.0, 1.0], [1752.0, 458.0, 1.0], [1743.0, 670.0, 1.0], [1711.0, 814.0, 1.0], [1565.0, 453.0, 1.0], [1557.0, 345.0, 1.0], [1627.0, 189.0, 1.0], [1892.0, 225.0, 1.0], [1884.0, 369.0, 1.0], [1872.0, 482.0, 1.0]], "hand_pts": [[1872.0, 482.0, 1.0], [1858.405151367188, 508.2427062988281, 1.0], [1851.7762451171875, 529.3646240234373, 1.0], [1849.1246337890625, 545.5360717773439, 1.0], [1848.13037109375, 556.0970458984374, 1.0], [1878.2919921875, 540.5856323242188, 1.0], [1865.3654785156248, 563.6877441406251, 1.0], [1853.4334716796875, 567.3180541992186, 1.0], [1844.8159179687502, 567.9781494140625, 1.0], [1885.9151611328127, 541.90576171875, 1.0], [1869.6743164062498, 562.6976318359374, 1.0], [1854.7592773437502, 566.6580200195312, 1.0], [1843.821533203125, 565.6679077148436, 1.0], [1877.6290283203123, 537.2853393554689, 1.0], [1871.0001220703123, 557.087158203125, 1.0], [1854.7592773437502, 564.0177612304688, 1.0], [1842.4957275390625, 563.0277099609375, 1.0], [1870.0057373046877, 536.955322265625, 1.0], [1869.0114746093748, 551.1466064453124, 1.0], [1862.051025390625, 558.7373046875, 1.0], [1853.1020507812502, 562.03759765625, 1.0]], "head_box": [[1742.0, 10.0], [1855.0, 145.0]], "head_size": 135.0, "hand_box_center": [1864.2054443359375, 524.9890747070312], "is_left": 1, "is_mpii": 1}