{"mpii_image": "060807045.jpg", "mpii_annorect_idx": 0, "mpii_body_pts": [[1068.0, 435.0, 0.0], [1013.0, 233.0, 0.0], [991.9232177734375, 195.91749572753906, 0.0], [901.0767822265625, 36.08250045776367, 0.0], [843.0, 494.0, 0.0], [880.0, 389.0, 0.0], [1010.0, 385.0, 0.0], [1126.0, 485.0, 1.0], [930.0, 483.0, 1.0], [862.0, 681.0, 1.0], [908.0, 352.0, 1.0], [936.0, 294.0, 1.0], [976.0, 200.0, 0.0], [1050.0, 265.0, 1.0], [1045.0, 435.0, 1.0], [893.0, 409.0, 1.0]], "hand_pts": [[905.20263671875, 412.6528625488282, 1.0], [894.6105346679689, 391.2540893554688, 1.0], [877.6631469726564, 377.39007568359375, 1.0], [860.1105346679689, 379.8012084960937, 1.0], [851.9394531249999, 386.73321533203125, 1.0], [864.3473510742186, 387.9387817382812, 1.0], [844.3736572265626, 381.6095581054688, 1.0], [836.8079223632811, 379.4998168945313, 1.0], [832.8736572265626, 377.39007568359375, 1.0], [859.20263671875, 403.0083618164063, 1.0], [836.5052490234374, 395.17218017578136, 1.0], [831.6631469726564, 389.74713134765625, 1.0], [835.2947387695315, 384.9248657226563, 1.0], [860.1105346679689, 413.2556457519531, 1.0], [837.4131469726564, 407.2278137207031, 1.0], [831.6631469726564, 399.3916625976563, 1.0], [835.9000244140624, 395.4735717773437, 1.0], [860.715759277344, 422.90017700195307, 1.0], [840.7421264648436, 418.0779113769531, 1.0], [835.5973510742188, 412.6528625488282, 1.0], [839.8342285156249, 410.2417297363281, 1.0]], "head_box": [[865.0, 35.0], [1028.0, 197.0]], "head_size": 162.0, "hand_box_center": [868.4328918457031, 400.14512634277344], "is_left": 1, "is_mpii": 1}