{"mpii_image": "060924631.jpg", "mpii_annorect_idx": 1, "mpii_body_pts": [[802.0, 386.0, 1.0], [1011.0, 416.0, 1.0], [1028.862548828125, 415.27301025390625, 0.0], [1165.137451171875, 409.72698974609375, 0.0], [511.0, 319.0, 1.0], [662.0, 341.0, 1.0], [813.0, 361.0, 1.0], [791.0, 411.0, 1.0], [653.0, 380.0, 1.0], [487.0, 370.0, 1.0], [969.0, 321.0, 1.0], [991.0, 348.0, 1.0], [1021.0, 364.0, 1.0], [1001.0, 468.0, 1.0], [980.0, 528.0, 1.0], [933.0, 573.0, 1.0]], "hand_pts": [[933.0, 573.0, 1.0], [922.0430908203125, 574.4263305664064, 1.0], [905.8786010742188, 580.6867675781252, 1.0], [891.5101928710938, 588.9594726562501, 1.0], [882.0809326171877, 598.5736694335938, 1.0], [908.3482055664062, 596.7849731445314, 1.0], [898.9189453125, 605.28125, 1.0], [893.9797973632814, 611.9888305664065, 1.0], [890.1631469726564, 617.8020629882811, 1.0], [917.1039428710939, 599.2444458007812, 1.0], [908.5726928710938, 615.1190795898439, 1.0], [905.6541137695312, 620.9323120117186, 1.0], [904.0825805664064, 626.7455444335938, 1.0], [927.4312744140624, 603.04541015625, 1.0], [927.2067260742188, 617.1313476562501, 1.0], [926.084228515625, 625.404052734375, 1.0], [924.5126342773439, 629.8757324218751, 1.0], [941.1261596679688, 599.9151611328124, 1.0], [947.6368408203125, 612.8831787109375, 1.0], [948.0858154296876, 618.2492675781251, 1.0], [948.5348510742188, 623.3917236328125, 1.0]], "head_box": [[1035.0, 354.0], [1159.0, 471.0]], "head_size": 117.0, "hand_box_center": [915.3078918457032, 601.4378662109375], "is_left": 1, "is_mpii": 1}