{"mpii_image": "060924631.jpg", "mpii_annorect_idx": 0, "mpii_body_pts": [[336.0, 379.0, 1.0], [396.0, 254.0, 1.0], [391.03741455078125, 216.05079650878906, 0.0], [366.96258544921875, 31.949199676513672, 0.0], [285.0, 515.0, 1.0], [494.0, 566.0, 1.0], [283.0, 404.0, 1.0], [389.0, 354.0, 1.0], [593.0, 344.0, 0.0], [383.0, 414.0, 0.0], [457.0, 404.0, 1.0], [309.0, 420.0, 1.0], [278.0, 287.0, 1.0], [513.0, 221.0, 1.0], [634.0, 283.0, 1.0], [767.0, 315.0, 1.0]], "hand_pts": [[472.0838317871093, 402.58996582031256, 1.0], [488.969940185547, 392.77075195312494, 1.0], [504.9179382324219, 388.094940185547, 1.0], [513.3609619140624, 385.2894287109375, 1.0], [525.0874633789062, 382.95153808593744, 1.0], [514.2991333007814, 409.13610839843744, 1.0], [532.1233520507814, 410.07128906249994, 1.0], [546.1950683593751, 407.26577758789057, 1.0], [557.9215698242185, 404.46029663085943, 1.0], [516.1753540039062, 412.40917968749994, 1.0], [529.3089599609375, 406.79821777343744, 1.0], [539.6282958984374, 400.25204467773443, 1.0], [549.0094604492188, 394.1734924316406, 1.0], [515.2372436523438, 413.34436035156256, 1.0], [530.7161865234375, 406.33062744140625, 1.0], [536.8139038085938, 398.8493041992188, 1.0], [541.5045166015625, 391.3680114746093, 1.0], [514.2991333007814, 412.8767700195313, 1.0], [525.0874633789062, 410.07128906249994, 1.0], [533.9995727539062, 406.33062744140625, 1.0], [540.0973510742188, 403.99270629882807, 1.0]], "head_box": [[300.0, 39.0], [458.0, 209.0]], "head_size": 170.0, "hand_box_center": [515.002700805664, 398.14794921875], "is_left": 0, "is_mpii": 1}