{"mpii_image": "060998149.jpg", "mpii_annorect_idx": 0, "mpii_body_pts": [[1298.0, 730.0, 0.0], [1331.0, 450.0, 0.0], [1323.0814208984375, 428.1817932128906, 0.0], [1244.9185791015625, 212.81820678710938, 0.0], [1198.0, 1028.0, 1.0], [1211.0, 860.0, 1.0], [1260.0, 718.0, 1.0], [1335.0, 742.0, 0.0], [1288.0, 891.0, 1.0], [1260.0, 1056.0, 1.0], [1146.0, 600.0, 1.0], [1260.0, 569.0, 0.0], [1270.0, 445.0, 0.0], [1391.0, 454.0, 1.0], [1437.0, 618.0, 1.0], [1372.0, 718.0, 1.0]], "hand_pts": [[1134.8333740234373, 608.3250732421876, 1.0], [1126.502197265625, 597.1133422851564, 1.0], [1113.270263671875, 607.350158691406, 1.0], [1103.126220703125, 620.6987915039064, 1.0], [1094.92431640625, 625.9906005859374, 1.0], [1107.3894042968745, 596.138427734375, 1.0], [1090.9781494140625, 613.3401489257811, 1.0], [1090.2691650390625, 622.6097412109376, 1.0], [1097.4366455078125, 625.4026489257811, 1.0], [1106.0734863281248, 608.5486450195312, 1.0], [1096.664428710937, 622.5870971679688, 1.0], [1095.7484130859375, 629.2138671875, 1.0], [1096.914306640625, 633.8526000976561, 1.0], [1108.948486328125, 615.8278198242185, 1.0], [1105.55078125, 622.8470458984373, 1.0], [1103.7211914062502, 631.1661376953124, 1.0], [1107.6416015625, 632.7259521484375, 1.0], [1111.3006591796877, 620.50732421875, 1.0], [1109.993896484375, 627.006591796875, 1.0], [1114.1756591796877, 629.6062622070312, 1.0], [1117.0506591796877, 622.3270874023436, 1.0]], "head_box": [[1182.0, 220.0], [1386.0, 421.0]], "head_size": 201.0, "hand_box_center": [1112.55126953125, 614.9955139160156], "is_left": 0, "is_mpii": 1}