{"mpii_image": "060998149.jpg", "mpii_annorect_idx": 0, "mpii_body_pts": [[1298.0, 730.0, 0.0], [1331.0, 450.0, 0.0], [1323.0814208984375, 428.1817932128906, 0.0], [1244.9185791015625, 212.81820678710938, 0.0], [1198.0, 1028.0, 1.0], [1211.0, 860.0, 1.0], [1260.0, 718.0, 1.0], [1335.0, 742.0, 0.0], [1288.0, 891.0, 1.0], [1260.0, 1056.0, 1.0], [1146.0, 600.0, 1.0], [1260.0, 569.0, 0.0], [1270.0, 445.0, 0.0], [1391.0, 454.0, 1.0], [1437.0, 618.0, 1.0], [1372.0, 718.0, 1.0]], "hand_pts": [[1390.7365722656252, 725.1075439453125, 1.0], [1368.8682861328123, 720.3043212890625, 1.0], [1351.50244140625, 720.9447631835936, 1.0], [1330.5989990234375, 734.7140502929688, 1.0], [1318.3785400390623, 744.9609985351562, 1.0], [1370.7978515625002, 749.4440307617188, 1.0], [1350.2160644531252, 770.5783081054688, 1.0], [1340.8898925781248, 758.4100952148438, 1.0], [1341.5330810546875, 747.5227050781251, 1.0], [1373.6922607421875, 763.5335693359374, 1.0], [1346.35693359375, 778.2635498046875, 1.0], [1337.0308837890627, 770.2581176757812, 1.0], [1341.5330810546875, 760.651611328125, 1.0], [1370.7978515625002, 760.651611328125, 1.0], [1347.3217773437502, 774.4209594726562, 1.0], [1339.9251708984375, 768.6570434570312, 1.0], [1345.0705566406252, 761.2920532226564, 1.0], [1364.6876220703123, 761.9324951171875, 1.0], [1349.2513427734373, 771.2187500000001, 1.0], [1345.3922119140623, 769.6176757812499, 1.0], [1345.7137451171875, 765.454833984375, 1.0]], "head_box": [[1182.0, 220.0], [1386.0, 421.0]], "head_size": 201.0, "hand_box_center": [1354.5575561523438, 749.283935546875], "is_left": 1, "is_mpii": 1}