{"mpii_image": "060912062.jpg", "mpii_annorect_idx": 0, "mpii_body_pts": [[1030.0, 378.0, 0.0], [914.0, 204.0, 0.0], [895.5665283203125, 192.4425048828125, 0.0], [680.4334716796875, 57.557498931884766, 0.0], [1047.0, 553.0, 1.0], [921.0, 557.0, 1.0], [1091.0, 396.0, 1.0], [969.0, 359.0, 0.0], [739.0, 324.0, 1.0], [874.0, 518.0, 0.0], [716.0, 516.0, 0.0], [768.0, 348.0, 0.0], [884.0, 187.0, 0.0], [944.0, 220.0, 1.0], [861.0, 454.0, 1.0], [667.0, 524.0, 1.0]], "hand_pts": [[667.0, 524.0, 1.0], [648.0818481445312, 505.02087402343756, 1.0], [624.6429443359374, 500.6987915039063, 1.0], [592.95703125, 503.72424316406256, 1.0], [581.6716308593751, 521.8769531249999, 1.0], [603.3743286132812, 535.7075805664064, 1.0], [582.105712890625, 535.2753295898439, 1.0], [588.6165161132811, 522.7413330078126, 1.0], [595.5613403320312, 514.5294189453125, 1.0], [602.0721435546876, 544.3516845703125, 1.0], [599.4678344726562, 529.2244262695314, 1.0], [606.4127197265625, 524.4701538085938, 1.0], [611.621337890625, 521.8769531249999, 1.0], [620.3024291992185, 551.2670288085936, 1.0], [610.7532348632812, 541.3262329101562, 1.0], [615.9619140624999, 534.4109497070312, 1.0], [625.945129394531, 531.8176879882811, 1.0], [629.8516235351561, 558.6145019531251, 1.0], [616.8300170898436, 546.5126953124999, 1.0], [622.90673828125, 539.1652221679686, 1.0], [632.0218505859374, 538.3007812500001, 1.0]], "head_box": [[683.0, 6.0], [893.0, 244.0]], "head_size": 238.0, "hand_box_center": [624.3358154296875, 529.6566467285157], "is_left": 1, "is_mpii": 1}