{"mpii_image": "061292485.jpg", "mpii_annorect_idx": 0, "mpii_body_pts": [[636.0, 450.0, 0.0], [635.0, 197.0, 0.0], [635.2117919921875, 144.46519470214844, 0.0], [635.7882080078125, 1.5348000526428223, 0.0], [501.0, 710.0, 0.0], [468.0, 506.0, 1.0], [588.0, 450.0, 0.0], [683.0, 450.0, 0.0], [824.0, 514.0, 1.0], [752.0, 712.0, 0.0], [386.0, 249.0, 1.0], [429.0, 264.0, 1.0], [537.0, 191.0, 1.0], [733.0, 202.0, 0.0], [841.0, 322.0, 1.0], [752.0, 204.0, 1.0]], "hand_pts": [[369.7369079589842, 244.80410766601562, 1.0], [380.743408203125, 242.06712341308597, 1.0], [385.6351928710937, 259.7055053710937, 1.0], [380.1319274902343, 272.47811889648426, 1.0], [378.90899658203125, 281.29730224609364, 1.0], [381.96633911132807, 242.6753387451172, 1.0], [383.1893005371094, 260.0096130371094, 1.0], [374.32293701171875, 276.7356567382812, 1.0], [370.6541137695313, 283.1219482421874, 1.0], [367.9024963378906, 239.9383544921875, 1.0], [362.09350585937494, 261.8342590332031, 1.0], [356.59024047851557, 278.2561950683593, 1.0], [355.67303466796875, 286.77127075195307, 1.0], [352.6156616210938, 239.9383544921875, 1.0], [345.583740234375, 256.3602905273438, 1.0], [343.443603515625, 275.215087890625, 1.0], [342.52636718749994, 287.37948608398443, 1.0], [342.2206420898438, 239.3301239013672, 1.0], [329.6854553222656, 250.27809143066406, 1.0], [323.57073974609364, 259.401397705078, 1.0], [324.1822204589843, 269.7411193847656, 1.0]], "head_box": [[580.0, 3.0], [691.0, 143.0]], "head_size": 140.0, "hand_box_center": [354.60296630859364, 263.3548049926758], "is_left": 0, "is_mpii": 1}