{"mpii_image": "061598545.jpg", "mpii_annorect_idx": 0, "mpii_body_pts": [[853.0, 808.0, 0.0], [895.0, 663.0, 1.0], [909.9683837890625, 650.2203979492188, 0.0], [1092.0316162109375, 494.77960205078125, 0.0], [1130.0, 730.0, 0.0], [1136.0, 693.0, 0.0], [910.0, 885.0, 0.0], [795.0, 730.0, 0.0], [1034.0, 550.0, 0.0], [1046.0, 618.0, 0.0], [1146.0, 683.0, 1.0], [1049.0, 851.0, 1.0], [975.0, 863.0, 1.0], [814.0, 463.0, 1.0], [978.0, 445.0, 1.0], [1173.0, 538.0, 1.0]], "hand_pts": [[1158.0975341796875, 680.5961303710939, 1.0], [1142.511962890625, 661.5388183593751, 1.0], [1146.0540771484375, 632.952941894531, 1.0], [1158.0975341796875, 612.4839477539062, 1.0], [1164.1192626953123, 599.7791137695314, 1.0], [1201.3121337890625, 630.4825439453125, 1.0], [1223.982177734375, 617.0718383789064, 1.0], [1247.00634765625, 603.3082275390625, 1.0], [1256.9244384765623, 598.0145263671876, 1.0], [1214.06396484375, 646.0106811523438, 1.0], [1247.00634765625, 630.4825439453125, 1.0], [1264.3630371093748, 625.1888427734376, 1.0], [1275.6979980468748, 622.0126342773439, 1.0], [1220.085693359375, 659.42138671875, 1.0], [1248.4232177734375, 654.8334960937499, 1.0], [1264.3630371093748, 650.9514770507812, 1.0], [1273.218505859375, 649.5397949218751, 1.0], [1224.6905517578125, 672.83203125, 1.0], [1250.5484619140625, 668.9500122070312, 1.0], [1263.30029296875, 666.126708984375, 1.0], [1273.218505859375, 662.9505004882811, 1.0]], "head_box": [[885.0, 478.0], [1117.0, 667.0]], "head_size": 189.0, "hand_box_center": [1209.10498046875, 639.3053283691407], "is_left": 0, "is_mpii": 1}