{"mpii_image": "061598545.jpg", "mpii_annorect_idx": 0, "mpii_body_pts": [[853.0, 808.0, 0.0], [895.0, 663.0, 1.0], [909.9683837890625, 650.2203979492188, 0.0], [1092.0316162109375, 494.77960205078125, 0.0], [1130.0, 730.0, 0.0], [1136.0, 693.0, 0.0], [910.0, 885.0, 0.0], [795.0, 730.0, 0.0], [1034.0, 550.0, 0.0], [1046.0, 618.0, 0.0], [1146.0, 683.0, 1.0], [1049.0, 851.0, 1.0], [975.0, 863.0, 1.0], [814.0, 463.0, 1.0], [978.0, 445.0, 1.0], [1173.0, 538.0, 1.0]], "hand_pts": [[1173.0, 538.0, 1.0], [1182.6363525390623, 571.7866821289062, 1.0], [1211.7968750000002, 606.3220214843748, 1.0], [1257.1140136718748, 617.7029418945311, 1.0], [1276.0289306640625, 622.412353515625, 1.0], [1239.7752685546875, 564.72265625, 1.0], [1281.9399414062502, 594.9410400390625, 1.0], [1289.4271240234375, 615.3482666015624, 1.0], [1288.244873046875, 627.1217041015625, 1.0], [1251.9912109374998, 543.5305175781251, 1.0], [1291.7915039062502, 572.5715942382814, 1.0], [1300.8548583984373, 601.6126708984374, 1.0], [1297.7023925781248, 619.6652221679686, 1.0], [1253.5675048828125, 528.2250976562501, 1.0], [1286.2745361328123, 555.6964111328125, 1.0], [1300.0667724609377, 587.8770141601562, 1.0], [1297.7023925781248, 604.3598022460939, 1.0], [1259.872436523437, 521.9459838867186, 1.0], [1285.0924072265623, 545.1003417968751, 1.0], [1292.9736328124998, 556.0888061523439, 1.0], [1296.1260986328123, 571.7866821289062, 1.0]], "head_box": [[885.0, 478.0], [1117.0, 667.0]], "head_size": 189.0, "hand_box_center": [1236.9274291992188, 574.5338439941406], "is_left": 1, "is_mpii": 1}