{"mpii_image": "061772692.jpg", "mpii_annorect_idx": 0, "mpii_body_pts": [[323.0, 501.0, 1.0], [324.0, 244.0, 1.0], [334.1658935546875, 214.34959411621094, 0.0], [385.8341064453125, 63.65039825439453, 0.0], [313.0, 652.0, 0.0], [402.0, 484.0, 1.0], [221.0, 542.0, 1.0], [425.0, 459.0, 1.0], [561.0, 380.0, 1.0], [523.0, 621.0, 1.0], [313.0, 583.0, 1.0], [219.0, 448.0, 1.0], [232.0, 263.0, 1.0], [415.0, 224.0, 1.0], [480.0, 325.0, 1.0], [517.0, 309.0, 0.0]], "hand_pts": [[528.0999755859375, 291.67831420898426, 1.0], [508.18618774414057, 307.29943847656244, 1.0], [501.9631347656249, 325.1521301269532, 1.0], [496.73574829101557, 351.43524169921875, 1.0], [478.8133239746093, 366.06454467773443, 1.0], [519.3876953124999, 317.2175903320313, 1.0], [521.1301879882812, 344.49255371093744, 1.0], [522.3747558593751, 354.41070556640625, 1.0], [524.3661499023436, 368.2961425781249, 1.0], [536.812316894531, 318.95327758789057, 1.0], [540.0482788085938, 346.97207641601557, 1.0], [540.7950439453126, 363.3370361328125, 1.0], [542.2885742187502, 379.94998168945324, 1.0], [549.7562866210938, 325.4000854492187, 1.0], [554.7347412109376, 351.93115234374994, 1.0], [556.4771728515625, 371.2715759277343, 1.0], [558.468566894531, 385.90087890624994, 1.0], [557.7218017578126, 329.119384765625, 1.0], [562.2023925781252, 351.43524169921875, 1.0], [564.691650390625, 368.2961425781249, 1.0], [566.1851806640626, 379.45407104492193, 1.0]], "head_box": [[305.0, 56.0], [415.0, 222.0]], "head_size": 166.0, "hand_box_center": [522.4992523193359, 338.7895965576171], "is_left": 1, "is_mpii": 1}