{"mpii_image": "061772692.jpg", "mpii_annorect_idx": 0, "mpii_body_pts": [[323.0, 501.0, 1.0], [324.0, 244.0, 1.0], [334.1658935546875, 214.34959411621094, 0.0], [385.8341064453125, 63.65039825439453, 0.0], [313.0, 652.0, 0.0], [402.0, 484.0, 1.0], [221.0, 542.0, 1.0], [425.0, 459.0, 1.0], [561.0, 380.0, 1.0], [523.0, 621.0, 1.0], [313.0, 583.0, 1.0], [219.0, 448.0, 1.0], [232.0, 263.0, 1.0], [415.0, 224.0, 1.0], [480.0, 325.0, 1.0], [517.0, 309.0, 0.0]], "hand_pts": [[292.07708740234375, 577.7306518554686, 1.0], [337.4453735351563, 588.6281127929686, 1.0], [372.8013610839844, 594.543884277344, 1.0], [398.4579162597656, 607.6208496093751, 1.0], [422.86291503906256, 616.6501464843749, 1.0], [346.20614624023426, 621.6318359375001, 1.0], [364.97924804687494, 644.3608398437499, 1.0], [377.80752563476574, 662.4194946289062, 1.0], [395.01617431640625, 685.4598388671876, 1.0], [333.3778686523438, 639.0678100585938, 1.0], [349.02212524414057, 665.5330810546876, 1.0], [359.3473205566406, 692.9323730468751, 1.0], [365.6050109863281, 710.9910278320311, 1.0], [322.4269104003905, 650.5879516601564, 1.0], [336.19384765625, 677.6759643554688, 1.0], [343.39019775390625, 699.1594848632812, 1.0], [349.02212524414057, 715.3500366210938, 1.0], [311.78881835937494, 658.9945678710938, 1.0], [316.4821166992187, 680.789489746094, 1.0], [319.29806518554693, 700.71630859375, 1.0], [321.1753845214844, 714.4159545898438, 1.0]], "head_box": [[305.0, 56.0], [415.0, 222.0]], "head_size": 166.0, "hand_box_center": [357.4700012207031, 646.5403442382812], "is_left": 0, "is_mpii": 1}