{"mpii_image": "062269324.jpg", "mpii_annorect_idx": 0, "mpii_body_pts": [[967.0, 615.0, 1.0], [950.0, 364.0, 1.0], [946.290283203125, 356.1282043457031, 0.0], [871.709716796875, 197.87179565429688, 0.0], [969.0, 882.0, 0.0], [947.0, 742.0, 0.0], [913.0, 612.0, 1.0], [1021.0, 618.0, 1.0], [1040.0, 736.0, 0.0], [1074.0, 882.0, 0.0], [820.0, 488.0, 1.0], [820.0, 469.0, 1.0], [857.0, 376.0, 1.0], [1043.0, 352.0, 1.0], [1118.0, 466.0, 1.0], [1056.0, 538.0, 1.0]], "hand_pts": [[820.0, 488.0, 1.0], [808.8873291015624, 488.01788330078136, 1.0], [792.068115234375, 494.29812622070307, 1.0], [801.6790771484376, 488.9150390624999, 1.0], [817.597229003906, 491.0084533691406, 1.0], [816.3958740234375, 512.5407104492188, 1.0], [819.3992919921875, 528.9890136718751, 1.0], [820.9010009765626, 508.95202636718744, 1.0], [812.1911010742188, 498.18588256835943, 1.0], [825.1058349609376, 529.5870971679688, 1.0], [828.4096069335938, 514.6341552734375, 1.0], [829.9113159179688, 497.2886962890625, 1.0], [827.8088989257812, 492.5037536621093, 1.0], [834.716796875, 528.091796875, 1.0], [838.3209228515624, 514.9332275390625, 1.0], [838.6212768554686, 499.3821411132813, 1.0], [837.4198608398438, 493.4009399414062, 1.0], [847.3311767578125, 519.4190673828124, 1.0], [848.2322387695312, 502.3727111816406, 1.0], [844.3277587890624, 497.2886962890625, 1.0], [841.6246948242186, 495.19528198242193, 1.0]], "head_box": [[839.0, 193.0], [979.0, 361.0]], "head_size": 168.0, "hand_box_center": [820.1501770019531, 508.7935485839844], "is_left": 0, "is_mpii": 1}