{"mpii_image": "062685362.jpg", "mpii_annorect_idx": 0, "mpii_body_pts": [[650.0, 522.0, 0.0], [764.0, 281.0, 0.0], [795.5938720703125, 267.8492126464844, 0.0], [929.4061279296875, 212.1508026123047, 0.0], [737.0, 801.0, 1.0], [832.0, 656.0, 1.0], [653.0, 524.0, 1.0], [647.0, 519.0, 0.0], [801.0, 614.0, 0.0], [740.0, 801.0, 0.0], [695.0, 513.0, 1.0], [647.0, 354.0, 1.0], [759.0, 275.0, 1.0], [768.0, 286.0, 0.0], [720.0, 421.0, 1.0], [751.0, 516.0, 1.0]], "hand_pts": [[695.0, 513.0, 1.0], [721.1627197265625, 534.7816162109375, 1.0], [736.2295532226564, 552.9376220703124, 1.0], [738.8728637695312, 573.7249755859375, 1.0], [731.207275390625, 581.618896484375, 1.0], [740.1945190429688, 566.6204223632812, 1.0], [732.0003051757812, 594.2492065429688, 1.0], [720.8983764648439, 590.0391235351562, 1.0], [719.048095703125, 582.6714477539062, 1.0], [728.5639648437499, 566.094177246094, 1.0], [717.9907226562501, 596.0911254882811, 1.0], [709.7965087890625, 588.9865722656251, 1.0], [707.6818237304688, 580.56640625, 1.0], [719.3123779296876, 564.2522583007811, 1.0], [711.9111328124999, 592.6704101562501, 1.0], [703.1882324218751, 584.250244140625, 1.0], [703.1882324218751, 575.0406494140624, 1.0], [703.7169189453125, 563.4628906249999, 1.0], [700.2805786132814, 585.302734375, 1.0], [693.1436767578126, 572.1461791992186, 1.0], [694.46533203125, 565.0416870117186, 1.0]], "head_box": [[805.0, 170.0], [920.0, 310.0]], "head_size": 140.0, "hand_box_center": [716.6690979003906, 554.5455627441406], "is_left": 0, "is_mpii": 1}