{"mpii_image": "062827946.jpg", "mpii_annorect_idx": 0, "mpii_body_pts": [[542.0, 282.0, 1.0], [554.0, 177.0, 0.0], [556.1226196289062, 176.0885009765625, 0.0], [721.8773803710938, 104.9114990234375, 0.0], [489.0, 694.0, 1.0], [493.0, 472.0, 0.0], [497.0, 280.0, 1.0], [586.0, 284.0, 1.0], [590.0, 439.0, 0.0], [613.0, 578.0, 0.0], [489.0, 472.0, 1.0], [413.0, 350.0, 1.0], [464.0, 193.0, 1.0], [644.0, 160.0, 0.0], [659.0, 297.0, 1.0], [632.0, 371.0, 1.0]], "hand_pts": [[489.0, 472.0, 1.0], [505.055908203125, 476.3425598144532, 1.0], [520.8469238281249, 486.8221130371093, 1.0], [535.6510620117186, 512.0386352539062, 1.0], [540.5857543945312, 529.3953857421876, 1.0], [528.7424926757812, 504.8338928222656, 1.0], [532.6902465820312, 527.10302734375, 1.0], [531.3743286132812, 537.9100952148438, 1.0], [528.4135131835936, 547.0797119140626, 1.0], [511.96447753906256, 506.47134399414057, 1.0], [514.267333984375, 526.1205444335938, 1.0], [514.267333984375, 540.8574829101562, 1.0], [508.34570312500006, 532.3427734375, 1.0], [496.50244140625, 510.0736999511718, 1.0], [499.79223632812494, 527.4304809570314, 1.0], [502.42407226562494, 539.5474853515625, 1.0], [494.52856445312494, 531.6878051757812, 1.0], [480.0534362792969, 507.78128051757807, 1.0], [489.264862060547, 526.1205444335938, 1.0], [487.94894409179693, 534.9627075195312, 1.0], [482.68527221679693, 528.4129638671875, 1.0]], "head_box": [[576.0, 47.0], [702.0, 234.0]], "head_size": 187.0, "hand_box_center": [510.31959533691406, 509.5398559570313], "is_left": 0, "is_mpii": 1}