{"mpii_image": "063058870.jpg", "mpii_annorect_idx": 0, "mpii_body_pts": [[1137.0, 676.0, 1.0], [1132.0, 384.0, 1.0], [1119.0284423828125, 335.4495849609375, 0.0], [1074.9715576171875, 170.55039978027344, 0.0], [1059.0, 780.0, 1.0], [959.0, 828.0, 1.0], [1067.0, 672.0, 1.0], [1207.0, 680.0, 1.0], [1154.0, 844.0, 1.0], [1220.0, 783.0, 0.0], [909.0, 582.0, 1.0], [980.0, 516.0, 1.0], [1035.0, 373.0, 1.0], [1228.0, 395.0, 1.0], [1170.0, 595.0, 1.0], [1017.0, 648.0, 1.0]], "hand_pts": [[1017.0, 648.0, 1.0], [993.8577880859373, 643.7537841796877, 1.0], [967.4475097656249, 645.9922485351562, 1.0], [936.8228759765626, 658.3038330078126, 1.0], [922.493896484375, 658.3038330078126, 1.0], [946.37548828125, 651.5884399414064, 1.0], [922.2129516601564, 669.4961547851561, 1.0], [915.7508544921875, 679.5692749023438, 1.0], [913.5031738281251, 691.6010742187501, 1.0], [955.9281616210938, 665.8586425781251, 1.0], [926.9892578124999, 682.3673706054686, 1.0], [918.8413696289061, 693.0001220703125, 1.0], [914.0650634765625, 703.0732421875, 1.0], [965.1998291015625, 675.0923461914061, 1.0], [938.5086059570314, 691.0414428710938, 1.0], [929.798828125, 700.8347778320312, 1.0], [925.5844726562502, 707.2703247070314, 1.0], [976.719177246094, 685.4452514648436, 1.0], [959.2996826171877, 698.3164672851561, 1.0], [948.061279296875, 707.8299560546875, 1.0], [940.7562866210938, 715.9443969726564, 1.0]], "head_box": [[1043.0, 161.0], [1151.0, 345.0]], "head_size": 184.0, "hand_box_center": [965.2515869140625, 679.8490905761721], "is_left": 1, "is_mpii": 1}