{"mpii_image": "063149828.jpg", "mpii_annorect_idx": 2, "mpii_body_pts": [[869.0, 891.0, 1.0], [848.0, 722.0, 1.0], [830.0, 532.0, 1.0], [930.0, 529.0, 1.0], [935.0, 751.0, 1.0], [861.0, 817.0, 0.0], [880.0, 531.0, 1.0], [872.0, 341.0, 1.0], [871.0, 349.0, 0.0], [884.0, 197.0, 0.0], [637.0, 397.0, 1.0], [700.0, 447.0, 1.0], [790.0, 342.0, 1.0], [954.0, 339.0, 1.0], [1028.0, 395.0, 1.0], [1112.0, 392.0, 1.0]], "hand_pts": [[1112.0, 392.0, 1.0], [1111.2708740234375, 388.11590576171875, 1.0], [1110.7496337890627, 382.40722656249994, 1.0], [1116.4827880859375, 377.21752929687494, 1.0], [1124.8217773437502, 374.36315917968744, 1.0], [1126.1247558593748, 358.27505493164057, 1.0], [1141.7603759765625, 363.7242736816406, 1.0], [1145.6693115234373, 373.3252258300781, 1.0], [1146.7116699218752, 381.10980224609375, 1.0], [1128.9912109374998, 359.0535278320313, 1.0], [1147.4935302734373, 360.3509521484375, 1.0], [1152.4448242187498, 373.3252258300781, 1.0], [1152.705322265625, 382.6667175292969, 1.0], [1144.8875732421877, 360.0914611816406, 1.0], [1157.917236328125, 365.54064941406256, 1.0], [1158.4384765625, 375.66061401367193, 1.0], [1158.9595947265627, 381.8882446289063, 1.0], [1152.4448242187498, 364.5027160644531, 1.0], [1164.9533691406252, 370.2113952636718, 1.0], [1165.2138671875002, 376.69854736328125, 1.0], [1164.9533691406252, 382.40722656249994, 1.0]], "head_box": [[824.0, 195.0], [932.0, 352.0]], "head_size": 157.0, "hand_box_center": [1137.9817504882815, 375.1375274658203], "is_left": 1, "is_mpii": 1}