{"mpii_image": "063149828.jpg", "mpii_annorect_idx": 1, "mpii_body_pts": [[1225.0, 1070.0, 1.0], [1204.0, 963.0, 1.0], [1223.0, 742.0, 1.0], [1322.0, 761.0, 1.0], [1269.0, 949.0, 1.0], [1255.0, 1062.0, 1.0], [1273.0, 752.0, 1.0], [1313.0, 545.0, 1.0], [1316.0, 516.0, 0.0], [1334.0, 372.0, 0.0], [1113.0, 554.0, 1.0], [1154.0, 612.0, 1.0], [1238.0, 511.0, 1.0], [1387.0, 578.0, 1.0], [1336.0, 641.0, 0.0], [1298.0, 624.0, 0.0]], "hand_pts": [[1303.1328124999998, 624.1497192382814, 1.0], [1321.822021484375, 608.8778076171876, 1.0], [1333.8023681640625, 600.0487060546876, 1.0], [1331.8854980468748, 580.242919921875, 1.0], [1319.1864013671875, 589.5492553710938, 1.0], [1283.9643554687502, 574.7545776367189, 1.0], [1265.275146484375, 551.3694458007811, 1.0], [1258.566162109375, 547.551513671875, 1.0], [1248.7423095703123, 543.7335205078126, 1.0], [1271.2652587890627, 581.436096191406, 1.0], [1248.98193359375, 558.28955078125, 1.0], [1234.84521484375, 549.6990966796877, 1.0], [1226.458984375, 545.6425170898436, 1.0], [1260.0037841796875, 594.0831298828124, 1.0], [1237.9600830078125, 576.6635742187501, 1.0], [1222.3856201171875, 564.255126953125, 1.0], [1217.3538818359373, 554.2329711914061, 1.0], [1256.4096679687505, 618.9000244140624, 1.0], [1236.761962890625, 608.8778076171876, 1.0], [1221.6668701171875, 604.1053466796877, 1.0], [1208.2489013671877, 595.2762451171876, 1.0]], "head_box": [[1268.0, 374.0], [1383.0, 515.0]], "head_size": 141.0, "hand_box_center": [1271.025634765625, 583.941619873047], "is_left": 1, "is_mpii": 1}