{"mpii_image": "063149828.jpg", "mpii_annorect_idx": 1, "mpii_body_pts": [[1225.0, 1070.0, 1.0], [1204.0, 963.0, 1.0], [1223.0, 742.0, 1.0], [1322.0, 761.0, 1.0], [1269.0, 949.0, 1.0], [1255.0, 1062.0, 1.0], [1273.0, 752.0, 1.0], [1313.0, 545.0, 1.0], [1316.0, 516.0, 0.0], [1334.0, 372.0, 0.0], [1113.0, 554.0, 1.0], [1154.0, 612.0, 1.0], [1238.0, 511.0, 1.0], [1387.0, 578.0, 1.0], [1336.0, 641.0, 0.0], [1298.0, 624.0, 0.0]], "hand_pts": [[1112.8992919921875, 543.7178955078126, 1.0], [1123.9609375, 539.3895874023438, 1.0], [1137.7452392578123, 527.1582641601562, 1.0], [1139.0374755859375, 507.4163818359375, 1.0], [1136.6683349609373, 496.4725036621093, 1.0], [1134.7299804687502, 503.5538330078125, 1.0], [1136.237548828125, 488.1036682128906, 1.0], [1132.576171875, 480.59317016601557, 1.0], [1129.1300048828123, 472.4389343261718, 1.0], [1128.699340820312, 502.05172729492193, 1.0], [1127.191650390625, 485.9578247070313, 1.0], [1124.6070556640627, 473.72644042968744, 1.0], [1121.1610107421875, 464.49926757812494, 1.0], [1118.7918701171875, 503.3392333984375, 1.0], [1118.1457519531252, 485.0994873046875, 1.0], [1116.4227294921877, 472.65353393554693, 1.0], [1114.9150390625002, 464.9284362792968, 1.0], [1109.315185546875, 506.3434448242188, 1.0], [1109.7459716796877, 490.0349426269532, 1.0], [1109.530517578125, 481.2369384765624, 1.0], [1109.530517578125, 474.7993774414062, 1.0]], "head_box": [[1268.0, 374.0], [1383.0, 515.0]], "head_size": 141.0, "hand_box_center": [1124.1763305664062, 504.10858154296875], "is_left": 0, "is_mpii": 1}