{"mpii_image": "063388946.jpg", "mpii_annorect_idx": 1, "mpii_body_pts": [[867.0, 534.0, 1.0], [823.0, 356.0, 1.0], [835.4050903320312, 373.5382995605469, 0.0], [752.5949096679688, 256.4617004394531, 0.0], [722.0, 747.0, 1.0], [704.0, 558.0, 1.0], [829.0, 530.0, 1.0], [905.0, 538.0, 1.0], [971.0, 568.0, 1.0], [1002.0, 749.0, 1.0], [679.0, 512.0, 1.0], [620.0, 403.0, 1.0], [727.0, 365.0, 1.0], [918.0, 347.0, 1.0], [1045.0, 383.0, 1.0], [971.0, 497.0, 1.0]], "hand_pts": [[985.8605957031249, 491.47027587890625, 1.0], [964.8516845703125, 493.82113647460926, 1.0], [938.1775512695314, 498.7579650878906, 1.0], [915.044189453125, 512.8632202148436, 1.0], [899.9367065429688, 509.101806640625, 1.0], [932.9843139648439, 501.1088562011719, 1.0], [912.919677734375, 514.743896484375, 1.0], [909.142822265625, 529.5543823242188, 1.0], [908.6707153320314, 539.8982543945311, 1.0], [937.4693603515625, 510.0421447753906, 1.0], [919.2931518554688, 531.9052734375, 1.0], [917.1687011718751, 543.8947143554688, 1.0], [917.6408081054686, 551.41748046875, 1.0], [948.5639648437499, 518.0350952148438, 1.0], [936.2891235351564, 536.8421020507811, 1.0], [942.66259765625, 547.4210205078125, 1.0], [950.9244995117188, 541.3087768554688, 1.0], [957.0618896484375, 524.1473999023438, 1.0], [945.2591552734375, 540.368408203125, 1.0], [941.0101928710938, 548.3613891601562, 1.0], [937.9414672851561, 557.9999389648439, 1.0]], "head_box": [[742.0, 242.0], [846.0, 388.0]], "head_size": 146.0, "hand_box_center": [942.8986511230469, 524.735107421875], "is_left": 1, "is_mpii": 1}