{"mpii_image": "063456680.jpg", "mpii_annorect_idx": 0, "mpii_body_pts": [[959.0, 514.0, 0.0], [1154.0, 342.0, 0.0], [1158.4664306640625, 336.25189208984375, 0.0], [1264.5335693359375, 199.7480926513672, 0.0], [1057.0, 752.0, 1.0], [1196.0, 585.0, 1.0], [947.0, 530.0, 1.0], [970.0, 498.0, 0.0], [1077.0, 692.0, 0.0], [1013.0, 877.0, 0.0], [1320.0, 582.0, 1.0], [1230.0, 487.0, 1.0], [1146.0, 359.0, 1.0], [1161.0, 325.0, 0.0], [1236.0, 409.0, 1.0], [1308.0, 495.0, 1.0]], "hand_pts": [[1325.256103515625, 586.7175903320312, 1.0], [1340.751708984375, 581.7369995117188, 1.0], [1355.2476806640627, 583.231201171875, 1.0], [1365.244873046875, 592.1962890625, 1.0], [1368.743896484375, 600.6633300781252, 1.0], [1363.2454833984375, 585.2234497070314, 1.0], [1375.2421875, 594.4375610351561, 1.0], [1383.4898681640627, 603.4026489257811, 1.0], [1388.2385253906252, 611.1225585937499, 1.0], [1368.743896484375, 590.9511108398436, 1.0], [1377.9913330078123, 599.1691284179686, 1.0], [1383.73974609375, 609.3793334960939, 1.0], [1387.4887695312502, 618.5935058593751, 1.0], [1371.2432861328123, 597.6749267578126, 1.0], [1379.7408447265625, 603.9006958007811, 1.0], [1384.9893798828125, 614.3599853515625, 1.0], [1387.7386474609377, 622.8270263671875, 1.0], [1364.7449951171875, 604.8967895507814, 1.0], [1374.7423095703123, 612.6167602539062, 1.0], [1378.7412109374998, 621.5818481445312, 1.0], [1381.7403564453125, 630.0488891601564, 1.0]], "head_box": [[1140.0, 187.0], [1283.0, 349.0]], "head_size": 162.0, "hand_box_center": [1356.747314453125, 605.8929443359375], "is_left": 0, "is_mpii": 1}