{"mpii_image": "063400570.jpg", "mpii_annorect_idx": 0, "mpii_body_pts": [[645.0, 403.0, 1.0], [658.0, 212.0, 1.0], [665.1156005859375, 230.13330078125, 0.0], [588.8843994140625, 35.86669921875, 0.0], [439.0, 635.0, 1.0], [482.0, 459.0, 1.0], [550.0, 378.0, 1.0], [739.0, 428.0, 1.0], [646.0, 514.0, 1.0], [548.0, 656.0, 1.0], [559.0, 377.0, 0.0], [543.0, 302.0, 0.0], [549.0, 204.0, 1.0], [767.0, 220.0, 1.0], [832.0, 339.0, 1.0], [823.0, 455.0, 1.0]], "hand_pts": [[823.8010253906249, 463.36389160156256, 1.0], [806.0899658203125, 466.64279174804693, 1.0], [791.2263793945312, 475.76904296875, 1.0], [771.2493896484376, 490.3328247070313, 1.0], [768.3955078124999, 505.9622192382812, 1.0], [802.6417846679689, 500.98922729492193, 1.0], [796.93408203125, 520.8812255859373, 1.0], [796.5773315429689, 531.537658691406, 1.0], [795.8638916015625, 541.8388061523438, 1.0], [819.7648925781252, 504.8965759277343, 1.0], [823.68896484375, 525.4990234375, 1.0], [823.3322143554685, 539.7075805664064, 1.0], [823.3322143554685, 553.5609130859373, 1.0], [834.7476196289061, 505.9622192382812, 1.0], [845.8063354492188, 523.722900390625, 1.0], [849.3736572265626, 539.3523559570312, 1.0], [851.8707885742189, 551.0744018554688, 1.0], [845.4495849609375, 502.7653198242187, 1.0], [855.0813598632812, 514.1321411132811, 1.0], [861.1458129882812, 526.2094116210939, 1.0], [866.1400756835938, 535.0897827148439, 1.0]], "head_box": [[551.0, 27.0], [703.0, 239.0]], "head_size": 212.0, "hand_box_center": [817.2677917480469, 508.4624023437499], "is_left": 1, "is_mpii": 1}