{"mpii_image": "063643025.jpg", "mpii_annorect_idx": 0, "mpii_body_pts": [[427.0, 409.0, 1.0], [391.0, 243.0, 1.0], [392.41290283203125, 247.53619384765625, 0.0], [351.58709716796875, 116.46379852294922, 0.0], [388.0, 483.0, 0.0], [388.0, 606.0, 1.0], [361.0, 436.0, 1.0], [493.0, 382.0, 1.0], [604.0, 366.0, 1.0], [528.0, 510.0, 1.0], [225.0, 519.0, 1.0], [275.0, 412.0, 1.0], [308.0, 270.0, 1.0], [474.0, 215.0, 1.0], [535.0, 324.0, 1.0], [601.0, 331.0, 1.0]], "hand_pts": [[601.0, 331.0, 1.0], [603.62548828125, 340.0766906738282, 1.0], [603.62548828125, 356.95578002929693, 1.0], [611.3087768554688, 372.0344543457031, 1.0], [615.1504516601564, 385.53771972656244, 1.0], [628.0313720703126, 346.37823486328125, 1.0], [631.6470947265625, 363.93249511718744, 1.0], [627.805419921875, 379.0111389160155, 1.0], [622.3818359375001, 387.7882690429687, 1.0], [634.810791015625, 348.17864990234375, 1.0], [638.426513671875, 377.4357604980469, 1.0], [628.935302734375, 378.7861022949219, 1.0], [625.9975585937499, 374.2850036621093, 1.0], [641.816223144531, 348.85382080078136, 1.0], [640.9122924804685, 375.8603820800781, 1.0], [630.7431640625, 376.31048583984386, 1.0], [626.4495239257811, 373.60983276367193, 1.0], [644.7539672851562, 354.93029785156244, 1.0], [649.2735595703127, 373.60983276367193, 1.0], [644.5279541015624, 382.1619262695313, 1.0], [643.6240844726564, 391.1640930175781, 1.0]], "head_box": [[321.0, 113.0], [423.0, 251.0]], "head_size": 138.0, "hand_box_center": [625.1367797851564, 361.08204650878906], "is_left": 1, "is_mpii": 1}