{"mpii_image": "063873926.jpg", "mpii_annorect_idx": 0, "mpii_body_pts": [[226.0, 439.0, 0.0], [530.0, 228.0, 0.0], [606.8317260742188, 196.8782958984375, 0.0], [848.1682739257812, 99.12169647216797, 0.0], [445.0, 1065.0, 1.0], [435.0, 742.0, 1.0], [172.0, 457.0, 1.0], [280.0, 420.0, 0.0], [482.0, 566.0, 1.0], [441.0, 792.0, 0.0], [553.0, 699.0, 1.0], [361.0, 513.0, 1.0], [472.0, 255.0, 1.0], [587.0, 200.0, 0.0], [590.0, 345.0, 1.0], [662.0, 488.0, 1.0]], "hand_pts": [[553.0, 699.0, 1.0], [588.5188598632812, 701.6203002929688, 1.0], [611.7871704101564, 716.2742309570315, 1.0], [635.5303344726564, 744.1640625, 1.0], [653.1003417968751, 755.5090332031251, 1.0], [634.5806274414061, 738.0188598632812, 1.0], [653.1003417968751, 776.3082275390625, 1.0], [655.9495239257811, 802.3071899414061, 1.0], [654.52490234375, 822.6336669921875, 1.0], [617.4855346679689, 748.8911132812499, 1.0], [635.5303344726564, 804.1980590820312, 1.0], [634.5806274414061, 824.0518188476562, 1.0], [628.8822631835935, 836.3422241210935, 1.0], [599.440673828125, 756.9271850585938, 1.0], [620.334716796875, 814.1249389648439, 1.0], [617.9603881835936, 825.9426269531249, 1.0], [614.1614990234374, 840.5966186523438, 1.0], [572.3734741210939, 761.6542968749999, 1.0], [591.3680419921875, 798.0528564453124, 1.0], [593.2674560546875, 816.4884643554688, 1.0], [594.2172241210936, 830.6697387695314, 1.0]], "head_box": [[627.0, 20.0], [828.0, 276.0]], "head_size": 256.0, "hand_box_center": [604.4747619628906, 769.7983093261719], "is_left": 0, "is_mpii": 1}