{"mpii_image": "063873926.jpg", "mpii_annorect_idx": 1, "mpii_body_pts": [[1182.0, 473.0, 0.0], [1049.0, 366.0, 0.0], [1045.92822265625, 363.3670959472656, 0.0], [905.07177734375, 242.63290405273438, 0.0], [1059.0, 776.0, 0.0], [1040.0, 615.0, 1.0], [1121.0, 469.0, 0.0], [1242.0, 476.0, 1.0], [1204.0, 671.0, 1.0], [1211.0, 848.0, 1.0], [866.0, 538.0, 1.0], [935.0, 463.0, 1.0], [990.0, 345.0, 0.0], [1108.0, 386.0, 1.0], [1198.0, 507.0, 1.0], [1096.0, 618.0, 1.0]], "hand_pts": [[866.0, 538.0, 1.0], [866.1427001953124, 547.1156616210938, 1.0], [871.7345581054686, 557.7875366210939, 1.0], [868.0066528320311, 572.6353149414062, 1.0], [862.8807983398439, 584.6990966796877, 1.0], [839.5816040039061, 555.4675292968749, 1.0], [826.5340576171876, 575.4192504882811, 1.0], [823.7381591796876, 587.9470825195312, 1.0], [819.5443115234375, 598.1549072265626, 1.0], [830.7279052734375, 553.1475830078125, 1.0], [812.0885620117188, 574.4912719726564, 1.0], [805.5647583007812, 590.2670288085936, 1.0], [800.4389038085938, 602.3308105468751, 1.0], [825.1361083984374, 555.4675292968749, 1.0], [802.3028564453124, 571.2432861328125, 1.0], [793.9151611328124, 580.9871826171876, 1.0], [788.3233032226564, 589.8030395507814, 1.0], [828.8639526367188, 557.7875366210939, 1.0], [815.81640625, 567.9953613281251, 1.0], [806.9627075195312, 579.1311645507812, 1.0], [799.5069580078125, 587.0190429687501, 1.0]], "head_box": [[900.0, 215.0], [1051.0, 391.0]], "head_size": 176.0, "hand_box_center": [830.0289306640625, 570.1654052734375], "is_left": 0, "is_mpii": 1}