{"mpii_image": "063873926.jpg", "mpii_annorect_idx": 0, "mpii_body_pts": [[226.0, 439.0, 0.0], [530.0, 228.0, 0.0], [606.8317260742188, 196.8782958984375, 0.0], [848.1682739257812, 99.12169647216797, 0.0], [445.0, 1065.0, 1.0], [435.0, 742.0, 1.0], [172.0, 457.0, 1.0], [280.0, 420.0, 0.0], [482.0, 566.0, 1.0], [441.0, 792.0, 0.0], [553.0, 699.0, 1.0], [361.0, 513.0, 1.0], [472.0, 255.0, 1.0], [587.0, 200.0, 0.0], [590.0, 345.0, 1.0], [662.0, 488.0, 1.0]], "hand_pts": [[662.0, 488.0, 1.0], [654.0008544921875, 508.07489013671886, 1.0], [657.1165161132811, 527.1327514648438, 1.0], [663.347961425781, 552.3955078124999, 1.0], [665.5734252929688, 569.6805419921876, 1.0], [696.2853393554689, 534.2240600585939, 1.0], [694.0598754882812, 567.4645385742188, 1.0], [685.1578369140625, 577.6582641601562, 1.0], [671.8048706054688, 584.3063354492188, 1.0], [709.1932373046876, 543.0881958007812, 1.0], [690.0539550781251, 587.4088134765626, 1.0], [670.9146118164061, 592.727294921875, 1.0], [661.5675659179686, 590.51123046875, 1.0], [696.73046875, 545.7474365234375, 1.0], [702.5167846679689, 579.8742675781251, 1.0], [678.9264526367188, 593.6137084960939, 1.0], [663.7930297851562, 586.965576171875, 1.0], [682.0421752929686, 549.2930297851562, 1.0], [683.8225708007811, 564.362060546875, 1.0], [684.7127685546876, 575.4421997070311, 1.0], [682.9323730468751, 584.3063354492188, 1.0]], "head_box": [[627.0, 20.0], [828.0, 276.0]], "head_size": 256.0, "hand_box_center": [681.5970458984375, 540.8068542480469], "is_left": 1, "is_mpii": 1}