{"mpii_image": "064073336.jpg", "mpii_annorect_idx": 1, "mpii_body_pts": [[698.0, 756.0, 0.0], [698.0, 416.0, 1.0], [698.9652709960938, 346.6935119628906, 0.0], [702.0347290039062, 126.30650329589844, 0.0], [695.0, 854.0, 0.0], [689.0, 722.0, 1.0], [590.0, 759.0, 0.0], [805.0, 753.0, 0.0], [781.0, 713.0, 1.0], [793.0, 854.0, 0.0], [425.0, 501.0, 1.0], [354.0, 593.0, 1.0], [517.0, 409.0, 1.0], [879.0, 422.0, 1.0], [989.0, 618.0, 1.0], [1023.0, 747.0, 1.0]], "hand_pts": [[425.0, 501.0, 1.0], [444.8931274414062, 500.40917968749994, 1.0], [459.76568603515636, 504.4105529785155, 1.0], [476.6480102539063, 520.4160156249999, 1.0], [491.92251586914057, 538.4221191406249, 1.0], [493.9323120117187, 458.79504394531244, 1.0], [487.0989990234375, 493.6068725585937, 1.0], [477.0499877929688, 513.2135620117188, 1.0], [465.3931274414062, 522.8168334960938, 1.0], [478.65780639648443, 447.19107055664057, 1.0], [471.42251586914057, 485.6041564941406, 1.0], [459.76568603515636, 506.4112243652343, 1.0], [452.53039550781244, 513.6137084960939, 1.0], [460.1676330566406, 441.9893188476562, 1.0], [456.1480407714844, 476.00088500976574, 1.0], [448.1088256835938, 496.4078369140625, 1.0], [442.88333129882807, 505.61096191406256, 1.0], [437.2558898925781, 437.58779907226557, 1.0], [437.65783691406256, 464.3969421386719, 1.0], [436.4519653320313, 482.0029296875, 1.0], [436.05001831054693, 494.0070190429687, 1.0]], "head_box": [[621.0, 124.0], [780.0, 349.0]], "head_size": 225.0, "hand_box_center": [459.4661560058594, 488.0049591064452], "is_left": 0, "is_mpii": 1}