{"mpii_image": "064073336.jpg", "mpii_annorect_idx": 1, "mpii_body_pts": [[698.0, 756.0, 0.0], [698.0, 416.0, 1.0], [698.9652709960938, 346.6935119628906, 0.0], [702.0347290039062, 126.30650329589844, 0.0], [695.0, 854.0, 0.0], [689.0, 722.0, 1.0], [590.0, 759.0, 0.0], [805.0, 753.0, 0.0], [781.0, 713.0, 1.0], [793.0, 854.0, 0.0], [425.0, 501.0, 1.0], [354.0, 593.0, 1.0], [517.0, 409.0, 1.0], [879.0, 422.0, 1.0], [989.0, 618.0, 1.0], [1023.0, 747.0, 1.0]], "hand_pts": [[1023.0, 747.0, 1.0], [1006.4696044921874, 750.2879638671876, 1.0], [990.3912353515625, 763.09228515625, 1.0], [981.548095703125, 787.5006103515625, 1.0], [981.1461181640624, 817.1107177734375, 1.0], [1015.312744140625, 751.0881958007812, 1.0], [997.2245483398439, 788.3009033203125, 1.0], [990.3912353515625, 801.105224609375, 1.0], [983.557861328125, 786.7003173828125, 1.0], [1035.812744140625, 753.4890136718751, 1.0], [1015.312744140625, 799.5046997070312, 1.0], [1004.057861328125, 797.5040283203125, 1.0], [998.430419921875, 789.9014282226562, 1.0], [1049.0773925781248, 763.4924316406251, 1.0], [1035.0087890625002, 799.9048461914061, 1.0], [1022.1460571289061, 801.105224609375, 1.0], [1015.7147216796877, 793.1025390625, 1.0], [1054.3029785156248, 778.6976318359374, 1.0], [1047.067626953125, 798.7044067382814, 1.0], [1046.263671875, 808.7078247070312, 1.0], [1045.0578613281252, 818.7112426757812, 1.0]], "head_box": [[621.0, 124.0], [780.0, 349.0]], "head_size": 225.0, "hand_box_center": [1017.7245483398435, 782.8556213378906], "is_left": 1, "is_mpii": 1}