{"mpii_image": "064171148.jpg", "mpii_annorect_idx": 0, "mpii_body_pts": [[980.0, 715.0, 0.0], [940.0, 428.0, 1.0], [922.0418090820312, 395.1585998535156, 0.0], [811.9581909179688, 193.84140014648438, 0.0], [969.0, 811.0, 0.0], [941.0, 659.0, 1.0], [910.0, 711.0, 0.0], [1049.0, 718.0, 0.0], [1074.0, 665.0, 1.0], [1087.0, 807.0, 0.0], [535.0, 634.0, 1.0], [683.0, 587.0, 1.0], [823.0, 457.0, 1.0], [1056.0, 398.0, 1.0], [953.0, 327.0, 1.0], [860.0, 231.0, 1.0]], "hand_pts": [[526.0282592773439, 643.8817138671876, 1.0], [511.00976562500006, 626.6250610351562, 1.0], [496.76144409179693, 616.2710571289062, 1.0], [483.2832946777344, 620.1058959960939, 1.0], [466.7244262695313, 627.3920288085936, 1.0], [470.9604187011718, 613.9702148437499, 1.0], [437.8426513671875, 605.9170532226562, 1.0], [450.5506286621094, 612.436279296875, 1.0], [463.25860595703125, 617.0380249023438, 1.0], [462.8735046386719, 626.2415771484375, 1.0], [429.7557678222656, 621.2563476562501, 1.0], [446.3146362304688, 626.2415771484375, 1.0], [460.1778869628906, 632.3772583007811, 1.0], [460.56298828125, 646.5661010742186, 1.0], [434.3768615722656, 648.4834594726564, 1.0], [427.44522094726557, 635.445129394531, 1.0], [438.99792480468744, 636.9790649414062, 1.0], [457.8673400878906, 661.5218505859374, 1.0], [435.91720581054693, 659.6044311523439, 1.0], [417.8179626464844, 656.5365600585938, 1.0], [412.4267272949219, 651.1678466796876, 1.0]], "head_box": [[782.0, 179.0], [952.0, 410.0]], "head_size": 231.0, "hand_box_center": [469.22749328613287, 633.7194519042969], "is_left": 0, "is_mpii": 1}