{"mpii_image": "064659728.jpg", "mpii_annorect_idx": 1, "mpii_body_pts": [[1485.0, 624.0, 1.0], [1435.0, 332.0, 1.0], [1431.9306640625, 285.9599914550781, 0.0], [1422.0693359375, 138.0399932861328, 0.0], [1445.0, 1009.0, 1.0], [1421.0, 812.0, 1.0], [1445.0, 622.0, 1.0], [1525.0, 626.0, 1.0], [1464.0, 850.0, 1.0], [1517.0, 1074.0, 1.0], [1166.0, 415.0, 1.0], [1282.0, 381.0, 1.0], [1383.0, 323.0, 1.0], [1486.0, 340.0, 1.0], [1515.0, 554.0, 0.0], [1474.0, 674.0, 1.0]], "hand_pts": [[1154.3062744140625, 419.75204467773443, 1.0], [1141.2196044921877, 412.4202575683593, 1.0], [1127.723876953125, 405.699432373047, 1.0], [1111.5698242187498, 406.92138671874994, 1.0], [1100.7324218749998, 402.23718261718744, 1.0], [1106.6623535156248, 427.0838623046875, 1.0], [1089.4859619140627, 431.97174072265625, 1.0], [1077.6260986328123, 434.0083618164063, 1.0], [1069.037841796875, 435.4339904785155, 1.0], [1109.3205566406252, 436.6559448242188, 1.0], [1093.37109375, 441.7474975585937, 1.0], [1080.4887695312502, 445.20971679687494, 1.0], [1070.2647705078123, 447.65365600585943, 1.0], [1115.4549560546875, 445.0060729980469, 1.0], [1100.9368896484377, 453.1525268554688, 1.0], [1090.9173583984375, 457.8367309570312, 1.0], [1082.5335693359375, 461.9099731445313, 1.0], [1124.4521484374998, 450.09759521484375, 1.0], [1117.499755859375, 459.0587158203125, 1.0], [1111.5698242187498, 465.5758666992188, 1.0], [1106.457885742188, 471.07470703125, 1.0]], "head_box": [[1374.0, 136.0], [1480.0, 288.0]], "head_size": 152.0, "hand_box_center": [1111.6720581054688, 436.65594482421875], "is_left": 0, "is_mpii": 1}