{"mpii_image": "064868295.jpg", "mpii_annorect_idx": 0, "mpii_body_pts": [[483.0, 366.0, 1.0], [627.0, 166.0, 0.0], [623.3760986328125, 168.46310424804688, 0.0], [758.6239013671875, 76.53690338134766, 0.0], [251.0, 485.0, 1.0], [386.0, 561.0, 1.0], [400.0, 350.0, 1.0], [566.0, 381.0, 1.0], [586.0, 537.0, 1.0], [437.0, 485.0, 0.0], [756.0, 448.0, 1.0], [642.0, 350.0, 1.0], [547.0, 146.0, 1.0], [706.0, 185.0, 0.0], [764.0, 290.0, 1.0], [861.0, 400.0, 1.0]], "hand_pts": [[878.1833496093752, 409.78692626953125, 1.0], [881.9369506835936, 434.08093261718744, 1.0], [891.6962890625, 454.263671875, 1.0], [905.2091674804686, 468.0925598144531, 1.0], [914.2177734375001, 480.05267333984386, 1.0], [926.6045532226564, 457.2536926269532, 1.0], [926.9799194335938, 475.9413757324219, 1.0], [924.7277832031251, 484.9114685058594, 1.0], [920.9741821289062, 492.3865661621093, 1.0], [927.7306518554686, 454.63742065429693, 1.0], [927.7306518554686, 478.93142700195307, 1.0], [926.2291870117188, 488.64901733398443, 1.0], [921.3495483398438, 498.74038696289057, 1.0], [922.8510131835935, 450.5261230468749, 1.0], [923.9770507812499, 475.567626953125, 1.0], [922.4756469726564, 486.0327453613281, 1.0], [920.2235107421876, 493.88159179687494, 1.0], [919.097412109375, 455.0111694335937, 1.0], [920.2235107421876, 474.07263183593756, 1.0], [920.2235107421876, 480.8002014160156, 1.0], [918.7220458984374, 486.0327453613281, 1.0]], "head_box": [[635.0, 37.0], [747.0, 208.0]], "head_size": 171.0, "hand_box_center": [902.9570007324219, 454.26365661621094], "is_left": 1, "is_mpii": 1}