{"mpii_image": "064868295.jpg", "mpii_annorect_idx": 0, "mpii_body_pts": [[483.0, 366.0, 1.0], [627.0, 166.0, 0.0], [623.3760986328125, 168.46310424804688, 0.0], [758.6239013671875, 76.53690338134766, 0.0], [251.0, 485.0, 1.0], [386.0, 561.0, 1.0], [400.0, 350.0, 1.0], [566.0, 381.0, 1.0], [586.0, 537.0, 1.0], [437.0, 485.0, 0.0], [756.0, 448.0, 1.0], [642.0, 350.0, 1.0], [547.0, 146.0, 1.0], [706.0, 185.0, 0.0], [764.0, 290.0, 1.0], [861.0, 400.0, 1.0]], "hand_pts": [[756.0, 448.0, 1.0], [787.0685424804686, 450.532440185547, 1.0], [835.9787597656251, 460.3294372558594, 1.0], [857.7497558593751, 473.98590087890625, 1.0], [868.4861450195312, 489.7204895019531, 1.0], [840.1539916992188, 462.4075927734375, 1.0], [869.3807983398439, 477.2515563964843, 1.0], [877.7313232421876, 507.83013916015625, 1.0], [877.7313232421876, 522.9709472656251, 1.0], [830.6105346679689, 467.7514343261719, 1.0], [863.4161376953124, 492.68927001953136, 1.0], [861.9249877929686, 523.564697265625, 1.0], [856.8550415039061, 536.0336303710939, 1.0], [816.891845703125, 471.01708984375006, 1.0], [842.8380737304688, 492.0955200195313, 1.0], [845.2239379882814, 514.3614501953123, 1.0], [841.6451416015625, 530.0960693359374, 1.0], [791.2438354492189, 480.22036743164057, 1.0], [807.3483886718751, 493.5799255371094, 1.0], [818.0847778320314, 514.6583251953124, 1.0], [828.2246704101564, 528.9085693359374, 1.0]], "head_box": [[635.0, 37.0], [747.0, 208.0]], "head_size": 171.0, "hand_box_center": [816.8656616210938, 492.01681518554693], "is_left": 0, "is_mpii": 1}