{"mpii_image": "065282840.jpg", "mpii_annorect_idx": 1, "mpii_body_pts": [[385.0, 322.0, 1.0], [418.0, 226.0, 1.0], [398.0150146484375, 259.724609375, 0.0], [469.9849853515625, 138.27540588378906, 0.0], [153.0, 494.0, 1.0], [266.0, 383.0, 1.0], [365.0, 280.0, 1.0], [404.0, 363.0, 1.0], [313.0, 472.0, 1.0], [291.0, 437.0, 1.0], [143.0, 192.0, 1.0], [256.0, 190.0, 1.0], [358.0, 208.0, 1.0], [478.0, 243.0, 1.0], [506.0, 270.0, 0.0], [513.0, 328.0, 0.0]], "hand_pts": [[148.10470581054685, 193.7532958984375, 1.0], [135.74678039550776, 212.20605468749997, 1.0], [112.83312225341797, 224.7641906738281, 1.0], [99.44536590576172, 232.7091217041015, 1.0], [88.37472534179688, 238.60375976562497, 1.0], [96.09842681884766, 220.1510009765625, 1.0], [81.68084716796874, 228.86480712890625, 1.0], [73.69968414306639, 236.55345153808594, 1.0], [69.5803756713867, 241.42292785644537, 1.0], [94.5536880493164, 208.1054382324219, 1.0], [76.78916931152344, 218.35697937011722, 1.0], [72.66986083984375, 226.30192565917972, 1.0], [70.35274505615232, 234.50314331054688, 1.0], [95.84097290039061, 198.87905883789062, 1.0], [82.7106704711914, 205.28627014160156, 1.0], [74.98696899414062, 214.00007629394528, 1.0], [74.47205352783203, 221.4324340820313, 1.0], [97.64317321777344, 191.4467010498047, 1.0], [84.25541687011719, 197.85391235351565, 1.0], [80.90847778320311, 201.9545288085938, 1.0], [79.36373138427734, 205.28627014160156, 1.0]], "head_box": [[383.0, 127.0], [485.0, 271.0]], "head_size": 144.0, "hand_box_center": [108.84254074096677, 216.43481445312503], "is_left": 0, "is_mpii": 1}