{"mpii_image": "065614609.jpg", "mpii_annorect_idx": 0, "mpii_body_pts": [[845.0, 893.0, 0.0], [736.0, 556.0, 1.0], [754.33447265625, 512.3934936523438, 0.0], [902.66552734375, 159.60650634765625, 0.0], [1267.0, 1031.0, 1.0], [1031.0, 919.0, 0.0], [770.0, 928.0, 1.0], [919.0, 857.0, 0.0], [1142.0, 879.0, 0.0], [1347.0, 990.0, 0.0], [686.0, 826.0, 1.0], [559.0, 826.0, 1.0], [603.0, 593.0, 1.0], [869.0, 519.0, 1.0], [941.0, 708.0, 1.0], [1077.0, 736.0, 1.0]], "hand_pts": [[686.0, 826.0, 1.0], [707.37744140625, 801.4034423828125, 1.0], [753.7484741210939, 800.5157470703126, 1.0], [802.7946777343751, 819.157470703125, 1.0], [805.469970703125, 847.5639648437499, 1.0], [718.9702148437499, 820.9329223632811, 1.0], [717.1867065429689, 839.5746459960939, 1.0], [736.8052368164061, 857.3286743164062, 1.0], [755.531982421875, 866.2057495117189, 1.0], [702.0269775390626, 846.67626953125, 1.0], [717.1867065429689, 879.521240234375, 1.0], [751.0731811523439, 891.0614013671876, 1.0], [767.1246948242186, 893.7244873046876, 1.0], [702.0269775390626, 869.7565307617188, 1.0], [712.7279663085938, 898.1630249023438, 1.0], [750.1814575195314, 913.2539672851562, 1.0], [768.9082031249999, 910.5908813476565, 1.0], [700.2434692382814, 900.8261108398436, 1.0], [731.4547119140625, 914.1416625976562, 1.0], [743.9392089843749, 911.4785766601565, 1.0], [754.6401977539061, 907.927734375, 1.0]], "head_box": [[702.0, 133.0], [955.0, 539.0]], "head_size": 406.0, "hand_box_center": [745.7349853515625, 857.3287048339844], "is_left": 0, "is_mpii": 1}