{"mpii_image": "065614609.jpg", "mpii_annorect_idx": 0, "mpii_body_pts": [[845.0, 893.0, 0.0], [736.0, 556.0, 1.0], [754.33447265625, 512.3934936523438, 0.0], [902.66552734375, 159.60650634765625, 0.0], [1267.0, 1031.0, 1.0], [1031.0, 919.0, 0.0], [770.0, 928.0, 1.0], [919.0, 857.0, 0.0], [1142.0, 879.0, 0.0], [1347.0, 990.0, 0.0], [686.0, 826.0, 1.0], [559.0, 826.0, 1.0], [603.0, 593.0, 1.0], [869.0, 519.0, 1.0], [941.0, 708.0, 1.0], [1077.0, 736.0, 1.0]], "hand_pts": [[1077.0, 736.0, 1.0], [1102.6221923828123, 717.391845703125, 1.0], [1133.1380615234375, 711.105224609375, 1.0], [1156.2879638671877, 697.4841918945311, 1.0], [1177.3333740234373, 690.1497802734376, 1.0], [1163.6539306640623, 722.6307373046876, 1.0], [1188.9083251953125, 721.5829467773439, 1.0], [1200.4832763671875, 712.1530151367188, 1.0], [1207.8492431640625, 701.6752929687501, 1.0], [1166.8106689453125, 746.7294921875, 1.0], [1193.117431640625, 749.872802734375, 1.0], [1206.7968750000002, 739.3950805664064, 1.0], [1221.5286865234375, 722.6307373046876, 1.0], [1151.0266113281252, 766.6372070312499, 1.0], [1186.8038330078123, 773.9715576171876, 1.0], [1209.9537353515625, 767.6849365234376, 1.0], [1224.6855468749998, 755.1116943359374, 1.0], [1146.8175048828125, 787.5926513671876, 1.0], [1177.3333740234373, 794.9270629882811, 1.0], [1191.0128173828125, 791.7836914062501, 1.0], [1204.6923828124995, 787.5926513671876, 1.0]], "head_box": [[702.0, 133.0], [955.0, 539.0]], "head_size": 406.0, "hand_box_center": [1150.8427734375, 742.5384216308594], "is_left": 1, "is_mpii": 1}