{"mpii_image": "066000260.jpg", "mpii_annorect_idx": 0, "mpii_body_pts": [[902.0, 568.0, 1.0], [899.0, 269.0, 1.0], [897.4569091796875, 203.96800231933594, 0.0], [893.5430908203125, 39.03200149536133, 0.0], [849.0, 998.0, 1.0], [846.0, 790.0, 1.0], [840.0, 565.0, 1.0], [963.0, 571.0, 1.0], [957.0, 808.0, 1.0], [954.0, 992.0, 1.0], [861.0, 486.0, 1.0], [741.0, 437.0, 1.0], [779.0, 264.0, 1.0], [1019.0, 273.0, 1.0], [1057.0, 431.0, 1.0], [954.0, 498.0, 1.0]], "hand_pts": [[973.3416137695311, 490.783233642578, 1.0], [953.2449340820312, 485.103485107422, 1.0], [942.6535034179688, 482.6693420410156, 1.0], [921.4705200195312, 479.42376708984375, 1.0], [903.5465087890624, 479.1533203125, 1.0], [932.8767700195314, 533.5164184570312, 1.0], [922.5568237304686, 547.5805053710939, 1.0], [904.0896606445312, 554.3420410156249, 1.0], [890.2392578124999, 551.637451171875, 1.0], [921.1989746093752, 534.8687133789062, 1.0], [903.5465087890624, 543.7940063476565, 1.0], [890.2392578124999, 535.13916015625, 1.0], [890.7824707031251, 518.0999755859375, 1.0], [912.2369384765626, 534.3277587890624, 1.0], [898.3865966796876, 543.2530517578126, 1.0], [883.9930419921876, 532.4345703125, 1.0], [883.4498901367188, 518.0999755859375, 1.0], [903.818115234375, 528.6480712890626, 1.0], [894.0413818359374, 535.40966796875, 1.0], [881.5488281249999, 531.8936157226562, 1.0], [873.9447021484375, 525.4025268554685, 1.0]], "head_box": [[835.0, 38.0], [956.0, 205.0]], "head_size": 167.0, "hand_box_center": [923.6431579589844, 516.7476806640625], "is_left": 1, "is_mpii": 1}