{"mpii_image": "066140203.jpg", "mpii_annorect_idx": 0, "mpii_body_pts": [[829.0, 610.0, 1.0], [802.0, 399.0, 1.0], [787.4620971679688, 370.085693359375, 0.0], [726.5379028320312, 248.914306640625, 0.0], [825.0, 953.0, 0.0], [810.0, 822.0, 1.0], [787.0, 615.0, 1.0], [871.0, 604.0, 1.0], [866.0, 822.0, 1.0], [876.0, 961.0, 1.0], [710.0, 378.0, 1.0], [679.0, 517.0, 1.0], [733.0, 404.0, 1.0], [871.0, 394.0, 1.0], [917.0, 512.0, 1.0], [876.0, 576.0, 1.0]], "hand_pts": [[876.0, 576.0, 1.0], [858.3448486328125, 584.3035888671876, 1.0], [843.2106933593751, 588.7085571289062, 1.0], [834.363037109375, 606.5600585937499, 1.0], [828.5421752929686, 628.5847167968751, 1.0], [858.5776977539061, 606.7919311523439, 1.0], [850.1956787109375, 622.7887573242189, 1.0], [838.5540161132811, 630.9030761718751, 1.0], [831.8018798828124, 627.1936645507814, 1.0], [865.329833984375, 614.2107543945312, 1.0], [851.3598632812499, 626.0344848632812, 1.0], [846.0046997070312, 619.5430297851561, 1.0], [849.7299804687501, 613.051513671875, 1.0], [870.684997558594, 619.0793457031251, 1.0], [854.1538696289062, 627.1936645507814, 1.0], [851.5926513671876, 619.774841308594, 1.0], [856.482177734375, 615.8336181640624, 1.0], [872.5476684570311, 622.556884765625, 1.0], [857.6463623046875, 626.4981689453125, 1.0], [856.0164794921875, 620.4703369140626, 1.0], [860.20751953125, 618.3837890625001, 1.0]], "head_box": [[702.0, 245.0], [812.0, 374.0]], "head_size": 129.0, "hand_box_center": [852.2710876464844, 603.4515380859375], "is_left": 1, "is_mpii": 1}