{"mpii_image": "066231791.jpg", "mpii_annorect_idx": 0, "mpii_body_pts": [[1006.0, 688.0, 1.0], [770.0, 729.0, 0.0], [973.0, 551.0, 0.0], [1035.0, 539.0, 1.0], [803.0, 580.0, 1.0], [916.0, 713.0, 0.0], [1004.0, 545.0, 0.0], [713.0, 322.0, 0.0], [689.0, 313.0, 0.0], [517.0, 252.0, 0.0], [359.0, 588.0, 1.0], [599.0, 532.0, 1.0], [642.0, 319.0, 0.0], [783.0, 324.0, 1.0], [958.0, 460.0, 1.0], [787.0, 503.0, 1.0]], "hand_pts": [[787.0, 503.0, 1.0], [729.6776733398439, 500.6060791015625, 1.0], [707.3952026367188, 509.902374267578, 1.0], [684.2093505859375, 532.6933593750001, 1.0], [665.8413085937499, 550.3862915039061, 1.0], [721.5476074218749, 545.2883300781253, 1.0], [686.0160522460939, 572.277587890625, 1.0], [664.3357543945311, 571.6778564453125, 1.0], [655.904541015625, 561.7817993164064, 1.0], [732.3877563476564, 567.4794921875, 1.0], [704.6851806640626, 586.0721435546876, 1.0], [689.3283081054686, 586.9717407226564, 1.0], [682.4026489257811, 577.9753417968751, 1.0], [737.8078002929686, 575.2764282226564, 1.0], [709.5029907226562, 592.3696289062499, 1.0], [698.0606079101562, 582.7734375000002, 1.0], [696.2539672851562, 571.9777221679688, 1.0], [734.4955444335938, 580.0745239257812, 1.0], [716.4286499023438, 589.9705810546876, 1.0], [708.9007568359374, 586.9717407226564, 1.0], [706.4918212890625, 579.7745971679689, 1.0]], "head_box": [[537.0, 190.0], [670.0, 376.0]], "head_size": 186.0, "hand_box_center": [721.4522705078125, 546.4878540039062], "is_left": 1, "is_mpii": 1}