{"mpii_image": "066381011.jpg", "mpii_annorect_idx": 0, "mpii_body_pts": [[1168.0, 319.0, 0.0], [986.0, 165.0, 0.0], [964.4915161132812, 128.96859741210938, 0.0], [890.5084838867188, 5.031400203704834, 0.0], [1186.0, 576.0, 1.0], [1101.0, 439.0, 0.0], [1155.0, 305.0, 0.0], [1180.0, 332.0, 1.0], [1072.0, 522.0, 1.0], [1080.0, 702.0, 1.0], [882.0, 357.0, 1.0], [944.0, 278.0, 1.0], [963.0, 148.0, 0.0], [1008.0, 181.0, 1.0], [979.0, 355.0, 1.0], [890.0, 475.0, 1.0]], "hand_pts": [[882.0, 357.0, 1.0], [865.1345825195314, 370.0904235839844, 1.0], [847.7890014648439, 375.51858520507807, 1.0], [844.3198852539062, 385.1412353515625, 1.0], [852.7448730468752, 392.29650878906244, 1.0], [846.7978515625001, 370.0904235839844, 1.0], [834.6559448242186, 389.08895874023426, 1.0], [833.4169921874999, 400.43875122070307, 1.0], [832.4258422851562, 408.0875244140625, 1.0], [852.9926757812499, 374.03817749023426, 1.0], [844.0721435546876, 391.3095703125, 1.0], [843.3287353515626, 403.15283203125006, 1.0], [842.8331298828123, 411.2950744628905, 1.0], [861.1698608398438, 377.9859313964843, 1.0], [853.9838256835938, 392.54324340820307, 1.0], [852.4970703125, 413.76242065429693, 1.0], [852.7448730468752, 405.8669128417969, 1.0], [866.3735351562501, 388.5954895019531, 1.0], [863.8955688476562, 399.94528198242193, 1.0], [861.6654663085938, 407.5940551757813, 1.0], [859.930908203125, 413.26895141601557, 1.0]], "head_box": [[866.0, 1.0], [989.0, 133.0]], "head_size": 132.0, "hand_box_center": [857.2129211425781, 385.38121032714844], "is_left": 0, "is_mpii": 1}