{"mpii_image": "066473920.jpg", "mpii_annorect_idx": 1, "mpii_body_pts": [[495.0, 374.0, 0.0], [610.0, 209.0, 1.0], [643.8560791015625, 188.75799560546875, 0.0], [765.1439208984375, 116.24199676513672, 0.0], [501.0, 673.0, 0.0], [570.0, 543.0, 1.0], [497.0, 392.0, 1.0], [493.0, 355.0, 0.0], [611.0, 468.0, 1.0], [613.0, 592.0, 1.0], [704.0, 535.0, 1.0], [665.0, 410.0, 1.0], [644.0, 257.0, 1.0], [576.0, 160.0, 1.0], [472.0, 231.0, 1.0], [388.0, 307.0, 1.0]], "hand_pts": [[388.0, 307.0, 1.0], [374.27410888671875, 331.8445129394532, 1.0], [364.61169433593756, 346.0359191894531, 1.0], [346.25314331054693, 358.7841186523437, 1.0], [337.31539916992193, 368.6459350585937, 1.0], [328.61923217773443, 345.55487060546886, 1.0], [319.6815185546874, 349.64392089843756, 1.0], [313.8840637207032, 355.17614746093744, 1.0], [309.0528869628906, 360.9489135742187, 1.0], [327.89456176757807, 338.5794372558594, 1.0], [308.5697631835938, 340.2631530761718, 1.0], [306.8788452148438, 349.8844299316406, 1.0], [305.91259765624994, 359.50573730468744, 1.0], [330.068603515625, 331.1229248046875, 1.0], [315.0918884277344, 336.1741027832031, 1.0], [311.71002197265625, 344.3522033691407, 1.0], [308.8113098144531, 353.2518920898438, 1.0], [335.3829345703125, 322.4637756347657, 1.0], [322.3386840820313, 324.62857055664057, 1.0], [317.02435302734375, 330.6418762207032, 1.0], [314.3671875, 337.13623046874994, 1.0]], "head_box": [[650.0, 83.0], [759.0, 222.0]], "head_size": 139.0, "hand_box_center": [346.956298828125, 337.8229675292969], "is_left": 1, "is_mpii": 1}