{"mpii_image": "066760723.jpg", "mpii_annorect_idx": 2, "mpii_body_pts": [[975.0, 1025.0, 1.0], [919.0, 838.0, 1.0], [913.0, 593.0, 1.0], [981.0, 593.0, 1.0], [969.0, 832.0, 1.0], [1031.0, 1015.0, 1.0], [947.0, 593.0, 1.0], [954.0, 307.0, 0.0], [958.0, 324.0, 0.0], [915.0, 151.0, 0.0], [718.0, 265.0, 0.0], [786.0, 280.0, 0.0], [851.0, 324.0, 0.0], [1056.0, 289.0, 0.0], [1121.0, 200.0, 0.0], [1158.0, 91.0, 0.0]], "hand_pts": [[1158.0, 91.0, 1.0], [1152.1611328124995, 82.14985656738281, 1.0], [1142.8155517578127, 76.62367248535155, 1.0], [1150.700927734375, 92.911376953125, 1.0], [1143.9837646484375, 106.29056549072267, 1.0], [1147.7803955078123, 63.5353355407715, 1.0], [1162.382934570312, 85.34922790527347, 1.0], [1169.39208984375, 101.63693237304686, 1.0], [1174.0648193359373, 115.59782409667969, 1.0], [1162.9669189453125, 60.626815795898445, 1.0], [1178.153564453125, 81.85900115966795, 1.0], [1186.0388183593748, 105.70886230468749, 1.0], [1187.4990234375, 121.99656677246094, 1.0], [1175.8171386718748, 56.2640380859375, 1.0], [1186.9150390625002, 67.02555847167967, 1.0], [1195.0924072265623, 85.64008331298827, 1.0], [1198.8890380859373, 103.96375274658202, 1.0], [1182.8262939453125, 49.86529541015625, 1.0], [1195.0924072265623, 54.80977630615235, 1.0], [1200.3492431640625, 67.31640625, 1.0], [1203.561767578125, 81.85900115966795, 1.0]], "head_box": [[867.0, 152.0], [1007.0, 324.0]], "head_size": 172.0, "hand_box_center": [1173.1886596679688, 85.9309310913086], "is_left": 1, "is_mpii": 1}