{"mpii_image": "066760723.jpg", "mpii_annorect_idx": 2, "mpii_body_pts": [[975.0, 1025.0, 1.0], [919.0, 838.0, 1.0], [913.0, 593.0, 1.0], [981.0, 593.0, 1.0], [969.0, 832.0, 1.0], [1031.0, 1015.0, 1.0], [947.0, 593.0, 1.0], [954.0, 307.0, 0.0], [958.0, 324.0, 0.0], [915.0, 151.0, 0.0], [718.0, 265.0, 0.0], [786.0, 280.0, 0.0], [851.0, 324.0, 0.0], [1056.0, 289.0, 0.0], [1121.0, 200.0, 0.0], [1158.0, 91.0, 0.0]], "hand_pts": [[712.5636596679688, 256.5767211914063, 1.0], [719.9141845703126, 265.7310485839843, 1.0], [718.3390502929686, 293.97869873046875, 1.0], [711.5135498046875, 306.7947692871093, 1.0], [703.9004516601564, 321.7032470703125, 1.0], [704.9505615234374, 284.56280517578136, 1.0], [693.399658203125, 312.5489196777344, 1.0], [693.1371459960938, 329.54980468750006, 1.0], [693.399658203125, 338.7041625976563, 1.0], [691.2994995117189, 277.762451171875, 1.0], [680.5361938476562, 308.8871765136719, 1.0], [681.061279296875, 327.718963623047, 1.0], [683.4239501953124, 338.44259643554693, 1.0], [681.061279296875, 275.9315795898437, 1.0], [670.822998046875, 298.1635437011719, 1.0], [669.7728881835938, 320.39547729492193, 1.0], [671.0855102539062, 331.11914062500006, 1.0], [674.2357177734375, 273.83917236328125, 1.0], [661.1097412109376, 284.8243713378906, 1.0], [658.2220458984374, 299.47128295898426, 1.0], [659.0095825195314, 311.5027160644531, 1.0]], "head_box": [[867.0, 152.0], [1007.0, 324.0]], "head_size": 172.0, "hand_box_center": [689.068115234375, 297.6404418945313], "is_left": 0, "is_mpii": 1}