{"mpii_image": "067076002.jpg", "mpii_annorect_idx": 0, "mpii_body_pts": [[893.0, 803.0, 1.0], [878.0, 384.0, 1.0], [873.2847290039062, 259.3075866699219, 0.0], [864.7152709960938, 32.69240188598633, 0.0], [981.0, 969.0, 1.0], [600.0, 848.0, 1.0], [792.0, 807.0, 1.0], [994.0, 798.0, 1.0], [1313.0, 807.0, 1.0], [901.0, 950.0, 0.0], [811.0, 367.0, 1.0], [783.0, 603.0, 1.0], [702.0, 370.0, 1.0], [1053.0, 398.0, 1.0], [1062.0, 671.0, 1.0], [972.0, 817.0, 1.0]], "hand_pts": [[814.8477783203125, 356.05209350585943, 1.0], [810.1880493164064, 333.80450439453136, 1.0], [811.1199951171876, 303.21405029296875, 1.0], [824.1671752929686, 290.23626708984375, 1.0], [840.9420776367188, 281.89343261718744, 1.0], [815.313720703125, 270.30615234375, 1.0], [829.2928466796877, 229.05537414550778, 1.0], [841.4080810546876, 205.4173126220703, 1.0], [850.2614746093751, 184.09669494628906, 1.0], [825.0991210937499, 274.47756958007807, 1.0], [870.2982177734375, 263.35375976562494, 1.0], [873.5599975585939, 282.35693359375006, 1.0], [861.9107666015625, 292.09024047851557, 1.0], [838.146240234375, 287.9188232421874, 1.0], [877.2877807617189, 282.35693359375006, 1.0], [872.1621093749999, 301.3600769042969, 1.0], [861.9107666015625, 304.1410217285156, 1.0], [851.659423828125, 302.2870483398438, 1.0], [878.2197265625001, 297.18865966796875, 1.0], [873.5599975585939, 316.65530395507807, 1.0], [863.3086547851561, 327.77911376953125, 1.0]], "head_box": [[789.0, 29.0], [949.0, 263.0]], "head_size": 234.0, "hand_box_center": [844.2038879394532, 270.0743942260742], "is_left": 0, "is_mpii": 1}