{"mpii_image": "067198787.jpg", "mpii_annorect_idx": 1, "mpii_body_pts": [[798.0, 431.0, 0.0], [823.0, 228.0, 1.0], [820.6685791015625, 223.68699645996094, 0.0], [745.3314208984375, 84.31300354003906, 0.0], [725.0, 520.0, 0.0], [611.0, 450.0, 1.0], [747.0, 402.0, 0.0], [849.0, 460.0, 0.0], [789.0, 646.0, 1.0], [849.0, 545.0, 0.0], [723.0, 468.0, 1.0], [739.0, 359.0, 1.0], [735.0, 220.0, 1.0], [911.0, 235.0, 1.0], [911.0, 390.0, 1.0], [820.0, 487.0, 1.0]], "hand_pts": [[820.0, 487.0, 1.0], [803.9141235351562, 483.37463378906256, 1.0], [778.0955200195312, 486.2315979003905, 1.0], [754.1024780273439, 505.4512634277344, 1.0], [747.3218383789062, 520.255615234375, 1.0], [772.8796386718751, 512.723571777344, 1.0], [750.712158203125, 532.4627075195312, 1.0], [753.320129394531, 518.4374999999999, 1.0], [761.4047241210938, 511.94439697265625, 1.0], [785.1369628906249, 523.112548828125, 1.0], [762.969482421875, 536.8779907226562, 1.0], [758.7968139648439, 529.3460083007811, 1.0], [762.7086791992188, 524.9306640624999, 1.0], [794.0039672851562, 528.5668334960938, 1.0], [774.9660034179686, 541.0336303710939, 1.0], [768.9677734375, 534.5404663085938, 1.0], [772.8796386718751, 530.9043579101564, 1.0], [797.1334838867188, 536.6182861328125, 1.0], [787.4841308593751, 546.4878540039061, 1.0], [777.834716796875, 545.9683837890625, 1.0], [783.5722045898438, 540.2544555664064, 1.0]], "head_box": [[729.0, 71.0], [837.0, 237.0]], "head_size": 166.0, "hand_box_center": [783.6609191894531, 514.9312438964844], "is_left": 1, "is_mpii": 1}