{"mpii_image": "067478630.jpg", "mpii_annorect_idx": 0, "mpii_body_pts": [[1239.0, 696.0, 0.0], [1284.0, 395.0, 0.0], [1280.198486328125, 377.2091979980469, 0.0], [1237.801513671875, 178.79080200195312, 0.0], [1053.0, 1071.0, 0.0], [1043.0, 863.0, 0.0], [1251.0, 686.0, 0.0], [1226.0, 705.0, 1.0], [978.0, 851.0, 1.0], [959.0, 1071.0, 0.0], [1046.0, 606.0, 0.0], [1180.0, 597.0, 0.0], [1304.0, 383.0, 0.0], [1263.0, 407.0, 1.0], [1170.0, 631.0, 1.0], [1003.0, 624.0, 1.0]], "hand_pts": [[1026.9488525390625, 630.3612670898435, 1.0], [1010.3008422851562, 620.3458862304688, 1.0], [982.2073974609375, 617.5830078125, 1.0], [962.091064453125, 620.0005493164062, 1.0], [944.4025878906249, 624.8355102539061, 1.0], [982.9010620117186, 612.748046875, 1.0], [952.7265625, 617.2376708984374, 1.0], [938.8532714843749, 624.8355102539061, 1.0], [927.4077758789062, 631.3973388671876, 1.0], [974.5770874023438, 616.2015991210938, 1.0], [947.5241088867186, 614.8201904296875, 1.0], [928.7951049804688, 628.2891235351564, 1.0], [918.39013671875, 634.16015625, 1.0], [974.5770874023438, 622.0726928710938, 1.0], [949.6051025390626, 624.4901733398439, 1.0], [935.7317504882812, 637.9591064453124, 1.0], [929.4887695312501, 646.9384155273439, 1.0], [973.1897583007814, 629.3251953124999, 1.0], [955.1544189453125, 632.4334106445312, 1.0], [950.6455688476562, 637.9591064453124, 1.0], [944.4025878906249, 644.1755371093751, 1.0]], "head_box": [[1175.0, 183.0], [1343.0, 373.0]], "head_size": 190.0, "hand_box_center": [972.6694946289062, 629.8432312011719], "is_left": 1, "is_mpii": 1}