{"mpii_image": "067648375.jpg", "mpii_annorect_idx": 0, "mpii_body_pts": [[590.0, 454.0, 0.0], [622.0, 238.0, 1.0], [627.7432250976562, 223.13519287109375, 0.0], [684.2567749023438, 76.86479949951172, 0.0], [640.0, 644.0, 1.0], [619.0, 400.0, 1.0], [537.0, 460.0, 1.0], [642.0, 448.0, 0.0], [766.0, 375.0, 1.0], [737.0, 607.0, 1.0], [723.0, 388.0, 1.0], [623.0, 344.0, 1.0], [543.0, 245.0, 1.0], [700.0, 231.0, 1.0], [807.0, 319.0, 1.0], [909.0, 369.0, 1.0]], "hand_pts": [[742.7188110351564, 400.0090637207032, 1.0], [763.7593994140625, 399.77087402343756, 1.0], [801.5368041992186, 424.3043823242188, 1.0], [806.7969360351564, 441.6922302246094, 1.0], [808.9488525390626, 449.3143005371094, 1.0], [794.6029663085938, 398.10354614257807, 1.0], [813.7307739257814, 420.0169677734375, 1.0], [808.2315673828124, 437.1666259765625, 1.0], [803.6886596679689, 437.4048156738282, 1.0], [784.0827026367189, 399.2944946289063, 1.0], [802.2540893554688, 426.20989990234375, 1.0], [798.90673828125, 442.88317871093744, 1.0], [793.8856811523438, 444.55050659179693, 1.0], [771.4105224609374, 405.48742675781244, 1.0], [790.0601196289061, 428.59179687499994, 1.0], [789.3428344726562, 444.7886962890625, 1.0], [783.6044921875, 443.83593749999994, 1.0], [759.216552734375, 411.9185180664062, 1.0], [774.0405883789062, 427.8772277832031, 1.0], [779.0616455078125, 439.5485229492187, 1.0], [780.2571411132811, 449.3143005371094, 1.0]], "head_box": [[609.0, 64.0], [703.0, 236.0]], "head_size": 172.0, "hand_box_center": [778.2247924804689, 423.70892333984375], "is_left": 0, "is_mpii": 1}