{"mpii_image": "067851707.jpg", "mpii_annorect_idx": 0, "mpii_body_pts": [[636.0, 714.0, 1.0], [638.0, 578.0, 1.0], [673.0, 479.0, 1.0], [814.0, 481.0, 1.0], [863.0, 524.0, 1.0], [876.0, 713.0, 1.0], [744.0, 480.0, 1.0], [725.0, 214.0, 1.0], [728.0, 230.0, 0.0], [681.0, 14.0, 0.0], [466.0, 336.0, 1.0], [561.0, 290.0, 1.0], [615.0, 220.0, 1.0], [834.0, 208.0, 1.0], [898.0, 268.0, 1.0], [983.0, 305.0, 1.0]], "hand_pts": [[454.69134521484375, 363.6919860839844, 1.0], [432.03921508789057, 347.1826782226563, 1.0], [444.17428588867193, 319.398712158203, 1.0], [446.60128784179693, 329.8680114746093, 1.0], [442.9607849121093, 338.7266845703125, 1.0], [414.2411193847656, 323.02270507812494, 1.0], [403.7240600585937, 341.1426696777345, 1.0], [408.98260498046875, 348.7933349609374, 1.0], [420.3086547851563, 354.0279846191407, 1.0], [404.9375915527343, 333.08935546874994, 1.0], [397.6565551757813, 359.6653137207031, 1.0], [413.8366394042968, 370.9399719238281, 1.0], [431.230224609375, 373.3559875488281, 1.0], [402.1060485839844, 358.85998535156256, 1.0], [399.2745361328125, 380.20129394531244, 1.0], [421.11767578125, 385.83862304687494, 1.0], [436.084228515625, 384.6306457519531, 1.0], [406.5555725097657, 375.3692932128906, 1.0], [402.1060485839844, 396.71063232421875, 1.0], [415.05014038085943, 398.32128906249994, 1.0], [426.78070068359375, 395.5026245117188, 1.0]], "head_box": [[624.0, 10.0], [786.0, 235.0]], "head_size": 225.0, "hand_box_center": [426.1739501953125, 358.86000061035145], "is_left": 0, "is_mpii": 1}