{"mpii_image": "067988497.jpg", "mpii_annorect_idx": 0, "mpii_body_pts": [[438.0, 256.0, 0.0], [657.0, 242.0, 0.0], [663.3117065429688, 241.76620483398438, 0.0], [839.6882934570312, 235.23379516601562, 0.0], [212.0, 297.0, 1.0], [336.0, 415.0, 1.0], [404.0, 272.0, 1.0], [472.0, 239.0, 0.0], [423.0, 338.0, 0.0], [313.0, 239.0, 1.0], [607.0, 555.0, 1.0], [584.0, 429.0, 1.0], [572.0, 278.0, 1.0], [741.0, 206.0, 0.0], [764.0, 390.0, 1.0], [795.0, 524.0, 1.0]], "hand_pts": [[611.4779052734375, 568.6712036132812, 1.0], [623.3191528320311, 559.555908203125, 1.0], [647.001708984375, 560.8964233398438, 1.0], [667.7238769531252, 562.7730712890627, 1.0], [670.9533081054686, 574.8374633789061, 1.0], [649.4237670898438, 577.5184326171877, 1.0], [667.1856689453125, 583.6846923828125, 1.0], [679.8342895507812, 597.3576660156248, 1.0], [686.2931518554688, 604.8643798828124, 1.0], [640.0045776367189, 582.6123046875, 1.0], [654.5370483398438, 591.9957275390626, 1.0], [667.9929809570314, 608.3496704101562, 1.0], [674.451904296875, 616.9287719726565, 1.0], [627.6250610351562, 589.3147583007812, 1.0], [637.58251953125, 598.6981201171876, 1.0], [645.1178588867186, 611.8348999023438, 1.0], [651.0385131835936, 621.2183227539062, 1.0], [616.8602905273438, 593.068115234375, 1.0], [625.2030029296877, 604.5963134765626, 1.0], [629.5089111328125, 609.6901245117188, 1.0], [634.6221923828124, 614.515869140625, 1.0]], "head_box": [[673.0, 161.0], [830.0, 316.0]], "head_size": 155.0, "hand_box_center": [648.8855285644531, 590.3871154785156], "is_left": 0, "is_mpii": 1}