{"mpii_image": "068062393.jpg", "mpii_annorect_idx": 0, "mpii_body_pts": [[875.0, 489.0, 0.0], [704.0, 454.0, 0.0], [698.3037109375, 446.0133972167969, 0.0], [612.6962890625, 325.9866027832031, 0.0], [1097.0, 326.0, 1.0], [1110.0, 506.0, 1.0], [905.0, 464.0, 0.0], [844.0, 513.0, 1.0], [1026.0, 558.0, 1.0], [1188.0, 548.0, 1.0], [627.0, 366.0, 0.0], [679.0, 415.0, 0.0], [733.0, 432.0, 0.0], [674.0, 476.0, 1.0], [775.0, 481.0, 1.0], [883.0, 464.0, 1.0]], "hand_pts": [[883.0, 464.0, 1.0], [902.5379638671875, 473.64282226562506, 1.0], [928.5046997070312, 470.50091552734375, 1.0], [939.9107055664064, 459.8667297363281, 1.0], [948.6471557617186, 447.29910278320307, 1.0], [928.0193481445312, 474.85125732421875, 1.0], [947.1911010742188, 458.1749572753906, 1.0], [955.6848754882814, 446.81573486328125, 1.0], [960.7811889648439, 438.84008789062506, 1.0], [922.437744140625, 469.53414916992193, 1.0], [939.4253540039061, 455.0330200195313, 1.0], [948.8898315429689, 441.25695800781244, 1.0], [956.4129638671875, 428.20593261718744, 1.0], [912.4878540039061, 462.28359985351557, 1.0], [927.7766723632814, 448.9909057617187, 1.0], [938.93994140625, 435.45651245117176, 1.0], [946.4630737304688, 425.0640258789063, 1.0], [905.9354858398438, 452.1328125, 1.0], [916.8560791015624, 444.8822326660156, 1.0], [923.651123046875, 438.5984191894531, 1.0], [931.1741943359375, 429.8977355957031, 1.0]], "head_box": [[598.0, 314.0], [713.0, 458.0]], "head_size": 144.0, "hand_box_center": [921.8905944824219, 449.9576416015625], "is_left": 1, "is_mpii": 1}