{"mpii_image": "068218317.jpg", "mpii_annorect_idx": 0, "mpii_body_pts": [[1019.0, 547.0, 1.0], [1089.0, 294.0, 1.0], [1100.731689453125, 279.9977111816406, 0.0], [1232.268310546875, 123.0022964477539, 0.0], [738.0, 802.0, 0.0], [831.0, 572.0, 1.0], [962.0, 548.0, 1.0], [1076.0, 545.0, 1.0], [1249.0, 416.0, 1.0], [1189.0, 643.0, 0.0], [881.0, 153.0, 1.0], [846.0, 189.0, 1.0], [971.0, 249.0, 1.0], [1207.0, 339.0, 1.0], [1300.0, 374.0, 1.0], [1386.0, 398.0, 1.0]], "hand_pts": [[881.0, 153.0, 1.0], [928.2921142578126, 121.93533325195311, 1.0], [950.703552246094, 137.92396545410153, 1.0], [958.9210815429688, 159.1182098388672, 1.0], [971.2473754882812, 171.01672363281247, 1.0], [943.2330932617189, 124.90996551513672, 1.0], [954.812316894531, 142.0140838623047, 1.0], [960.4151611328124, 151.68162536621094, 1.0], [967.1386108398438, 160.60552978515622, 1.0], [921.1951293945311, 126.02545166015625, 1.0], [937.6301879882812, 145.36054992675778, 1.0], [944.3536376953124, 158.74638366699216, 1.0], [941.7389526367189, 165.4393005371094, 1.0], [908.4953613281251, 134.5775146484375, 1.0], [919.7010498046875, 156.51541137695315, 1.0], [926.0509643554686, 168.41392517089838, 1.0], [920.0745849609376, 176.22233581542977, 1.0], [897.6631469726564, 150.566146850586, 1.0], [910.3629760742186, 173.99136352539062, 1.0], [898.0366821289061, 173.2476959228515, 1.0], [893.5543823242188, 166.1829528808594, 1.0]], "head_box": [[1094.0, 96.0], [1239.0, 307.0]], "head_size": 211.0, "hand_box_center": [926.1236877441406, 149.07883453369143], "is_left": 0, "is_mpii": 1}