{"mpii_image": "068320831.jpg", "mpii_annorect_idx": 0, "mpii_body_pts": [[884.0, 360.0, 0.0], [724.0, 313.0, 0.0], [717.2348022460938, 310.45208740234375, 0.0], [576.7651977539062, 257.54791259765625, 0.0], [739.0, 628.0, 0.0], [774.0, 479.0, 1.0], [841.0, 355.0, 0.0], [927.0, 365.0, 1.0], [888.0, 555.0, 1.0], [890.0, 714.0, 1.0], [745.0, 458.0, 1.0], [725.0, 369.0, 1.0], [688.0, 295.0, 0.0], [760.0, 330.0, 1.0], [832.0, 431.0, 1.0], [865.0, 526.0, 1.0]], "hand_pts": [[742.156005859375, 457.1242980957032, 1.0], [759.843994140625, 472.9656677246094, 1.0], [762.2023925781252, 489.1003723144532, 1.0], [762.4971313476564, 502.5948791503906, 1.0], [761.6127929687501, 512.2756958007812, 1.0], [739.5028686523438, 495.847625732422, 1.0], [740.9768066406251, 504.9417419433594, 1.0], [749.8208007812499, 509.63549804687494, 1.0], [754.2427978515625, 503.7683105468749, 1.0], [735.3756713867188, 493.7941284179687, 1.0], [738.9132690429686, 503.4749450683594, 1.0], [748.052001953125, 504.9417419433594, 1.0], [753.947998046875, 501.1280822753906, 1.0], [731.5432739257812, 491.74060058593756, 1.0], [736.8496704101562, 501.42144775390625, 1.0], [745.3988037109375, 503.7683105468749, 1.0], [751.2947998046876, 498.1944885253907, 1.0], [730.6588745117189, 489.98046874999994, 1.0], [735.0808715820314, 498.1944885253907, 1.0], [742.74560546875, 502.00814819335943, 1.0], [750.1156005859374, 498.4878540039063, 1.0]], "head_box": [[592.0, 208.0], [702.0, 360.0]], "head_size": 152.0, "hand_box_center": [746.5780029296876, 484.6999969482422], "is_left": 0, "is_mpii": 1}