{"mpii_image": "068444905.jpg", "mpii_annorect_idx": 0, "mpii_body_pts": [[414.0, 879.0, 0.0], [376.0, 1031.0, 1.0], [407.0, 755.0, 0.0], [606.0, 745.0, 0.0], [764.0, 969.0, 1.0], [572.0, 842.0, 0.0], [507.0, 750.0, 0.0], [547.0, 384.0, 1.0], [552.0, 338.0, 0.0], [585.0, 46.0, 0.0], [441.0, 842.0, 1.0], [352.0, 668.0, 1.0], [367.0, 379.0, 1.0], [727.0, 389.0, 1.0], [721.0, 631.0, 1.0], [714.0, 758.0, 1.0]], "hand_pts": [[714.0, 758.0, 1.0], [694.5881958007812, 782.3594970703125, 1.0], [683.5488281249999, 802.8453369140625, 1.0], [693.5846557617188, 836.3222656249998, 1.0], [705.1257934570314, 867.8005981445311, 1.0], [733.7279052734375, 797.8488159179688, 1.0], [765.8425292968749, 832.3250122070312, 1.0], [767.8496704101562, 867.3009033203125, 1.0], [764.8389282226562, 892.2836914062501, 1.0], [743.7637329101565, 800.3470458984373, 1.0], [773.369384765625, 832.3250122070312, 1.0], [773.8711547851561, 867.3009033203125, 1.0], [770.3586425781251, 896.2809448242188, 1.0], [754.3013305664064, 809.3408813476564, 1.0], [776.8818969726564, 851.3119506835936, 1.0], [781.8998413085939, 876.2947387695315, 1.0], [775.8783569335939, 894.7819824218751, 1.0], [759.3192138671875, 816.3360595703125, 1.0], [772.3657836914061, 846.3153686523438, 1.0], [769.8568725585939, 864.302978515625, 1.0], [768.8532714843749, 879.7922973632812, 1.0]], "head_box": [[467.0, 40.0], [671.0, 345.0]], "head_size": 305.0, "hand_box_center": [732.7243347167969, 827.1404724121094], "is_left": 1, "is_mpii": 1}