{"mpii_image": "068641234.jpg", "mpii_annorect_idx": 0, "mpii_body_pts": [[484.0, 457.0, 0.0], [543.0, 160.0, 1.0], [535.0137939453125, 129.4114990234375, 0.0], [497.9862060546875, -12.411499977111816, 0.0], [5.0, 661.0, 0.0], [185.0, 522.0, 1.0], [417.0, 444.0, 1.0], [551.0, 470.0, 0.0], [262.0, 537.0, 1.0], [57.0, 694.0, 0.0], [338.0, 381.0, 1.0], [332.0, 322.0, 0.0], [444.0, 156.0, 1.0], [642.0, 164.0, 1.0], [559.0, 346.0, 1.0], [377.0, 348.0, 1.0]], "hand_pts": [[380.2734069824219, 343.67715454101557, 1.0], [359.1556396484375, 320.2603149414062, 1.0], [341.51293945312494, 308.5518798828125, 1.0], [307.02944946289057, 305.6247863769532, 1.0], [292.05990600585943, 310.94677734375, 1.0], [311.0391540527343, 290.45706176757807, 1.0], [285.6443786621094, 297.3756713867188, 1.0], [278.1595764160156, 316.002685546875, 1.0], [277.09033203124994, 324.78399658203125, 1.0], [319.32589721679693, 290.45706176757807, 1.0], [289.386749267578, 297.6417541503906, 1.0], [282.9712219238281, 315.4704895019531, 1.0], [281.3673400878906, 329.5738220214844, 1.0], [321.4644165039063, 293.6502685546875, 1.0], [304.8909606933595, 300.5688781738282, 1.0], [290.9906311035156, 316.800994873047, 1.0], [284.3078002929688, 331.9687194824218, 1.0], [323.0682983398438, 301.3671569824219, 1.0], [311.0391540527343, 309.0840759277344, 1.0], [296.60421752929693, 319.19589233398443, 1.0], [288.5848083496094, 329.5738220214844, 1.0]], "head_box": [[446.0, 0.0], [587.0, 117.0]], "head_size": 117.0, "hand_box_center": [328.68186950683594, 317.0671081542968], "is_left": 1, "is_mpii": 1}