{"mpii_image": "068910908.jpg", "mpii_annorect_idx": 0, "mpii_body_pts": [[575.0, 391.0, 0.0], [738.0, 227.0, 0.0], [776.6727294921875, 182.59010314941406, 0.0], [881.3272705078125, 62.4099006652832, 0.0], [570.0, 714.0, 1.0], [632.0, 578.0, 1.0], [545.0, 402.0, 1.0], [605.0, 379.0, 0.0], [737.0, 477.0, 1.0], [712.0, 630.0, 1.0], [818.0, 483.0, 1.0], [760.0, 381.0, 1.0], [760.0, 235.0, 1.0], [716.0, 218.0, 0.0], [683.0, 309.0, 0.0], [661.0, 388.0, 0.0]], "hand_pts": [[815.201416015625, 481.9207458496093, 1.0], [835.8359375, 486.26037597656244, 1.0], [848.9141845703126, 498.7006225585937, 1.0], [859.3767700195314, 512.58740234375, 1.0], [859.6673583984374, 525.0276489257811, 1.0], [852.6923217773439, 503.040252685547, 1.0], [860.5392456054686, 516.6377563476564, 1.0], [859.6673583984374, 526.7635498046875, 1.0], [857.342346191406, 532.8389892578126, 1.0], [849.204772949219, 512.58740234375, 1.0], [855.598571777344, 526.7635498046875, 1.0], [854.7267456054688, 536.6000366210939, 1.0], [848.3329467773438, 542.6754760742189, 1.0], [839.9047241210938, 520.3987426757814, 1.0], [844.5547485351564, 535.4427490234374, 1.0], [839.9047241210938, 543.5433959960939, 1.0], [834.9640502929686, 548.17236328125, 1.0], [827.4077758789062, 525.0276489257811, 1.0], [830.6046752929688, 539.7824096679689, 1.0], [830.0233764648439, 544.1220092773439, 1.0], [826.5358886718751, 548.7509765625001, 1.0]], "head_box": [[769.0, 43.0], [889.0, 202.0]], "head_size": 159.0, "hand_box_center": [837.8703308105469, 515.3358612060547], "is_left": 0, "is_mpii": 1}