{"mpii_image": "069186391.jpg", "mpii_annorect_idx": 3, "mpii_body_pts": [[1137.0, 859.0, 0.0], [1165.0, 782.0, 1.0], [1167.9892578125, 770.69921875, 0.0], [1203.0107421875, 638.30078125, 0.0], [1054.0, 465.0, 1.0], [1064.0, 638.0, 1.0], [1095.0, 860.0, 0.0], [1179.0, 857.0, 0.0], [1153.0, 826.0, 0.0], [1124.0, 797.0, 0.0], [1160.0, 980.0, 1.0], [1083.0, 937.0, 1.0], [1083.0, 780.0, 1.0], [1246.0, 783.0, 1.0], [1239.0, 917.0, 1.0], [1266.0, 975.0, 1.0]], "hand_pts": [[1266.0, 975.0, 1.0], [1254.0839843749998, 982.9590454101562, 1.0], [1246.1243896484373, 996.01318359375, 1.0], [1253.849853515625, 1006.0369262695312, 1.0], [1264.1505126953123, 1016.52685546875, 1.0], [1270.9395751953127, 1000.4422607421874, 1.0], [1276.08984375, 1010.9322509765625, 1.0], [1280.0697021484375, 1018.6248779296877, 1.0], [1285.6882324218748, 1025.3850097656252, 1.0], [1282.1766357421877, 1000.9085083007812, 1.0], [1286.6246337890625, 1010.4660034179686, 1.0], [1291.3067626953125, 1017.925537109375, 1.0], [1296.2230224609375, 1025.8511962890623, 1.0], [1291.5408935546875, 999.5098266601564, 1.0], [1296.2230224609375, 1010.4660034179686, 1.0], [1299.2663574218752, 1017.6923828125, 1.0], [1302.309814453125, 1024.9188232421877, 1.0], [1299.2663574218752, 1000.6754150390626, 1.0], [1305.1190185546873, 1008.8342285156249, 1.0], [1308.3964843749998, 1013.9626464843748, 1.0], [1311.4399414062502, 1019.5573120117186, 1.0]], "head_box": [[1140.0, 632.0], [1231.0, 777.0]], "head_size": 145.0, "hand_box_center": [1278.7821655273438, 1000.4255981445311], "is_left": 1, "is_mpii": 1}