{"mpii_image": "069186391.jpg", "mpii_annorect_idx": 3, "mpii_body_pts": [[1137.0, 859.0, 0.0], [1165.0, 782.0, 1.0], [1167.9892578125, 770.69921875, 0.0], [1203.0107421875, 638.30078125, 0.0], [1054.0, 465.0, 1.0], [1064.0, 638.0, 1.0], [1095.0, 860.0, 0.0], [1179.0, 857.0, 0.0], [1153.0, 826.0, 0.0], [1124.0, 797.0, 0.0], [1160.0, 980.0, 1.0], [1083.0, 937.0, 1.0], [1083.0, 780.0, 1.0], [1246.0, 783.0, 1.0], [1239.0, 917.0, 1.0], [1266.0, 975.0, 1.0]], "hand_pts": [[1152.4824218749998, 978.4417114257811, 1.0], [1174.9918212890625, 977.7188110351564, 1.0], [1197.7431640625, 987.3576660156248, 1.0], [1205.48828125, 999.88818359375, 1.0], [1207.9086914062505, 1011.9367065429688, 1.0], [1193.8706054687502, 998.9242553710938, 1.0], [1196.291015625, 1006.8763427734375, 1.0], [1201.3736572265625, 1017.9609985351562, 1.0], [1204.5201416015625, 1025.4311523437502, 1.0], [1181.0427246093748, 1002.056884765625, 1.0], [1185.157348632812, 1010.2499389648439, 1.0], [1192.1763916015625, 1020.1297607421876, 1.0], [1194.8387451171875, 1026.8769531250002, 1.0], [1167.9727783203125, 1003.9846801757812, 1.0], [1174.0236816406252, 1011.695739746094, 1.0], [1179.1064453124998, 1019.4068603515625, 1.0], [1184.4311523437502, 1027.599853515625, 1.0], [1156.1130371093748, 1005.1895141601564, 1.0], [1158.5333251953123, 1011.9367065429688, 1.0], [1161.1958007812502, 1017.2380981445312, 1.0], [1164.1002197265625, 1022.0574951171875, 1.0]], "head_box": [[1140.0, 632.0], [1231.0, 777.0]], "head_size": 145.0, "hand_box_center": [1180.195556640625, 1002.6593322753906], "is_left": 0, "is_mpii": 1}