{"mpii_image": "069280120.jpg", "mpii_annorect_idx": 1, "mpii_body_pts": [[1267.0, 853.0, 0.0], [1230.0, 571.0, 0.0], [1254.166015625, 531.2429809570312, 0.0], [1329.833984375, 406.7569885253906, 0.0], [1813.0, 902.0, 0.0], [1526.0, 801.0, 1.0], [1242.0, 856.0, 0.0], [1292.0, 849.0, 0.0], [1550.0, 803.0, 0.0], [1832.0, 892.0, 0.0], [1247.0, 326.0, 1.0], [1196.0, 473.0, 1.0], [1194.0, 565.0, 1.0], [1266.0, 577.0, 0.0], [1239.0, 697.0, 0.0], [1393.0, 774.0, 0.0]], "hand_pts": [[1253.8497314453125, 306.4609069824219, 1.0], [1269.1002197265625, 300.1336975097657, 1.0], [1288.1633300781245, 281.1520080566406, 1.0], [1298.9658203125, 259.0067138671874, 1.0], [1311.0390625, 246.35227966308597, 1.0], [1274.019287109375, 246.95506286621094, 1.0], [1278.7252197265627, 223.99427795410156, 1.0], [1279.9017333984375, 215.32539367675778, 1.0], [1279.4311523437502, 204.78218078613278, 1.0], [1263.9165039062505, 244.6516265869141, 1.0], [1264.5001220703123, 218.79156494140622, 1.0], [1265.3756103515625, 206.00682067871094, 1.0], [1265.3756103515625, 196.1277008056641, 1.0], [1257.35693359375, 243.41360473632807, 1.0], [1256.0760498046875, 221.30702209472656, 1.0], [1257.35693359375, 206.42759704589844, 1.0], [1258.2108154296877, 196.22454833984375, 1.0], [1246.8840332031248, 243.75399780273443, 1.0], [1245.3890380859373, 227.3791961669922, 1.0], [1244.3836669921875, 216.86993408203128, 1.0], [1246.6466064453125, 204.70260620117185, 1.0]], "head_box": [[1235.0, 398.0], [1349.0, 540.0]], "head_size": 142.0, "hand_box_center": [1277.7113647460938, 251.29430389404297], "is_left": 0, "is_mpii": 1}