{"mpii_image": "069280120.jpg", "mpii_annorect_idx": 0, "mpii_body_pts": [[525.0, 979.0, 0.0], [529.0, 650.0, 0.0], [529.3751831054688, 597.4725952148438, 0.0], [530.6248168945312, 422.52740478515625, 0.0], [986.0, 1060.0, 0.0], [829.0, 911.0, 1.0], [480.0, 988.0, 0.0], [570.0, 970.0, 0.0], [893.0, 896.0, 1.0], [1047.0, 1050.0, 0.0], [629.0, 891.0, 1.0], [427.0, 878.0, 1.0], [462.0, 706.0, 1.0], [596.0, 593.0, 0.0], [655.0, 457.0, 1.0], [701.0, 329.0, 1.0]], "hand_pts": [[701.0, 329.0, 1.0], [712.2579956054686, 321.7187194824218, 1.0], [723.6222534179686, 310.40280151367193, 1.0], [737.6780395507815, 285.0909423828125, 1.0], [746.0516967773438, 265.1392517089843, 1.0], [718.2391967773439, 263.6502990722656, 1.0], [726.0147094726564, 234.46720886230474, 1.0], [732.89306640625, 210.04870605468753, 1.0], [736.1827392578127, 201.4128875732422, 1.0], [711.0617675781251, 266.92596435546875, 1.0], [717.9401245117186, 234.16943359374997, 1.0], [726.0147094726564, 207.9642028808594, 1.0], [729.3043823242188, 192.77708435058594, 1.0], [705.3796386718751, 269.9038391113281, 1.0], [713.1551513671876, 238.0406494140625, 1.0], [717.3419799804686, 215.70664978027344, 1.0], [718.8372802734374, 201.7106781005859, 1.0], [703.5852661132811, 263.35250854492193, 1.0], [707.1740112304689, 246.97425842285153, 1.0], [710.463623046875, 230.5959930419922, 1.0], [712.2579956054686, 220.7690277099609, 1.0]], "head_box": [[460.0, 426.0], [600.0, 594.0]], "head_size": 168.0, "hand_box_center": [723.5258483886719, 260.88854217529297], "is_left": 1, "is_mpii": 1}