{"mpii_image": "069280120.jpg", "mpii_annorect_idx": 1, "mpii_body_pts": [[1267.0, 853.0, 0.0], [1230.0, 571.0, 0.0], [1254.166015625, 531.2429809570312, 0.0], [1329.833984375, 406.7569885253906, 0.0], [1813.0, 902.0, 0.0], [1526.0, 801.0, 1.0], [1242.0, 856.0, 0.0], [1292.0, 849.0, 0.0], [1550.0, 803.0, 0.0], [1832.0, 892.0, 0.0], [1247.0, 326.0, 1.0], [1196.0, 473.0, 1.0], [1194.0, 565.0, 1.0], [1266.0, 577.0, 0.0], [1239.0, 697.0, 0.0], [1393.0, 774.0, 0.0]], "hand_pts": [[1393.0, 774.0, 1.0], [1402.4688720703125, 787.0574340820311, 1.0], [1401.2237548828125, 798.2158203125, 1.0], [1371.0919189453123, 802.9271850585938, 1.0], [1355.4033203124998, 812.3497924804686, 1.0], [1399.2315673828127, 759.2854003906251, 1.0], [1370.8428955078123, 769.4519653320311, 1.0], [1355.9013671875002, 782.5940551757812, 1.0], [1350.9208984375, 795.4882202148438, 1.0], [1386.5313720703123, 743.9116210937498, 1.0], [1362.8740234374998, 762.7568969726564, 1.0], [1349.9248046875, 773.9153442382814, 1.0], [1344.197265625, 789.7850341796877, 1.0], [1377.0684814453125, 736.47265625, 1.0], [1349.4267578125002, 750.8546142578125, 1.0], [1334.734375, 768.7080688476564, 1.0], [1336.9755859375002, 783.8339233398438, 1.0], [1365.862426757812, 745.6473388671876, 1.0], [1339.9638671875002, 748.6229248046874, 1.0], [1331.2480468749998, 763.5007934570314, 1.0], [1332.4931640625, 778.6266479492188, 1.0]], "head_box": [[1235.0, 398.0], [1349.0, 540.0]], "head_size": 142.0, "hand_box_center": [1366.8584594726562, 774.4112243652344], "is_left": 1, "is_mpii": 1}