{"mpii_image": "069318700.jpg", "mpii_annorect_idx": 1, "mpii_body_pts": [[444.0, 531.0, 0.0], [487.0, 222.0, 0.0], [485.3741149902344, 236.44520568847656, 0.0], [514.6259155273438, -23.445199966430664, 0.0], [706.0, 611.0, 1.0], [491.0, 532.0, 1.0], [386.0, 559.0, 1.0], [501.0, 503.0, 0.0], [659.0, 421.0, 1.0], [758.0, 557.0, 1.0], [673.0, 187.0, 1.0], [613.0, 297.0, 1.0], [468.0, 222.0, 1.0], [506.0, 222.0, 0.0], [630.0, 328.0, 0.0], [663.0, 189.0, 0.0]], "hand_pts": [[673.7948608398439, 190.75205993652344, 1.0], [651.4075317382812, 178.36372375488276, 1.0], [639.3846435546876, 158.54238891601565, 1.0], [638.9700927734375, 143.26344299316403, 1.0], [643.5304565429688, 130.87510681152347, 1.0], [649.3345947265625, 131.70100402832028, 1.0], [661.7720336914062, 105.27255249023438, 1.0], [670.892822265625, 109.40200042724611, 1.0], [675.0386352539062, 116.00910949707033, 1.0], [663.0158081054686, 134.17866516113273, 1.0], [674.6240234375, 106.51138305664061, 1.0], [682.0864868164062, 106.09844207763669, 1.0], [686.2322998046874, 110.64083099365233, 1.0], [681.6719360351564, 138.72105407714838, 1.0], [691.207275390625, 113.11849975585938, 1.0], [695.7677001953124, 122.61621856689452, 1.0], [695.7677001953124, 127.15860748291016, 1.0], [703.2301635742188, 149.45761108398443, 1.0], [716.4967041015625, 125.50682830810547, 1.0], [721.8862915039061, 124.26799774169922, 1.0], [720.2279663085938, 130.04922485351562, 1.0]], "head_box": [[376.0, 0.0], [624.0, 213.0]], "head_size": 213.0, "hand_box_center": [680.4281921386719, 148.0123062133789], "is_left": 0, "is_mpii": 1}