{"mpii_image": "069342580.jpg", "mpii_annorect_idx": 0, "mpii_body_pts": [[1322.0, 507.0, 0.0], [1194.0, 242.0, 1.0], [1169.289794921875, 198.60279846191406, 0.0], [1058.710205078125, 4.397200107574463, 0.0], [1239.0, 677.0, 1.0], [1034.0, 615.0, 1.0], [1232.0, 513.0, 0.0], [1412.0, 500.0, 0.0], [1360.0, 522.0, 1.0], [1301.0, 854.0, 1.0], [944.0, 690.0, 1.0], [975.0, 476.0, 1.0], [1028.0, 274.0, 1.0], [1360.0, 209.0, 1.0], [1530.0, 432.0, 1.0], [1462.0, 637.0, 1.0]], "hand_pts": [[935.2659912109375, 702.3375244140623, 1.0], [959.8312377929685, 711.7001953125, 1.0], [966.7754516601565, 750.5759887695314, 1.0], [967.4367675781251, 781.5447998046875, 1.0], [962.4766845703126, 802.9594726562501, 1.0], [924.3115844726562, 735.6696166992186, 1.0], [910.1004028320312, 772.5414428710938, 1.0], [908.6200561523438, 801.1539306640626, 1.0], [912.4689331054686, 819.1473388671876, 1.0], [901.5145263671876, 733.309814453125, 1.0], [891.3816528320311, 778.250244140625, 1.0], [899.9791870117188, 809.8780517578126, 1.0], [905.6006469726564, 826.6802978515625, 1.0], [886.4151611328124, 730.9500122070312, 1.0], [880.800048828125, 777.5913696289062, 1.0], [889.9679565429686, 808.8232421874999, 1.0], [894.7050170898438, 823.2769775390627, 1.0], [877.162658691406, 742.0101318359374, 1.0], [871.871826171875, 775.6146240234374, 1.0], [876.1705932617189, 794.0641479492188, 1.0], [880.1387329101565, 808.2307739257814, 1.0]], "head_box": [[1017.0, 1.0], [1211.0, 202.0]], "head_size": 201.0, "hand_box_center": [919.654296875, 764.5089111328124], "is_left": 0, "is_mpii": 1}