{"mpii_image": "069530568.jpg", "mpii_annorect_idx": 0, "mpii_body_pts": [[860.0, 482.0, 1.0], [868.0, 364.0, 1.0], [858.260009765625, 424.8750915527344, 0.0], [893.739990234375, 203.12489318847656, 0.0], [823.0, 1021.0, 0.0], [795.0, 724.0, 1.0], [804.0, 479.0, 1.0], [916.0, 485.0, 1.0], [938.0, 721.0, 1.0], [963.0, 1028.0, 1.0], [606.0, 575.0, 0.0], [637.0, 454.0, 1.0], [733.0, 373.0, 1.0], [1003.0, 355.0, 1.0], [1046.0, 429.0, 1.0], [1071.0, 547.0, 0.0]], "hand_pts": [[1064.3662109374998, 546.7439575195314, 1.0], [1042.1290283203123, 548.2452392578126, 1.0], [1021.7763061523439, 550.1218872070314, 1.0], [997.654541015625, 561.3817138671876, 1.0], [982.5784912109376, 563.25830078125, 1.0], [1031.5756835937502, 538.4867553710939, 1.0], [1027.4298095703125, 575.2687988281251, 1.0], [1031.5756835937502, 585.7779541015625, 1.0], [1035.7216796875002, 583.150634765625, 1.0], [1047.0286865234375, 541.8646850585938, 1.0], [1043.2596435546875, 579.3973999023438, 1.0], [1047.4056396484377, 582.7753295898439, 1.0], [1048.9132080078123, 574.142822265625, 1.0], [1062.4816894531252, 540.7387084960939, 1.0], [1060.5971679687502, 578.2714233398439, 1.0], [1062.1047363281248, 580.8986816406251, 1.0], [1064.7430419921875, 571.890869140625, 1.0], [1080.5729980468748, 545.6179809570314, 1.0], [1075.6732177734373, 577.1454467773439, 1.0], [1079.0653076171875, 573.3921508789061, 1.0], [1079.8192138671875, 568.8882446289062, 1.0]], "head_box": [[800.0, 196.0], [952.0, 432.0]], "head_size": 236.0, "hand_box_center": [1031.5757446289062, 562.1323547363281], "is_left": 1, "is_mpii": 1}