{"mpii_image": "069530568.jpg", "mpii_annorect_idx": 0, "mpii_body_pts": [[860.0, 482.0, 1.0], [868.0, 364.0, 1.0], [858.260009765625, 424.8750915527344, 0.0], [893.739990234375, 203.12489318847656, 0.0], [823.0, 1021.0, 0.0], [795.0, 724.0, 1.0], [804.0, 479.0, 1.0], [916.0, 485.0, 1.0], [938.0, 721.0, 1.0], [963.0, 1028.0, 1.0], [606.0, 575.0, 0.0], [637.0, 454.0, 1.0], [733.0, 373.0, 1.0], [1003.0, 355.0, 1.0], [1046.0, 429.0, 1.0], [1071.0, 547.0, 0.0]], "hand_pts": [[614.9757690429688, 574.8831176757812, 1.0], [635.5775756835938, 570.248291015625, 1.0], [667.4771118164061, 581.83544921875, 1.0], [681.7655029296876, 588.1256103515625, 1.0], [691.0695190429686, 594.7468872070314, 1.0], [638.9004516601564, 566.2755126953125, 1.0], [645.2139282226564, 607.9893798828125, 1.0], [652.1919555664064, 607.3272705078125, 1.0], [653.5210571289061, 599.7128295898438, 1.0], [619.6278076171876, 570.910400390625, 1.0], [627.6027221679688, 609.9757690429688, 1.0], [635.9098510742188, 607.6583251953124, 1.0], [634.9130249023438, 600.3749389648439, 1.0], [603.013427734375, 575.2141723632814, 1.0], [612.6497802734376, 611.9620971679686, 1.0], [621.2892456054688, 610.3068237304686, 1.0], [619.9600830078125, 602.6923828125, 1.0], [587.0636596679688, 579.5180053710939, 1.0], [598.6937255859375, 610.6378784179688, 1.0], [605.0072021484374, 607.9893798828125, 1.0], [603.6780395507815, 602.0302734375, 1.0]], "head_box": [[800.0, 196.0], [952.0, 432.0]], "head_size": 236.0, "hand_box_center": [639.0665893554688, 589.1188049316406], "is_left": 0, "is_mpii": 1}