{"mpii_image": "069823299.jpg", "mpii_annorect_idx": 0, "mpii_body_pts": [[987.0, 591.0, 1.0], [998.0, 355.0, 1.0], [998.924072265625, 339.20599365234375, 0.0], [1008.075927734375, 182.79400634765625, 0.0], [932.0, 897.0, 0.0], [864.0, 722.0, 1.0], [929.0, 548.0, 1.0], [1044.0, 634.0, 1.0], [1038.0, 773.0, 1.0], [1041.0, 1039.0, 1.0], [816.0, 542.0, 1.0], [849.0, 453.0, 1.0], [896.0, 356.0, 1.0], [1100.0, 353.0, 1.0], [1112.0, 501.0, 1.0], [1109.0, 586.0, 1.0]], "hand_pts": [[1109.0, 586.0, 1.0], [1087.2093505859375, 588.1265258789061, 1.0], [1064.7713623046875, 608.1609497070312, 1.0], [1065.0292968749998, 626.6542358398438, 1.0], [1054.4549560546875, 638.2125854492188, 1.0], [1073.0244140624998, 596.3457641601562, 1.0], [1068.124145507812, 623.0583496093751, 1.0], [1071.7348632812502, 635.6440429687501, 1.0], [1077.1510009765623, 643.86328125, 1.0], [1084.372436523437, 602.5101928710938, 1.0], [1082.05126953125, 626.3973999023438, 1.0], [1085.1461181640625, 641.2947998046876, 1.0], [1091.3359375, 646.1749877929688, 1.0], [1099.0732421874998, 606.3629760742186, 1.0], [1097.5257568359375, 626.1405639648438, 1.0], [1097.267822265625, 641.0379638671875, 1.0], [1099.5889892578123, 650.2846069335939, 1.0], [1114.0318603515625, 615.0959472656251, 1.0], [1109.3895263671875, 631.534423828125, 1.0], [1107.8420410156248, 640.7810668945311, 1.0], [1107.5842285156245, 648.2297973632814, 1.0]], "head_box": [[943.0, 184.0], [1064.0, 338.0]], "head_size": 154.0, "hand_box_center": [1084.243408203125, 618.1423034667969], "is_left": 1, "is_mpii": 1}