{"mpii_image": "069823299.jpg", "mpii_annorect_idx": 0, "mpii_body_pts": [[987.0, 591.0, 1.0], [998.0, 355.0, 1.0], [998.924072265625, 339.20599365234375, 0.0], [1008.075927734375, 182.79400634765625, 0.0], [932.0, 897.0, 0.0], [864.0, 722.0, 1.0], [929.0, 548.0, 1.0], [1044.0, 634.0, 1.0], [1038.0, 773.0, 1.0], [1041.0, 1039.0, 1.0], [816.0, 542.0, 1.0], [849.0, 453.0, 1.0], [896.0, 356.0, 1.0], [1100.0, 353.0, 1.0], [1112.0, 501.0, 1.0], [1109.0, 586.0, 1.0]], "hand_pts": [[806.7483520507814, 564.2337036132814, 1.0], [823.1726684570312, 577.1483154296876, 1.0], [822.7404174804686, 593.937316894531, 1.0], [816.2571411132811, 602.7623291015624, 1.0], [809.1255493164062, 606.2062377929686, 1.0], [833.329833984375, 580.3769531249999, 1.0], [828.5753784179689, 601.9013671874999, 1.0], [820.1471557617186, 614.3854980468751, 1.0], [811.0704956054688, 613.3092651367186, 1.0], [815.6088256835938, 577.7940673828125, 1.0], [811.0704956054688, 608.3586425781251, 1.0], [801.993896484375, 621.7037963867189, 1.0], [801.7778320312501, 610.0806274414061, 1.0], [802.2100219726564, 579.7312622070312, 1.0], [797.6717529296877, 599.7489013671877, 1.0], [794.8623046874999, 612.2330322265627, 1.0], [797.455627441406, 604.2690429687501, 1.0], [787.5145874023438, 578.8702392578126, 1.0], [785.1373901367188, 601.0403442382814, 1.0], [785.3534545898438, 610.0806274414061, 1.0], [787.94677734375, 602.1165771484375, 1.0]], "head_box": [[943.0, 184.0], [1064.0, 338.0]], "head_size": 154.0, "hand_box_center": [809.2336120605469, 592.9687500000001], "is_left": 0, "is_mpii": 1}