{"mpii_image": "069963957.jpg", "mpii_annorect_idx": 1, "mpii_body_pts": [[1144.0, 258.0, 1.0], [1002.0, 109.0, 1.0], [1008.4227905273438, 114.8761978149414, 0.0], [901.5772094726562, 17.12380027770996, 0.0], [1035.0, 648.0, 1.0], [1033.0, 427.0, 0.0], [1089.0, 264.0, 1.0], [1198.0, 251.0, 1.0], [1140.0, 462.0, 0.0], [1149.0, 657.0, 0.0], [1014.0, 381.0, 1.0], [958.0, 257.0, 1.0], [923.0, 123.0, 1.0], [1080.0, 94.0, 1.0], [1153.0, 268.0, 1.0], [1128.0, 415.0, 1.0]], "hand_pts": [[1129.7967529296877, 413.99353027343744, 1.0], [1106.197265625, 433.4605407714843, 1.0], [1090.9409179687502, 454.11456298828125, 1.0], [1084.0279541015627, 473.58154296874994, 1.0], [1084.2663574218752, 490.67453002929693, 1.0], [1092.1328124999998, 455.77636718749994, 1.0], [1083.5511474609375, 481.6532287597657, 1.0], [1085.9349365234373, 491.6241455078125, 1.0], [1093.801513671875, 498.03399658203125, 1.0], [1104.5285644531252, 457.2007751464843, 1.0], [1094.2783203124998, 487.8256835937501, 1.0], [1098.8074951171875, 500.17062377929693, 1.0], [1105.2437744140625, 506.5805053710937, 1.0], [1118.354614257812, 455.77636718749994, 1.0], [1110.2496337890627, 486.4012756347657, 1.0], [1111.2032470703123, 498.9836120605469, 1.0], [1115.017333984375, 508.2423095703125, 1.0], [1128.128173828125, 471.91973876953125, 1.0], [1124.0756835937502, 488.06311035156244, 1.0], [1123.598876953125, 498.7462158203125, 1.0], [1122.4069824218752, 504.9186706542969, 1.0]], "head_box": [[891.0, 2.0], [1019.0, 130.0]], "head_size": 128.0, "hand_box_center": [1106.6739501953125, 461.117919921875], "is_left": 1, "is_mpii": 1}