{"mpii_image": "070028443.jpg", "mpii_annorect_idx": 0, "mpii_body_pts": [[1326.0, 596.0, 1.0], [1198.0, 471.0, 0.0], [1170.091064453125, 444.0032043457031, 0.0], [1072.908935546875, 349.9967956542969, 0.0], [904.0, 613.0, 1.0], [1101.0, 563.0, 1.0], [1274.0, 593.0, 1.0], [1378.0, 598.0, 1.0], [1524.0, 734.0, 1.0], [1680.0, 669.0, 0.0], [1219.0, 664.0, 0.0], [1189.0, 563.0, 0.0], [1164.0, 442.0, 0.0], [1232.0, 500.0, 1.0], [1222.0, 644.0, 1.0], [1219.0, 785.0, 1.0]], "hand_pts": [[1217.6549072265623, 772.3295898437499, 1.0], [1208.752197265625, 776.3193969726564, 1.0], [1202.0751953125, 779.6441650390625, 1.0], [1195.175537109375, 780.5308227539061, 1.0], [1186.718017578125, 783.1906738281251, 1.0], [1205.8587646484375, 797.1549072265626, 1.0], [1200.072021484375, 807.7943725585941, 1.0], [1197.4012451171875, 815.99560546875, 1.0], [1193.6176757812505, 824.64013671875, 1.0], [1214.3164062499998, 802.6962890625, 1.0], [1215.2066650390627, 814.6656494140624, 1.0], [1215.42919921875, 822.423583984375, 1.0], [1215.8743896484373, 830.8464965820311, 1.0], [1227.2252197265627, 802.0313110351562, 1.0], [1233.2346191406252, 816.2172241210936, 1.0], [1237.24072265625, 820.8720092773439, 1.0], [1241.6921386718745, 828.1866455078126, 1.0], [1235.9053955078125, 798.48486328125, 1.0], [1244.3629150390623, 806.6860961914061, 1.0], [1250.149658203125, 812.2274780273439, 1.0], [1256.6041259765623, 816.4389038085938, 1.0]], "head_box": [[1070.0, 330.0], [1173.0, 464.0]], "head_size": 134.0, "hand_box_center": [1221.6610717773438, 801.5880432128905], "is_left": 1, "is_mpii": 1}