{"mpii_image": "070173827.jpg", "mpii_annorect_idx": 1, "mpii_body_pts": [[917.0, 464.0, 0.0], [1211.0, 529.0, 0.0], [1198.358642578125, 531.7332763671875, 0.0], [1334.641357421875, 502.2666931152344, 0.0], [735.0, 254.0, 1.0], [849.0, 254.0, 1.0], [882.0, 468.0, 0.0], [952.0, 460.0, 1.0], [731.0, 323.0, 1.0], [447.0, 273.0, 1.0], [1019.0, 323.0, 1.0], [1024.0, 446.0, 0.0], [1183.0, 533.0, 0.0], [1238.0, 525.0, 1.0], [1164.0, 465.0, 1.0], [1144.0, 294.0, 1.0]], "hand_pts": [[1144.0, 294.0, 1.0], [1160.9517822265625, 271.7292785644531, 1.0], [1169.4439697265627, 251.15734863281253, 1.0], [1169.2143554687502, 225.78529357910153, 1.0], [1170.132446289062, 211.84210205078128, 1.0], [1146.4921875, 242.24284362792972, 1.0], [1132.0325927734375, 215.9564819335938, 1.0], [1134.7867431640627, 203.61332702636716, 1.0], [1137.0819091796875, 192.18447875976562, 1.0], [1133.8686523437502, 248.64300537109375, 1.0], [1114.1301269531248, 216.6422119140625, 1.0], [1125.3765869140625, 202.6990203857422, 1.0], [1130.4259033203127, 195.84170532226562, 1.0], [1120.3271484374998, 242.6999969482422, 1.0], [1110.457885742188, 216.87078857421875, 1.0], [1118.2614746093748, 206.35624694824224, 1.0], [1124.2288818359375, 198.58462524414057, 1.0], [1111.60546875, 252.75738525390625, 1.0], [1101.0476074218752, 240.41423034667974, 1.0], [1107.9332275390623, 233.0997619628906, 1.0], [1115.2777099609377, 232.87118530273443, 1.0]], "head_box": [[1212.0, 449.0], [1321.0, 585.0]], "head_size": 136.0, "hand_box_center": [1135.5900268554688, 243.0922393798828], "is_left": 1, "is_mpii": 1}