{"mpii_image": "070173827.jpg", "mpii_annorect_idx": 1, "mpii_body_pts": [[917.0, 464.0, 0.0], [1211.0, 529.0, 0.0], [1198.358642578125, 531.7332763671875, 0.0], [1334.641357421875, 502.2666931152344, 0.0], [735.0, 254.0, 1.0], [849.0, 254.0, 1.0], [882.0, 468.0, 0.0], [952.0, 460.0, 1.0], [731.0, 323.0, 1.0], [447.0, 273.0, 1.0], [1019.0, 323.0, 1.0], [1024.0, 446.0, 0.0], [1183.0, 533.0, 0.0], [1238.0, 525.0, 1.0], [1164.0, 465.0, 1.0], [1144.0, 294.0, 1.0]], "hand_pts": [[1022.6487426757814, 326.9407958984375, 1.0], [1033.037841796875, 315.1217041015625, 1.0], [1036.006103515625, 289.0211791992187, 1.0], [1041.9427490234375, 268.3377380371093, 1.0], [1048.374145507812, 257.0110778808594, 1.0], [1015.72265625, 269.81512451171875, 1.0], [1022.1539916992188, 255.04122924804688, 1.0], [1028.090576171875, 242.2371978759766, 1.0], [1033.5325927734375, 232.38793945312506, 1.0], [1012.2596435546876, 272.2774353027344, 1.0], [995.9339599609375, 257.99600219726557, 1.0], [1005.8283081054686, 247.1618194580078, 1.0], [1014.238525390625, 247.1618194580078, 1.0], [1006.8177490234374, 278.67944335937506, 1.0], [997.4180908203125, 265.8754272460937, 1.0], [1009.786071777344, 265.8754272460937, 1.0], [1017.2068481445312, 269.81512451171875, 1.0], [995.4392089843749, 290.00610351562494, 1.0], [1007.3124389648438, 283.6040649414063, 1.0], [1016.2174072265626, 287.5437622070313, 1.0], [1020.6698608398438, 290.4985656738281, 1.0]], "head_box": [[1212.0, 449.0], [1321.0, 585.0]], "head_size": 136.0, "hand_box_center": [1021.9066772460935, 279.66436767578125], "is_left": 0, "is_mpii": 1}