{"mpii_image": "070263946.jpg", "mpii_annorect_idx": 0, "mpii_body_pts": [[684.0, 319.0, 1.0], [337.0, 167.0, 1.0], [315.3951110839844, 160.99859619140625, 0.0], [124.60489654541016, 108.00140380859375, 0.0], [1070.0, 557.0, 0.0], [826.0, 462.0, 1.0], [644.0, 392.0, 1.0], [723.0, 245.0, 1.0], [874.0, 375.0, 1.0], [1107.0, 580.0, 1.0], [233.0, 599.0, 1.0], [270.0, 429.0, 1.0], [282.0, 268.0, 1.0], [392.0, 65.0, 1.0], [543.0, 5.0, 1.0], [630.0, 142.0, 1.0]], "hand_pts": [[630.0, 142.0, 1.0], [618.6158447265626, 149.01559448242188, 1.0], [610.1411743164062, 157.7801513671875, 1.0], [591.236083984375, 168.49240112304688, 1.0], [580.4797973632814, 170.76469421386713, 1.0], [609.8151855468751, 164.9216461181641, 1.0], [596.4512939453124, 178.8800201416016, 1.0], [595.1474609375, 188.2938079833984, 1.0], [595.4734497070314, 198.6814422607422, 1.0], [619.2677612304688, 168.16778564453122, 1.0], [608.5114135742188, 185.37229919433594, 1.0], [606.2297363281252, 203.87525939941406, 1.0], [605.2518920898438, 216.85978698730474, 1.0], [628.7202758789062, 170.44007873535153, 1.0], [618.6158447265626, 188.2938079833984, 1.0], [617.9639282226562, 202.57679748535156, 1.0], [614.7044677734375, 217.83363342285153, 1.0], [639.4765625, 178.23080444335938, 1.0], [636.2171020507812, 192.8383941650391, 1.0], [632.6316528320311, 202.25219726562503, 1.0], [628.394287109375, 212.3152008056641, 1.0]], "head_box": [[126.0, 54.0], [314.0, 215.0]], "head_size": 161.0, "hand_box_center": [609.9781799316406, 179.91681671142578], "is_left": 1, "is_mpii": 1}