{"mpii_image": "070263946.jpg", "mpii_annorect_idx": 0, "mpii_body_pts": [[684.0, 319.0, 1.0], [337.0, 167.0, 1.0], [315.3951110839844, 160.99859619140625, 0.0], [124.60489654541016, 108.00140380859375, 0.0], [1070.0, 557.0, 0.0], [826.0, 462.0, 1.0], [644.0, 392.0, 1.0], [723.0, 245.0, 1.0], [874.0, 375.0, 1.0], [1107.0, 580.0, 1.0], [233.0, 599.0, 1.0], [270.0, 429.0, 1.0], [282.0, 268.0, 1.0], [392.0, 65.0, 1.0], [543.0, 5.0, 1.0], [630.0, 142.0, 1.0]], "hand_pts": [[236.16424560546875, 600.9308471679688, 1.0], [248.08120727539065, 611.7152709960939, 1.0], [262.16488647460943, 632.9246215820311, 1.0], [258.91479492187494, 646.2254638671876, 1.0], [244.47000122070312, 654.4935302734376, 1.0], [230.74743652343753, 634.0031127929686, 1.0], [212.33032226562503, 641.5521850585938, 1.0], [201.13558959960938, 655.9314575195312, 1.0], [191.38536071777347, 663.8400268554685, 1.0], [213.77479553222653, 631.4866943359374, 1.0], [193.9131927490234, 637.2384033203126, 1.0], [178.02391052246094, 651.9771728515625, 1.0], [169.71815490722656, 660.6046752929688, 1.0], [205.10791015625, 628.9703369140626, 1.0], [183.4407196044922, 634.0031127929686, 1.0], [172.24598693847656, 648.38232421875, 1.0], [160.69015502929685, 656.650390625, 1.0], [198.9688720703125, 627.1729736328126, 1.0], [177.66279602050778, 630.4082641601562, 1.0], [170.0792694091797, 640.833251953125, 1.0], [162.13462829589838, 646.9443969726564, 1.0]], "head_box": [[126.0, 54.0], [314.0, 215.0]], "head_size": 161.0, "hand_box_center": [211.42752075195312, 632.3854370117186], "is_left": 0, "is_mpii": 1}