{"mpii_image": "070301896.jpg", "mpii_annorect_idx": 1, "mpii_body_pts": [[956.0, 956.0, 1.0], [813.0, 706.0, 1.0], [997.0, 517.0, 1.0], [1186.0, 519.0, 1.0], [1000.0, 752.0, 1.0], [1084.0, 1053.0, 1.0], [1056.0, 515.0, 1.0], [972.0, 239.0, 1.0], [951.0, 195.0, 0.0], [870.0, 28.0, 0.0], [873.0, 485.0, 1.0], [896.0, 392.0, 1.0], [848.0, 262.0, 1.0], [1096.0, 215.0, 1.0], [1226.0, 429.0, 1.0], [1049.0, 572.0, 1.0]], "hand_pts": [[873.0, 485.0, 1.0], [861.7836914062501, 501.4390563964843, 1.0], [848.9946899414062, 513.2183837890626, 1.0], [840.6817626953125, 529.7730712890627, 1.0], [837.8042602539061, 541.5523681640624, 1.0], [815.7431640625, 524.0426025390625, 1.0], [797.1990966796877, 544.7359619140625, 1.0], [793.6820678710938, 561.2906494140625, 1.0], [789.7670288085936, 575.3676757812498, 1.0], [809.5523681640624, 543.7720947265626, 1.0], [798.3531494140624, 559.0123291015624, 1.0], [788.6470947265625, 582.8019409179688, 1.0], [781.5542602539061, 597.6704101562501, 1.0], [810.2990112304689, 557.153747558594, 1.0], [800.5929565429688, 573.1373901367188, 1.0], [795.3666381835935, 589.1210327148438, 1.0], [790.1403808593751, 603.6178588867186, 1.0], [818.5117797851562, 564.959716796875, 1.0], [810.2990112304689, 581.3150634765625, 1.0], [806.56591796875, 593.2098999023439, 1.0], [802.0862426757812, 606.2198486328126, 1.0]], "head_box": [[841.0, 19.0], [981.0, 205.0]], "head_size": 186.0, "hand_box_center": [827.2771301269531, 545.6099243164062], "is_left": 0, "is_mpii": 1}