{"mpii_image": "071395542.jpg", "mpii_annorect_idx": 1, "mpii_body_pts": [[1448.0, 414.0, 1.0], [1154.0, 389.0, 0.0], [1152.8470458984375, 387.27069091796875, 0.0], [1013.1528930664062, 177.7292938232422, 0.0], [1567.0, 885.0, 1.0], [1325.0, 718.0, 1.0], [1397.0, 441.0, 1.0], [1499.0, 386.0, 1.0], [1400.0, 686.0, 1.0], [1651.0, 922.0, 1.0], [1232.0, 494.0, 0.0], [1195.0, 420.0, 0.0], [1099.0, 364.0, 0.0], [1208.0, 414.0, 1.0], [1422.0, 522.0, 1.0], [1536.0, 686.0, 1.0]], "hand_pts": [[1536.0, 686.0, 1.0], [1529.9490966796875, 714.8386840820311, 1.0], [1540.7113037109375, 750.4174194335936, 1.0], [1572.13720703125, 781.7095336914062, 1.0], [1598.3972167968748, 795.8552856445311, 1.0], [1562.6663818359373, 748.7027587890625, 1.0], [1590.6483154296875, 776.1369628906249, 1.0], [1599.2581787109375, 791.1400146484375, 1.0], [1582.4689941406252, 782.13818359375, 1.0], [1580.3165283203125, 734.5570068359373, 1.0], [1605.7155761718752, 767.5637817382814, 1.0], [1610.0203857421877, 785.5674438476562, 1.0], [1597.105712890625, 780.423583984375, 1.0], [1588.0654296875, 718.6965942382814, 1.0], [1613.8948974609375, 749.5600585937499, 1.0], [1622.5046386718748, 774.4223022460939, 1.0], [1609.5899658203125, 772.7077026367189, 1.0], [1595.8142089843748, 708.8374633789061, 1.0], [1619.4912109374998, 726.4124755859374, 1.0], [1625.9486083984375, 745.2734985351565, 1.0], [1623.3656005859375, 758.5619506835936, 1.0]], "head_box": [[995.0, 152.0], [1171.0, 413.0]], "head_size": 261.0, "hand_box_center": [1577.9488525390625, 740.9276428222656], "is_left": 1, "is_mpii": 1}