{"mpii_image": "071389147.jpg", "mpii_annorect_idx": 0, "mpii_body_pts": [[924.0, 604.0, 0.0], [773.0, 412.0, 0.0], [744.9027099609375, 391.44879150390625, 0.0], [626.0972900390625, 304.55120849609375, 0.0], [917.0, 881.0, 1.0], [838.0, 691.0, 1.0], [947.0, 600.0, 0.0], [901.0, 607.0, 1.0], [698.0, 698.0, 1.0], [731.0, 919.0, 1.0], [1061.0, 491.0, 1.0], [950.0, 409.0, 1.0], [825.0, 387.0, 0.0], [721.0, 437.0, 1.0], [787.0, 569.0, 1.0], [726.0, 696.0, 1.0]], "hand_pts": [[726.0, 696.0, 1.0], [707.57421875, 701.4042358398438, 1.0], [693.2322387695312, 713.9313354492188, 1.0], [694.4903564453125, 734.9768676757812, 1.0], [701.0322875976562, 747.0029296874999, 1.0], [696.5032348632812, 722.9508666992186, 1.0], [695.2451782226564, 740.7393798828125, 1.0], [697.5097045898439, 748.255615234375, 1.0], [700.529052734375, 755.2708129882814, 1.0], [701.787109375, 725.4562988281249, 1.0], [700.529052734375, 741.9920654296875, 1.0], [701.0322875976562, 750.7610473632812, 1.0], [701.787109375, 759.2794799804689, 1.0], [710.0903320312501, 730.2166137695312, 1.0], [711.5999755859375, 752.5148315429689, 1.0], [714.8709716796877, 758.2773437500001, 1.0], [720.4064331054686, 763.03759765625, 1.0], [717.8903198242186, 734.2252807617188, 1.0], [716.8838500976564, 747.2534790039062, 1.0], [722.9225463867186, 752.5148315429689, 1.0], [728.2064208984374, 760.0311279296875, 1.0]], "head_box": [[627.0, 277.0], [744.0, 419.0]], "head_size": 142.0, "hand_box_center": [710.7193298339844, 729.518798828125], "is_left": 1, "is_mpii": 1}