{"mpii_image": "071434253.jpg", "mpii_annorect_idx": 0, "mpii_body_pts": [[1087.0, 670.0, 0.0], [1092.0, 301.0, 1.0], [1101.9066162109375, 332.2124938964844, 0.0], [1009.0933837890625, 39.787498474121094, 0.0], [978.0, 764.0, 0.0], [643.0, 640.0, 1.0], [975.0, 671.0, 0.0], [1198.0, 668.0, 0.0], [1139.0, 407.0, 1.0], [1108.0, 789.0, 0.0], [767.0, 730.0, 1.0], [783.0, 488.0, 1.0], [935.0, 268.0, 1.0], [1248.0, 333.0, 1.0], [1341.0, 649.0, 1.0], [1121.0, 755.0, 0.0]], "hand_pts": [[766.2856445312501, 719.831604003906, 1.0], [789.4375610351561, 736.1139526367189, 1.0], [801.5755004882812, 780.4058837890625, 1.0], [814.70068359375, 812.3915405273439, 1.0], [816.01318359375, 849.5993041992188, 1.0], [758.9187011718751, 775.1837768554689, 1.0], [758.9187011718751, 820.8775024414061, 1.0], [763.5125122070312, 845.6826782226564, 1.0], [756.2937011718752, 870.4878540039061, 1.0], [732.0120849609375, 781.0586547851561, 1.0], [712.9805908203125, 816.30810546875, 1.0], [721.5119628906249, 846.33544921875, 1.0], [733.9808959960939, 848.2937622070315, 1.0], [718.8869628906249, 781.0586547851561, 1.0], [697.8866577148436, 806.5166015625, 1.0], [711.0118408203125, 830.0162353515625, 1.0], [725.4495239257811, 829.3634643554686, 1.0], [709.0430908203125, 783.0169677734374, 1.0], [701.8242187499999, 798.6834106445314, 1.0], [709.0430908203125, 811.0859985351564, 1.0], [720.199462890625, 816.30810546875, 1.0]], "head_box": [[944.0, 30.0], [1167.0, 342.0]], "head_size": 312.0, "hand_box_center": [756.9499206542969, 795.159729003906], "is_left": 0, "is_mpii": 1}