{"mpii_image": "071666242.jpg", "mpii_annorect_idx": 0, "mpii_body_pts": [[476.0, 465.0, 1.0], [545.0, 347.0, 1.0], [568.4763793945312, 328.3656005859375, 0.0], [681.5236206054688, 238.6343994140625, 0.0], [379.0, 634.0, 1.0], [375.0, 530.0, 1.0], [431.0, 460.0, 1.0], [520.0, 470.0, 1.0], [723.0, 551.0, 1.0], [898.0, 592.0, 1.0], [348.0, 181.0, 1.0], [384.0, 226.0, 1.0], [462.0, 290.0, 1.0], [628.0, 404.0, 1.0], [644.0, 489.0, 1.0], [706.0, 514.0, 1.0]], "hand_pts": [[706.0, 514.0, 1.0], [728.8122558593749, 516.812316894531, 1.0], [743.1833496093752, 514.0984497070314, 1.0], [752.3511352539061, 497.0747985839844, 1.0], [762.7578125, 482.0249328613281, 1.0], [759.5366821289061, 510.1509094238282, 1.0], [750.61669921875, 486.21917724609364, 1.0], [748.8822631835935, 493.3740234375, 1.0], [751.3600463867186, 500.28216552734375, 1.0], [749.3778076171876, 510.8910827636719, 1.0], [735.2544555664064, 488.43963623046875, 1.0], [733.272216796875, 495.34777832031256, 1.0], [735.0066528320311, 501.5157470703125, 1.0], [737.4844360351564, 512.3713989257812, 1.0], [725.3433227539061, 490.1666870117188, 1.0], [722.8655395507812, 496.33465576171875, 1.0], [724.5999755859375, 502.0091857910156, 1.0], [722.8655395507812, 512.1246948242186, 1.0], [716.6710815429689, 495.84121704101557, 1.0], [714.6889038085939, 499.5419921875, 1.0], [715.1844482421877, 504.7231140136718, 1.0]], "head_box": [[570.0, 212.0], [680.0, 355.0]], "head_size": 143.0, "hand_box_center": [734.37890625, 499.4186248779296], "is_left": 1, "is_mpii": 1}