{"mpii_image": "071753686.jpg", "mpii_annorect_idx": 1, "mpii_body_pts": [[316.0, 376.0, 0.0], [359.0, 258.0, 1.0], [404.4664001464844, 295.8887023925781, 0.0], [295.5335998535156, 205.11129760742188, 0.0], [321.0, 662.0, 0.0], [309.0, 509.0, 0.0], [283.0, 379.0, 1.0], [349.0, 373.0, 0.0], [366.0, 488.0, 0.0], [387.0, 638.0, 0.0], [514.0, 431.0, 1.0], [412.0, 401.0, 1.0], [311.0, 319.0, 1.0], [406.0, 196.0, 1.0], [488.0, 295.0, 1.0], [526.0, 382.0, 1.0]], "hand_pts": [[526.0, 382.0, 1.0], [528.2713012695315, 399.3739318847657, 1.0], [536.7914428710939, 411.0086975097657, 1.0], [549.2064208984374, 420.21954345703125, 1.0], [553.5881958007812, 427.00650024414057, 1.0], [562.2177124023438, 397.73355102539057, 1.0], [566.3993530273439, 421.58056640624994, 1.0], [566.7794799804689, 430.66516113281256, 1.0], [564.4985961914061, 438.99267578124994, 1.0], [568.6802368164062, 394.32684326171875, 1.0], [572.4817504882812, 421.58056640624994, 1.0], [570.9611206054685, 432.93630981445307, 1.0], [567.9199218749999, 443.1564331054688, 1.0], [572.1015625, 393.1912841796875, 1.0], [576.6633300781252, 417.7953491210937, 1.0], [574.0023193359374, 432.5577697753906, 1.0], [572.1015625, 441.642333984375, 1.0], [572.4817504882812, 396.219482421875, 1.0], [575.5228881835936, 416.28124999999994, 1.0], [574.3824462890625, 426.8799133300781, 1.0], [572.1015625, 436.7215270996093, 1.0]], "head_box": [[302.0, 176.0], [398.0, 325.0]], "head_size": 149.0, "hand_box_center": [551.3316650390626, 412.5782165527344], "is_left": 1, "is_mpii": 1}