{"mpii_image": "071927139.jpg", "mpii_annorect_idx": 0, "mpii_body_pts": [[341.0, 392.0, 0.0], [426.0, 164.0, 0.0], [432.0155944824219, 160.3072052001953, 0.0], [621.984375, 43.69279861450195, 0.0], [286.0, 555.0, 0.0], [538.0, 631.0, 1.0], [279.0, 424.0, 1.0], [403.0, 359.0, 0.0], [593.0, 257.0, 0.0], [519.0, 442.0, 0.0], [608.0, 601.0, 1.0], [466.0, 496.0, 1.0], [414.0, 268.0, 1.0], [438.0, 59.0, 0.0], [575.0, 180.0, 0.0], [553.0, 259.0, 1.0]], "hand_pts": [[548.1146850585939, 255.95129394531253, 1.0], [532.1111450195312, 269.2308044433594, 1.0], [505.4386596679687, 298.8251037597656, 1.0], [500.1041870117188, 328.798828125, 1.0], [485.2437744140625, 340.9400634765625, 1.0], [521.442138671875, 325.00466918945324, 1.0], [514.2025146484375, 366.740234375, 1.0], [511.1542053222657, 386.84918212890636, 1.0], [510.01110839843744, 403.54342651367193, 1.0], [542.3991088867186, 327.66058349609375, 1.0], [538.5887451171877, 369.39614868164057, 1.0], [537.0646362304688, 389.50509643554693, 1.0], [536.6835937500001, 406.1993103027344, 1.0], [557.2595214843749, 325.76351928710926, 1.0], [555.7353515625001, 362.56668090820307, 1.0], [553.4491577148436, 380.019744873047, 1.0], [551.1629638671875, 396.3345336914063, 1.0], [571.7388916015626, 327.28115844726545, 1.0], [571.3578491210936, 353.08132934570307, 1.0], [567.5474853515625, 366.740234375, 1.0], [562.2129516601564, 375.4667663574219, 1.0]], "head_box": [[430.0, 2.0], [624.0, 202.0]], "head_size": 200.0, "hand_box_center": [528.4913330078125, 331.07530212402344], "is_left": 1, "is_mpii": 1}