{"mpii_image": "071927139.jpg", "mpii_annorect_idx": 0, "mpii_body_pts": [[341.0, 392.0, 0.0], [426.0, 164.0, 0.0], [432.0155944824219, 160.3072052001953, 0.0], [621.984375, 43.69279861450195, 0.0], [286.0, 555.0, 0.0], [538.0, 631.0, 1.0], [279.0, 424.0, 1.0], [403.0, 359.0, 0.0], [593.0, 257.0, 0.0], [519.0, 442.0, 0.0], [608.0, 601.0, 1.0], [466.0, 496.0, 1.0], [414.0, 268.0, 1.0], [438.0, 59.0, 0.0], [575.0, 180.0, 0.0], [553.0, 259.0, 1.0]], "hand_pts": [[608.0, 601.0, 1.0], [632.3245239257811, 582.2653198242186, 1.0], [663.6100463867188, 582.2653198242186, 1.0], [694.8955688476562, 589.8151245117186, 1.0], [716.7006225585939, 596.4212036132811, 1.0], [678.7788085937501, 597.3649291992185, 1.0], [697.73974609375, 603.0272827148436, 1.0], [712.9084472656251, 611.5207519531251, 1.0], [722.388916015625, 615.2956542968751, 1.0], [667.4022216796875, 609.63330078125, 1.0], [691.1033935546877, 618.1268310546876, 1.0], [706.2721557617188, 623.7891845703127, 1.0], [717.6486816406251, 630.395263671875, 1.0], [651.2854614257812, 617.1831054687501, 1.0], [674.0385742187501, 624.73291015625, 1.0], [690.1553344726564, 630.395263671875, 1.0], [704.3760375976564, 637.0013427734375, 1.0], [637.0647583007812, 627.5640869140625, 1.0], [662.6619873046875, 633.2264404296876, 1.0], [677.8307495117188, 637.9450073242186, 1.0], [689.207275390625, 645.4948120117188, 1.0]], "head_box": [[430.0, 2.0], [624.0, 202.0]], "head_size": 200.0, "hand_box_center": [665.1944580078125, 613.8800659179688], "is_left": 0, "is_mpii": 1}