{"mpii_image": "072297519.jpg", "mpii_annorect_idx": 0, "mpii_body_pts": [[419.0, 595.0, 1.0], [369.0, 254.0, 0.0], [378.4226989746094, 220.88980102539062, 0.0], [431.5773010253906, 34.110198974609375, 0.0], [408.0, 1071.0, 1.0], [391.0, 852.0, 1.0], [381.0, 600.0, 1.0], [456.0, 590.0, 1.0], [504.0, 836.0, 1.0], [583.0, 1023.0, 1.0], [521.0, 302.0, 1.0], [427.0, 420.0, 1.0], [338.0, 258.0, 1.0], [400.0, 249.0, 0.0], [439.0, 355.0, 0.0], [525.0, 302.0, 0.0]], "hand_pts": [[528.7986450195314, 295.8009338378906, 1.0], [528.5112915039061, 276.6199340820313, 1.0], [544.6025390625, 262.8782958984375, 1.0], [571.0380249023438, 257.43890380859364, 1.0], [583.68115234375, 248.8504028320313, 1.0], [547.4759521484375, 251.9995269775391, 1.0], [559.2570190429686, 233.39108276367188, 1.0], [568.7393188476564, 235.1087799072266, 1.0], [573.0494384765626, 240.5481719970703, 1.0], [561.8430786132812, 256.00750732421875, 1.0], [583.3937988281251, 240.26188659667972, 1.0], [592.8760986328125, 241.4070281982422, 1.0], [592.8760986328125, 247.4189910888672, 1.0], [571.0380249023438, 267.1725769042969, 1.0], [590.0026855468751, 260.0154724121093, 1.0], [591.4393920898438, 265.7411499023437, 1.0], [588.5659790039061, 269.4628295898438, 1.0], [573.3367919921875, 280.627899169922, 1.0], [585.4052124023436, 280.3416137695313, 1.0], [581.3823852539062, 285.49472045898426, 1.0], [576.7849121093751, 288.9301452636718, 1.0]], "head_box": [[340.0, 25.0], [470.0, 230.0]], "head_size": 205.0, "hand_box_center": [560.6936950683594, 264.59600830078125], "is_left": 0, "is_mpii": 1}