{"mpii_image": "072303443.jpg", "mpii_annorect_idx": 0, "mpii_body_pts": [[719.0, 290.0, 1.0], [831.0, 96.0, 1.0], [791.3651733398438, 101.52290344238281, 0.0], [992.6348266601562, 73.47709655761719, 0.0], [652.0, 814.0, 1.0], [569.0, 482.0, 1.0], [634.0, 283.0, 1.0], [804.0, 296.0, 1.0], [956.0, 395.0, 0.0], [894.0, 668.0, 1.0], [758.0, 615.0, 1.0], [705.0, 414.0, 1.0], [696.0, 122.0, 1.0], [966.0, 69.0, 1.0], [966.0, 240.0, 1.0], [969.0, 336.0, 1.0]], "hand_pts": [[969.0, 336.0, 1.0], [955.1815795898439, 362.1348876953126, 1.0], [947.8223876953124, 413.43814086914057, 1.0], [948.8259277343749, 452.0821533203125, 1.0], [948.1569213867186, 478.40005493164057, 1.0], [978.2626953124999, 415.7701110839843, 1.0], [984.283874511719, 460.0774536132813, 1.0], [978.597229003906, 478.7331848144531, 1.0], [969.5654907226562, 485.39593505859364, 1.0], [994.6536865234375, 412.43872070312494, 1.0], [997.3297119140625, 459.7443237304688, 1.0], [982.6113281249999, 474.7355346679687, 1.0], [973.9141235351562, 481.73144531249994, 1.0], [1008.3685302734375, 406.10910034179693, 1.0], [1007.0305175781251, 456.74609374999994, 1.0], [988.2979736328126, 471.0710144042968, 1.0], [977.5936889648439, 475.0686645507813, 1.0], [1023.7559204101562, 401.11203002929693, 1.0], [1022.0833740234376, 434.0927124023437, 1.0], [1012.382629394531, 452.0821533203125, 1.0], [1001.0093383789064, 465.7408142089843, 1.0]], "head_box": [[799.0, 1.0], [985.0, 174.0]], "head_size": 173.0, "hand_box_center": [985.7891540527344, 410.6979675292968], "is_left": 1, "is_mpii": 1}