{"mpii_image": "072785587.jpg", "mpii_annorect_idx": 0, "mpii_body_pts": [[1451.0, 383.0, 0.0], [1215.0, 318.0, 1.0], [1200.359619140625, 303.4681091308594, 0.0], [1094.640380859375, 198.5319061279297, 0.0], [1452.0, 731.0, 1.0], [1424.0, 573.0, 1.0], [1480.0, 373.0, 0.0], [1421.0, 392.0, 1.0], [1327.0, 573.0, 1.0], [1299.0, 775.0, 1.0], [1208.0, 520.0, 0.0], [1255.0, 437.0, 0.0], [1191.0, 323.0, 1.0], [1238.0, 312.0, 1.0], [1263.0, 453.0, 1.0], [1183.0, 551.0, 1.0]], "hand_pts": [[1183.0, 551.0, 1.0], [1167.8270263671875, 556.4692382812499, 1.0], [1141.8363037109375, 572.3416748046874, 1.0], [1127.860107421875, 586.7489624023438, 1.0], [1118.787841796875, 601.8888549804688, 1.0], [1147.4757080078125, 585.772216796875, 1.0], [1137.4227294921877, 609.4588012695314, 1.0], [1134.7255859375002, 622.6451416015625, 1.0], [1134.4803466796873, 632.1685791015625, 1.0], [1158.0191650390625, 597.4934082031251, 1.0], [1154.8316650390625, 617.5170898437499, 1.0], [1153.1152343749998, 629.9708862304689, 1.0], [1151.6441650390623, 638.5175781249999, 1.0], [1174.6926269531248, 596.2724609375001, 1.0], [1178.3704833984373, 614.5867919921876, 1.0], [1178.8609619140625, 627.0405883789062, 1.0], [1175.6733398437498, 641.6920776367189, 1.0], [1187.68798828125, 593.0979614257811, 1.0], [1195.2890625, 608.9703979492189, 1.0], [1193.5727539062502, 620.2032470703126, 1.0], [1187.68798828125, 629.4824829101564, 1.0]], "head_box": [[1085.0, 182.0], [1210.0, 320.0]], "head_size": 138.0, "hand_box_center": [1157.0384521484375, 596.3460388183594], "is_left": 1, "is_mpii": 1}