{"mpii_image": "072923551.jpg", "mpii_annorect_idx": 0, "mpii_body_pts": [[1238.0, 755.0, 0.0], [1290.0, 450.0, 1.0], [1291.7412109375, 439.82379150390625, 0.0], [1333.2587890625, 197.1761932373047, 0.0], [1137.0, 687.0, 0.0], [1146.0, 844.0, 0.0], [1176.0, 749.0, 1.0], [1300.0, 761.0, 0.0], [1300.0, 859.0, 0.0], [1271.0, 693.0, 0.0], [1096.0, 687.0, 1.0], [1063.0, 574.0, 1.0], [1134.0, 432.0, 1.0], [1446.0, 467.0, 1.0], [1419.0, 675.0, 1.0], [1363.0, 832.0, 1.0]], "hand_pts": [[1363.0, 832.0, 1.0], [1335.0485839843752, 841.1787109375002, 1.0], [1307.2750244140625, 851.6542358398438, 1.0], [1275.29345703125, 862.5487060546876, 1.0], [1246.6783447265623, 869.6720581054686, 1.0], [1324.5283203124998, 882.2426757812499, 1.0], [1314.0080566406252, 906.9647827148438, 1.0], [1302.6461181640625, 926.65869140625, 1.0], [1298.4379882812502, 948.44775390625, 1.0], [1345.1479492187498, 881.4046020507812, 1.0], [1338.8358154296877, 909.0598754882812, 1.0], [1334.2069091796877, 940.4863891601564, 1.0], [1332.5236816406252, 966.0465698242185, 1.0], [1362.4012451171875, 890.623046875, 1.0], [1365.346923828125, 914.0881347656251, 1.0], [1367.0301513671877, 940.9053955078126, 1.0], [1366.1884765624998, 965.6275634765625, 1.0], [1377.9711914062502, 892.2991333007814, 1.0], [1391.4371337890627, 918.2783203125001, 1.0], [1397.3284912109373, 935.0391235351562, 1.0], [1400.694946289062, 953.89501953125, 1.0]], "head_box": [[1231.0, 188.0], [1394.0, 449.0]], "head_size": 261.0, "hand_box_center": [1323.686645507812, 899.0232849121093], "is_left": 1, "is_mpii": 1}