{"mpii_image": "072923551.jpg", "mpii_annorect_idx": 0, "mpii_body_pts": [[1238.0, 755.0, 0.0], [1290.0, 450.0, 1.0], [1291.7412109375, 439.82379150390625, 0.0], [1333.2587890625, 197.1761932373047, 0.0], [1137.0, 687.0, 0.0], [1146.0, 844.0, 0.0], [1176.0, 749.0, 1.0], [1300.0, 761.0, 0.0], [1300.0, 859.0, 0.0], [1271.0, 693.0, 0.0], [1096.0, 687.0, 1.0], [1063.0, 574.0, 1.0], [1134.0, 432.0, 1.0], [1446.0, 467.0, 1.0], [1419.0, 675.0, 1.0], [1363.0, 832.0, 1.0]], "hand_pts": [[1096.0, 687.0, 1.0], [1093.6441650390623, 702.3843383789064, 1.0], [1087.304931640625, 724.6873168945311, 1.0], [1084.3465576171877, 750.7775268554686, 1.0], [1083.0787353515625, 770.9764404296876, 1.0], [1061.9478759765627, 741.0988769531252, 1.0], [1059.8348388671873, 761.297790527344, 1.0], [1057.7218017578125, 777.7094116210939, 1.0], [1057.7218017578125, 789.4920654296875, 1.0], [1069.5550537109377, 750.3566894531249, 1.0], [1067.019287109375, 767.6099243164062, 1.0], [1066.1740722656248, 781.4967041015625, 1.0], [1067.44189453125, 796.6458740234375, 1.0], [1081.8109130859375, 756.668884277344, 1.0], [1081.8109130859375, 773.9221191406249, 1.0], [1080.9656982421877, 789.0712890625, 1.0], [1079.275146484375, 801.6955566406251, 1.0], [1096.6024169921873, 760.8769531249999, 1.0], [1092.7989501953125, 777.2885742187502, 1.0], [1090.26318359375, 786.9672241210935, 1.0], [1088.1501464843748, 795.3834228515625, 1.0]], "head_box": [[1231.0, 188.0], [1394.0, 449.0]], "head_size": 261.0, "hand_box_center": [1077.162109375, 744.3477783203125], "is_left": 0, "is_mpii": 1}