{"mpii_image": "073067901.jpg", "mpii_annorect_idx": 0, "mpii_body_pts": [[912.0, 383.0, 0.0], [765.0, 265.0, 1.0], [757.3167724609375, 256.61248779296875, 0.0], [652.6832275390625, 142.3874969482422, 0.0], [807.0, 580.0, 0.0], [698.0, 342.0, 1.0], [851.0, 392.0, 0.0], [973.0, 373.0, 1.0], [805.0, 379.0, 1.0], [981.0, 568.0, 1.0], [592.0, 454.0, 1.0], [603.0, 413.0, 1.0], [702.0, 297.0, 1.0], [828.0, 233.0, 1.0], [849.0, 373.0, 1.0], [714.0, 491.0, 1.0]], "hand_pts": [[588.71240234375, 467.3074951171875, 1.0], [604.0412597656249, 467.7847595214843, 1.0], [628.6312866210938, 489.73876953124994, 1.0], [634.5392456054686, 505.3292846679688, 1.0], [638.6907958984375, 523.1470336914061, 1.0], [620.6474609375, 485.76159667968744, 1.0], [628.1522216796875, 515.8290405273439, 1.0], [630.3876953124999, 536.9876098632811, 1.0], [631.1860961914061, 545.7373657226562, 1.0], [603.0841064453125, 482.1860656738282, 1.0], [616.4959106445312, 514.87451171875, 1.0], [623.0128173828124, 535.912841796875, 1.0], [626.1897583007814, 549.8399658203124, 1.0], [588.3507690429686, 483.8583374023437, 1.0], [601.3267822265626, 512.4882202148438, 1.0], [606.9154052734375, 533.6467895507814, 1.0], [610.5879516601564, 545.5783081054688, 1.0], [573.2444458007812, 487.0171203613281, 1.0], [576.4173583984374, 502.62481689453136, 1.0], [579.6109008789062, 514.0791015625001, 1.0], [583.762451171875, 523.4652099609374, 1.0]], "head_box": [[656.0, 116.0], [754.0, 283.0]], "head_size": 167.0, "hand_box_center": [605.9676208496094, 508.57373046874994], "is_left": 0, "is_mpii": 1}