{"mpii_image": "073085177.jpg", "mpii_annorect_idx": 0, "mpii_body_pts": [[629.0, 284.0, 0.0], [242.0, 314.0, 0.0], [251.93629455566406, 312.5256042480469, 0.0], [77.0636978149414, 338.4743957519531, 0.0], [1238.0, 225.0, 0.0], [910.0, 307.0, 0.0], [624.0, 266.0, 0.0], [633.0, 301.0, 0.0], [934.0, 320.0, 1.0], [1253.0, 225.0, 1.0], [631.0, 305.0, 0.0], [427.0, 290.0, 0.0], [267.0, 286.0, 0.0], [217.0, 342.0, 1.0], [386.0, 301.0, 1.0], [629.0, 318.0, 1.0]], "hand_pts": [[629.7300415039062, 330.6351928710937, 1.0], [646.3175048828123, 320.20184326171875, 1.0], [680.3654174804685, 311.2175598144531, 1.0], [714.122314453125, 303.97219848632807, 1.0], [739.1490478515625, 290.0610656738282, 1.0], [709.1751708984375, 329.7657470703125, 1.0], [750.7893066406252, 327.7370300292969, 1.0], [769.7048339843751, 319.0425720214844, 1.0], [780.18115234375, 309.47866821289057, 1.0], [704.8100585937499, 345.7055969238281, 1.0], [733.6198730468752, 342.2278137207031, 1.0], [760.1015625, 338.75003051757807, 1.0], [780.76318359375, 331.504638671875, 1.0], [700.1539306640626, 334.40280151367193, 1.0], [742.6411132812499, 339.03985595703125, 1.0], [771.4509277343749, 337.0111389160155, 1.0], [789.7844238281251, 330.0555725097657, 1.0], [693.4607543945311, 324.25924682617193, 1.0], [717.0324096679688, 319.0425720214844, 1.0], [733.037841796875, 316.1444396972657, 1.0], [745.2601928710938, 312.0870056152344, 1.0]], "head_box": [[91.0, 243.0], [238.0, 408.0]], "head_size": 165.0, "hand_box_center": [709.7572326660156, 317.8833312988281], "is_left": 1, "is_mpii": 1}