{"mpii_image": "073067901.jpg", "mpii_annorect_idx": 0, "mpii_body_pts": [[912.0, 383.0, 0.0], [765.0, 265.0, 1.0], [757.3167724609375, 256.61248779296875, 0.0], [652.6832275390625, 142.3874969482422, 0.0], [807.0, 580.0, 0.0], [698.0, 342.0, 1.0], [851.0, 392.0, 0.0], [973.0, 373.0, 1.0], [805.0, 379.0, 1.0], [981.0, 568.0, 1.0], [592.0, 454.0, 1.0], [603.0, 413.0, 1.0], [702.0, 297.0, 1.0], [828.0, 233.0, 1.0], [849.0, 373.0, 1.0], [714.0, 491.0, 1.0]], "hand_pts": [[714.0, 491.0, 1.0], [688.7992553710939, 495.67297363281256, 1.0], [665.0853881835938, 513.9568481445311, 1.0], [652.8460083007811, 543.4141235351562, 1.0], [657.6907958984375, 566.2689208984374, 1.0], [664.0654907226562, 525.63818359375, 1.0], [650.2961425781252, 554.0797119140626, 1.0], [657.6907958984375, 554.3336791992186, 1.0], [667.8902587890624, 541.382568359375, 1.0], [675.5399169921875, 534.272216796875, 1.0], [666.3603515625, 555.3494262695312, 1.0], [660.2406616210938, 576.4266357421875, 1.0], [657.1807861328126, 588.8698120117186, 1.0], [692.6240234375, 539.0971069335938, 1.0], [688.7992553710939, 561.1901245117188, 1.0], [686.2493896484376, 577.4423828124999, 1.0], [685.4844360351564, 591.4092407226562, 1.0], [708.4332885742188, 544.1759643554688, 1.0], [708.1782836914062, 559.1585693359374, 1.0], [706.9033203125, 570.0780639648439, 1.0], [705.3734130859374, 579.4739379882814, 1.0]], "head_box": [[656.0, 116.0], [754.0, 283.0]], "head_size": 167.0, "hand_box_center": [682.1480712890626, 541.2046203613281], "is_left": 1, "is_mpii": 1}