{"mpii_image": "073229427.jpg", "mpii_annorect_idx": 1, "mpii_body_pts": [[370.0, 498.0, 1.0], [434.0, 389.0, 0.0], [436.71649169921875, 397.04071044921875, 0.0], [381.28350830078125, 232.9593048095703, 0.0], [160.0, 572.0, 1.0], [243.0, 524.0, 1.0], [344.0, 493.0, 1.0], [396.0, 503.0, 1.0], [326.0, 537.0, 1.0], [253.0, 603.0, 1.0], [266.0, 437.0, 1.0], [342.0, 437.0, 0.0], [384.0, 388.0, 0.0], [483.0, 390.0, 1.0], [472.0, 417.0, 1.0], [454.0, 464.0, 1.0]], "hand_pts": [[266.0, 437.0, 1.0], [259.15051269531256, 428.98233032226557, 1.0], [249.04325866699216, 415.1479187011719, 1.0], [236.4091796875, 409.1739807128906, 1.0], [229.1445922851562, 407.60186767578136, 1.0], [229.1445922851562, 423.9516296386719, 1.0], [223.14340209960938, 422.6939697265625, 1.0], [218.4056243896484, 421.4362792968749, 1.0], [212.72029113769534, 419.2353515624999, 1.0], [233.88236999511722, 432.12652587890625, 1.0], [221.24829101562503, 430.8688354492187, 1.0], [215.24710083007812, 427.7246704101563, 1.0], [208.61421203613276, 425.523712158203, 1.0], [232.30310058593753, 440.93023681640625, 1.0], [221.24829101562503, 439.3581237792969, 1.0], [213.98368835449222, 439.98696899414057, 1.0], [205.13983154296875, 439.98696899414057, 1.0], [234.19821166992188, 450.36279296875, 1.0], [223.77510070800776, 449.4195251464843, 1.0], [218.4056243896484, 449.10510253906256, 1.0], [212.40443420410153, 448.79067993164057, 1.0]], "head_box": [[335.0, 236.0], [483.0, 394.0]], "head_size": 158.0, "hand_box_center": [235.56991577148438, 428.9823303222657], "is_left": 0, "is_mpii": 1}