{"mpii_image": "073229427.jpg", "mpii_annorect_idx": 2, "mpii_body_pts": [[991.0, 446.0, 1.0], [1061.0, 285.0, 0.0], [1065.5908203125, 298.3393859863281, 0.0], [1003.4091796875, 117.66059875488281, 0.0], [824.0, 663.0, 0.0], [865.0, 491.0, 0.0], [958.0, 435.0, 1.0], [1023.0, 456.0, 1.0], [985.0, 530.0, 1.0], [929.0, 708.0, 1.0], [948.0, 338.0, 0.0], [963.0, 367.0, 0.0], [996.0, 293.0, 0.0], [1126.0, 276.0, 1.0], [1128.0, 392.0, 1.0], [1099.0, 421.0, 1.0]], "hand_pts": [[948.0, 338.0, 1.0], [954.8253784179688, 332.94235229492193, 1.0], [964.9310913085938, 337.4519653320313, 1.0], [961.097900390625, 346.47113037109364, 1.0], [957.6131591796876, 351.32763671875, 1.0], [955.5223388671876, 327.7389831542969, 1.0], [957.2647094726564, 343.0022277832031, 1.0], [956.5677490234374, 348.55249023437506, 1.0], [956.2192993164062, 353.4089660644531, 1.0], [942.977294921875, 332.94235229492193, 1.0], [944.7196655273439, 346.12423706054693, 1.0], [948.5528564453124, 353.4089660644531, 1.0], [950.6436767578126, 348.2055969238281, 1.0], [934.2654418945311, 333.2892456054688, 1.0], [936.704772949219, 348.55249023437506, 1.0], [943.6742553710939, 353.4089660644531, 1.0], [945.7650756835938, 348.89938354492193, 1.0], [925.902099609375, 334.3299255371094, 1.0], [923.4627685546875, 345.4304504394531, 1.0], [927.2960205078126, 351.6744995117188, 1.0], [933.9169921874999, 348.89938354492193, 1.0]], "head_box": [[956.0, 118.0], [1113.0, 298.0]], "head_size": 180.0, "hand_box_center": [944.1969299316406, 340.573974609375], "is_left": 0, "is_mpii": 1}