{"mpii_image": "073223791.jpg", "mpii_annorect_idx": 0, "mpii_body_pts": [[699.0, 880.0, 0.0], [361.0, 799.0, 0.0], [339.26458740234375, 763.5794067382812, 0.0], [247.7353973388672, 614.4205932617188, 0.0], [1079.0, 468.0, 1.0], [773.0, 540.0, 1.0], [701.0, 886.0, 1.0], [696.0, 874.0, 0.0], [735.0, 573.0, 0.0], [946.0, 439.0, 1.0], [583.0, 975.0, 1.0], [432.0, 954.0, 1.0], [352.0, 795.0, 1.0], [369.0, 802.0, 0.0], [456.0, 862.0, 0.0], [554.0, 855.0, 0.0]], "hand_pts": [[583.0, 975.0, 1.0], [615.3742675781251, 968.115234375, 1.0], [648.8854370117188, 971.9276733398438, 1.0], [698.0350952148438, 972.5631103515625, 1.0], [719.0992431640625, 969.3860473632812, 1.0], [635.1618041992186, 975.1047363281252, 1.0], [671.5453491210938, 980.1880493164064, 1.0], [699.630859375, 982.7296752929688, 1.0], [714.9502563476562, 984.00048828125, 1.0], [627.1829833984375, 980.1880493164064, 1.0], [659.41748046875, 988.7660522460939, 1.0], [677.9284057617188, 994.4847412109376, 1.0], [696.4393310546876, 1004.3336181640624, 1.0], [612.821044921875, 986.2244262695314, 1.0], [636.757568359375, 995.4378662109374, 1.0], [654.31103515625, 1004.6513671874999, 1.0], [667.0772094726562, 1011.9585571289061, 1.0], [597.5016479492188, 994.4847412109376, 1.0], [603.8847045898439, 1001.7919921875, 1.0], [612.821044921875, 1008.4638061523438, 1.0], [619.5232543945311, 1016.7241210937499, 1.0]], "head_box": [[220.0, 608.0], [367.0, 770.0]], "head_size": 162.0, "hand_box_center": [651.0496215820312, 992.419677734375], "is_left": 0, "is_mpii": 1}