{"mpii_image": "073388097.jpg", "mpii_annorect_idx": 1, "mpii_body_pts": [[522.0, 539.0, 1.0], [492.0, 384.0, 0.0], [492.7401123046875, 372.89788818359375, 0.0], [502.2598876953125, 230.1020965576172, 0.0], [333.0, 682.0, 1.0], [303.0, 607.0, 1.0], [468.0, 541.0, 1.0], [575.0, 537.0, 1.0], [706.0, 581.0, 1.0], [601.0, 640.0, 1.0], [416.0, 396.0, 1.0], [392.0, 491.0, 1.0], [408.0, 392.0, 0.0], [575.0, 376.0, 1.0], [609.0, 482.0, 1.0], [543.0, 422.0, 1.0]], "hand_pts": [[538.2769165039062, 408.6922302246094, 1.0], [526.9692382812499, 413.6190490722656, 1.0], [517.0750122070314, 419.95355224609364, 1.0], [505.0606079101563, 440.3647460937501, 1.0], [507.88751220703125, 453.5029602050781, 1.0], [507.88751220703125, 432.3879699707031, 1.0], [507.18078613281256, 449.98379516601557, 1.0], [512.1278686523438, 454.44140624999994, 1.0], [516.1326904296875, 452.79913330078125, 1.0], [514.4836425781252, 433.3263854980469, 1.0], [513.0701904296876, 459.6028442382813, 1.0], [519.6663208007811, 460.07208251953136, 1.0], [521.0798339843751, 454.206787109375, 1.0], [523.6711425781252, 435.9071350097656, 1.0], [523.6711425781252, 459.3682556152344, 1.0], [528.6182861328125, 456.55291748046875, 1.0], [528.8538208007811, 452.79913330078125, 1.0], [537.0989990234375, 436.8455810546875, 1.0], [535.685546875, 454.206787109375, 1.0], [530.7384643554688, 459.1336364746093, 1.0], [527.2048339843751, 459.3682556152344, 1.0]], "head_box": [[448.0, 227.0], [547.0, 376.0]], "head_size": 149.0, "hand_box_center": [521.6687622070312, 434.38215637207037], "is_left": 1, "is_mpii": 1}