{"mpii_image": "073392037.jpg", "mpii_annorect_idx": 0, "mpii_body_pts": [[1334.0, 548.0, 0.0], [1346.0, 285.0, 1.0], [1344.5706787109375, 277.0635070800781, 0.0], [1309.4293212890625, 81.9365005493164, 0.0], [1267.0, 1007.0, 1.0], [1228.0, 714.0, 1.0], [1254.0, 543.0, 0.0], [1414.0, 553.0, 1.0], [1580.0, 737.0, 1.0], [1460.0, 933.0, 1.0], [1379.0, 696.0, 1.0], [1226.0, 571.0, 1.0], [1206.0, 329.0, 1.0], [1486.0, 240.0, 1.0], [1654.0, 434.0, 1.0], [1600.0, 655.0, 1.0]], "hand_pts": [[1377.081420898437, 679.7196655273439, 1.0], [1397.910400390625, 685.5653686523438, 1.0], [1432.2341308593745, 703.1024169921875, 1.0], [1459.5413818359373, 718.742919921875, 1.0], [1477.0196533203127, 716.9660034179686, 1.0], [1450.2670898437502, 730.1152954101562, 1.0], [1457.1701660156248, 755.7136230468751, 1.0], [1460.1038818359373, 777.0503540039061, 1.0], [1458.930419921875, 788.74169921875, 1.0], [1434.2155761718752, 740.7768554687501, 1.0], [1445.1422119140623, 773.2506713867188, 1.0], [1447.1958007812502, 789.3262939453124, 1.0], [1447.4891357421877, 800.43310546875, 1.0], [1416.0239257812502, 748.5953369140626, 1.0], [1426.9536132812502, 776.1735229492189, 1.0], [1429.88720703125, 789.0339965820312, 1.0], [1430.1805419921875, 800.7254028320312, 1.0], [1397.5529785156248, 756.3375244140623, 1.0], [1405.3885498046875, 781.8640747070312, 1.0], [1409.3685302734373, 791.4055786132812, 1.0], [1412.1047363281248, 799.9557495117188, 1.0]], "head_box": [[1262.0, 74.0], [1392.0, 285.0]], "head_size": 211.0, "hand_box_center": [1427.050537109375, 740.2225341796875], "is_left": 0, "is_mpii": 1}