{"mpii_image": "073388097.jpg", "mpii_annorect_idx": 2, "mpii_body_pts": [[1093.0, 535.0, 1.0], [1103.0, 364.0, 1.0], [1103.2105712890625, 369.7709045410156, 0.0], [1097.7894287109375, 221.22909545898438, 0.0], [1161.0, 658.0, 1.0], [1049.0, 551.0, 1.0], [1039.0, 515.0, 1.0], [1146.0, 555.0, 1.0], [1246.0, 612.0, 1.0], [1090.0, 645.0, 0.0], [963.0, 392.0, 1.0], [973.0, 444.0, 1.0], [1029.0, 362.0, 1.0], [1177.0, 365.0, 1.0], [1207.0, 466.0, 1.0], [1210.0, 543.0, 1.0]], "hand_pts": [[1210.0, 543.0, 1.0], [1196.126220703125, 544.6471557617186, 1.0], [1183.3856201171875, 553.2822875976564, 1.0], [1190.16259765625, 561.9173583984374, 1.0], [1195.31298828125, 565.6952514648438, 1.0], [1206.9693603515625, 545.7265625, 1.0], [1198.2949218749998, 567.85400390625, 1.0], [1193.9576416015627, 563.5364379882812, 1.0], [1193.9576416015627, 557.8696899414061, 1.0], [1217.5413818359373, 554.3616333007811, 1.0], [1206.1561279296875, 569.2032470703126, 1.0], [1201.005615234375, 575.9494018554686, 1.0], [1202.6320800781248, 567.85400390625, 1.0], [1225.6737060546873, 557.8696899414061, 1.0], [1211.57763671875, 576.7589721679689, 1.0], [1208.0537109374998, 580.8067016601564, 1.0], [1207.5114746093748, 573.7906494140625, 1.0], [1230.8242187499998, 565.4253540039061, 1.0], [1225.131591796875, 578.3780517578126, 1.0], [1217.5413818359373, 580.8067016601564, 1.0], [1216.45703125, 575.9494018554686, 1.0]], "head_box": [[1045.0, 221.0], [1156.0, 370.0]], "head_size": 149.0, "hand_box_center": [1207.1049194335938, 561.9033508300781], "is_left": 1, "is_mpii": 1}