{"mpii_image": "073465450.jpg", "mpii_annorect_idx": 0, "mpii_body_pts": [[1090.0, 42.0, 0.0], [497.0, 288.0, 0.0], [466.3335876464844, 334.07159423828125, 0.0], [314.6664123535156, 561.9284057617188, 0.0], [1208.0, 801.0, 1.0], [845.0, 513.0, 1.0], [1084.0, 1.0, 0.0], [1096.0, 82.0, 1.0], [1220.0, 643.0, 1.0], [1645.0, 1015.0, 1.0], [535.0, 696.0, 1.0], [606.0, 519.0, 1.0], [624.0, 268.0, 0.0], [370.0, 308.0, 1.0], [355.0, 621.0, 1.0], [299.0, 860.0, 1.0]], "hand_pts": [[538.240234375, 732.6486816406251, 1.0], [516.3427734375, 755.5864868164062, 1.0], [500.48602294921864, 768.7475585937499, 1.0], [485.7618713378906, 780.7805175781252, 1.0], [473.302978515625, 793.9415283203124, 1.0], [482.74154663085943, 757.0906372070314, 1.0], [471.03771972656244, 749.1940307617189, 1.0], [458.20129394531244, 747.689880371094, 1.0], [445.74240112304705, 746.1857910156251, 1.0], [494.44534301757807, 745.8097534179688, 1.0], [481.6089172363281, 734.9049072265626, 1.0], [469.9050903320313, 734.5288696289062, 1.0], [463.10934448242193, 737.5371093749999, 1.0], [511.8122863769532, 738.2891235351564, 1.0], [504.26144409179693, 732.2727050781252, 1.0], [496.7106018066406, 729.6404418945311, 1.0], [488.40466308593756, 730.7685546875, 1.0], [527.6690673828124, 734.9049072265626, 1.0], [519.7406616210938, 730.7685546875, 1.0], [513.7000122070314, 725.504150390625, 1.0], [507.28176879882807, 725.504150390625, 1.0]], "head_box": [[277.0, 320.0], [504.0, 576.0]], "head_size": 256.0, "hand_box_center": [491.99131774902355, 759.7228393554688], "is_left": 0, "is_mpii": 1}