{"mpii_image": "073566311.jpg", "mpii_annorect_idx": 0, "mpii_body_pts": [[921.0, 317.0, 0.0], [790.0, 84.0, 0.0], [770.3588256835938, 81.1583023071289, 0.0], [574.6411743164062, 52.84170150756836, 0.0], [1134.0, 470.0, 1.0], [911.0, 526.0, 1.0], [901.0, 309.0, 0.0], [940.0, 324.0, 1.0], [654.0, 452.0, 1.0], [692.0, 706.0, 1.0], [644.0, 106.0, 1.0], [721.0, 53.0, 0.0], [812.0, 3.0, 0.0], [768.0, 164.0, 1.0], [704.0, 350.0, 1.0], [528.0, 303.0, 1.0]], "hand_pts": [[528.0, 303.0, 1.0], [514.2440185546876, 275.9407043457031, 1.0], [498.0179138183594, 254.7346038818359, 1.0], [465.22772216796875, 240.2606048583984, 1.0], [450.35382080078136, 223.7669677734375, 1.0], [479.7635803222656, 272.57467651367193, 1.0], [441.90274047851557, 262.4765319824218, 1.0], [422.2962341308594, 256.75424194335943, 1.0], [410.8027648925781, 250.02214050292977, 1.0], [475.70706176757807, 289.74151611328125, 1.0], [435.8179626464844, 279.97998046875, 1.0], [416.5494995117188, 271.2282409667969, 1.0], [401.6755676269532, 262.4765319824218, 1.0], [454.07229614257807, 304.21551513671875, 1.0], [430.4092712402343, 295.8003845214844, 1.0], [415.8734130859375, 283.6826171875, 1.0], [405.39404296875, 274.5942993164063, 1.0], [464.88967895507807, 315.9966735839843, 1.0], [440.5505676269532, 316.3332824707031, 1.0], [421.62014770507807, 303.87890624999994, 1.0], [418.2397155761718, 292.0977478027344, 1.0]], "head_box": [[568.0, 1.0], [777.0, 133.0]], "head_size": 132.0, "hand_box_center": [464.83778381347656, 270.0501251220703], "is_left": 1, "is_mpii": 1}