{"mpii_image": "073566311.jpg", "mpii_annorect_idx": 0, "mpii_body_pts": [[921.0, 317.0, 0.0], [790.0, 84.0, 0.0], [770.3588256835938, 81.1583023071289, 0.0], [574.6411743164062, 52.84170150756836, 0.0], [1134.0, 470.0, 1.0], [911.0, 526.0, 1.0], [901.0, 309.0, 0.0], [940.0, 324.0, 1.0], [654.0, 452.0, 1.0], [692.0, 706.0, 1.0], [644.0, 106.0, 1.0], [721.0, 53.0, 0.0], [812.0, 3.0, 0.0], [768.0, 164.0, 1.0], [704.0, 350.0, 1.0], [528.0, 303.0, 1.0]], "hand_pts": [[646.3256835937499, 105.20597839355464, 1.0], [617.1132202148438, 101.25685882568358, 1.0], [584.6548461914061, 101.9748764038086, 1.0], [562.6553344726564, 111.66818237304686, 1.0], [561.9340209960938, 134.6448974609375, 1.0], [568.4257202148438, 132.13182067871094, 1.0], [555.4423828124999, 146.13325500488273, 1.0], [541.3771362304688, 161.92974853515625, 1.0], [546.0655517578125, 151.15940856933594, 1.0], [578.1632080078125, 139.6710510253906, 1.0], [563.0159912109375, 170.18701171875, 1.0], [570.5895996093751, 159.41667175292972, 1.0], [582.8516235351561, 141.4661102294922, 1.0], [587.5400390625, 152.595458984375, 1.0], [577.0812377929686, 174.49514770507815, 1.0], [584.2942504882812, 166.59689331054688, 1.0], [596.9169311523438, 140.03005981445315, 1.0], [599.8020629882811, 156.18556213378903, 1.0], [596.1956176757812, 176.64920043945312, 1.0], [600.8840332031251, 165.16084289550778, 1.0], [608.0969848632812, 146.13325500488273, 1.0]], "head_box": [[568.0, 1.0], [777.0, 133.0]], "head_size": 132.0, "hand_box_center": [593.8514099121094, 138.95302963256836], "is_left": 0, "is_mpii": 1}