{"mpii_image": "073941289.jpg", "mpii_annorect_idx": 0, "mpii_body_pts": [[888.0, 395.0, 1.0], [892.0, 634.0, 1.0], [893.1557006835938, 666.8551025390625, 0.0], [897.8442993164062, 800.1448974609375, 0.0], [854.0, 588.0, 0.0], [849.0, 511.0, 0.0], [845.0, 398.0, 1.0], [931.0, 391.0, 1.0], [948.0, 518.0, 0.0], [936.0, 598.0, 0.0], [724.0, 898.0, 1.0], [768.0, 754.0, 1.0], [821.0, 636.0, 1.0], [963.0, 631.0, 1.0], [991.0, 785.0, 1.0], [1013.0, 893.0, 1.0]], "hand_pts": [[1013.0, 893.0, 1.0], [999.4231567382812, 909.622314453125, 1.0], [982.0961303710939, 918.2489624023438, 1.0], [967.7329711914061, 927.7836914062501, 1.0], [959.0694580078125, 938.2264404296876, 1.0], [1001.9310302734375, 925.0594482421876, 1.0], [997.8272705078125, 937.7723999023439, 1.0], [990.7596435546876, 945.0369262695312, 1.0], [984.6040039062501, 953.2095336914062, 1.0], [1015.8381958007811, 925.7405395507814, 1.0], [1015.6102294921874, 938.2264404296876, 1.0], [1015.1542358398438, 947.080078125, 1.0], [1015.6102294921874, 957.2958374023439, 1.0], [1030.4293212890625, 928.9187622070314, 1.0], [1033.84912109375, 940.2695922851562, 1.0], [1036.1290283203123, 946.6260375976564, 1.0], [1037.7249755859375, 955.9337768554688, 1.0], [1041.6007080078123, 929.372802734375, 1.0], [1051.1761474609375, 937.0913696289062, 1.0], [1057.1038818359373, 942.5397338867188, 1.0], [1062.1195068359373, 946.1720581054686, 1.0]], "head_box": [[848.0, 665.0], [943.0, 802.0]], "head_size": 137.0, "hand_box_center": [1010.5944824218749, 925.1479187011719], "is_left": 1, "is_mpii": 1}