{"mpii_image": "074394629.jpg", "mpii_annorect_idx": 0, "mpii_body_pts": [[794.0, 392.0, 0.0], [755.0, 240.0, 1.0], [784.9735717773438, 280.87310791015625, 0.0], [703.0264282226562, 169.1269073486328, 0.0], [816.0, 460.0, 0.0], [762.0, 456.0, 0.0], [756.0, 423.0, 1.0], [832.0, 361.0, 0.0], [948.0, 311.0, 1.0], [816.0, 444.0, 1.0], [681.0, 408.0, 1.0], [659.0, 375.0, 1.0], [690.0, 251.0, 1.0], [820.0, 228.0, 1.0], [985.0, 295.0, 1.0], [958.0, 423.0, 1.0]], "hand_pts": [[688.2010498046875, 393.44589233398443, 1.0], [699.6208496093751, 391.64926147460943, 1.0], [712.84375, 398.6361389160155, 1.0], [710.0388793945312, 407.2200317382812, 1.0], [704.6295166015625, 412.80953979492193, 1.0], [691.0059204101562, 404.42529296874994, 1.0], [687.399658203125, 416.80206298828125, 1.0], [693.4100341796876, 425.78521728515625, 1.0], [699.0197753906251, 424.7870788574219, 1.0], [681.9902954101562, 402.22940063476574, 1.0], [678.7847290039062, 418.7983093261718, 1.0], [682.7916870117188, 427.182586669922, 1.0], [689.2027587890625, 427.98107910156244, 1.0], [677.5826416015625, 401.23126220703125, 1.0], [674.5774536132812, 416.40280151367193, 1.0], [679.3858032226564, 424.9866943359375, 1.0], [690.2045288085938, 427.98107910156244, 1.0], [675.3788452148439, 399.63427734375006, 1.0], [672.9746704101564, 413.2088012695313, 1.0], [674.9781494140625, 420.7945556640625, 1.0], [680.7882080078126, 422.7908325195313, 1.0]], "head_box": [[693.0, 155.0], [795.0, 295.0]], "head_size": 140.0, "hand_box_center": [692.9092102050781, 409.81517028808594], "is_left": 0, "is_mpii": 1}