{"mpii_image": "074608216.jpg", "mpii_annorect_idx": 0, "mpii_body_pts": [[1147.0, 530.0, 0.0], [888.0, 589.0, 0.0], [858.711181640625, 596.761474609375, 0.0], [717.288818359375, 634.238525390625, 0.0], [1486.0, 827.0, 0.0], [1342.0, 678.0, 0.0], [1147.0, 523.0, 0.0], [1147.0, 537.0, 1.0], [1347.0, 689.0, 1.0], [1528.0, 849.0, 1.0], [817.0, 878.0, 0.0], [849.0, 761.0, 0.0], [886.0, 577.0, 0.0], [889.0, 601.0, 1.0], [846.0, 793.0, 1.0], [803.0, 942.0, 1.0]], "hand_pts": [[817.0, 878.0, 1.0], [802.9148559570314, 888.2568359375001, 1.0], [793.3993530273439, 897.731689453125, 1.0], [782.6944580078126, 906.6143188476564, 1.0], [777.3419799804686, 911.9439086914061, 1.0], [775.5578002929686, 894.1785888671877, 1.0], [749.3901977539061, 897.731689453125, 1.0], [732.1433715820314, 901.2847290039062, 1.0], [724.4119873046875, 902.4690551757811, 1.0], [774.368408203125, 891.2177124023438, 1.0], [749.9849243164062, 893.5864257812499, 1.0], [735.711669921875, 897.1394653320312, 1.0], [726.7908935546877, 897.731689453125, 1.0], [770.800048828125, 888.2568359375001, 1.0], [748.2007446289064, 892.402099609375, 1.0], [732.1433715820314, 893.5864257812499, 1.0], [722.6278686523438, 893.5864257812499, 1.0], [767.2317504882812, 888.8489990234374, 1.0], [752.36376953125, 891.2177124023438, 1.0], [743.4429931640624, 892.402099609375, 1.0], [730.359191894531, 894.7707519531252, 1.0]], "head_box": [[731.0, 544.0], [845.0, 687.0]], "head_size": 143.0, "hand_box_center": [769.8139343261719, 894.9719543457031], "is_left": 0, "is_mpii": 1}