{"mpii_image": "074774582.jpg", "mpii_annorect_idx": 0, "mpii_body_pts": [[109.0, 625.0, 0.0], [170.0, 384.0, 1.0], [182.40199279785156, 343.07330322265625, 0.0], [227.59800720214844, 193.92669677734375, 0.0], [168.0, 717.0, 0.0], [334.0, 618.0, 1.0], [72.0, 637.0, 1.0], [146.0, 612.0, 0.0], [350.0, 547.0, 1.0], [260.0, 699.0, 0.0], [231.0, 554.0, 1.0], [75.0, 549.0, 1.0], [90.0, 387.0, 1.0], [249.0, 380.0, 1.0], [249.0, 508.0, 1.0], [279.0, 554.0, 0.0]], "hand_pts": [[240.35488891601565, 556.2658081054686, 1.0], [251.51213073730472, 542.4044799804688, 1.0], [275.95523071289057, 535.2824096679689, 1.0], [290.94393920898426, 534.3634033203125, 1.0], [303.8572692871094, 534.1336669921875, 1.0], [272.0351257324219, 543.0937500000001, 1.0], [292.09692382812494, 551.8240966796876, 1.0], [303.3960876464843, 555.0405273437499, 1.0], [312.15869140625, 558.7164306640626, 1.0], [269.4985656738281, 561.013916015625, 1.0], [286.33203124999994, 568.1359863281251, 1.0], [303.16549682617193, 575.2581176757812, 1.0], [314.46466064453136, 578.2448120117188, 1.0], [266.2702331542969, 574.5688476562501, 1.0], [281.72012329101557, 584.2182006835938, 1.0], [293.48046874999994, 591.1105346679689, 1.0], [304.54904174804693, 597.0839233398439, 1.0], [262.58071899414057, 586.5156249999999, 1.0], [274.8022460937501, 596.8541870117186, 1.0], [281.02832031249994, 601.2193603515626, 1.0], [289.3297729492187, 604.6655273437499, 1.0]], "head_box": [[146.0, 191.0], [264.0, 346.0]], "head_size": 155.0, "hand_box_center": [277.4097747802735, 569.3995971679688], "is_left": 0, "is_mpii": 1}