{"mpii_image": "074860871.jpg", "mpii_annorect_idx": 0, "mpii_body_pts": [[477.0, 674.0, 1.0], [362.0, 401.0, 0.0], [346.5563049316406, 324.2044982910156, 0.0], [304.4436950683594, 114.79550170898438, 0.0], [609.0, 535.0, 0.0], [570.0, 518.0, 0.0], [563.0, 644.0, 1.0], [390.0, 704.0, 1.0], [357.0, 617.0, 0.0], [425.0, 646.0, 0.0], [603.0, 402.0, 1.0], [677.0, 510.0, 1.0], [479.0, 396.0, 1.0], [245.0, 406.0, 0.0], [350.0, 506.0, 0.0], [458.0, 355.0, 0.0]], "hand_pts": [[458.0, 355.0, 1.0], [496.82751464843744, 326.56838989257807, 1.0], [512.0198364257812, 304.07720947265625, 1.0], [530.7180786132814, 293.2193908691406, 1.0], [548.6372680664061, 285.46383666992193, 1.0], [531.88671875, 298.64831542968744, 1.0], [545.910400390625, 290.5049438476563, 1.0], [553.3118286132811, 294.77050781249994, 1.0], [550.9745483398439, 301.7505493164063, 1.0], [531.88671875, 306.4038696289063, 1.0], [548.6372680664061, 299.0360717773437, 1.0], [551.3640747070312, 316.0983581542968, 1.0], [537.3403930664062, 314.1594543457032, 1.0], [528.3807983398439, 310.28167724609364, 1.0], [545.910400390625, 308.7305603027344, 1.0], [548.2476806640625, 326.56838989257807, 1.0], [527.212158203125, 321.9150390624999, 1.0], [534.2239990234375, 322.30282592773443, 1.0], [545.5208740234375, 322.6905822753906, 1.0], [544.3522338867185, 334.32394409179693, 1.0], [527.9912719726564, 333.5484008789063, 1.0]], "head_box": [[245.0, 113.0], [406.0, 326.0]], "head_size": 213.0, "hand_box_center": [505.65591430664057, 320.23191833496094], "is_left": 1, "is_mpii": 1}