{"mpii_image": "075171704.jpg", "mpii_annorect_idx": 0, "mpii_body_pts": [[776.0, 510.0, 1.0], [814.0, 169.0, 1.0], [808.80859375, 175.1074981689453, 0.0], [921.19140625, 42.89250183105469, 0.0], [736.0, 1003.0, 1.0], [728.0, 711.0, 1.0], [716.0, 501.0, 1.0], [836.0, 518.0, 1.0], [858.0, 742.0, 1.0], [762.0, 836.0, 1.0], [387.0, 21.0, 1.0], [543.0, 72.0, 1.0], [702.0, 117.0, 1.0], [926.0, 220.0, 1.0], [955.0, 376.0, 1.0], [1000.0, 515.0, 1.0]], "hand_pts": [[997.9170532226562, 530.9695434570312, 1.0], [1018.1235351562501, 536.76318359375, 1.0], [1044.49462890625, 541.1935424804688, 1.0], [1057.2023925781248, 555.2776489257812, 1.0], [1066.05712890625, 570.9232788085938, 1.0], [1047.49072265625, 546.4592285156249, 1.0], [1059.2019042968748, 551.8640747070312, 1.0], [1061.4869384765625, 567.2252197265625, 1.0], [1061.2012939453125, 582.3019409179688, 1.0], [1036.2750244140625, 555.8480224609374, 1.0], [1046.6339111328123, 570.9232788085938, 1.0], [1048.06201171875, 584.5776977539061, 1.0], [1050.9184570312502, 599.0854492187501, 1.0], [1024.2882080078123, 557.2111816406251, 1.0], [1028.3979492187498, 575.6144409179689, 1.0], [1029.0828857421877, 587.54248046875, 1.0], [1030.79541015625, 602.8784790039062, 1.0], [1011.9588012695314, 556.5296020507812, 1.0], [1012.0718383789064, 569.7854614257812, 1.0], [1012.6437988281251, 578.0000610351562, 1.0], [1011.2149047851562, 591.1204223632812, 1.0]], "head_box": [[806.0, 18.0], [924.0, 200.0]], "head_size": 182.0, "hand_box_center": [1031.9870910644531, 566.9240112304688], "is_left": 1, "is_mpii": 1}