{"mpii_image": "075123019.jpg", "mpii_annorect_idx": 0, "mpii_body_pts": [[832.0, 402.0, 0.0], [810.0, 275.0, 0.0], [811.2296142578125, 286.81781005859375, 0.0], [790.7703857421875, 90.18219757080078, 0.0], [760.0, 588.0, 1.0], [738.0, 370.0, 1.0], [782.0, 402.0, 0.0], [882.0, 402.0, 0.0], [980.0, 361.0, 1.0], [899.0, 609.0, 1.0], [606.0, 313.0, 0.0], [584.0, 374.0, 1.0], [725.0, 231.0, 0.0], [895.0, 318.0, 1.0], [760.0, 472.0, 1.0], [612.0, 564.0, 1.0]], "hand_pts": [[607.3345947265625, 295.57434082031256, 1.0], [610.2598266601564, 262.05810546874994, 1.0], [626.9336547851561, 243.11415100097653, 1.0], [642.4373779296876, 231.4563293457032, 1.0], [647.1177978515625, 218.04985046386713, 1.0], [592.7083740234376, 235.82801818847662, 1.0], [622.2532958984374, 224.17019653320315, 1.0], [636.8794555664064, 234.66223144531253, 1.0], [645.9476928710936, 244.86282348632815, 1.0], [589.7831420898439, 244.27993774414057, 1.0], [625.4710083007812, 243.9884948730469, 1.0], [637.7570190429686, 252.1489562988281, 1.0], [645.9476928710936, 259.7265319824218, 1.0], [590.9532470703125, 257.9778747558594, 1.0], [624.3009643554686, 260.30944824218744, 1.0], [636.0018920898438, 267.0126953125, 1.0], [635.4168090820311, 273.7159423828125, 1.0], [594.1710205078126, 271.0929260253906, 1.0], [618.7429809570314, 275.464599609375, 1.0], [631.0289916992188, 279.5448303222657, 1.0], [630.7364501953124, 286.5395202636719, 1.0]], "head_box": [[732.0, 86.0], [870.0, 291.0]], "head_size": 205.0, "hand_box_center": [618.4504699707031, 256.81209564208984], "is_left": 0, "is_mpii": 1}