{"mpii_image": "075327673.jpg", "mpii_annorect_idx": 0, "mpii_body_pts": [[1021.0, 625.0, 1.0], [1018.0, 374.0, 1.0], [1017.3482055664062, 347.7973937988281, 0.0], [1013.6517944335938, 199.20260620117188, 0.0], [1044.0, 1054.0, 0.0], [998.0, 864.0, 1.0], [969.0, 625.0, 1.0], [1072.0, 625.0, 1.0], [1082.0, 859.0, 1.0], [1107.0, 1035.0, 0.0], [920.0, 544.0, 1.0], [860.0, 498.0, 1.0], [909.0, 378.0, 1.0], [1126.0, 370.0, 1.0], [1186.0, 503.0, 1.0], [1069.0, 533.0, 1.0]], "hand_pts": [[1069.0, 533.0, 1.0], [1052.0175781250002, 517.3535766601564, 1.0], [1034.1551513671877, 515.8290405273439, 1.0], [1018.8445434570312, 523.7057495117189, 1.0], [1006.5960083007812, 524.2139282226564, 1.0], [1037.2172851562502, 536.9182739257812, 1.0], [1011.189208984375, 539.2050170898438, 1.0], [998.940673828125, 538.4428100585938, 1.0], [994.3474731445311, 538.6968994140625, 1.0], [1041.5552978515625, 551.4012451171875, 1.0], [1018.0789794921876, 555.9747924804688, 1.0], [1009.6581420898438, 552.1634521484375, 1.0], [1004.5546264648436, 542.2540893554688, 1.0], [1045.382934570312, 560.2942504882812, 1.0], [1020.8859252929686, 561.0565185546875, 1.0], [1013.4857788085939, 555.9747924804688, 1.0], [1009.1477661132811, 548.3521728515624, 1.0], [1040.2794189453123, 555.9747924804688, 1.0], [1027.2653808593748, 555.720703125, 1.0], [1015.7824096679689, 548.8603515625, 1.0], [1009.1477661132811, 542.0, 1.0]], "head_box": [[960.0, 199.0], [1071.0, 348.0]], "head_size": 149.0, "hand_box_center": [1031.6737365722656, 538.4427795410156], "is_left": 1, "is_mpii": 1}