{"mpii_image": "075338811.jpg", "mpii_annorect_idx": 0, "mpii_body_pts": [[1565.0, 594.0, 0.0], [1564.0, 255.0, 1.0], [1554.8194580078125, 177.47509765625, 0.0], [1537.1805419921875, 28.524900436401367, 0.0], [1473.0, 1011.0, 1.0], [1478.0, 812.0, 1.0], [1514.0, 598.0, 1.0], [1615.0, 590.0, 0.0], [1647.0, 838.0, 1.0], [1663.0, 1076.0, 1.0], [1396.0, 561.0, 1.0], [1418.0, 422.0, 1.0], [1440.0, 258.0, 1.0], [1687.0, 251.0, 1.0], [1716.0, 451.0, 1.0], [1651.0, 573.0, 1.0]], "hand_pts": [[1393.3308105468748, 579.8793945312501, 1.0], [1405.1231689453123, 595.3335571289061, 1.0], [1408.2264404296875, 607.0786743164064, 1.0], [1412.1572265624998, 620.472229003906, 1.0], [1414.4329833984375, 637.3687744140625, 1.0], [1384.434814453125, 627.6842041015625, 1.0], [1391.261962890625, 645.8170166015624, 1.0], [1395.1927490234373, 655.5016479492188, 1.0], [1402.2268066406252, 660.8590698242185, 1.0], [1382.1590576171875, 628.0551147460938, 1.0], [1388.48974609375, 646.0437011718751, 1.0], [1392.5860595703125, 654.01806640625, 1.0], [1399.1029052734373, 660.3233032226564, 1.0], [1379.7385253906252, 627.6842041015625, 1.0], [1387.744873046875, 645.4873657226562, 1.0], [1392.5860595703125, 653.8325805664062, 1.0], [1397.7994384765623, 659.5815429687501, 1.0], [1380.1109619140625, 624.3460693359373, 1.0], [1384.7657470703125, 637.5130004882812, 1.0], [1389.04833984375, 645.4873657226562, 1.0], [1394.26171875, 652.1635742187501, 1.0]], "head_box": [[1494.0, 25.0], [1598.0, 181.0]], "head_size": 156.0, "hand_box_center": [1397.0857543945312, 620.3692321777344], "is_left": 0, "is_mpii": 1}