{"mpii_image": "075338811.jpg", "mpii_annorect_idx": 0, "mpii_body_pts": [[1565.0, 594.0, 0.0], [1564.0, 255.0, 1.0], [1554.8194580078125, 177.47509765625, 0.0], [1537.1805419921875, 28.524900436401367, 0.0], [1473.0, 1011.0, 1.0], [1478.0, 812.0, 1.0], [1514.0, 598.0, 1.0], [1615.0, 590.0, 0.0], [1647.0, 838.0, 1.0], [1663.0, 1076.0, 1.0], [1396.0, 561.0, 1.0], [1418.0, 422.0, 1.0], [1440.0, 258.0, 1.0], [1687.0, 251.0, 1.0], [1716.0, 451.0, 1.0], [1651.0, 573.0, 1.0]], "hand_pts": [[1651.0, 573.0, 1.0], [1632.6538085937498, 580.6229858398438, 1.0], [1609.8345947265625, 595.4306640624999, 1.0], [1600.0916748046875, 614.0678100585938, 1.0], [1588.8103027343748, 629.3860473632812, 1.0], [1618.622436523437, 620.3522338867185, 1.0], [1606.7579345703123, 642.1512451171875, 1.0], [1600.86083984375, 650.3209838867186, 1.0], [1594.34765625, 658.0586547851561, 1.0], [1634.0162353515625, 625.0654907226562, 1.0], [1623.06298828125, 649.22119140625, 1.0], [1617.5264892578123, 657.469482421875, 1.0], [1610.3334960937498, 663.0665283203124, 1.0], [1646.4497070312502, 630.3679809570312, 1.0], [1637.5252685546875, 655.4270629882811, 1.0], [1631.1153564453125, 663.3414306640625, 1.0], [1626.3193359374998, 666.0123291015624, 1.0], [1655.6268310546875, 634.4921264648436, 1.0], [1650.5942382812498, 654.8182373046875, 1.0], [1645.857666015625, 660.7098388671877, 1.0], [1641.7132568359373, 666.0123291015624, 1.0]], "head_box": [[1494.0, 25.0], [1598.0, 181.0]], "head_size": 156.0, "hand_box_center": [1622.2185668945312, 619.5061645507812], "is_left": 1, "is_mpii": 1}