{"mpii_image": "075327673.jpg", "mpii_annorect_idx": 0, "mpii_body_pts": [[1021.0, 625.0, 1.0], [1018.0, 374.0, 1.0], [1017.3482055664062, 347.7973937988281, 0.0], [1013.6517944335938, 199.20260620117188, 0.0], [1044.0, 1054.0, 0.0], [998.0, 864.0, 1.0], [969.0, 625.0, 1.0], [1072.0, 625.0, 1.0], [1082.0, 859.0, 1.0], [1107.0, 1035.0, 0.0], [920.0, 544.0, 1.0], [860.0, 498.0, 1.0], [909.0, 378.0, 1.0], [1126.0, 370.0, 1.0], [1186.0, 503.0, 1.0], [1069.0, 533.0, 1.0]], "hand_pts": [[927.8828735351564, 543.9950561523438, 1.0], [936.6803588867188, 525.3692626953123, 1.0], [950.7563476562501, 510.90692138671875, 1.0], [961.7532348632812, 503.67575073242193, 1.0], [973.8497314453125, 503.4566040039063, 1.0], [945.0379638671875, 534.5725708007812, 1.0], [958.0142822265626, 531.9430541992186, 1.0], [973.8497314453125, 534.7916870117188, 1.0], [981.1076660156249, 537.8594970703125, 1.0], [943.9382934570312, 546.8436889648438, 1.0], [963.9525756835936, 555.1704711914062, 1.0], [977.5886840820312, 555.1704711914062, 1.0], [985.2864990234375, 552.9791870117188, 1.0], [941.7389526367189, 559.11474609375, 1.0], [962.6329345703126, 563.7164306640626, 1.0], [974.2896118164062, 563.2781372070315, 1.0], [979.3482055664062, 558.6765136718751, 1.0], [940.859191894531, 567.222412109375, 1.0], [957.3544921874999, 571.1667480468751, 1.0], [962.4130249023438, 569.1945800781252, 1.0], [964.3924560546875, 566.7841796875001, 1.0]], "head_box": [[960.0, 199.0], [1071.0, 348.0]], "head_size": 149.0, "hand_box_center": [956.5846862792969, 537.3116760253907], "is_left": 0, "is_mpii": 1}