{"mpii_image": "075513362.jpg", "mpii_annorect_idx": 0, "mpii_body_pts": [[504.0, 633.0, 1.0], [506.0, 309.0, 1.0], [534.9989013671875, 270.3348083496094, 0.0], [624.0010986328125, 151.6652069091797, 0.0], [424.0, 1004.0, 1.0], [441.0, 795.0, 1.0], [439.0, 634.0, 1.0], [569.0, 631.0, 1.0], [583.0, 812.0, 1.0], [564.0, 1038.0, 1.0], [347.0, 400.0, 1.0], [355.0, 374.0, 1.0], [422.0, 278.0, 1.0], [590.0, 340.0, 1.0], [598.0, 453.0, 1.0], [626.0, 506.0, 1.0]], "hand_pts": [[628.9483032226564, 528.8434448242186, 1.0], [638.5838623046876, 513.4416503906249, 1.0], [659.6299438476564, 512.1791992187501, 1.0], [672.5618896484375, 524.0461425781251, 1.0], [680.168884277344, 531.3682861328124, 1.0], [673.8297119140625, 515.2090454101564, 1.0], [688.0294799804688, 522.0262451171875, 1.0], [687.2687988281251, 531.3682861328124, 1.0], [683.211669921875, 539.4479370117186, 1.0], [681.4367065429688, 523.7936401367189, 1.0], [685.7473754882812, 543.740234375, 1.0], [663.68701171875, 550.0524291992185, 1.0], [655.0657348632812, 541.7203369140626, 1.0], [677.3796386718751, 529.3483886718751, 1.0], [681.6903076171877, 548.2850341796877, 1.0], [661.6585083007812, 554.3447265625, 1.0], [654.3050537109374, 545.7601318359374, 1.0], [673.5761108398438, 538.9429321289061, 1.0], [683.4652709960938, 547.7800292968751, 1.0], [682.9581298828123, 554.597229003906, 1.0], [682.9581298828123, 560.4044799804688, 1.0]], "head_box": [[525.0, 136.0], [634.0, 286.0]], "head_size": 150.0, "hand_box_center": [658.4888916015625, 536.2918395996094], "is_left": 1, "is_mpii": 1}