{"mpii_image": "075793774.jpg", "mpii_annorect_idx": 0, "mpii_body_pts": [[649.0, 630.0, 1.0], [645.0, 396.0, 1.0], [652.2570190429688, 367.2745056152344, 0.0], [685.7429809570312, 234.72549438476562, 0.0], [504.0, 1026.0, 1.0], [559.0, 843.0, 1.0], [619.0, 624.0, 1.0], [679.0, 636.0, 1.0], [660.0, 855.0, 0.0], [619.0, 1009.0, 1.0], [537.0, 634.0, 1.0], [521.0, 501.0, 1.0], [569.0, 383.0, 1.0], [720.0, 408.0, 1.0], [751.0, 513.0, 1.0], [773.0, 614.0, 1.0]], "hand_pts": [[530.7050170898438, 631.0865478515625, 1.0], [560.6240844726564, 662.607177734375, 1.0], [567.6051635742188, 684.2000732421877, 1.0], [564.1146240234374, 699.0916748046875, 1.0], [551.1497192382814, 701.8218383789062, 1.0], [551.1497192382814, 681.4699096679688, 1.0], [549.1550903320312, 703.8073730468751, 1.0], [550.1524047851561, 717.7062377929686, 1.0], [553.8922729492188, 698.3471069335936, 1.0], [538.1847534179689, 684.2000732421877, 1.0], [539.1820678710938, 705.5447387695314, 1.0], [536.6888427734376, 695.12060546875, 1.0], [535.9408569335938, 687.1784057617189, 1.0], [525.9678344726562, 686.4337768554688, 1.0], [525.4691772460939, 704.8001708984374, 1.0], [531.4530029296876, 695.8651733398438, 1.0], [530.7050170898438, 688.419372558594, 1.0], [510.75897216796875, 686.1856079101564, 1.0], [513.0029296874999, 706.7857055664065, 1.0], [517.2414550781251, 697.8507080078125, 1.0], [517.4907836914062, 690.9013061523438, 1.0]], "head_box": [[620.0, 231.0], [718.0, 371.0]], "head_size": 140.0, "hand_box_center": [539.1820678710938, 674.3963928222656], "is_left": 0, "is_mpii": 1}