{"mpii_image": "076440011.jpg", "mpii_annorect_idx": 0, "mpii_body_pts": [[693.0, 577.0, 0.0], [687.0, 293.0, 0.0], [698.1126098632812, 217.93350219726562, 0.0], [724.8873901367188, 37.06650161743164, 0.0], [513.0, 663.0, 1.0], [684.0, 836.0, 1.0], [660.0, 578.0, 1.0], [725.0, 575.0, 0.0], [716.0, 816.0, 0.0], [672.0, 1016.0, 1.0], [851.0, 554.0, 1.0], [810.0, 410.0, 1.0], [778.0, 272.0, 0.0], [595.0, 313.0, 1.0], [531.0, 478.0, 1.0], [478.0, 639.0, 1.0]], "hand_pts": [[478.0, 639.0, 1.0], [495.50744628906256, 653.7297363281252, 1.0], [515.371337890625, 674.4114379882812, 1.0], [516.5751953125, 699.2893676757814, 1.0], [516.2742309570315, 719.6713256835938, 1.0], [483.7696838378907, 696.2920532226564, 1.0], [509.9538879394532, 705.5838012695315, 1.0], [515.672302246094, 693.2946777343751, 1.0], [512.0606689453124, 684.0029296874999, 1.0], [465.1096801757814, 692.6951904296876, 1.0], [491.29388427734375, 700.1885986328126, 1.0], [500.62390136718744, 689.3981323242188, 1.0], [494.0025939941406, 682.5042724609375, 1.0], [458.4883728027343, 681.9047851562501, 1.0], [470.2261352539062, 692.3955078124999, 1.0], [477.4493713378906, 686.1010742187501, 1.0], [472.9348449707031, 679.8066406249999, 1.0], [450.6632080078125, 669.9154052734375, 1.0], [451.86709594726557, 687.5997314453126, 1.0], [459.69226074218744, 681.6050415039062, 1.0], [460.89611816406244, 672.9127197265625, 1.0]], "head_box": [[638.0, 40.0], [785.0, 215.0]], "head_size": 175.0, "hand_box_center": [483.61920166015625, 679.3356628417969], "is_left": 1, "is_mpii": 1}