{"mpii_image": "076443286.jpg", "mpii_annorect_idx": 0, "mpii_body_pts": [[972.0, 719.0, 0.0], [981.0, 460.0, 0.0], [977.8120727539062, 425.4361877441406, 0.0], [965.1879272460938, 288.5638122558594, 0.0], [822.0, 905.0, 1.0], [773.0, 710.0, 1.0], [948.0, 705.0, 0.0], [996.0, 733.0, 1.0], [971.0, 951.0, 1.0], [1186.0, 908.0, 1.0], [693.0, 456.0, 0.0], [853.0, 456.0, 1.0], [973.0, 443.0, 0.0], [989.0, 476.0, 1.0], [847.0, 492.0, 1.0], [696.0, 463.0, 1.0]], "hand_pts": [[701.6086425781252, 474.8053283691406, 1.0], [693.0107421875, 456.1026611328126, 1.0], [694.1420288085936, 432.2173461914063, 1.0], [687.354248046875, 412.6133422851563, 1.0], [673.7785644531251, 410.8106689453125, 1.0], [653.4151000976562, 431.5413208007813, 1.0], [665.6331787109375, 415.9933471679687, 1.0], [676.7199707031251, 418.47198486328125, 1.0], [684.412841796875, 422.75332641601557, 1.0], [647.98486328125, 444.1600036621094, 1.0], [661.3342285156249, 432.4426574707031, 1.0], [672.8735351562501, 433.343994140625, 1.0], [681.2451782226564, 436.94934082031256, 1.0], [644.138427734375, 456.1026611328126, 1.0], [656.3565063476562, 447.54000854492193, 1.0], [665.6331787109375, 447.54000854492193, 1.0], [667.8958129882812, 453.17333984375, 1.0], [644.8171997070311, 465.1159973144532, 1.0], [655.6777343750001, 458.80667114257807, 1.0], [662.6918334960939, 459.482666015625, 1.0], [663.1443481445312, 465.1159973144532, 1.0]], "head_box": [[919.0, 289.0], [1024.0, 425.0]], "head_size": 136.0, "hand_box_center": [672.8735351562501, 442.80799865722656], "is_left": 1, "is_mpii": 1}