{"mpii_image": "076440011.jpg", "mpii_annorect_idx": 0, "mpii_body_pts": [[693.0, 577.0, 0.0], [687.0, 293.0, 0.0], [698.1126098632812, 217.93350219726562, 0.0], [724.8873901367188, 37.06650161743164, 0.0], [513.0, 663.0, 1.0], [684.0, 836.0, 1.0], [660.0, 578.0, 1.0], [725.0, 575.0, 0.0], [716.0, 816.0, 0.0], [672.0, 1016.0, 1.0], [851.0, 554.0, 1.0], [810.0, 410.0, 1.0], [778.0, 272.0, 0.0], [595.0, 313.0, 1.0], [531.0, 478.0, 1.0], [478.0, 639.0, 1.0]], "hand_pts": [[482.2110290527343, 643.2631225585939, 1.0], [503.7911071777343, 654.3087158203125, 1.0], [512.5397949218751, 678.1438598632812, 1.0], [511.95651245117176, 700.8163452148438, 1.0], [514.289489746094, 717.0939941406251, 1.0], [487.4602355957031, 694.4215087890624, 1.0], [506.1025695800781, 697.5763549804688, 1.0], [516.4344482421876, 692.5064697265625, 1.0], [522.9514770507812, 676.5045776367189, 1.0], [471.12936401367193, 688.0267333984375, 1.0], [496.8833618164063, 687.7534179687501, 1.0], [506.4204711914063, 681.574462890625, 1.0], [511.6658935546875, 669.3750610351562, 1.0], [461.43710327148426, 682.3666381835935, 1.0], [483.69036865234375, 678.881103515625, 1.0], [492.7506103515625, 674.6033935546877, 1.0], [498.1549682617188, 663.9882812500001, 1.0], [452.5357971191406, 671.2763061523439, 1.0], [470.8152465820313, 668.8997802734376, 1.0], [482.4187316894531, 664.7804565429689, 1.0], [487.9820556640625, 658.1262207031249, 1.0]], "head_box": [[638.0, 40.0], [785.0, 215.0]], "head_size": 175.0, "hand_box_center": [487.74363708496094, 680.1785583496095], "is_left": 0, "is_mpii": 1}