{"mpii_image": "076554675.jpg", "mpii_annorect_idx": 0, "mpii_body_pts": [[706.0, 467.0, 0.0], [737.0, 273.0, 0.0], [735.0548706054688, 253.4409942626953, 0.0], [720.9451293945312, 111.55899810791016, 0.0], [851.0, 617.0, 1.0], [752.0, 576.0, 1.0], [692.0, 454.0, 0.0], [719.0, 479.0, 1.0], [570.0, 510.0, 1.0], [563.0, 669.0, 1.0], [580.0, 255.0, 1.0], [605.0, 313.0, 1.0], [690.0, 257.0, 0.0], [783.0, 288.0, 1.0], [863.0, 313.0, 1.0], [847.0, 396.0, 1.0]], "hand_pts": [[854.404541015625, 396.82470703125, 1.0], [841.4959106445312, 401.26577758789057, 1.0], [834.9241943359374, 403.13571166992193, 1.0], [824.5972900390625, 403.60317993164057, 1.0], [817.0867919921876, 402.668212890625, 1.0], [833.5159912109375, 433.2882690429687, 1.0], [829.5260620117186, 443.5728454589843, 1.0], [827.8831176757812, 449.4163818359375, 1.0], [825.3013916015625, 457.83102416992193, 1.0], [839.6182861328125, 440.30047607421875, 1.0], [836.0977172851562, 452.6887512207031, 1.0], [833.2813110351564, 461.10339355468744, 1.0], [832.1077880859374, 468.1156311035157, 1.0], [848.0675659179686, 442.87161254882807, 1.0], [845.48583984375, 453.8574523925781, 1.0], [842.2000122070314, 462.505859375, 1.0], [840.7918090820312, 468.8168334960937, 1.0], [855.812744140625, 442.63787841796875, 1.0], [856.516845703125, 453.1562194824219, 1.0], [856.516845703125, 459.2334899902343, 1.0], [856.516845703125, 464.3757629394532, 1.0]], "head_box": [[671.0, 114.0], [785.0, 251.0]], "head_size": 137.0, "hand_box_center": [836.8018188476562, 432.8207702636719], "is_left": 1, "is_mpii": 1}