{"mpii_image": "076885527.jpg", "mpii_annorect_idx": 0, "mpii_body_pts": [[905.0, 729.0, 0.0], [890.0, 296.0, 1.0], [886.4395751953125, 303.1473083496094, 0.0], [1027.5604248046875, 19.852699279785156, 0.0], [1164.0, 1056.0, 0.0], [966.0, 932.0, 0.0], [820.0, 752.0, 0.0], [990.0, 705.0, 0.0], [1276.0, 823.0, 0.0], [1419.0, 1018.0, 0.0], [1173.0, 578.0, 1.0], [869.0, 556.0, 1.0], [755.0, 280.0, 1.0], [1025.0, 311.0, 1.0], [1223.0, 503.0, 1.0], [1440.0, 587.0, 1.0]], "hand_pts": [[1440.0, 587.0, 1.0], [1450.3967285156248, 612.2000122070314, 1.0], [1476.4459228515625, 644.887451171875, 1.0], [1513.4357910156252, 669.273376464844, 1.0], [1550.9466552734377, 681.2069091796876, 1.0], [1530.628173828125, 587.8140869140625, 1.0], [1572.3070068359373, 584.18212890625, 1.0], [1600.9610595703125, 606.4926757812499, 1.0], [1612.9437255859375, 622.05810546875, 1.0], [1530.107177734375, 580.0313720703126, 1.0], [1579.6007080078123, 577.9559936523438, 1.0], [1605.64990234375, 593.0025634765625, 1.0], [1620.7584228515623, 616.3507690429686, 1.0], [1538.9639892578123, 582.1067504882812, 1.0], [1580.1217041015625, 614.7942504882812, 1.0], [1597.3142089843748, 639.1801147460939, 1.0], [1611.3807373046875, 659.4152221679686, 1.0], [1534.7961425781248, 575.3617553710938, 1.0], [1572.8278808593748, 604.417236328125, 1.0], [1586.8945312499998, 628.8031616210938, 1.0], [1592.1043701171873, 641.2555541992186, 1.0]], "head_box": [[840.0, 2.0], [1074.0, 321.0]], "head_size": 319.0, "hand_box_center": [1530.3792114257812, 628.2843322753906], "is_left": 1, "is_mpii": 1}