{"mpii_image": "076885527.jpg", "mpii_annorect_idx": 0, "mpii_body_pts": [[905.0, 729.0, 0.0], [890.0, 296.0, 1.0], [886.4395751953125, 303.1473083496094, 0.0], [1027.5604248046875, 19.852699279785156, 0.0], [1164.0, 1056.0, 0.0], [966.0, 932.0, 0.0], [820.0, 752.0, 0.0], [990.0, 705.0, 0.0], [1276.0, 823.0, 0.0], [1419.0, 1018.0, 0.0], [1173.0, 578.0, 1.0], [869.0, 556.0, 1.0], [755.0, 280.0, 1.0], [1025.0, 311.0, 1.0], [1223.0, 503.0, 1.0], [1440.0, 587.0, 1.0]], "hand_pts": [[1179.436279296875, 579.9342041015624, 1.0], [1211.28125, 556.1385498046875, 1.0], [1246.8726806640625, 539.3416137695311, 1.0], [1276.8443603515623, 537.9418334960938, 1.0], [1299.3231201171873, 543.5408325195314, 1.0], [1271.224609375, 535.6089477539062, 1.0], [1319.9285888671877, 545.4071655273438, 1.0], [1339.5975341796875, 559.4046020507812, 1.0], [1346.6220703124998, 571.5357055664064, 1.0], [1267.4781494140625, 556.6051025390626, 1.0], [1321.3334960937498, 575.2683715820314, 1.0], [1341.00244140625, 590.1989746093752, 1.0], [1347.5587158203125, 601.8635253906249, 1.0], [1264.199951171875, 583.2002563476564, 1.0], [1313.840576171875, 600.4637451171876, 1.0], [1329.2947998046875, 613.0614624023436, 1.0], [1338.1926269531248, 620.0601806640625, 1.0], [1255.7705078125, 609.3287963867188, 1.0], [1297.9180908203125, 618.1938476562502, 1.0], [1309.6258544921877, 624.2594604492188, 1.0], [1315.2454833984375, 627.5255126953124, 1.0]], "head_box": [[840.0, 2.0], [1074.0, 321.0]], "head_size": 319.0, "hand_box_center": [1263.4974975585938, 581.5672302246094], "is_left": 0, "is_mpii": 1}