{"mpii_image": "076922315.jpg", "mpii_annorect_idx": 0, "mpii_body_pts": [[1546.0, 462.0, 1.0], [1282.0, 319.0, 1.0], [1248.71435546875, 282.1380920410156, 0.0], [1073.28564453125, 87.86190032958984, 0.0], [1481.0, 541.0, 0.0], [1378.0, 643.0, 1.0], [1462.0, 457.0, 1.0], [1629.0, 466.0, 1.0], [1546.0, 745.0, 1.0], [1518.0, 603.0, 0.0], [1105.0, 674.0, 1.0], [1211.0, 519.0, 1.0], [1220.0, 324.0, 1.0], [1344.0, 314.0, 1.0], [1267.0, 547.0, 1.0], [1077.0, 829.0, 1.0]], "hand_pts": [[1149.2441406249998, 772.8402709960938, 1.0], [1105.4810791015627, 785.8773193359374, 1.0], [1064.9899902343748, 813.1737060546877, 1.0], [1049.447998046875, 829.4700927734375, 1.0], [1035.133056640625, 844.1367797851562, 1.0], [1065.0, 821.0, 1.0], [1037.1779785156248, 847.3960571289061, 1.0], [1018.7730102539064, 867.7664794921875, 1.0], [1010.5930175781252, 877.951721191406, 1.0], [1082.0, 832.0, 1.0], [1052.31103515625, 856.3590698242185, 1.0], [1025.3170166015625, 884.4702758789062, 1.0], [1013.0, 899.0, 1.0], [1099.0, 842.0, 1.0], [1070.3070068359373, 870.2109375000001, 1.0], [1049.8570556640627, 886.9147338867188, 1.0], [1028.0, 901.0, 1.0], [1114.0700683593748, 858.8035278320311, 1.0], [1096.0740966796873, 879.1739501953125, 1.0], [1082.5770263671875, 889.7666015625, 1.0], [1067.0, 903.0, 1.0]], "head_box": [[1052.0, 63.0], [1270.0, 307.0]], "head_size": 244.0, "hand_box_center": [1079.9185791015625, 837.9201354980469], "is_left": 1, "is_mpii": 1}