{"mpii_image": "077092184.jpg", "mpii_annorect_idx": 5, "mpii_body_pts": [[275.0, 958.0, 1.0], [275.0, 747.0, 1.0], [311.0, 545.0, 1.0], [141.0, 537.0, 1.0], [131.0, 747.0, 1.0], [92.0, 958.0, 1.0], [226.0, 541.0, 1.0], [226.0, 309.0, 1.0], [229.0, 295.0, 0.0], [262.0, 165.0, 0.0], [367.0, 549.0, 1.0], [352.0, 446.0, 1.0], [319.0, 306.0, 1.0], [133.0, 311.0, 1.0], [88.0, 429.0, 1.0], [88.0, 566.0, 1.0]], "hand_pts": [[102.48956298828126, 565.7772216796876, 1.0], [108.63665008544922, 576.05322265625, 1.0], [116.54004669189453, 603.6017456054688, 1.0], [111.2711181640625, 617.8132934570312, 1.0], [106.88034057617186, 637.4908447265626, 1.0], [98.53786468505862, 620.4370117187499, 1.0], [90.85400390625, 637.9281005859374, 1.0], [101.83094787597655, 636.3976440429686, 1.0], [106.6607971191406, 618.031982421875, 1.0], [91.29308319091798, 622.4047241210938, 1.0], [88.65861511230466, 635.9603271484374, 1.0], [98.7574005126953, 630.4943847656251, 1.0], [100.51371002197267, 616.7200927734375, 1.0], [80.09660339355467, 616.5014648437499, 1.0], [77.46213531494139, 632.2434692382814, 1.0], [88.43907928466798, 626.5588989257812, 1.0], [93.92755126953126, 614.9710083007812, 1.0], [71.75412750244139, 613.0032348632812, 1.0], [68.9001235961914, 626.3402099609374, 1.0], [76.583984375, 625.9029541015624, 1.0], [83.82876586914061, 618.6878662109375, 1.0]], "head_box": [[192.0, 167.0], [300.0, 294.0]], "head_size": 127.0, "hand_box_center": [92.72008514404297, 601.8526611328125], "is_left": 1, "is_mpii": 1}