{"mpii_image": "077092184.jpg", "mpii_annorect_idx": 5, "mpii_body_pts": [[275.0, 958.0, 1.0], [275.0, 747.0, 1.0], [311.0, 545.0, 1.0], [141.0, 537.0, 1.0], [131.0, 747.0, 1.0], [92.0, 958.0, 1.0], [226.0, 541.0, 1.0], [226.0, 309.0, 1.0], [229.0, 295.0, 0.0], [262.0, 165.0, 0.0], [367.0, 549.0, 1.0], [352.0, 446.0, 1.0], [319.0, 306.0, 1.0], [133.0, 311.0, 1.0], [88.0, 429.0, 1.0], [88.0, 566.0, 1.0]], "hand_pts": [[374.890838623047, 573.0574951171875, 1.0], [369.3100280761719, 595.2789916992189, 1.0], [373.90600585937494, 608.3504638671875, 1.0], [375.54742431640636, 625.6701049804688, 1.0], [376.53225708007807, 636.1272583007811, 1.0], [403.7797546386719, 625.6701049804688, 1.0], [395.90097045898426, 633.5130004882812, 1.0], [390.6484375, 637.1076660156249, 1.0], [386.05249023437506, 640.0487060546876, 1.0], [403.45147705078125, 622.7290649414062, 1.0], [393.2747192382812, 631.2254638671876, 1.0], [384.0827941894532, 632.2058715820314, 1.0], [377.18884277343756, 631.8790283203125, 1.0], [402.4666442871093, 615.866516113281, 1.0], [393.2747192382812, 624.3629760742186, 1.0], [383.097930908203, 624.6897583007814, 1.0], [376.53225708007807, 622.4022216796875, 1.0], [397.21411132812494, 611.2915039062501, 1.0], [391.63330078124994, 616.8468627929685, 1.0], [383.42620849609364, 618.4808349609376, 1.0], [378.501953125, 615.866516113281, 1.0]], "head_box": [[192.0, 167.0], [300.0, 294.0]], "head_size": 127.0, "hand_box_center": [386.5448913574219, 606.5531005859375], "is_left": 0, "is_mpii": 1}