{"mpii_image": "077183604.jpg", "mpii_annorect_idx": 0, "mpii_body_pts": [[351.0, 717.0, 1.0], [429.0, 621.0, 1.0], [193.0, 528.0, 1.0], [413.0, 508.0, 1.0], [615.0, 566.0, 1.0], [472.0, 690.0, 1.0], [303.0, 518.0, 1.0], [443.0, 303.0, 0.0], [441.0, 304.0, 0.0], [580.0, 169.0, 0.0], [439.0, 566.0, 1.0], [228.0, 539.0, 1.0], [340.0, 313.0, 1.0], [545.0, 293.0, 0.0], [654.0, 313.0, 1.0], [810.0, 332.0, 1.0]], "hand_pts": [[440.97821044921864, 557.4635620117186, 1.0], [458.251953125, 540.2535400390626, 1.0], [492.2236633300781, 540.5403442382814, 1.0], [514.6795043945312, 551.4400634765625, 1.0], [530.5137939453126, 558.3240966796876, 1.0], [512.552490234375, 566.5806884765626, 1.0], [534.7817993164064, 581.6409301757812, 1.0], [539.2276611328124, 593.5119018554686, 1.0], [535.4931640625, 596.1696166992186, 1.0], [504.90557861328125, 585.5388793945312, 1.0], [528.2019042968751, 602.9024047851561, 1.0], [509.8849487304688, 592.4488525390626, 1.0], [507.75094604492193, 588.7280883789064, 1.0], [495.3025207519531, 601.130615234375, 1.0], [516.1091918945311, 616.3680419921875, 1.0], [499.57055664062494, 606.4459838867186, 1.0], [497.79220581054693, 600.2447509765627, 1.0], [483.7432556152344, 608.7493286132812, 1.0], [497.6143798828125, 621.1519165039061, 1.0], [487.8334655761719, 613.7103881835938, 1.0], [486.7664489746093, 609.9896240234374, 1.0]], "head_box": [[439.0, 139.0], [583.0, 335.0]], "head_size": 196.0, "hand_box_center": [490.1029357910155, 580.7027282714844], "is_left": 0, "is_mpii": 1}