{"mpii_image": "077250197.jpg", "mpii_annorect_idx": 0, "mpii_body_pts": [[1139.0, 605.0, 0.0], [1081.0, 336.0, 1.0], [1079.3443603515625, 332.8013000488281, 0.0], [979.6555786132812, 140.19869995117188, 0.0], [1006.0, 959.0, 1.0], [807.0, 649.0, 1.0], [1080.0, 600.0, 1.0], [1198.0, 609.0, 0.0], [1208.0, 624.0, 1.0], [1146.0, 1043.0, 1.0], [932.0, 547.0, 1.0], [897.0, 497.0, 1.0], [944.0, 379.0, 1.0], [1217.0, 293.0, 1.0], [1254.0, 516.0, 1.0], [1080.0, 562.0, 1.0]], "hand_pts": [[1080.0, 562.0, 1.0], [1048.8625488281248, 541.6692504882811, 1.0], [1017.4472656249998, 533.1365966796876, 1.0], [994.956787109375, 545.580078125, 1.0], [983.1760864257812, 554.8238525390626, 1.0], [1039.5806884765625, 562.2899169921876, 1.0], [996.7417602539062, 574.3778686523438, 1.0], [975.6792602539062, 571.1781005859375, 1.0], [965.6834716796878, 564.7786254882812, 1.0], [1037.081787109375, 586.1103515625001, 1.0], [1000.3116455078125, 589.6655883789062, 1.0], [970.3243408203125, 582.5550537109374, 1.0], [959.9716186523438, 572.9557495117188, 1.0], [1039.5806884765625, 597.8427734375, 1.0], [991.3868408203125, 597.1317138671876, 1.0], [975.6792602539062, 590.0211181640624, 1.0], [972.1093139648439, 582.5550537109374, 1.0], [1029.94189453125, 607.4420166015624, 1.0], [1002.0966186523438, 603.1756591796876, 1.0], [993.8858032226564, 597.1317138671876, 1.0], [985.3179931640624, 591.0877075195314, 1.0]], "head_box": [[951.0, 126.0], [1108.0, 347.0]], "head_size": 221.0, "hand_box_center": [1019.9858093261719, 570.289306640625], "is_left": 1, "is_mpii": 1}