{"mpii_image": "077250197.jpg", "mpii_annorect_idx": 0, "mpii_body_pts": [[1139.0, 605.0, 0.0], [1081.0, 336.0, 1.0], [1079.3443603515625, 332.8013000488281, 0.0], [979.6555786132812, 140.19869995117188, 0.0], [1006.0, 959.0, 1.0], [807.0, 649.0, 1.0], [1080.0, 600.0, 1.0], [1198.0, 609.0, 0.0], [1208.0, 624.0, 1.0], [1146.0, 1043.0, 1.0], [932.0, 547.0, 1.0], [897.0, 497.0, 1.0], [944.0, 379.0, 1.0], [1217.0, 293.0, 1.0], [1254.0, 516.0, 1.0], [1080.0, 562.0, 1.0]], "hand_pts": [[965.688415527344, 553.6049194335938, 1.0], [950.3572387695311, 559.328857421875, 1.0], [940.3919677734374, 562.0, 1.0], [921.9945678710938, 568.4870605468751, 1.0], [905.8967895507814, 591.0010986328125, 1.0], [938.8588256835936, 617.3310546874999, 1.0], [941.9251098632811, 639.4635009765626, 1.0], [956.1064453125, 633.357971191406, 1.0], [967.2215576171876, 624.9629516601562, 1.0], [955.7231445312501, 613.896728515625, 1.0], [961.4723510742188, 646.3321533203124, 1.0], [976.8035278320311, 640.2266845703126, 1.0], [988.3018798828124, 625.7261352539062, 1.0], [973.35400390625, 615.04150390625, 1.0], [973.35400390625, 651.6744995117189, 1.0], [986.7687988281251, 645.9505615234374, 1.0], [995.584228515625, 631.4500122070312, 1.0], [985.6189575195314, 615.423095703125, 1.0], [991.3681640624999, 652.4376831054685, 1.0], [1003.6330566406251, 643.2794189453126, 1.0], [1007.0825805664064, 629.9236450195312, 1.0]], "head_box": [[951.0, 126.0], [1108.0, 347.0]], "head_size": 221.0, "hand_box_center": [956.4896850585939, 603.0213012695311], "is_left": 0, "is_mpii": 1}