{"mpii_image": "077812566.jpg", "mpii_annorect_idx": 0, "mpii_body_pts": [[701.0, 357.0, 0.0], [761.0, 230.0, 1.0], [753.7158813476562, 246.99609375, 0.0], [813.2841186523438, 108.00389862060547, 0.0], [547.0, 446.0, 1.0], [516.0, 276.0, 1.0], [675.0, 317.0, 0.0], [727.0, 396.0, 1.0], [566.0, 408.0, 1.0], [652.0, 479.0, 0.0], [690.0, 452.0, 1.0], [683.0, 353.0, 1.0], [669.0, 220.0, 1.0], [853.0, 239.0, 1.0], [907.0, 365.0, 1.0], [967.0, 483.0, 1.0]], "hand_pts": [[690.0, 452.0, 1.0], [675.4153442382814, 469.208984375, 1.0], [660.2474975585939, 484.03347778320307, 1.0], [664.1083984375001, 490.89666748046875, 1.0], [670.4512939453124, 501.32873535156244, 1.0], [669.6239624023438, 487.60235595703125, 1.0], [668.7966308593751, 510.66265869140636, 1.0], [677.62158203125, 502.9758911132813, 1.0], [680.6551513671876, 487.60235595703125, 1.0], [686.1707153320314, 485.4061279296874, 1.0], [690.3074340820311, 509.01550292968744, 1.0], [690.5831909179689, 495.2891235351563, 1.0], [688.3769531249999, 486.77874755859364, 1.0], [696.3745727539062, 484.58255004882807, 1.0], [701.0628051757811, 505.7211608886718, 1.0], [699.4081420898438, 495.01458740234375, 1.0], [697.7534790039062, 486.77874755859364, 1.0], [706.3026123046874, 485.13159179687494, 1.0], [710.4393310546876, 502.4268493652343, 1.0], [708.5088500976564, 494.7400512695313, 1.0], [706.3026123046874, 486.22970581054693, 1.0]], "head_box": [[728.0, 101.0], [839.0, 254.0]], "head_size": 153.0, "hand_box_center": [685.3434143066407, 481.3313293457032], "is_left": 0, "is_mpii": 1}