{"mpii_image": "078071800.jpg", "mpii_annorect_idx": 1, "mpii_body_pts": [[1661.0, 525.0, 1.0], [1660.0, 250.0, 1.0], [1650.16455078125, 206.0301055908203, 0.0], [1618.83544921875, 65.96990203857422, 0.0], [1568.0, 980.0, 1.0], [1527.0, 744.0, 1.0], [1600.0, 533.0, 1.0], [1722.0, 516.0, 1.0], [1792.0, 761.0, 1.0], [1835.0, 985.0, 1.0], [1496.0, 448.0, 1.0], [1530.0, 369.0, 1.0], [1556.0, 254.0, 1.0], [1763.0, 246.0, 1.0], [1845.0, 388.0, 1.0], [1802.0, 511.0, 1.0]], "hand_pts": [[1802.0, 511.0, 1.0], [1773.8238525390623, 532.1984863281252, 1.0], [1752.1417236328123, 557.4680786132812, 1.0], [1759.2869873046877, 579.54833984375, 1.0], [1778.9980468749998, 579.7936401367189, 1.0], [1763.4755859375002, 546.9186401367188, 1.0], [1761.5043945312498, 565.5642089843749, 1.0], [1757.8085937500002, 583.7190551757812, 1.0], [1753.866455078125, 573.6602783203125, 1.0], [1778.751708984375, 549.8626708984373, 1.0], [1776.2877197265627, 581.5110473632812, 1.0], [1773.0847167968748, 574.3963012695314, 1.0], [1772.09912109375, 564.0921630859373, 1.0], [1792.7957763671877, 555.7507324218751, 1.0], [1788.114501953125, 581.0203247070312, 1.0], [1784.172241210937, 573.4149169921875, 1.0], [1784.172241210937, 565.5642089843749, 1.0], [1804.622436523437, 562.865478515625, 1.0], [1797.7236328124998, 578.5670166015624, 1.0], [1795.2597656250002, 573.9055786132812, 1.0], [1796.9844970703123, 568.5082397460939, 1.0]], "head_box": [[1581.0, 64.0], [1688.0, 208.0]], "head_size": 144.0, "hand_box_center": [1778.3820800781245, 547.3595275878906], "is_left": 1, "is_mpii": 1}