{"mpii_image": "078103070.jpg", "mpii_annorect_idx": 0, "mpii_body_pts": [[944.0, 326.0, 0.0], [795.0, 576.0, 1.0], [793.6583251953125, 562.9409790039062, 0.0], [811.3416748046875, 735.0590209960938, 0.0], [900.0, 812.0, 0.0], [885.0, 577.0, 0.0], [903.0, 324.0, 0.0], [984.0, 327.0, 1.0], [948.0, 589.0, 0.0], [942.0, 824.0, 1.0], [764.0, 800.0, 1.0], [734.0, 683.0, 1.0], [713.0, 574.0, 1.0], [876.0, 577.0, 1.0], [1002.0, 710.0, 1.0], [1002.0, 861.0, 1.0]], "hand_pts": [[766.9320678710936, 809.6063232421876, 1.0], [782.7614746093751, 824.3243408203125, 1.0], [783.0252685546875, 846.9269409179688, 1.0], [775.3743896484376, 864.5360107421875, 1.0], [768.5150146484375, 879.7796020507814, 1.0], [752.9494628906249, 859.2795410156251, 1.0], [738.1753540039062, 875.3116455078125, 1.0], [728.6777343750001, 882.6706542968751, 1.0], [721.02685546875, 888.7155151367188, 1.0], [741.8688964843749, 857.9654541015624, 1.0], [723.4012451171875, 866.6385498046875, 1.0], [707.044189453125, 876.1000976562501, 1.0], [693.5892333984375, 880.3052368164061, 1.0], [734.7456665039061, 853.2346801757812, 1.0], [714.4312744140624, 862.4334106445312, 1.0], [700.9762573242186, 867.6898193359375, 1.0], [688.0489501953124, 871.3693237304686, 1.0], [729.996826171875, 849.029541015625, 1.0], [717.8609619140624, 853.2346801757812, 1.0], [705.9889526367189, 856.6513671874999, 1.0], [698.86572265625, 859.0167236328125, 1.0]], "head_box": [[732.0, 567.0], [873.0, 731.0]], "head_size": 164.0, "hand_box_center": [735.537109375, 849.1609191894531], "is_left": 0, "is_mpii": 1}