{"mpii_image": "078365301.jpg", "mpii_annorect_idx": 0, "mpii_body_pts": [[989.0, 478.0, 1.0], [909.0, 280.0, 1.0], [908.831787109375, 278.5098876953125, 0.0], [888.168212890625, 95.49009704589844, 0.0], [1058.0, 563.0, 1.0], [768.0, 584.0, 1.0], [869.0, 477.0, 1.0], [1109.0, 479.0, 1.0], [998.0, 464.0, 1.0], [985.0, 665.0, 1.0], [725.0, 483.0, 1.0], [795.0, 338.0, 1.0], [826.0, 266.0, 1.0], [992.0, 293.0, 1.0], [905.0, 460.0, 1.0], [716.0, 634.0, 1.0]], "hand_pts": [[784.2967529296877, 620.2389526367189, 1.0], [752.2153930664064, 609.4401855468751, 1.0], [726.5033569335939, 609.8668823242186, 1.0], [713.2188720703127, 620.9611206054685, 1.0], [699.934326171875, 626.9349365234375, 1.0], [723.9321899414061, 637.6024780273439, 1.0], [706.7908325195315, 641.0161132812499, 1.0], [699.0772705078126, 637.1757812500002, 1.0], [695.6489868164062, 632.0553588867186, 1.0], [723.9321899414061, 655.0972900390625, 1.0], [705.9337768554688, 655.0972900390625, 1.0], [697.3630981445311, 645.7098388671877, 1.0], [693.9348754882812, 639.7360229492188, 1.0], [730.7886962890626, 662.3511962890624, 1.0], [713.6473999023438, 664.0579833984374, 1.0], [705.0767211914061, 655.0972900390625, 1.0], [700.7913818359375, 650.8302612304686, 1.0], [741.5020141601562, 661.497802734375, 1.0], [731.2172241210936, 663.20458984375, 1.0], [724.3607177734374, 661.497802734375, 1.0], [716.6470947265625, 656.3773803710939, 1.0]], "head_box": [[828.0, 96.0], [969.0, 278.0]], "head_size": 182.0, "hand_box_center": [739.1158142089845, 636.7490844726562], "is_left": 1, "is_mpii": 1}