{"mpii_image": "078365301.jpg", "mpii_annorect_idx": 0, "mpii_body_pts": [[989.0, 478.0, 1.0], [909.0, 280.0, 1.0], [908.831787109375, 278.5098876953125, 0.0], [888.168212890625, 95.49009704589844, 0.0], [1058.0, 563.0, 1.0], [768.0, 584.0, 1.0], [869.0, 477.0, 1.0], [1109.0, 479.0, 1.0], [998.0, 464.0, 1.0], [985.0, 665.0, 1.0], [725.0, 483.0, 1.0], [795.0, 338.0, 1.0], [826.0, 266.0, 1.0], [992.0, 293.0, 1.0], [905.0, 460.0, 1.0], [716.0, 634.0, 1.0]], "hand_pts": [[747.3370361328124, 461.44830322265625, 1.0], [755.6104736328126, 475.16403198242193, 1.0], [760.3381958007811, 492.40664672851557, 1.0], [757.5803833007814, 506.1223754882812, 1.0], [749.3069458007811, 519.4462280273436, 1.0], [737.0937500000001, 482.21783447265625, 1.0], [731.1841430664064, 502.59545898437494, 1.0], [730.7901611328125, 515.9193115234375, 1.0], [731.1841430664064, 525.7162475585939, 1.0], [722.857971191406, 482.82449340820307, 1.0], [718.5770263671876, 499.46044921875, 1.0], [719.0697631835936, 513.270446777344, 1.0], [721.6798706054689, 518.4628906249999, 1.0], [714.0736694335938, 482.13104248046875, 1.0], [708.7276611328124, 496.71728515625, 1.0], [710.6975708007812, 507.6898803710938, 1.0], [713.0614013671876, 512.0005493164062, 1.0], [708.496337890625, 478.66375732421875, 1.0], [701.2421875, 484.1772155761719, 1.0], [699.8515014648436, 493.5037536621093, 1.0], [700.13037109375, 502.3800048828125, 1.0]], "head_box": [[828.0, 96.0], [969.0, 278.0]], "head_size": 182.0, "hand_box_center": [730.0948486328124, 493.58227539062506], "is_left": 0, "is_mpii": 1}