{"mpii_image": "078488298.jpg", "mpii_annorect_idx": 0, "mpii_body_pts": [[492.0, 413.0, 1.0], [599.0, 256.0, 1.0], [615.0512084960938, 246.27200317382812, 0.0], [747.9487915039062, 165.72799682617188, 0.0], [561.0, 714.0, 0.0], [572.0, 503.0, 1.0], [460.0, 410.0, 1.0], [524.0, 415.0, 1.0], [688.0, 472.0, 1.0], [644.0, 696.0, 0.0], [592.0, 425.0, 1.0], [479.0, 315.0, 1.0], [524.0, 212.0, 1.0], [673.0, 299.0, 1.0], [640.0, 365.0, 1.0], [654.0, 462.0, 1.0]], "hand_pts": [[654.0, 462.0, 1.0], [649.2727661132812, 472.9034118652343, 1.0], [639.0702514648438, 484.7523498535156, 1.0], [636.2362060546875, 505.06481933593756, 1.0], [626.8838500976564, 517.7601318359374, 1.0], [681.0140380859374, 496.3191833496094, 1.0], [660.892333984375, 516.3495483398438, 1.0], [643.8881225585939, 516.9137573242188, 1.0], [640.7706298828124, 510.1429443359376, 1.0], [686.3986816406251, 502.8078918457032, 1.0], [665.4268188476562, 521.7097778320314, 1.0], [645.5885009765627, 525.0951538085938, 1.0], [641.6208496093751, 517.7601318359374, 1.0], [684.981689453125, 511.5535278320313, 1.0], [666.2770385742189, 530.4554443359374, 1.0], [652.3901977539061, 526.7879028320312, 1.0], [650.1229858398438, 521.7097778320314, 1.0], [679.5969848632812, 519.1707153320314, 1.0], [669.9612426757811, 531.5838623046876, 1.0], [658.6251220703125, 531.3017578124999, 1.0], [654.0906372070314, 527.6342163085938, 1.0]], "head_box": [[625.0, 127.0], [738.0, 285.0]], "head_size": 158.0, "hand_box_center": [656.6412658691407, 496.7919311523438], "is_left": 1, "is_mpii": 1}