{"mpii_image": "078488298.jpg", "mpii_annorect_idx": 0, "mpii_body_pts": [[492.0, 413.0, 1.0], [599.0, 256.0, 1.0], [615.0512084960938, 246.27200317382812, 0.0], [747.9487915039062, 165.72799682617188, 0.0], [561.0, 714.0, 0.0], [572.0, 503.0, 1.0], [460.0, 410.0, 1.0], [524.0, 415.0, 1.0], [688.0, 472.0, 1.0], [644.0, 696.0, 0.0], [592.0, 425.0, 1.0], [479.0, 315.0, 1.0], [524.0, 212.0, 1.0], [673.0, 299.0, 1.0], [640.0, 365.0, 1.0], [654.0, 462.0, 1.0]], "hand_pts": [[596.5181884765626, 428.96578979492193, 1.0], [616.18505859375, 440.53225708007807, 1.0], [631.349853515625, 470.9827575683593, 1.0], [633.9562988281249, 490.574951171875, 1.0], [634.4302368164061, 498.12857055664057, 1.0], [637.5105590820311, 470.274627685547, 1.0], [647.6994018554688, 497.1843566894532, 1.0], [646.040771484375, 507.57058715820307, 1.0], [643.9082031249999, 513.4718627929686, 1.0], [628.2695312500001, 479.0084838867188, 1.0], [625.1891479492189, 504.97402954101557, 1.0], [613.3416137695311, 503.79376220703125, 1.0], [609.5504150390625, 498.8367004394531, 1.0], [615.9481201171875, 485.85394287109375, 1.0], [604.3375244140623, 501.1972045898438, 1.0], [597.4660034179686, 498.8367004394531, 1.0], [596.755126953125, 491.991241455078, 1.0], [597.9398803710939, 488.2144470214844, 1.0], [589.40966796875, 493.6436157226563, 1.0], [582.0642089843749, 487.2702331542969, 1.0], [580.4055786132812, 477.120086669922, 1.0]], "head_box": [[625.0, 127.0], [738.0, 285.0]], "head_size": 158.0, "hand_box_center": [614.052490234375, 471.2188262939453], "is_left": 0, "is_mpii": 1}