{"mpii_image": "078578215.jpg", "mpii_annorect_idx": 0, "mpii_body_pts": [[661.0, 526.0, 1.0], [667.0, 304.0, 1.0], [666.9617919921875, 299.83221435546875, 0.0], [665.0382080078125, 90.16780090332031, 0.0], [607.0, 690.0, 1.0], [611.0, 628.0, 1.0], [621.0, 524.0, 1.0], [700.0, 528.0, 1.0], [698.0, 646.0, 1.0], [694.0, 700.0, 1.0], [590.0, 433.0, 0.0], [561.0, 361.0, 0.0], [590.0, 288.0, 1.0], [743.0, 319.0, 1.0], [774.0, 413.0, 0.0], [723.0, 435.0, 0.0]], "hand_pts": [[590.0, 433.0, 1.0], [606.19580078125, 443.1477355957032, 1.0], [622.5986938476564, 440.63500976562494, 1.0], [633.3236694335936, 447.5450134277344, 1.0], [640.2633056640626, 455.7113952636718, 1.0], [597.9943847656251, 458.8523254394532, 1.0], [606.19580078125, 469.531463623047, 1.0], [618.8134155273439, 472.67236328125, 1.0], [626.3839721679689, 472.044189453125, 1.0], [601.1487426757814, 469.531463623047, 1.0], [611.2428588867186, 478.32601928710926, 1.0], [627.0148315429689, 478.32601928710926, 1.0], [638.3706665039061, 475.81329345703125, 1.0], [608.7192993164062, 476.4414672851563, 1.0], [616.9207763671877, 484.60787963867193, 1.0], [628.907470703125, 482.72332763671875, 1.0], [639.6324462890625, 481.4669494628905, 1.0], [617.5516357421875, 484.60787963867193, 1.0], [621.9678344726562, 489.63333129882807, 1.0], [630.1692504882811, 491.51788330078136, 1.0], [635.21630859375, 487.74877929687494, 1.0]], "head_box": [[579.0, 97.0], [753.0, 293.0]], "head_size": 196.0, "hand_box_center": [615.1316528320312, 462.2589416503907], "is_left": 0, "is_mpii": 1}