{"mpii_image": "078578215.jpg", "mpii_annorect_idx": 0, "mpii_body_pts": [[661.0, 526.0, 1.0], [667.0, 304.0, 1.0], [666.9617919921875, 299.83221435546875, 0.0], [665.0382080078125, 90.16780090332031, 0.0], [607.0, 690.0, 1.0], [611.0, 628.0, 1.0], [621.0, 524.0, 1.0], [700.0, 528.0, 1.0], [698.0, 646.0, 1.0], [694.0, 700.0, 1.0], [590.0, 433.0, 0.0], [561.0, 361.0, 0.0], [590.0, 288.0, 1.0], [743.0, 319.0, 1.0], [774.0, 413.0, 0.0], [723.0, 435.0, 0.0]], "hand_pts": [[723.0, 435.0, 1.0], [711.4633789062501, 426.07525634765625, 1.0], [689.9584350585939, 410.0151672363281, 1.0], [670.6039428710939, 407.5169372558593, 1.0], [658.0593872070314, 412.15652465820307, 1.0], [682.0732421875, 417.8667602539063, 1.0], [670.9623413085938, 420.00811767578125, 1.0], [665.2277221679688, 424.647674560547, 1.0], [659.8514404296875, 431.07171630859364, 1.0], [693.9010009765626, 429.6441650390626, 1.0], [678.1306762695314, 432.14239501953136, 1.0], [665.5861206054686, 443.91979980468744, 1.0], [657.3425292968749, 451.77139282226557, 1.0], [688.1663208007811, 443.5628967285156, 1.0], [672.7544555664064, 453.5558471679688, 1.0], [665.9445190429686, 456.7678527832031, 1.0], [660.5682983398438, 460.6936645507813, 1.0], [687.4495239257811, 460.3367614746093, 1.0], [677.055419921875, 463.19189453125, 1.0], [672.7544555664064, 463.54879760742193, 1.0], [667.0197753906251, 463.54879760742193, 1.0]], "head_box": [[579.0, 97.0], [753.0, 293.0]], "head_size": 196.0, "hand_box_center": [690.1712646484375, 435.5328674316406], "is_left": 1, "is_mpii": 1}