{"mpii_image": "078904060.jpg", "mpii_annorect_idx": 1, "mpii_body_pts": [[1429.0, 585.0, 1.0], [1428.0, 368.0, 0.0], [1424.1993408203125, 359.7652893066406, 0.0], [1359.8006591796875, 220.2346954345703, 0.0], [1421.0, 838.0, 0.0], [1404.0, 703.0, 0.0], [1411.0, 581.0, 1.0], [1447.0, 588.0, 1.0], [1425.0, 727.0, 1.0], [1433.0, 865.0, 1.0], [1322.0, 525.0, 1.0], [1370.0, 444.0, 0.0], [1389.0, 369.0, 0.0], [1466.0, 367.0, 1.0], [1524.0, 470.0, 1.0], [1466.0, 552.0, 1.0]], "hand_pts": [[1466.0, 552.0, 1.0], [1449.3006591796877, 551.6307373046876, 1.0], [1431.6444091796873, 557.2104492187501, 1.0], [1419.87353515625, 567.2539672851562, 1.0], [1418.75244140625, 576.4605102539061, 1.0], [1425.4786376953125, 564.7431030273439, 1.0], [1415.9499511718752, 573.6706542968751, 1.0], [1414.5485839843752, 582.877197265625, 1.0], [1422.6761474609375, 581.4822387695312, 1.0], [1434.7271728515625, 571.7177124023438, 1.0], [1428.5615234375, 583.4351806640625, 1.0], [1427.7207031250002, 589.2938842773441, 1.0], [1432.204833984375, 589.0148925781252, 1.0], [1442.5744628906248, 578.1343994140625, 1.0], [1442.294189453125, 586.7830200195314, 1.0], [1443.4151611328127, 593.4786987304688, 1.0], [1446.2177734375002, 590.4098510742188, 1.0], [1454.6256103515625, 579.5293579101564, 1.0], [1455.46630859375, 586.2250366210939, 1.0], [1455.18603515625, 589.8518676757811, 1.0], [1455.18603515625, 593.4786987304688, 1.0]], "head_box": [[1332.0, 215.0], [1452.0, 365.0]], "head_size": 150.0, "hand_box_center": [1440.2742919921875, 572.5547180175781], "is_left": 1, "is_mpii": 1}