{"mpii_image": "078904060.jpg", "mpii_annorect_idx": 1, "mpii_body_pts": [[1429.0, 585.0, 1.0], [1428.0, 368.0, 0.0], [1424.1993408203125, 359.7652893066406, 0.0], [1359.8006591796875, 220.2346954345703, 0.0], [1421.0, 838.0, 0.0], [1404.0, 703.0, 0.0], [1411.0, 581.0, 1.0], [1447.0, 588.0, 1.0], [1425.0, 727.0, 1.0], [1433.0, 865.0, 1.0], [1322.0, 525.0, 1.0], [1370.0, 444.0, 0.0], [1389.0, 369.0, 0.0], [1466.0, 367.0, 1.0], [1524.0, 470.0, 1.0], [1466.0, 552.0, 1.0]], "hand_pts": [[1320.7418212890625, 537.3191528320311, 1.0], [1309.0837402343745, 532.2523803710939, 1.0], [1297.6375732421877, 537.7413940429688, 1.0], [1293.6102294921875, 548.50830078125, 1.0], [1292.12646484375, 559.6974487304688, 1.0], [1296.5777587890627, 551.4639282226562, 1.0], [1288.09912109375, 565.81982421875, 1.0], [1296.5777587890627, 559.2752685546876, 1.0], [1294.8820800781248, 553.7861938476564, 1.0], [1302.5128173828125, 554.8417968749999, 1.0], [1296.789794921875, 567.7199096679689, 1.0], [1300.8171386718748, 563.7086791992188, 1.0], [1302.3009033203125, 557.5863037109375, 1.0], [1310.991455078125, 558.2196655273439, 1.0], [1309.931640625, 568.1421508789061, 1.0], [1311.4154052734375, 563.4975585937499, 1.0], [1309.931640625, 558.2196655273439, 1.0], [1321.8016357421877, 554.208435058594, 1.0], [1318.6221923828123, 561.3864135742188, 1.0], [1312.899169921875, 568.5643310546876, 1.0], [1315.018798828125, 563.2864379882814, 1.0]], "head_box": [[1332.0, 215.0], [1452.0, 365.0]], "head_size": 150.0, "hand_box_center": [1304.9503784179688, 550.4083557128907], "is_left": 0, "is_mpii": 1}