{"mpii_image": "079480955.jpg", "mpii_annorect_idx": 0, "mpii_body_pts": [[647.0, 429.0, 1.0], [669.0, 245.0, 1.0], [672.7606201171875, 254.79319763183594, 0.0], [617.2393798828125, 110.20680236816406, 0.0], [331.0, 609.0, 1.0], [422.0, 432.0, 1.0], [603.0, 401.0, 1.0], [690.0, 457.0, 1.0], [471.0, 485.0, 1.0], [375.0, 666.0, 1.0], [458.0, 354.0, 1.0], [556.0, 319.0, 1.0], [614.0, 237.0, 1.0], [723.0, 253.0, 1.0], [644.0, 390.0, 1.0], [506.0, 411.0, 1.0]], "hand_pts": [[506.0, 411.0, 1.0], [493.154022216797, 406.12832641601557, 1.0], [477.8572082519531, 403.3354187011718, 1.0], [453.6372985839844, 405.36663818359375, 1.0], [443.439453125, 399.2729797363281, 1.0], [457.7164306640625, 409.17514038085943, 1.0], [445.73394775390625, 424.15533447265625, 1.0], [445.9888916015625, 438.1199340820313, 1.0], [454.6570739746094, 436.0887145996093, 1.0], [458.4812927246093, 415.26879882812494, 1.0], [445.73394775390625, 430.24899291992193, 1.0], [448.7933044433593, 441.92846679687494, 1.0], [456.9515991210937, 438.8816528320313, 1.0], [466.89453124999994, 422.3780212402343, 1.0], [450.57794189453136, 434.31140136718744, 1.0], [452.3625793457031, 445.22918701171875, 1.0], [464.34506225585943, 440.4050598144531, 1.0], [469.69894409179693, 432.0263061523437, 1.0], [457.7164306640625, 439.6433410644532, 1.0], [460.26589965820307, 446.2447814941407, 1.0], [473.0132446289063, 442.94406127929693, 1.0]], "head_box": [[587.0, 105.0], [703.0, 260.0]], "head_size": 155.0, "hand_box_center": [474.7197265625, 422.7588806152344], "is_left": 1, "is_mpii": 1}