{"mpii_image": "079466289.jpg", "mpii_annorect_idx": 0, "mpii_body_pts": [[972.0, 520.0, 0.0], [733.0, 455.0, 0.0], [720.8721923828125, 455.4548034667969, 0.0], [585.1278076171875, 460.5451965332031, 0.0], [1356.0, 597.0, 0.0], [1128.0, 572.0, 0.0], [963.0, 513.0, 0.0], [980.0, 527.0, 1.0], [1128.0, 574.0, 1.0], [1346.0, 597.0, 1.0], [807.0, 634.0, 0.0], [834.0, 530.0, 0.0], [733.0, 446.0, 0.0], [733.0, 463.0, 1.0], [834.0, 542.0, 1.0], [814.0, 668.0, 1.0]], "hand_pts": [[815.1553344726564, 681.0816040039061, 1.0], [803.3043212890625, 679.5227661132811, 1.0], [788.0991821289062, 679.9681396484375, 1.0], [769.9871826171876, 680.85888671875, 1.0], [756.7945556640626, 683.9765625, 1.0], [756.7945556640626, 685.3126831054685, 1.0], [741.1422119140624, 687.31689453125, 1.0], [730.4091796875, 689.5437622070314, 1.0], [721.9122314453124, 690.6572265624999, 1.0], [765.9623413085938, 684.8673095703125, 1.0], [741.1422119140624, 690.2117919921876, 1.0], [725.2662963867186, 692.8840942382814, 1.0], [715.4276733398438, 694.8883056640626, 1.0], [766.1859130859374, 687.31689453125, 1.0], [743.825439453125, 692.6613769531251, 1.0], [730.4091796875, 695.5563354492188, 1.0], [721.0177612304688, 697.5605468749999, 1.0], [775.5773315429689, 691.7706298828124, 1.0], [758.8069458007811, 695.3336791992186, 1.0], [750.5336303710939, 697.783203125, 1.0], [741.8130493164062, 700.6781616210939, 1.0]], "head_box": [[595.0, 396.0], [711.0, 520.0]], "head_size": 124.0, "hand_box_center": [765.29150390625, 690.1004638671875], "is_left": 1, "is_mpii": 1}