{"mpii_image": "079748898.jpg", "mpii_annorect_idx": 1, "mpii_body_pts": [[885.0, 509.0, 1.0], [917.0, 203.0, 0.0], [909.4835205078125, 159.91769409179688, 0.0], [883.5164794921875, 11.082300186157227, 0.0], [844.0, 940.0, 1.0], [823.0, 677.0, 1.0], [908.0, 507.0, 1.0], [861.0, 510.0, 1.0], [712.0, 607.0, 1.0], [709.0, 861.0, 1.0], [908.0, 457.0, 0.0], [969.0, 335.0, 0.0], [969.0, 209.0, 0.0], [864.0, 197.0, 1.0], [861.0, 337.0, 1.0], [791.0, 501.0, 1.0]], "hand_pts": [[791.0, 501.0, 1.0], [764.7250366210939, 507.80490112304705, 1.0], [739.8401489257811, 522.8118896484375, 1.0], [728.2739868164064, 540.61083984375, 1.0], [725.1195678710938, 557.362854003906, 1.0], [736.6857299804688, 532.23486328125, 1.0], [728.9749755859375, 548.9868774414062, 1.0], [725.820556640625, 562.5978393554688, 1.0], [727.9234619140625, 571.6718139648439, 1.0], [752.1073608398438, 538.8658447265625, 1.0], [742.6441040039061, 560.5038452148439, 1.0], [739.8401489257811, 570.6248168945311, 1.0], [738.0877075195314, 578.6517944335938, 1.0], [768.5804443359375, 543.0538330078126, 1.0], [759.1171875, 562.5978393554688, 1.0], [756.6637573242188, 574.4638061523438, 1.0], [754.560791015625, 583.8868408203125, 1.0], [775.9407348632812, 554.2218627929686, 1.0], [774.1882934570314, 568.8798217773439, 1.0], [773.4873046875, 574.8128051757811, 1.0], [772.7863159179689, 580.3967895507814, 1.0]], "head_box": [[836.0, 13.0], [957.0, 158.0]], "head_size": 145.0, "hand_box_center": [758.0597839355469, 542.4434204101562], "is_left": 1, "is_mpii": 1}