{"mpii_image": "079829320.jpg", "mpii_annorect_idx": 0, "mpii_body_pts": [[309.0, 759.0, 0.0], [314.0, 562.0, 1.0], [314.1134033203125, 541.3546142578125, 0.0], [314.8865966796875, 400.6453857421875, 0.0], [254.0, 893.0, 0.0], [254.0, 679.0, 1.0], [261.0, 756.0, 0.0], [357.0, 761.0, 0.0], [367.0, 687.0, 1.0], [376.0, 891.0, 0.0], [203.0, 727.0, 1.0], [196.0, 670.0, 1.0], [217.0, 559.0, 1.0], [410.0, 564.0, 1.0], [439.0, 672.0, 1.0], [444.0, 737.0, 1.0]], "hand_pts": [[444.0, 737.0, 1.0], [430.46673583984375, 738.1776123046875, 1.0], [414.59161376953125, 750.8715209960938, 1.0], [407.61618041992193, 762.6074829101564, 1.0], [395.1085205078125, 770.51123046875, 1.0], [427.58035278320307, 743.9257812500001, 1.0], [425.41555786132807, 766.9186401367188, 1.0], [423.97238159179693, 782.0076904296875, 1.0], [421.5670471191407, 771.9483032226564, 1.0], [441.05014038085943, 744.8838500976564, 1.0], [439.12588500976574, 770.9902954101562, 1.0], [438.16375732421875, 783.9237670898438, 1.0], [434.3152465820313, 775.0619506835936, 1.0], [453.3172912597657, 748.2369384765626, 1.0], [452.595703125, 770.51123046875, 1.0], [452.1146240234376, 779.373046875, 1.0], [445.6202697753906, 775.3014526367188, 1.0], [461.7359313964843, 747.0394287109374, 1.0], [468.71136474609364, 765.0025634765625, 1.0], [464.62231445312494, 776.9779663085938, 1.0], [458.84954833984386, 780.0916137695312, 1.0]], "head_box": [[264.0, 399.0], [365.0, 543.0]], "head_size": 144.0, "hand_box_center": [431.90994262695307, 760.4618835449219], "is_left": 1, "is_mpii": 1}