{"mpii_image": "079804658.jpg", "mpii_annorect_idx": 0, "mpii_body_pts": [[630.0, 377.0, 0.0], [370.0, 310.0, 0.0], [350.4106140136719, 312.2727966308594, 0.0], [208.5894012451172, 328.7272033691406, 0.0], [951.0, 500.0, 1.0], [736.0, 515.0, 1.0], [639.0, 363.0, 0.0], [620.0, 390.0, 1.0], [816.0, 502.0, 1.0], [1030.0, 559.0, 1.0], [390.0, 536.0, 1.0], [403.0, 407.0, 1.0], [401.0, 287.0, 0.0], [338.0, 332.0, 1.0], [334.0, 491.0, 1.0], [329.0, 633.0, 1.0]], "hand_pts": [[329.0, 633.0, 1.0], [319.979461669922, 629.9595947265625, 1.0], [317.1592712402344, 625.5125732421876, 1.0], [313.3990173339844, 621.2996215820312, 1.0], [297.41790771484375, 625.5125732421876, 1.0], [288.72229003906256, 629.2574462890625, 1.0], [270.3909912109375, 630.427734375, 1.0], [254.6448974609375, 633.0023193359374, 1.0], [244.06915283203125, 635.1087646484376, 1.0], [286.84216308593756, 633.7044677734375, 1.0], [262.63546752929693, 633.7044677734375, 1.0], [249.9445648193359, 636.5131225585939, 1.0], [236.07859802246094, 638.6195678710938, 1.0], [286.60714721679693, 640.0239257812499, 1.0], [265.45565795898426, 640.4920043945311, 1.0], [249.9445648193359, 644.2368774414062, 1.0], [237.72370910644528, 644.0028076171876, 1.0], [288.957305908203, 649.1519775390626, 1.0], [271.8010864257813, 649.3860473632812, 1.0], [256.9950561523437, 653.3649291992185, 1.0], [248.06443786621097, 654.0670776367188, 1.0]], "head_box": [[220.0, 254.0], [339.0, 387.0]], "head_size": 133.0, "hand_box_center": [282.53929901123047, 637.683349609375], "is_left": 1, "is_mpii": 1}