{"mpii_image": "079829320.jpg", "mpii_annorect_idx": 0, "mpii_body_pts": [[309.0, 759.0, 0.0], [314.0, 562.0, 1.0], [314.1134033203125, 541.3546142578125, 0.0], [314.8865966796875, 400.6453857421875, 0.0], [254.0, 893.0, 0.0], [254.0, 679.0, 1.0], [261.0, 756.0, 0.0], [357.0, 761.0, 0.0], [367.0, 687.0, 1.0], [376.0, 891.0, 0.0], [203.0, 727.0, 1.0], [196.0, 670.0, 1.0], [217.0, 559.0, 1.0], [410.0, 564.0, 1.0], [439.0, 672.0, 1.0], [444.0, 737.0, 1.0]], "hand_pts": [[203.0, 727.0, 1.0], [218.21253967285153, 732.8132934570312, 1.0], [227.55456542968747, 744.5925903320312, 1.0], [240.6334228515625, 759.4716796875, 1.0], [239.38781738281256, 774.3508300781251, 1.0], [216.96693420410153, 750.7922363281251, 1.0], [218.83534240722662, 770.6310424804686, 1.0], [218.83534240722662, 781.1704101562501, 1.0], [217.5897369384766, 776.2106933593751, 1.0], [205.75648498535156, 746.4524536132811, 1.0], [205.13368225097653, 771.2509765625001, 1.0], [207.62489318847656, 783.0302734375, 1.0], [205.13368225097653, 778.6905517578126, 1.0], [194.54603576660153, 750.1722412109375, 1.0], [193.9232330322266, 770.6310424804686, 1.0], [200.1512603759766, 783.0302734375, 1.0], [200.7740631103515, 778.0706176757812, 1.0], [186.44960021972653, 748.9323120117186, 1.0], [178.9759674072266, 763.8114624023436, 1.0], [180.84437561035153, 776.8306884765625, 1.0], [183.95838928222662, 782.4103393554688, 1.0]], "head_box": [[264.0, 399.0], [365.0, 543.0]], "head_size": 144.0, "hand_box_center": [209.80469512939453, 755.01513671875], "is_left": 0, "is_mpii": 1}