{"mpii_image": "080184017.jpg", "mpii_annorect_idx": 1, "mpii_body_pts": [[1597.0, 616.0, 1.0], [1528.0, 303.0, 1.0], [1531.0823974609375, 335.1722106933594, 0.0], [1508.9176025390625, 103.82779693603516, 0.0], [1468.0, 753.0, 1.0], [1242.0, 602.0, 1.0], [1490.0, 605.0, 1.0], [1703.0, 626.0, 1.0], [1622.0, 688.0, 1.0], [1657.0, 801.0, 1.0], [1285.0, 561.0, 1.0], [1299.0, 483.0, 1.0], [1406.0, 297.0, 1.0], [1649.0, 308.0, 1.0], [1676.0, 583.0, 1.0], [1460.0, 640.0, 1.0]], "hand_pts": [[1460.0, 640.0, 1.0], [1428.7694091796875, 625.6513061523438, 1.0], [1406.5222167968748, 611.410400390625, 1.0], [1376.7269287109375, 585.6976318359374, 1.0], [1359.2469482421875, 565.12744140625, 1.0], [1373.9459228515625, 643.056884765625, 1.0], [1346.9315185546875, 641.8701171874999, 1.0], [1323.8897705078123, 642.2656860351562, 1.0], [1304.8206787109375, 643.056884765625, 1.0], [1376.7269287109375, 664.8138427734375, 1.0], [1339.7806396484375, 679.0547485351564, 1.0], [1313.9580078125, 690.526611328125, 1.0], [1298.0671386718748, 695.2735595703127, 1.0], [1371.9595947265627, 683.4061279296875, 1.0], [1342.5615234375, 701.9984130859374, 1.0], [1321.9034423828123, 713.8658447265625, 1.0], [1302.039794921875, 721.3818969726564, 1.0], [1370.767822265625, 689.33984375, 1.0], [1352.4932861328123, 707.9321289062499, 1.0], [1339.38330078125, 716.2393798828125, 1.0], [1326.6706542968748, 723.75537109375, 1.0]], "head_box": [[1436.0, 101.0], [1604.0, 338.0]], "head_size": 237.0, "hand_box_center": [1379.0335693359375, 644.44140625], "is_left": 1, "is_mpii": 1}