{"mpii_image": "080172808.jpg", "mpii_annorect_idx": 0, "mpii_body_pts": [[944.0, 749.0, 1.0], [851.0, 498.0, 1.0], [851.5709228515625, 500.1077880859375, 0.0], [785.4290771484375, 255.89219665527344, 0.0], [885.0, 1021.0, 0.0], [854.0, 919.0, 0.0], [842.0, 789.0, 1.0], [1046.0, 708.0, 1.0], [1084.0, 817.0, 0.0], [1161.0, 953.0, 0.0], [677.0, 789.0, 1.0], [699.0, 693.0, 1.0], [724.0, 566.0, 1.0], [978.0, 429.0, 1.0], [1108.0, 472.0, 1.0], [1155.0, 435.0, 1.0]], "hand_pts": [[1206.2613525390623, 433.1542053222657, 1.0], [1196.7734374999998, 434.3356018066406, 1.0], [1207.0521240234373, 455.9943542480468, 1.0], [1227.6094970703123, 450.0874328613281, 1.0], [1250.5388183593748, 454.41918945312494, 1.0], [1195.982666015625, 399.68154907226557, 1.0], [1238.2834472656248, 405.98229980468744, 1.0], [1246.5854492187498, 420.15893554687494, 1.0], [1247.3760986328123, 436.3045654296875, 1.0], [1208.238037109375, 384.7173156738281, 1.0], [1242.6322021484373, 396.1373901367188, 1.0], [1254.4921875, 408.7388610839844, 1.0], [1256.8641357421875, 428.4286499023437, 1.0], [1219.307373046875, 378.4165649414062, 1.0], [1253.3061523437502, 383.5359191894531, 1.0], [1263.9802246093748, 404.80090332031256, 1.0], [1262.794189453125, 417.402374267578, 1.0], [1232.748779296875, 376.0538024902344, 1.0], [1253.7015380859375, 373.69104003906256, 1.0], [1266.7475585937502, 383.929718017578, 1.0], [1269.5148925781248, 394.95599365234375, 1.0]], "head_box": [[696.0, 278.0], [941.0, 478.0]], "head_size": 200.0, "hand_box_center": [1232.748779296875, 414.8426971435547], "is_left": 1, "is_mpii": 1}