{"mpii_image": "080321212.jpg", "mpii_annorect_idx": 0, "mpii_body_pts": [[1345.0, 678.0, 1.0], [1336.0, 408.0, 1.0], [1370.6409912109375, 448.31988525390625, 0.0], [1240.3590087890625, 296.68011474609375, 0.0], [1175.0, 939.0, 1.0], [1244.0, 790.0, 1.0], [1289.0, 667.0, 1.0], [1401.0, 689.0, 1.0], [1385.0, 819.0, 1.0], [1345.0, 985.0, 1.0], [956.0, 635.0, 1.0], [1076.0, 521.0, 1.0], [1159.0, 414.0, 1.0], [1513.0, 401.0, 1.0], [1564.0, 510.0, 1.0], [1518.0, 646.0, 1.0]], "hand_pts": [[1518.0, 646.0, 1.0], [1495.8272705078123, 660.0872802734375, 1.0], [1482.1575927734375, 675.0599975585939, 1.0], [1471.2218017578125, 700.5817260742188, 1.0], [1459.2607421875, 714.8739013671877, 1.0], [1506.0795898437502, 702.9637451171876, 1.0], [1495.8272705078123, 722.7005004882812, 1.0], [1483.182739257812, 730.8674926757811, 1.0], [1471.2218017578125, 734.2703857421877, 1.0], [1517.6988525390623, 707.0472412109374, 1.0], [1503.0039062499998, 727.464599609375, 1.0], [1487.62548828125, 735.291259765625, 1.0], [1476.689697265625, 739.3746948242186, 1.0], [1523.1667480468748, 701.2622680664061, 1.0], [1509.1552734375, 720.9990844726564, 1.0], [1497.1942138671873, 725.0825805664064, 1.0], [1484.8914794921875, 727.464599609375, 1.0], [1523.1667480468748, 689.3521728515624, 1.0], [1508.8135986328123, 704.3248901367188, 1.0], [1492.7515869140625, 715.8947143554688, 1.0], [1480.1070556640627, 718.9573364257811, 1.0]], "head_box": [[1237.0, 268.0], [1374.0, 477.0]], "head_size": 209.0, "hand_box_center": [1491.2137451171875, 692.6873474121094], "is_left": 1, "is_mpii": 1}