{"mpii_image": "080300207.jpg", "mpii_annorect_idx": 0, "mpii_body_pts": [[1099.0, 428.0, 1.0], [994.0, 253.0, 0.0], [989.6881103515625, 248.4320068359375, 0.0], [897.3118896484375, 150.5679931640625, 0.0], [996.0, 681.0, 1.0], [918.0, 500.0, 1.0], [1066.0, 424.0, 1.0], [1132.0, 432.0, 1.0], [1064.0, 636.0, 1.0], [1109.0, 850.0, 1.0], [781.0, 485.0, 1.0], [867.0, 377.0, 1.0], [943.0, 258.0, 0.0], [1044.0, 248.0, 1.0], [965.0, 407.0, 1.0], [872.0, 513.0, 1.0]], "hand_pts": [[872.0, 513.0, 1.0], [859.606689453125, 509.28076171875, 1.0], [847.2013549804688, 509.94259643554693, 1.0], [833.0238037109375, 519.20849609375, 1.0], [831.9161376953124, 534.2103881835938, 1.0], [851.8533325195314, 517.2229614257811, 1.0], [833.4668579101562, 541.4907836914062, 1.0], [828.5933227539062, 552.5215454101562, 1.0], [824.6058349609376, 562.6699218749999, 1.0], [857.8345336914061, 525.8269653320311, 1.0], [845.4291381835936, 550.0947875976565, 1.0], [838.3403930664062, 556.9338989257812, 1.0], [834.1314086914061, 546.3442993164061, 1.0], [867.1385498046875, 536.1959838867188, 1.0], [855.8407592773439, 554.06591796875, 1.0], [849.1950683593751, 556.2720336914062, 1.0], [847.6444091796876, 548.329833984375, 1.0], [872.8981323242188, 543.9175415039061, 1.0], [866.6954956054688, 549.653564453125, 1.0], [859.3851928710938, 555.8308105468751, 1.0], [855.3977661132811, 553.6246337890625, 1.0]], "head_box": [[892.0, 133.0], [995.0, 266.0]], "head_size": 133.0, "hand_box_center": [848.7519836425781, 535.975341796875], "is_left": 1, "is_mpii": 1}