{"mpii_image": "080348274.jpg", "mpii_annorect_idx": 0, "mpii_body_pts": [[809.0, 695.0, 0.0], [792.0, 503.0, 1.0], [786.305419921875, 472.92059326171875, 0.0], [758.694580078125, 327.07940673828125, 0.0], [903.0, 868.0, 1.0], [916.0, 678.0, 1.0], [874.0, 697.0, 0.0], [743.0, 692.0, 0.0], [651.0, 860.0, 1.0], [761.0, 858.0, 1.0], [670.0, 657.0, 1.0], [635.0, 625.0, 1.0], [692.0, 504.0, 1.0], [892.0, 502.0, 1.0], [983.0, 625.0, 1.0], [871.0, 633.0, 1.0]], "hand_pts": [[676.7749023437501, 670.6362915039061, 1.0], [696.7778320312501, 659.9844360351564, 1.0], [727.81689453125, 662.7332763671877, 1.0], [744.3710327148438, 677.8519897460938, 1.0], [757.8212890624999, 688.1602172851561, 1.0], [713.33203125, 677.5084228515625, 1.0], [729.5413208007811, 696.4067993164062, 1.0], [739.1978759765627, 708.7766723632814, 1.0], [747.81982421875, 721.1465454101562, 1.0], [703.3305664062499, 690.9091186523438, 1.0], [719.5397949218751, 711.8691406249999, 1.0], [731.610595703125, 724.9262084960936, 1.0], [738.1632690429686, 732.8291625976562, 1.0], [692.9841918945311, 702.2481079101564, 1.0], [710.5729980468751, 723.2081909179689, 1.0], [722.298828125, 734.5472412109374, 1.0], [728.8515624999999, 741.0757446289064, 1.0], [680.9134521484375, 713.2435913085939, 1.0], [696.0880737304689, 730.7675170898436, 1.0], [704.7100830078126, 740.0449218749999, 1.0], [709.8832397460939, 745.5426635742186, 1.0]], "head_box": [[714.0, 328.0], [831.0, 472.0]], "head_size": 144.0, "hand_box_center": [717.298095703125, 702.7635498046875], "is_left": 0, "is_mpii": 1}