{"mpii_image": "080300207.jpg", "mpii_annorect_idx": 0, "mpii_body_pts": [[1099.0, 428.0, 1.0], [994.0, 253.0, 0.0], [989.6881103515625, 248.4320068359375, 0.0], [897.3118896484375, 150.5679931640625, 0.0], [996.0, 681.0, 1.0], [918.0, 500.0, 1.0], [1066.0, 424.0, 1.0], [1132.0, 432.0, 1.0], [1064.0, 636.0, 1.0], [1109.0, 850.0, 1.0], [781.0, 485.0, 1.0], [867.0, 377.0, 1.0], [943.0, 258.0, 0.0], [1044.0, 248.0, 1.0], [965.0, 407.0, 1.0], [872.0, 513.0, 1.0]], "hand_pts": [[784.7139282226564, 488.0505676269532, 1.0], [769.492919921875, 496.370086669922, 1.0], [757.2418212890625, 498.03399658203125, 1.0], [748.8888549804688, 512.2696533203125, 1.0], [744.248291015625, 523.3623046874999, 1.0], [742.9489135742188, 492.11788940429693, 1.0], [724.7579956054686, 506.90814208984375, 1.0], [733.1109619140625, 519.4798583984375, 1.0], [750.1882324218751, 518.7403564453125, 1.0], [748.1463623046875, 491.1935119628905, 1.0], [730.8834838867188, 508.7569274902343, 1.0], [740.3502197265624, 521.6984252929688, 1.0], [755.5712280273438, 515.7822875976564, 1.0], [749.074462890625, 493.59692382812494, 1.0], [741.0927124023438, 510.0510864257813, 1.0], [751.6731567382814, 518.0008544921875, 1.0], [763.7385864257812, 517.2613525390626, 1.0], [755.0144042968751, 496.00033569335943, 1.0], [753.34375, 510.2359619140625, 1.0], [764.6667480468751, 521.3286743164062, 1.0], [773.7622070312499, 514.3032836914061, 1.0]], "head_box": [[892.0, 133.0], [995.0, 266.0]], "head_size": 133.0, "hand_box_center": [754.7359619140625, 505.70643615722656], "is_left": 0, "is_mpii": 1}