{"mpii_image": "080550311.jpg", "mpii_annorect_idx": 0, "mpii_body_pts": [[1112.0, 626.0, 1.0], [1281.0, 384.0, 1.0], [1253.9820556640625, 390.98419189453125, 0.0], [1455.0179443359375, 339.01580810546875, 0.0], [1015.0, 1062.0, 0.0], [1018.0, 817.0, 0.0], [1031.0, 615.0, 1.0], [1192.0, 637.0, 1.0], [1189.0, 838.0, 0.0], [1180.0, 1071.0, 0.0], [1071.0, 392.0, 1.0], [1009.0, 268.0, 1.0], [1201.0, 289.0, 1.0], [1360.0, 479.0, 1.0], [1285.0, 584.0, 1.0], [1220.0, 587.0, 1.0]], "hand_pts": [[1073.6234130859373, 394.9157409667969, 1.0], [1097.8955078125, 389.71185302734375, 1.0], [1127.3907470703123, 399.2012634277344, 1.0], [1141.8311767578123, 411.4456481933595, 1.0], [1152.27734375, 419.09838867187494, 1.0], [1113.257568359375, 406.85400390625, 1.0], [1125.5473632812502, 440.8321533203125, 1.0], [1128.9270019531252, 453.3826599121093, 1.0], [1127.6979980468748, 456.7498474121094, 1.0], [1101.5823974609375, 420.628936767578, 1.0], [1112.950439453125, 456.7498474121094, 1.0], [1106.8055419921877, 446.3421325683594, 1.0], [1106.498291015625, 438.077178955078, 1.0], [1089.5999755859375, 432.26110839843744, 1.0], [1099.739013671875, 456.13763427734375, 1.0], [1094.8231201171873, 444.1993713378906, 1.0], [1095.4376220703125, 435.0160827636719, 1.0], [1077.0030517578125, 438.077178955078, 1.0], [1089.9072265625, 454.300994873047, 1.0], [1090.8289794921877, 445.4237976074219, 1.0], [1088.9854736328125, 440.219940185547, 1.0]], "head_box": [[1261.0, 275.0], [1448.0, 455.0]], "head_size": 180.0, "hand_box_center": [1112.9503784179688, 423.23085021972656], "is_left": 0, "is_mpii": 1}