{"mpii_image": "080550311.jpg", "mpii_annorect_idx": 0, "mpii_body_pts": [[1112.0, 626.0, 1.0], [1281.0, 384.0, 1.0], [1253.9820556640625, 390.98419189453125, 0.0], [1455.0179443359375, 339.01580810546875, 0.0], [1015.0, 1062.0, 0.0], [1018.0, 817.0, 0.0], [1031.0, 615.0, 1.0], [1192.0, 637.0, 1.0], [1189.0, 838.0, 0.0], [1180.0, 1071.0, 0.0], [1071.0, 392.0, 1.0], [1009.0, 268.0, 1.0], [1201.0, 289.0, 1.0], [1360.0, 479.0, 1.0], [1285.0, 584.0, 1.0], [1220.0, 587.0, 1.0]], "hand_pts": [[1220.0, 587.0, 1.0], [1216.6501464843748, 557.327697753906, 1.0], [1197.48291015625, 535.4145507812499, 1.0], [1163.0529785156248, 533.6473999023438, 1.0], [1166.9573974609377, 544.25048828125, 1.0], [1229.0732421874998, 541.0695800781251, 1.0], [1214.5203857421877, 534.0008544921875, 1.0], [1188.9642333984373, 544.25048828125, 1.0], [1175.4761962890625, 549.5520629882811, 1.0], [1235.1074218749998, 557.327697753906, 1.0], [1210.2611083984373, 552.026123046875, 1.0], [1182.9300537109377, 559.0948486328126, 1.0], [1166.6025390625, 562.9826660156249, 1.0], [1235.1074218749998, 573.5858154296876, 1.0], [1206.7115478515625, 569.6979980468751, 1.0], [1185.059814453125, 574.9995727539062, 1.0], [1162.6981201171873, 574.9995727539062, 1.0], [1229.42822265625, 590.5507812500001, 1.0], [1193.2236328124998, 591.611083984375, 1.0], [1179.0256347656252, 588.0767211914061, 1.0], [1168.377197265625, 585.2492065429688, 1.0]], "head_box": [[1261.0, 275.0], [1448.0, 455.0]], "head_size": 180.0, "hand_box_center": [1198.9027709960935, 562.6292419433594], "is_left": 1, "is_mpii": 1}