{"mpii_image": "080715554.jpg", "mpii_annorect_idx": 0, "mpii_body_pts": [[771.0, 388.0, 0.0], [806.0, 199.0, 1.0], [803.351806640625, 201.28109741210938, 0.0], [909.648193359375, 109.71890258789062, 0.0], [740.0, 653.0, 1.0], [737.0, 528.0, 1.0], [731.0, 382.0, 1.0], [810.0, 394.0, 0.0], [824.0, 507.0, 1.0], [859.0, 615.0, 1.0], [659.0, 242.0, 1.0], [653.0, 219.0, 1.0], [731.0, 158.0, 1.0], [880.0, 240.0, 1.0], [859.0, 330.0, 1.0], [830.0, 411.0, 1.0]], "hand_pts": [[659.0, 242.0, 1.0], [665.9405517578125, 238.40989685058597, 1.0], [674.4224853515625, 236.10719299316403, 1.0], [685.4746704101564, 234.82791137695318, 1.0], [693.4425659179686, 244.2945861816406, 1.0], [663.8843383789064, 250.9468536376953, 1.0], [673.1373291015624, 249.66757202148438, 1.0], [684.70361328125, 246.5972900390625, 1.0], [691.900390625, 245.82972717285156, 1.0], [663.3703002929688, 260.6693725585937, 1.0], [676.9927978515625, 263.22793579101557, 1.0], [689.0731201171876, 258.8783874511718, 1.0], [695.4987792968752, 254.2729797363281, 1.0], [665.426513671875, 266.29821777343744, 1.0], [676.4786987304688, 270.9036254882812, 1.0], [690.3582153320311, 266.5540771484375, 1.0], [698.5831298828124, 261.94866943359375, 1.0], [670.0530395507814, 270.64776611328136, 1.0], [681.8762817382812, 278.32345581054693, 1.0], [692.4144287109374, 277.300048828125, 1.0], [699.09716796875, 274.2297668457031, 1.0]], "head_box": [[794.0, 94.0], [919.0, 217.0]], "head_size": 123.0, "hand_box_center": [679.048583984375, 256.57568359375006], "is_left": 0, "is_mpii": 1}