{"mpii_image": "080871540.jpg", "mpii_annorect_idx": 0, "mpii_body_pts": [[679.0, 562.0, 0.0], [940.0, 551.0, 0.0], [977.3515014648438, 555.1104736328125, 0.0], [1111.6485595703125, 569.8895263671875, 0.0], [598.0, 410.0, 0.0], [806.0, 392.0, 0.0], [698.0, 564.0, 0.0], [659.0, 559.0, 1.0], [825.0, 386.0, 1.0], [596.0, 422.0, 1.0], [784.0, 406.0, 0.0], [823.0, 504.0, 0.0], [925.0, 517.0, 0.0], [954.0, 584.0, 1.0], [810.0, 555.0, 1.0], [770.0, 408.0, 1.0]], "hand_pts": [[770.0, 408.0, 1.0], [786.2447509765627, 396.0157470703125, 1.0], [798.6990966796877, 378.29672241210926, 1.0], [797.5870971679688, 361.2421569824219, 1.0], [797.3646850585938, 351.05371093749994, 1.0], [778.0159301757812, 358.1413269042969, 1.0], [771.7887573242189, 351.05371093749994, 1.0], [767.3407592773439, 349.060302734375, 1.0], [763.3375854492186, 348.6173400878906, 1.0], [764.2271728515625, 359.0272521972656, 1.0], [761.3359985351562, 353.71154785156244, 1.0], [759.7791748046876, 349.5032958984375, 1.0], [758.0, 348.39584350585943, 1.0], [752.4400024414061, 365.8934020996094, 1.0], [750.6608276367188, 355.04046630859375, 1.0], [750.4384155273439, 351.05371093749994, 1.0], [750.4384155273439, 347.7313842773437, 1.0], [742.8768310546876, 373.8669738769531, 1.0], [742.2096557617188, 362.5710754394531, 1.0], [741.9872436523438, 356.81237792968744, 1.0], [740.65283203125, 352.38262939453136, 1.0]], "head_box": [[980.0, 508.0], [1109.0, 617.0]], "head_size": 109.0, "hand_box_center": [769.6759643554689, 377.8656921386719], "is_left": 1, "is_mpii": 1}