{"mpii_image": "080992442.jpg", "mpii_annorect_idx": 0, "mpii_body_pts": [[1110.0, 665.0, 0.0], [1180.0, 349.0, 0.0], [1183.64794921875, 399.15850830078125, 0.0], [1168.35205078125, 188.8415069580078, 0.0], [702.0, 1074.0, 0.0], [804.0, 897.0, 1.0], [1136.0, 696.0, 0.0], [1084.0, 634.0, 0.0], [736.0, 829.0, 1.0], [469.0, 1071.0, 1.0], [1021.0, 373.0, 0.0], [1087.0, 448.0, 0.0], [1201.0, 361.0, 0.0], [1158.0, 336.0, 1.0], [1000.0, 488.0, 1.0], [1034.0, 373.0, 1.0]], "hand_pts": [[1034.0, 373.0, 1.0], [1077.1826171875, 349.44741821289057, 1.0], [1088.3570556640627, 336.52587890624994, 1.0], [1082.9500732421877, 320.3739318847657, 1.0], [1072.1361083984373, 312.1184997558594, 1.0], [1063.12451171875, 306.3755798339844, 1.0], [1060.9616699218752, 285.55755615234375, 1.0], [1072.4965820312502, 295.60763549804693, 1.0], [1071.7756347656252, 306.73452758789057, 1.0], [1048.705810546875, 303.504150390625, 1.0], [1073.217529296875, 307.09344482421875, 1.0], [1072.1361083984373, 316.78460693359375, 1.0], [1063.4848632812502, 321.4507446289063, 1.0], [1034.647705078125, 312.1184997558594, 1.0], [1052.6708984374998, 312.83636474609364, 1.0], [1051.9500732421877, 320.7328796386719, 1.0], [1046.1826171875, 326.4757690429687, 1.0], [1021.6708984375001, 320.3739318847657, 1.0], [1036.8104248046873, 316.4256896972656, 1.0], [1037.5313720703123, 323.9632568359375, 1.0], [1033.205810546875, 327.9114990234375, 1.0]], "head_box": [[1089.0, 195.0], [1263.0, 393.0]], "head_size": 198.0, "hand_box_center": [1055.0139770507815, 329.2787780761719], "is_left": 1, "is_mpii": 1}