{"mpii_image": "081076147.jpg", "mpii_annorect_idx": 0, "mpii_body_pts": [[1124.0, 505.0, 1.0], [924.0, 768.0, 1.0], [912.093994140625, 808.3267822265625, 0.0], [873.906005859375, 937.6732177734375, 0.0], [1078.0, 313.0, 1.0], [1144.0, 239.0, 1.0], [1087.0, 477.0, 1.0], [1160.0, 532.0, 1.0], [1289.0, 751.0, 1.0], [1390.0, 951.0, 1.0], [717.0, 1011.0, 1.0], [829.0, 858.0, 0.0], [873.0, 740.0, 1.0], [974.0, 795.0, 1.0], [873.0, 927.0, 1.0], [774.0, 1031.0, 1.0]], "hand_pts": [[778.2662353515625, 1035.2268066406252, 1.0], [759.6181030273439, 1032.57373046875, 1.0], [736.9739379882814, 1030.5838623046875, 1.0], [721.8778686523438, 1028.815185546875, 1.0], [708.7797851562502, 1029.920654296875, 1.0], [715.9570922851561, 1033.1278076171875, 1.0], [693.8306884765625, 1033.1278076171875, 1.0], [671.2827758789064, 1030.3989257812502, 1.0], [657.4974365234375, 1027.709716796875, 1.0], [718.0643920898438, 1032.707885742188, 1.0], [695.7272338867186, 1029.5593261718748, 1.0], [680.9762573242186, 1028.7197265625, 1.0], [666.1555175781251, 1027.2675781250002, 1.0], [729.6544189453125, 1042.7835693359375, 1.0], [708.7797851562502, 1039.4276123046877, 1.0], [693.6837158203126, 1036.5533447265623, 1.0], [680.1416015625, 1034.1213378906248, 1.0], [746.52001953125, 1047.3868408203123, 1.0], [739.4159545898438, 1047.3868408203123, 1.0], [732.9779052734375, 1048.0501708984373, 1.0], [723.8758544921875, 1048.71337890625, 1.0]], "head_box": [[837.0, 810.0], [949.0, 936.0]], "head_size": 126.0, "hand_box_center": [717.8818359375, 1037.990478515625], "is_left": 1, "is_mpii": 1}