{"mpii_image": "081076147.jpg", "mpii_annorect_idx": 0, "mpii_body_pts": [[1124.0, 505.0, 1.0], [924.0, 768.0, 1.0], [912.093994140625, 808.3267822265625, 0.0], [873.906005859375, 937.6732177734375, 0.0], [1078.0, 313.0, 1.0], [1144.0, 239.0, 1.0], [1087.0, 477.0, 1.0], [1160.0, 532.0, 1.0], [1289.0, 751.0, 1.0], [1390.0, 951.0, 1.0], [717.0, 1011.0, 1.0], [829.0, 858.0, 0.0], [873.0, 740.0, 1.0], [974.0, 795.0, 1.0], [873.0, 927.0, 1.0], [774.0, 1031.0, 1.0]], "hand_pts": [[717.0, 1011.0, 1.0], [707.0159912109375, 1017.0166015625, 1.0], [690.8089599609375, 1019.3220214843748, 1.0], [677.8433227539061, 1023.7022705078126, 1.0], [664.6461181640624, 1026.4687500000002, 1.0], [685.0206909179688, 1015.172302246094, 1.0], [649.1336669921875, 1024.85498046875, 1.0], [628.9906005859374, 1027.3908691406252, 1.0], [613.4781494140625, 1029.2352294921877, 1.0], [679.9270629882811, 1014.9417114257811, 1.0], [646.818359375, 1018.8609008789061, 1.0], [627.8329467773438, 1022.5495605468751, 1.0], [613.0150756835938, 1025.0854492187498, 1.0], [675.7595214843749, 1013.097412109375, 1.0], [651.4489746093751, 1015.6333618164062, 1.0], [632.00048828125, 1021.8579101562499, 1.0], [617.1826171874999, 1025.0854492187498, 1.0], [672.7496337890625, 1014.7111816406251, 1.0], [651.4489746093751, 1017.4776611328124, 1.0], [637.7886962890626, 1021.3968505859374, 1.0], [625.980712890625, 1024.1633300781245, 1.0]], "head_box": [[837.0, 810.0], [949.0, 936.0]], "head_size": 126.0, "hand_box_center": [665.0075378417969, 1020.1176147460939], "is_left": 0, "is_mpii": 1}