{"mpii_image": "081677947.jpg", "mpii_annorect_idx": 0, "mpii_body_pts": [[1314.0, 505.0, 1.0], [1303.0, 272.0, 1.0], [1305.056884765625, 224.279296875, 0.0], [1310.943115234375, 87.720703125, 0.0], [1309.0, 927.0, 1.0], [1290.0, 725.0, 1.0], [1273.0, 501.0, 1.0], [1355.0, 509.0, 1.0], [1348.0, 725.0, 1.0], [1360.0, 941.0, 1.0], [1141.0, 398.0, 1.0], [1179.0, 417.0, 1.0], [1196.0, 273.0, 1.0], [1410.0, 270.0, 1.0], [1446.0, 417.0, 1.0], [1403.0, 545.0, 1.0]], "hand_pts": [[1403.0, 545.0, 1.0], [1390.917724609375, 548.617919921875, 1.0], [1377.132446289062, 558.8547973632812, 1.0], [1371.5247802734373, 573.5121459960938, 1.0], [1361.0104980468748, 589.1000976562501, 1.0], [1383.4409179687502, 580.0264892578126, 1.0], [1377.5997314453125, 598.6389770507814, 1.0], [1375.029541015625, 609.341125488281, 1.0], [1372.9267578125002, 620.5086059570314, 1.0], [1392.5533447265623, 586.3082275390625, 1.0], [1389.5158691406255, 604.4553833007812, 1.0], [1386.4783935546875, 621.2066040039061, 1.0], [1384.6092529296875, 632.3740844726564, 1.0], [1404.2358398437502, 587.4714965820312, 1.0], [1401.8992919921875, 603.2920532226564, 1.0], [1398.628173828125, 617.7167358398439, 1.0], [1396.759033203125, 626.7903442382815, 1.0], [1413.3481445312498, 587.0061645507812, 1.0], [1412.179931640625, 602.3614501953123, 1.0], [1410.0770263671875, 610.9697265625, 1.0], [1408.4415283203125, 619.3453369140625, 1.0]], "head_box": [[1255.0, 89.0], [1361.0, 223.0]], "head_size": 134.0, "hand_box_center": [1387.1793212890623, 588.6870422363281], "is_left": 1, "is_mpii": 1}