{"mpii_image": "081622785.jpg", "mpii_annorect_idx": 1, "mpii_body_pts": [[852.0, 834.0, 1.0], [791.0, 628.0, 1.0], [926.0, 521.0, 1.0], [1030.0, 490.0, 1.0], [941.0, 691.0, 1.0], [1015.0, 834.0, 1.0], [978.0, 506.0, 1.0], [860.0, 269.0, 0.0], [832.0, 257.0, 0.0], [702.0, 201.0, 0.0], [821.0, 426.0, 1.0], [916.0, 358.0, 0.0], [877.0, 256.0, 0.0], [842.0, 281.0, 1.0], [936.0, 419.0, 1.0], [944.0, 536.0, 1.0]], "hand_pts": [[946.4712524414061, 554.38916015625, 1.0], [928.849853515625, 580.5292358398438, 1.0], [922.9760742187501, 593.5993041992188, 1.0], [921.9395141601562, 614.5802001953124, 1.0], [934.3781738281251, 621.8031005859374, 1.0], [928.6133422851564, 593.6463623046875, 1.0], [925.0304565429688, 609.6963500976564, 1.0], [926.0541381835936, 619.8867797851562, 1.0], [930.9166870117186, 626.5105590820311, 1.0], [939.8739624023438, 593.6463623046875, 1.0], [939.6180419921876, 610.2058715820314, 1.0], [939.8739624023438, 623.1986694335938, 1.0], [949.3431396484375, 617.0844116210939, 1.0], [952.6701049804688, 597.2130126953125, 1.0], [954.7174682617188, 609.9511108398436, 1.0], [954.6660766601564, 622.9427490234374, 1.0], [953.8417358398438, 629.9177856445312, 1.0], [966.618896484375, 594.63232421875, 1.0], [968.2675781249999, 610.223571777344, 1.0], [968.6797485351565, 622.9427490234374, 1.0], [964.5580444335938, 629.9177856445312, 1.0]], "head_box": [[714.0, 160.0], [821.0, 299.0]], "head_size": 139.0, "hand_box_center": [945.3096313476564, 592.1534729003906], "is_left": 1, "is_mpii": 1}