{"mpii_image": "081622785.jpg", "mpii_annorect_idx": 0, "mpii_body_pts": [[460.0, 379.0, 1.0], [415.0, 561.0, 1.0], [468.0, 711.0, 1.0], [484.0, 369.0, 1.0], [345.0, 451.0, 1.0], [352.0, 638.0, 1.0], [527.0, 345.0, 1.0], [332.0, 216.0, 0.0], [291.0, 188.0, 0.0], [178.0, 111.0, 0.0], [335.0, 374.0, 1.0], [357.0, 290.0, 0.0], [292.0, 215.0, 0.0], [371.0, 217.0, 1.0], [509.0, 258.0, 1.0], [600.0, 343.0, 1.0]], "hand_pts": [[600.0, 343.0, 1.0], [601.3121948242185, 357.47232055664057, 1.0], [606.9617309570314, 384.7039489746093, 1.0], [615.5490112304688, 402.25820922851557, 1.0], [624.5882568359374, 420.7126770019531, 1.0], [628.2039184570314, 383.80371093749994, 1.0], [635.6613159179688, 397.7571105957031, 1.0], [643.7965698242186, 409.2348937988281, 1.0], [652.8358154296875, 418.91223144531244, 1.0], [643.3446655273438, 377.50219726562494, 1.0], [660.293212890625, 388.7549133300781, 1.0], [672.9481201171875, 397.53204345703125, 1.0], [678.8236083984374, 404.05862426757807, 1.0], [651.0279541015624, 369.4002075195313, 1.0], [667.9765625, 376.15185546875, 1.0], [679.2755737304689, 384.2538146972656, 1.0], [686.5069580078125, 390.78039550781244, 1.0], [654.8696289062499, 361.07321166992193, 1.0], [668.8804931640625, 366.2494506835938, 1.0], [675.4338989257812, 371.2006530761719, 1.0], [682.8912963867186, 374.57647705078125, 1.0]], "head_box": [[184.0, 81.0], [286.0, 219.0]], "head_size": 138.0, "hand_box_center": [643.2534790039062, 381.85633850097656], "is_left": 1, "is_mpii": 1}