{"mpii_image": "081910232.jpg", "mpii_annorect_idx": 0, "mpii_body_pts": [[925.0, 555.0, 0.0], [949.0, 344.0, 0.0], [932.6259155273438, 312.40960693359375, 0.0], [866.3740844726562, 184.59039306640625, 0.0], [841.0, 914.0, 1.0], [792.0, 704.0, 1.0], [899.0, 550.0, 0.0], [951.0, 559.0, 1.0], [986.0, 786.0, 1.0], [1044.0, 937.0, 1.0], [1091.0, 440.0, 1.0], [1015.0, 382.0, 0.0], [919.0, 341.0, 0.0], [978.0, 347.0, 1.0], [1018.0, 457.0, 1.0], [975.0, 600.0, 1.0]], "hand_pts": [[1110.5689697265627, 452.4125061035156, 1.0], [1119.5697021484375, 455.0619812011719, 1.0], [1142.2760009765625, 456.48864746093744, 1.0], [1158.2318115234375, 454.2467651367188, 1.0], [1166.005126953125, 462.3990783691406, 1.0], [1150.2539062499998, 443.4449768066406, 1.0], [1162.5275878906252, 436.10791015625, 1.0], [1170.9145507812505, 427.7518005371094, 1.0], [1178.6878662109373, 421.02615356445307, 1.0], [1146.9808349609375, 435.9040832519531, 1.0], [1156.5953369140623, 425.7137145996093, 1.0], [1164.5731201171873, 418.58044433593756, 1.0], [1171.1191406249998, 411.4472045898438, 1.0], [1142.4805908203125, 429.9936828613281, 1.0], [1155.5725097656252, 419.80328369140636, 1.0], [1161.9138183593748, 413.07763671875, 1.0], [1168.0506591796877, 407.7786560058594, 1.0], [1134.7071533203127, 424.49087524414057, 1.0], [1140.843994140625, 415.9309692382812, 1.0], [1146.9808349609375, 409.4091186523437, 1.0], [1150.04931640625, 404.7215576171874, 1.0]], "head_box": [[840.0, 181.0], [959.0, 316.0]], "head_size": 135.0, "hand_box_center": [1144.62841796875, 433.560317993164], "is_left": 0, "is_mpii": 1}