{"mpii_image": "082067538.jpg", "mpii_annorect_idx": 1, "mpii_body_pts": [[832.0, 631.0, 1.0], [837.0, 377.0, 1.0], [825.634521484375, 329.91448974609375, 0.0], [792.365478515625, 192.0854949951172, 0.0], [840.0, 1006.0, 1.0], [821.0, 829.0, 1.0], [796.0, 636.0, 1.0], [867.0, 625.0, 1.0], [883.0, 834.0, 1.0], [935.0, 1028.0, 1.0], [644.0, 538.0, 1.0], [755.0, 494.0, 1.0], [785.0, 399.0, 1.0], [889.0, 355.0, 1.0], [954.0, 489.0, 1.0], [927.0, 614.0, 1.0]], "hand_pts": [[638.8619384765625, 539.7563476562501, 1.0], [626.7366333007812, 529.8223266601562, 1.0], [611.0911254882811, 522.8100585937499, 1.0], [600.1392822265626, 523.7839355468753, 1.0], [593.4899291992186, 531.380615234375, 1.0], [600.7260131835936, 544.0416259765625, 1.0], [589.578552246094, 550.0799560546876, 1.0], [583.7114868164062, 554.9496459960938, 1.0], [578.626708984375, 559.8192749023438, 1.0], [605.4196166992186, 552.4174194335936, 1.0], [596.2279052734375, 560.9879760742188, 1.0], [588.7962646484375, 568.7793579101565, 1.0], [586.840576171875, 563.5202026367188, 1.0], [610.308837890625, 559.4296875, 1.0], [602.29052734375, 566.4419555664062, 1.0], [595.4456176757811, 572.4802856445312, 1.0], [594.6633300781252, 565.4680175781251, 1.0], [620.2828979492189, 567.6106567382812, 1.0], [612.6557006835938, 572.8698730468751, 1.0], [602.6817016601565, 575.9864501953124, 1.0], [601.1171264648436, 570.7272338867186, 1.0]], "head_box": [[751.0, 194.0], [867.0, 328.0]], "head_size": 134.0, "hand_box_center": [608.7443237304688, 549.3982543945311], "is_left": 0, "is_mpii": 1}