{"mpii_image": "082265747.jpg", "mpii_annorect_idx": 0, "mpii_body_pts": [[149.0, 406.0, 0.0], [256.0, 227.0, 1.0], [275.0111999511719, 210.0052032470703, 0.0], [434.9888000488281, 66.99479675292969, 0.0], [78.0, 580.0, 0.0], [88.0, 671.0, 1.0], [78.0, 415.0, 0.0], [220.0, 396.0, 0.0], [355.0, 319.0, 1.0], [276.0, 566.0, 1.0], [266.0, 464.0, 1.0], [57.0, 415.0, 1.0], [140.0, 204.0, 1.0], [371.0, 249.0, 1.0], [381.0, 388.0, 0.0], [421.0, 462.0, 1.0]], "hand_pts": [[279.1284484863281, 464.0902709960937, 1.0], [302.53723144531244, 443.0887756347657, 1.0], [327.32299804687494, 442.1756591796875, 1.0], [355.3217468261719, 460.8943786621093, 1.0], [381.4844970703125, 465.0033874511718, 1.0], [350.7317810058594, 459.06817626953125, 1.0], [380.1075134277344, 479.6130981445313, 1.0], [393.41839599609364, 492.85317993164057, 1.0], [398.4673461914063, 502.8973693847657, 1.0], [342.4698791503906, 475.96066284179693, 1.0], [375.97656249999994, 501.98425292968744, 1.0], [352.1087951660156, 485.0917663574219, 1.0], [351.1907958984375, 476.41723632812494, 1.0], [336.5029296875, 494.67941284179693, 1.0], [359.91171264648426, 514.3112182617186, 1.0], [344.764862060547, 497.4187316894531, 1.0], [343.8468627929688, 489.2007446289063, 1.0], [329.1589965820313, 509.7456970214844, 1.0], [339.7159118652343, 519.3333129882812, 1.0], [330.5359802246094, 513.3981323242188, 1.0], [329.6179809570313, 505.1801452636719, 1.0]], "head_box": [[279.0, 28.0], [431.0, 249.0]], "head_size": 221.0, "hand_box_center": [338.7978973388672, 480.7544860839844], "is_left": 0, "is_mpii": 1}