{"mpii_image": "082399765.jpg", "mpii_annorect_idx": 0, "mpii_body_pts": [[205.0, 1003.0, 0.0], [318.0, 667.0, 1.0], [331.8916015625, 624.3209228515625, 0.0], [387.1083984375, 454.6791076660156, 0.0], [456.0, 1062.0, 1.0], [559.0, 889.0, 1.0], [242.0, 1038.0, 1.0], [167.0, 968.0, 0.0], [398.0, 1023.0, 0.0], [203.0, 1055.0, 0.0], [547.0, 701.0, 1.0], [525.0, 833.0, 1.0], [367.0, 703.0, 1.0], [268.0, 631.0, 1.0], [458.0, 638.0, 1.0], [583.0, 653.0, 1.0]], "hand_pts": [[547.0, 701.0, 1.0], [540.7485351562501, 684.5571289062499, 1.0], [535.2175903320312, 661.8858032226564, 1.0], [539.7725219726564, 645.0442504882811, 1.0], [555.7147827148439, 644.396484375, 1.0], [557.6669311523438, 642.1293334960939, 1.0], [573.9345703125, 634.032470703125, 1.0], [582.068359375, 630.4698486328125, 1.0], [589.551513671875, 627.5549316406251, 1.0], [571.0064086914061, 646.6636352539062, 1.0], [589.8768310546876, 635.0040893554688, 1.0], [594.4317626953124, 641.4816284179686, 1.0], [587.2740478515626, 648.9307861328125, 1.0], [579.7908935546877, 660.9141845703126, 1.0], [592.4796752929688, 655.4082641601562, 1.0], [590.2022094726562, 664.4768066406251, 1.0], [583.3698120117186, 667.7155761718751, 1.0], [586.623291015625, 673.8692626953123, 1.0], [590.8529052734374, 664.8007202148438, 1.0], [586.9486694335936, 668.6871948242186, 1.0], [583.6951293945311, 670.6304931640625, 1.0]], "head_box": [[293.0, 450.0], [426.0, 629.0]], "head_size": 179.0, "hand_box_center": [564.8246765136719, 664.2774658203125], "is_left": 0, "is_mpii": 1}