{"mpii_image": "082503891.jpg", "mpii_annorect_idx": 2, "mpii_body_pts": [[793.0, 1002.0, 1.0], [822.0, 881.0, 1.0], [817.0, 749.0, 1.0], [748.0, 743.0, 1.0], [769.0, 849.0, 0.0], [753.0, 849.0, 1.0], [783.0, 746.0, 1.0], [812.0, 557.0, 1.0], [819.0, 525.0, 0.0], [852.0, 388.0, 0.0], [917.0, 746.0, 1.0], [888.0, 669.0, 1.0], [872.0, 564.0, 1.0], [751.0, 550.0, 1.0], [711.0, 627.0, 1.0], [687.0, 722.0, 1.0]], "hand_pts": [[687.0, 722.0, 1.0], [695.0304565429688, 728.6671752929686, 1.0], [703.3380126953124, 736.7108764648439, 1.0], [703.1072387695312, 752.568359375, 1.0], [704.0303344726564, 762.4506225585938, 1.0], [694.1074218749999, 757.6243896484376, 1.0], [695.26123046875, 764.5189819335939, 1.0], [698.0303955078126, 772.10302734375, 1.0], [700.5688476562501, 778.9975585937499, 1.0], [689.722900390625, 757.8541870117186, 1.0], [691.1074829101564, 764.2891235351564, 1.0], [692.9536132812499, 771.8731689453125, 1.0], [695.9535522460939, 783.8237915039062, 1.0], [683.4922485351562, 759.0032958984374, 1.0], [686.0306396484375, 765.8978881835936, 1.0], [688.569091796875, 773.0222778320311, 1.0], [691.1074829101564, 781.2957763671878, 1.0], [676.1077880859374, 756.9349365234375, 1.0], [674.9539184570312, 762.6804199218751, 1.0], [677.2615966796876, 767.0469970703125, 1.0], [680.9537963867188, 774.8608398437499, 1.0]], "head_box": [[782.0, 388.0], [890.0, 526.0]], "head_size": 138.0, "hand_box_center": [689.4921264648438, 752.9118957519531], "is_left": 1, "is_mpii": 1}