{"mpii_image": "083006537.jpg", "mpii_annorect_idx": 0, "mpii_body_pts": [[917.0, 437.0, 1.0], [919.0, 239.0, 1.0], [917.2570190429688, 215.7602996826172, 0.0], [905.7429809570312, 62.23970031738281, 0.0], [875.0, 730.0, 1.0], [887.0, 581.0, 1.0], [884.0, 435.0, 1.0], [950.0, 438.0, 1.0], [979.0, 566.0, 1.0], [959.0, 667.0, 0.0], [864.0, 367.0, 1.0], [840.0, 313.0, 1.0], [855.0, 245.0, 1.0], [982.0, 233.0, 1.0], [1018.0, 301.0, 1.0], [1078.0, 361.0, 1.0]], "hand_pts": [[864.0, 367.0, 1.0], [903.985595703125, 380.47857666015625, 1.0], [917.5895385742189, 402.41699218749994, 1.0], [923.0311279296875, 421.37612915039057, 1.0], [914.0525512695312, 422.18865966796875, 1.0], [912.9642333984374, 373.44821166992193, 1.0], [920.3103637695312, 402.9744262695313, 1.0], [913.7804565429689, 415.1641540527344, 1.0], [908.3388671874999, 418.4147644042969, 1.0], [902.6251831054686, 373.989990234375, 1.0], [905.3460083007811, 404.05795288085943, 1.0], [899.9044189453125, 420.04003906249994, 1.0], [895.2790527343751, 421.3944702148438, 1.0], [889.8374633789061, 377.2405700683594, 1.0], [890.9257812500001, 404.59973144531244, 1.0], [887.932861328125, 420.04003906249994, 1.0], [881.1309204101562, 420.8526916503907, 1.0], [874.6010131835936, 377.511474609375, 1.0], [878.6821899414062, 399.4529724121093, 1.0], [878.1380004882812, 410.5591430664063, 1.0], [877.8659667968749, 416.78945922851557, 1.0]], "head_box": [[850.0, 65.0], [973.0, 213.0]], "head_size": 148.0, "hand_box_center": [893.5155639648438, 394.5943298339844], "is_left": 0, "is_mpii": 1}