{"mpii_image": "083512616.jpg", "mpii_annorect_idx": 2, "mpii_body_pts": [[1337.0, 568.0, 0.0], [1361.0, 339.0, 1.0], [1374.9810791015625, 327.7966003417969, 0.0], [1498.0189208984375, 229.20339965820312, 0.0], [1285.0, 908.0, 0.0], [1282.0, 723.0, 0.0], [1285.0, 566.0, 0.0], [1388.0, 569.0, 1.0], [1390.0, 723.0, 0.0], [1393.0, 915.0, 0.0], [1275.0, 506.0, 1.0], [1152.0, 465.0, 1.0], [1263.0, 331.0, 1.0], [1458.0, 347.0, 1.0], [1463.0, 477.0, 0.0], [1436.0, 624.0, 1.0]], "hand_pts": [[1275.0, 506.0, 1.0], [1288.1781005859373, 497.548065185547, 1.0], [1303.1301269531248, 500.6966247558594, 1.0], [1324.4079589843752, 509.56988525390636, 1.0], [1341.3726806640625, 506.99377441406244, 1.0], [1305.1428222656248, 493.2545471191407, 1.0], [1325.5581054687502, 511.85974121093756, 1.0], [1334.1842041015623, 522.1641235351562, 1.0], [1344.53564453125, 527.6026000976562, 1.0], [1299.39208984375, 508.13870239257807, 1.0], [1320.094848632812, 525.5989379882814, 1.0], [1333.0340576171875, 532.1823120117188, 1.0], [1335.3343505859373, 528.1750488281251, 1.0], [1292.4910888671875, 519.8742675781251, 1.0], [1313.76904296875, 533.0410156249999, 1.0], [1323.8328857421877, 534.7584228515625, 1.0], [1325.2705078125, 529.8924560546875, 1.0], [1293.066162109375, 533.0410156249999, 1.0], [1304.8553466796873, 539.3381958007811, 1.0], [1311.7562255859375, 540.7693481445312, 1.0], [1316.6444091796873, 537.0482788085938, 1.0]], "head_box": [[1372.0, 204.0], [1501.0, 353.0]], "head_size": 149.0, "hand_box_center": [1309.767822265625, 517.0119476318359], "is_left": 0, "is_mpii": 1}