{"mpii_image": "083809223.jpg", "mpii_annorect_idx": 0, "mpii_body_pts": [[1470.0, 553.0, 0.0], [1436.0, 249.0, 0.0], [1445.25537109375, 216.81979370117188, 0.0], [1491.74462890625, 55.180198669433594, 0.0], [1369.0, 1021.0, 1.0], [1426.0, 788.0, 1.0], [1448.0, 554.0, 1.0], [1491.0, 552.0, 0.0], [1494.0, 780.0, 1.0], [1446.0, 985.0, 1.0], [1628.0, 463.0, 1.0], [1489.0, 405.0, 1.0], [1426.0, 251.0, 1.0], [1446.0, 246.0, 0.0], [1455.0, 393.0, 0.0], [1487.0, 270.0, 0.0]], "hand_pts": [[1628.0, 463.0, 1.0], [1639.3820800781248, 457.68685913085943, 1.0], [1661.9039306640625, 462.86199951171875, 1.0], [1681.5384521484375, 466.02459716796875, 1.0], [1692.79931640625, 472.6372680664063, 1.0], [1673.4536132812502, 486.4376831054688, 1.0], [1697.4193115234375, 490.7503051757813, 1.0], [1715.6099853515625, 491.6128234863282, 1.0], [1730.9133300781248, 497.36297607421875, 1.0], [1672.2987060546875, 493.337860107422, 1.0], [1697.9967041015627, 498.800537109375, 1.0], [1717.3424072265623, 497.0754699707031, 1.0], [1733.80078125, 491.0378112792969, 1.0], [1674.8973388671873, 479.82498168945324, 1.0], [1693.6656494140625, 486.4376831054688, 1.0], [1713.8775634765627, 484.1376037597657, 1.0], [1724.8497314453125, 479.5374755859375, 1.0], [1670.2774658203125, 473.4998168945313, 1.0], [1677.2072753906252, 464.8745422363282, 1.0], [1681.8271484374998, 452.2241821289063, 1.0], [1686.7358398437502, 443.59893798828114, 1.0]], "head_box": [[1411.0, 48.0], [1526.0, 224.0]], "head_size": 176.0, "hand_box_center": [1680.900390625, 471.19973754882807], "is_left": 0, "is_mpii": 1}