{"mpii_image": "083999822.jpg", "mpii_annorect_idx": 0, "mpii_body_pts": [[453.0, 402.0, 0.0], [468.0, 272.0, 0.0], [476.33648681640625, 261.3056945800781, 0.0], [558.6635131835938, 155.69430541992188, 0.0], [427.0, 547.0, 0.0], [461.0, 512.0, 1.0], [410.0, 429.0, 0.0], [495.0, 374.0, 0.0], [613.0, 343.0, 1.0], [589.0, 554.0, 1.0], [448.0, 473.0, 1.0], [353.0, 435.0, 1.0], [404.0, 288.0, 1.0], [532.0, 256.0, 0.0], [579.0, 279.0, 1.0], [585.0, 296.0, 1.0]], "hand_pts": [[462.81988525390636, 474.433135986328, 1.0], [473.84564208984386, 464.46624755859364, 1.0], [493.0386657714843, 462.4321899414062, 1.0], [519.7863769531252, 469.14459228515636, 1.0], [531.6288452148439, 473.4161071777343, 1.0], [508.7605895996094, 487.85787963867193, 1.0], [531.8330078124999, 490.5021667480469, 1.0], [541.4295654296875, 486.4340515136719, 1.0], [545.51318359375, 483.58636474609364, 1.0], [502.22680664062494, 494.9770812988281, 1.0], [523.8699951171875, 494.1634521484375, 1.0], [533.05810546875, 486.0272521972656, 1.0], [537.345947265625, 482.16253662109375, 1.0], [498.5515441894532, 499.45202636718744, 1.0], [514.4845581054686, 494.43225097656244, 1.0], [526.3875122070312, 486.58093261718744, 1.0], [531.8139038085938, 481.17224121093756, 1.0], [499.4307556152343, 497.74725341796875, 1.0], [514.3095092773439, 494.60671997070307, 1.0], [522.5365600585938, 490.94277954101557, 1.0], [525.6873779296877, 486.406463623047, 1.0]], "head_box": [[474.0, 137.0], [561.0, 280.0]], "head_size": 143.0, "hand_box_center": [504.1665344238282, 480.9421081542968], "is_left": 0, "is_mpii": 1}