{"mpii_image": "084363801.jpg", "mpii_annorect_idx": 0, "mpii_body_pts": [[652.0, 260.0, 0.0], [876.0, 345.0, 0.0], [907.7048950195312, 364.8591003417969, 0.0], [1026.2950439453125, 439.1408996582031, 0.0], [359.0, 458.0, 1.0], [563.0, 481.0, 1.0], [663.0, 258.0, 1.0], [640.0, 262.0, 0.0], [563.0, 462.0, 0.0], [368.0, 501.0, 1.0], [894.0, 655.0, 1.0], [876.0, 519.0, 1.0], [894.0, 353.0, 1.0], [857.0, 336.0, 0.0], [844.0, 473.0, 1.0], [844.0, 584.0, 1.0]], "hand_pts": [[844.0, 584.0, 1.0], [849.9971313476564, 596.0876464843749, 1.0], [866.8402099609374, 601.9306030273438, 1.0], [879.344970703125, 602.9467163085938, 1.0], [889.8080444335938, 603.2008056640626, 1.0], [887.7664794921875, 595.3255615234374, 1.0], [907.6719360351564, 597.1038208007812, 1.0], [918.6454467773439, 600.4063720703126, 1.0], [926.0462036132811, 600.4063720703126, 1.0], [886.7699584960938, 590.1068115234375, 1.0], [901.5471801757811, 591.0068359375001, 1.0], [917.6246948242186, 592.2770385742189, 1.0], [926.0462036132811, 591.7689819335939, 1.0], [889.2976684570312, 588.7205200195312, 1.0], [899.2504272460939, 588.9745483398439, 1.0], [911.4999389648439, 589.7366943359374, 1.0], [917.3694458007811, 589.2285766601565, 1.0], [891.0840454101564, 586.9421997070311, 1.0], [894.401611328125, 586.9421997070311, 1.0], [900.0159912109375, 587.7043457031251, 1.0], [904.6095581054686, 587.7043457031251, 1.0]], "head_box": [[912.0, 334.0], [1022.0, 470.0]], "head_size": 136.0, "hand_box_center": [885.0231018066406, 593.6004028320312], "is_left": 1, "is_mpii": 1}