{"mpii_image": "084421233.jpg", "mpii_annorect_idx": 0, "mpii_body_pts": [[1066.0, 543.0, 1.0], [1064.0, 296.0, 1.0], [1064.8389892578125, 275.13079833984375, 0.0], [1071.1610107421875, 117.86920166015625, 0.0], [1016.0, 965.0, 1.0], [1006.0, 782.0, 1.0], [1024.0, 543.0, 1.0], [1108.0, 543.0, 1.0], [1146.0, 769.0, 1.0], [1149.0, 935.0, 1.0], [960.0, 469.0, 1.0], [955.0, 423.0, 1.0], [963.0, 296.0, 1.0], [1164.0, 296.0, 1.0], [1215.0, 421.0, 1.0], [1108.0, 413.0, 1.0]], "hand_pts": [[969.3933715820314, 474.3710021972656, 1.0], [951.0233764648439, 488.08596801757807, 1.0], [953.8936767578126, 472.9423828125, 1.0], [964.2268066406251, 472.0851745605469, 1.0], [965.9489746093751, 483.800048828125, 1.0], [935.2366333007812, 495.5149230957032, 1.0], [944.9957275390626, 503.801025390625, 1.0], [961.6434936523439, 496.3721008300781, 1.0], [966.5230712890626, 491.2289733886718, 1.0], [942.1254272460939, 510.37277221679693, 1.0], [957.0510253906249, 516.6588134765626, 1.0], [967.9581909179688, 504.3724975585937, 1.0], [969.9674072265625, 498.3721923828125, 1.0], [945.5697631835936, 515.515869140625, 1.0], [958.1991577148438, 524.9449462890625, 1.0], [971.4025878906249, 511.2299499511718, 1.0], [973.98583984375, 503.5152893066406, 1.0], [951.597412109375, 522.6591186523438, 1.0], [964.8008422851562, 526.6593017578126, 1.0], [972.5507202148438, 518.6588745117189, 1.0], [974.2728881835938, 512.3728637695312, 1.0]], "head_box": [[1016.0, 113.0], [1120.0, 280.0]], "head_size": 167.0, "hand_box_center": [954.7547607421875, 499.37223815917974], "is_left": 0, "is_mpii": 1}