{"mpii_image": "084796259.jpg", "mpii_annorect_idx": 0, "mpii_body_pts": [[361.0, 1065.0, 1.0], [375.0, 823.0, 1.0], [434.0, 578.0, 1.0], [552.0, 586.0, 1.0], [609.0, 818.0, 1.0], [635.0, 1070.0, 1.0], [493.0, 582.0, 1.0], [491.0, 239.0, 1.0], [484.0, 228.0, 0.0], [381.0, 50.0, 0.0], [254.0, 385.0, 1.0], [349.0, 406.0, 0.0], [388.0, 248.0, 1.0], [594.0, 230.0, 1.0], [661.0, 390.0, 1.0], [563.0, 442.0, 1.0]], "hand_pts": [[563.0, 442.0, 1.0], [540.127197265625, 454.61376953125, 1.0], [528.4840698242186, 474.63909912109375, 1.0], [527.0727539062501, 508.01467895507807, 1.0], [510.8429260253907, 521.7161865234375, 1.0], [531.6594848632812, 502.39352416992193, 1.0], [532.0122680664061, 525.5807495117189, 1.0], [534.1292114257811, 540.3362426757811, 1.0], [537.3046264648436, 554.0377807617188, 1.0], [546.125244140625, 498.88031005859364, 1.0], [549.6534423828125, 524.1754760742189, 1.0], [553.1817016601565, 543.8494873046875, 1.0], [557.4155273437499, 559.3076171874998, 1.0], [560.9437866210939, 497.4750061035156, 1.0], [566.9417724609375, 520.3109130859373, 1.0], [569.4115600585938, 537.1743774414064, 1.0], [572.2341308593751, 550.8759155273439, 1.0], [575.4095458984374, 494.66442871093756, 1.0], [580.7019042968751, 508.3659973144532, 1.0], [583.8772583007811, 519.6082763671877, 1.0], [585.2885742187502, 530.4992675781251, 1.0]], "head_box": [[356.0, 36.0], [510.0, 243.0]], "head_size": 207.0, "hand_box_center": [548.0657501220704, 500.6538085937499], "is_left": 1, "is_mpii": 1}