{"mpii_image": "084796259.jpg", "mpii_annorect_idx": 0, "mpii_body_pts": [[361.0, 1065.0, 1.0], [375.0, 823.0, 1.0], [434.0, 578.0, 1.0], [552.0, 586.0, 1.0], [609.0, 818.0, 1.0], [635.0, 1070.0, 1.0], [493.0, 582.0, 1.0], [491.0, 239.0, 1.0], [484.0, 228.0, 0.0], [381.0, 50.0, 0.0], [254.0, 385.0, 1.0], [349.0, 406.0, 0.0], [388.0, 248.0, 1.0], [594.0, 230.0, 1.0], [661.0, 390.0, 1.0], [563.0, 442.0, 1.0]], "hand_pts": [[267.09399414062494, 386.38150024414057, 1.0], [260.3184814453125, 371.39318847656244, 1.0], [250.15525817871094, 364.6484680175781, 1.0], [238.48635864257815, 368.39553833007807, 1.0], [219.28913879394528, 364.2737426757813, 1.0], [207.62023925781253, 355.655487060547, 1.0], [187.29376220703122, 368.39553833007807, 1.0], [175.24844360351562, 379.2620544433594, 1.0], [164.70880126953122, 388.25503540039057, 1.0], [207.2438201904297, 375.88967895507807, 1.0], [186.16452026367185, 386.00680541992193, 1.0], [166.2144622802734, 398.3721618652344, 1.0], [154.92198181152347, 406.9904174804687, 1.0], [203.10324096679688, 382.6344299316406, 1.0], [184.65885925292974, 391.6274108886719, 1.0], [166.2144622802734, 402.11923217773443, 1.0], [150.028564453125, 410.7375183105469, 1.0], [203.47966003417966, 396.49862670898426, 1.0], [184.65885925292974, 400.2456970214844, 1.0], [171.10787963867188, 407.3651428222656, 1.0], [162.82672119140625, 414.484588623047, 1.0]], "head_box": [[356.0, 36.0], [510.0, 243.0]], "head_size": 207.0, "hand_box_center": [208.56127929687497, 385.070037841797], "is_left": 0, "is_mpii": 1}