{"mpii_image": "085013273.jpg", "mpii_annorect_idx": 1, "mpii_body_pts": [[306.0, 476.0, 0.0], [382.0, 228.0, 1.0], [417.80120849609375, 188.26939392089844, 0.0], [510.19879150390625, 85.73059844970703, 0.0], [264.0, 597.0, 1.0], [430.0, 624.0, 1.0], [248.0, 476.0, 1.0], [363.0, 476.0, 0.0], [570.0, 387.0, 1.0], [449.0, 589.0, 0.0], [416.0, 430.0, 1.0], [260.0, 389.0, 1.0], [293.0, 209.0, 1.0], [471.0, 246.0, 1.0], [513.0, 305.0, 1.0], [558.0, 322.0, 1.0]], "hand_pts": [[564.5396728515625, 319.93432617187494, 1.0], [549.9111328124999, 323.2234802246094, 1.0], [535.2825927734375, 333.5608520507813, 1.0], [535.2825927734375, 362.22351074218733, 1.0], [521.3619384765625, 376.5548400878907, 1.0], [548.4954833984375, 341.3138732910156, 1.0], [546.60791015625, 367.862060546875, 1.0], [544.4844360351564, 380.7837524414062, 1.0], [540.4733886718752, 392.2958068847657, 1.0], [565.4834594726564, 343.19338989257807, 1.0], [559.3488769531251, 377.0247192382812, 1.0], [556.045654296875, 387.362060546875, 1.0], [550.1470947265625, 396.7596740722656, 1.0], [579.1681518554686, 344.3680725097657, 1.0], [575.6290283203125, 377.0247192382812, 1.0], [570.2023315429689, 388.53677368164057, 1.0], [565.2474975585939, 399.8138732910156, 1.0], [588.3699951171875, 346.48254394531244, 1.0], [592.1450805664064, 367.3921813964844, 1.0], [583.651123046875, 381.72351074218733, 1.0], [577.5165405273439, 390.8861694335937, 1.0]], "head_box": [[415.0, 66.0], [513.0, 208.0]], "head_size": 142.0, "hand_box_center": [556.7535095214844, 359.8740997314453], "is_left": 1, "is_mpii": 1}