{"mpii_image": "085541615.jpg", "mpii_annorect_idx": 0, "mpii_body_pts": [[286.0, 607.0, 0.0], [328.0, 376.0, 0.0], [370.4024963378906, 319.319091796875, 0.0], [481.5975036621094, 170.68089294433594, 0.0], [450.0, 690.0, 0.0], [506.0, 553.0, 1.0], [272.0, 657.0, 1.0], [299.0, 557.0, 0.0], [485.0, 423.0, 1.0], [433.0, 590.0, 0.0], [491.0, 545.0, 1.0], [353.0, 594.0, 1.0], [311.0, 429.0, 1.0], [344.0, 322.0, 0.0], [419.0, 406.0, 1.0], [524.0, 479.0, 1.0]], "hand_pts": [[498.7029113769531, 548.2578735351564, 1.0], [503.83486938476574, 533.5838012695315, 1.0], [533.4986572265626, 526.4688720703126, 1.0], [548.605224609375, 530.2999877929688, 1.0], [556.5704956054688, 535.2257690429688, 1.0], [550.2532348632812, 537.4149780273439, 1.0], [577.3436279296875, 536.0192260742186, 1.0], [582.917236328125, 536.11181640625, 1.0], [588.6612548828123, 537.659423828125, 1.0], [547.231872558594, 550.8239135742188, 1.0], [572.7757568359375, 560.9490966796876, 1.0], [588.156982421875, 563.9592895507812, 1.0], [598.8688964843749, 566.4221191406249, 1.0], [540.9146118164061, 563.6856079101564, 1.0], [566.4584350585939, 576.5473022460939, 1.0], [576.8956909179688, 579.2838134765627, 1.0], [588.4316406249999, 580.9257202148438, 1.0], [531.8506469726562, 571.8952026367188, 1.0], [550.5278930664062, 588.8616333007811, 1.0], [560.1411743164062, 594.8820190429686, 1.0], [567.0077514648438, 598.4395141601562, 1.0]], "head_box": [[358.0, 151.0], [494.0, 339.0]], "head_size": 188.0, "hand_box_center": [548.7859039306641, 562.4541931152344], "is_left": 0, "is_mpii": 1}