{"mpii_image": "085541615.jpg", "mpii_annorect_idx": 0, "mpii_body_pts": [[286.0, 607.0, 0.0], [328.0, 376.0, 0.0], [370.4024963378906, 319.319091796875, 0.0], [481.5975036621094, 170.68089294433594, 0.0], [450.0, 690.0, 0.0], [506.0, 553.0, 1.0], [272.0, 657.0, 1.0], [299.0, 557.0, 0.0], [485.0, 423.0, 1.0], [433.0, 590.0, 0.0], [491.0, 545.0, 1.0], [353.0, 594.0, 1.0], [311.0, 429.0, 1.0], [344.0, 322.0, 0.0], [419.0, 406.0, 1.0], [524.0, 479.0, 1.0]], "hand_pts": [[524.0, 479.0, 1.0], [533.8301391601562, 504.07312011718744, 1.0], [538.9289550781251, 524.0637817382814, 1.0], [548.1704711914062, 545.6410522460939, 1.0], [558.6867675781252, 555.160400390625, 1.0], [563.1481933593751, 514.2271118164061, 1.0], [575.2578125, 536.1216430664062, 1.0], [578.4445190429686, 549.7661132812499, 1.0], [579.4005737304688, 559.6027832031251, 1.0], [569.2030029296877, 505.3423767089843, 1.0], [583.2246704101564, 524.0637817382814, 1.0], [586.4113769531251, 542.4678955078125, 1.0], [587.0487060546876, 553.2565307617188, 1.0], [579.0819091796876, 503.7557983398438, 1.0], [589.5981445312501, 524.0637817382814, 1.0], [590.5541381835936, 538.3428344726562, 1.0], [590.5541381835936, 550.4006958007811, 1.0], [581.949951171875, 501.2173156738281, 1.0], [589.2794799804689, 512.3232421874999, 1.0], [593.7409057617188, 521.8425903320311, 1.0], [597.8836669921875, 530.0927124023438, 1.0]], "head_box": [[358.0, 151.0], [494.0, 339.0]], "head_size": 188.0, "hand_box_center": [560.9418334960938, 519.3013916015625], "is_left": 1, "is_mpii": 1}