{"mpii_image": "085942259.jpg", "mpii_annorect_idx": 1, "mpii_body_pts": [[981.0, 419.0, 0.0], [1026.0, 275.0, 1.0], [1028.4061279296875, 267.12548828125, 0.0], [1067.5938720703125, 138.87449645996094, 0.0], [931.0, 606.0, 0.0], [935.0, 516.0, 0.0], [946.0, 421.0, 0.0], [1016.0, 416.0, 1.0], [1028.0, 517.0, 1.0], [1044.0, 604.0, 0.0], [922.0, 524.0, 1.0], [941.0, 408.0, 1.0], [955.0, 285.0, 1.0], [1097.0, 264.0, 1.0], [1101.0, 378.0, 1.0], [1097.0, 497.0, 1.0]], "hand_pts": [[921.8560180664061, 529.3431396484375, 1.0], [921.6575927734374, 536.2625122070312, 1.0], [916.6968383789064, 546.7404785156251, 1.0], [917.2921142578126, 558.9976806640625, 1.0], [917.6890258789062, 567.3009643554686, 1.0], [904.7911376953125, 546.1473999023438, 1.0], [886.7341918945311, 560.7769775390627, 1.0], [879.590759277344, 568.2894287109375, 1.0], [872.8441772460939, 575.8019409179688, 1.0], [904.394287109375, 549.3105468749999, 1.0], [888.9168701171876, 561.963134765625, 1.0], [882.1703491210939, 567.8940429687501, 1.0], [875.8206176757811, 576.1973266601564, 1.0], [905.3864135742188, 551.2875366210939, 1.0], [892.0917358398439, 561.17236328125, 1.0], [884.5514526367188, 567.6963500976564, 1.0], [881.5750122070314, 572.2434082031251, 1.0], [906.7754516601565, 553.4621582031249, 1.0], [896.4571533203124, 559.9862060546875, 1.0], [890.5043334960939, 563.5447387695314, 1.0], [887.7263183593751, 565.9171142578125, 1.0]], "head_box": [[999.0, 135.0], [1097.0, 271.0]], "head_size": 136.0, "hand_box_center": [897.35009765625, 552.7702331542969], "is_left": 0, "is_mpii": 1}