{"mpii_image": "086227173.jpg", "mpii_annorect_idx": 1, "mpii_body_pts": [[1124.0, 620.0, 1.0], [1155.0, 353.0, 1.0], [1160.80859375, 323.68701171875, 0.0], [1192.19140625, 165.31300354003906, 0.0], [978.0, 965.0, 0.0], [1031.0, 784.0, 0.0], [1079.0, 617.0, 1.0], [1169.0, 622.0, 1.0], [1177.0, 840.0, 1.0], [1169.0, 1042.0, 1.0], [1071.0, 492.0, 1.0], [973.0, 487.0, 1.0], [1031.0, 330.0, 1.0], [1278.0, 375.0, 1.0], [1289.0, 524.0, 1.0], [1172.0, 506.0, 1.0]], "hand_pts": [[1172.0, 506.0, 1.0], [1163.532958984375, 488.92041015624994, 1.0], [1156.6331787109373, 469.95822143554693, 1.0], [1140.349853515625, 452.6449279785156, 1.0], [1123.7905273437502, 453.4693603515625, 1.0], [1143.9377441406252, 488.92041015624994, 1.0], [1126.5504150390623, 484.7981872558593, 1.0], [1111.6470947265625, 481.22558593749994, 1.0], [1097.0196533203127, 479.5767211914063, 1.0], [1138.4179687500002, 499.08853149414057, 1.0], [1101.1594238281248, 493.8670654296875, 1.0], [1091.7758789062502, 491.94335937499994, 1.0], [1079.9083251953125, 489.744842529297, 1.0], [1141.4538574218752, 510.6307067871093, 1.0], [1108.6112060546873, 511.72998046875, 1.0], [1090.3958740234375, 505.1344299316406, 1.0], [1077.4244384765623, 502.3862915039063, 1.0], [1132.3461914062502, 523.2721557617188, 1.0], [1110.819091796875, 521.8980712890626, 1.0], [1097.5716552734375, 518.8751220703125, 1.0], [1082.9442138671875, 515.0277709960939, 1.0]], "head_box": [[1117.0, 163.0], [1236.0, 326.0]], "head_size": 163.0, "hand_box_center": [1124.7122192382812, 487.9585418701172], "is_left": 1, "is_mpii": 1}