{"mpii_image": "086642318.jpg", "mpii_annorect_idx": 0, "mpii_body_pts": [[736.0, 590.0, 0.0], [727.0, 341.0, 1.0], [731.3173828125, 299.3580017089844, 0.0], [753.6826171875, 83.64199829101562, 0.0], [606.0, 885.0, 1.0], [587.0, 814.0, 1.0], [655.0, 621.0, 0.0], [817.0, 559.0, 0.0], [891.0, 581.0, 1.0], [829.0, 860.0, 0.0], [674.0, 652.0, 1.0], [494.0, 578.0, 1.0], [587.0, 364.0, 1.0], [866.0, 317.0, 1.0], [966.0, 497.0, 1.0], [1068.0, 646.0, 1.0]], "hand_pts": [[700.8840942382814, 670.2468872070314, 1.0], [726.0159301757812, 674.5294189453125, 1.0], [753.4625244140623, 715.3782958984374, 1.0], [762.0602416992186, 738.1087036132814, 1.0], [763.3829956054686, 756.2271728515625, 1.0], [761.3988647460939, 725.9199218749999, 1.0], [775.2875366210939, 751.6151733398439, 1.0], [778.925048828125, 769.7336425781252, 1.0], [777.602294921875, 777.9692993164061, 1.0], [752.470458984375, 735.1438598632812, 1.0], [756.1079711914061, 770.0630493164062, 1.0], [748.8329467773438, 764.7922363281251, 1.0], [748.5023193359374, 758.8625488281249, 1.0], [733.9522705078125, 743.0501098632811, 1.0], [737.5897827148439, 774.0161743164062, 1.0], [731.9682006835936, 763.8039550781251, 1.0], [731.3068237304686, 755.5682983398438, 1.0], [717.0874633789062, 746.3443603515625, 1.0], [716.4261474609374, 769.0747680664064, 1.0], [712.7886352539064, 762.1568603515625, 1.0], [712.7886352539064, 755.8977050781251, 1.0]], "head_box": [[664.0, 81.0], [821.0, 302.0]], "head_size": 221.0, "hand_box_center": [739.9045715332031, 724.1080932617188], "is_left": 0, "is_mpii": 1}