{"mpii_image": "086875723.jpg", "mpii_annorect_idx": 0, "mpii_body_pts": [[933.0, 473.0, 0.0], [926.0, 253.0, 0.0], [918.0382080078125, 246.15480041503906, 0.0], [769.9617919921875, 118.84519958496094, 0.0], [948.0, 528.0, 0.0], [704.0, 566.0, 1.0], [890.0, 423.0, 0.0], [975.0, 522.0, 0.0], [779.0, 725.0, 0.0], [977.0, 617.0, 0.0], [613.0, 264.0, 1.0], [723.0, 193.0, 1.0], [857.0, 148.0, 0.0], [994.0, 357.0, 1.0], [1010.0, 572.0, 1.0], [859.0, 681.0, 1.0]], "hand_pts": [[612.9400024414061, 266.587646484375, 1.0], [609.7615966796876, 290.48187255859364, 1.0], [608.3168334960938, 314.95190429687494, 1.0], [603.6936645507814, 329.05813598632807, 1.0], [596.1810302734376, 335.9673156738281, 1.0], [573.9321289062499, 295.66375732421875, 1.0], [569.597900390625, 316.9670715332031, 1.0], [583.467346191406, 322.1489562988281, 1.0], [590.6910400390626, 322.4368591308594, 1.0], [571.6205444335938, 282.13330078124994, 1.0], [580.2889404296877, 297.67895507812494, 1.0], [588.6683959960939, 300.2698974609375, 1.0], [595.6031494140625, 300.2698974609375, 1.0], [573.3541870117186, 269.7543334960937, 1.0], [582.3115844726562, 284.1484680175781, 1.0], [590.1131591796876, 287.31518554687494, 1.0], [597.3368530273438, 287.31518554687494, 1.0], [575.665771484375, 263.13305664062494, 1.0], [583.7563476562501, 274.0725708007813, 1.0], [590.402099609375, 275.511993408203, 1.0], [597.3368530273438, 274.36047363281256, 1.0]], "head_box": [[768.0, 87.0], [920.0, 278.0]], "head_size": 191.0, "hand_box_center": [591.2689514160156, 299.55018615722656], "is_left": 0, "is_mpii": 1}