{"mpii_image": "087983775.jpg", "mpii_annorect_idx": 0, "mpii_body_pts": [[446.0, 427.0, 1.0], [428.0, 228.0, 1.0], [427.2908935546875, 223.3365020751953, 0.0], [402.7091064453125, 61.66350173950195, 0.0], [327.0, 517.0, 0.0], [427.0, 602.0, 0.0], [397.0, 439.0, 1.0], [494.0, 415.0, 1.0], [617.0, 331.0, 0.0], [558.0, 549.0, 0.0], [360.0, 523.0, 1.0], [295.0, 394.0, 1.0], [319.0, 248.0, 1.0], [537.0, 207.0, 1.0], [631.0, 293.0, 1.0], [556.0, 409.0, 1.0]], "hand_pts": [[360.0, 523.0, 1.0], [384.1226196289063, 526.222900390625, 1.0], [407.38476562500006, 539.8793945312501, 1.0], [421.103485107422, 553.2389526367189, 1.0], [425.27874755859364, 564.5203247070312, 1.0], [400.82363891601557, 545.8169555664062, 1.0], [411.5600280761719, 564.5203247070312, 1.0], [420.20877075195307, 580.2549438476564, 1.0], [424.980499267578, 590.0519409179688, 1.0], [385.61376953125, 553.5358276367188, 1.0], [397.244842529297, 572.5360717773439, 1.0], [410.0688781738282, 588.8644409179688, 1.0], [417.8229064941406, 598.3645629882811, 1.0], [375.7720947265625, 563.6296997070312, 1.0], [385.91201782226557, 579.0674438476562, 1.0], [397.54309082031256, 593.6145019531251, 1.0], [403.2095031738282, 602.5208740234375, 1.0], [365.03570556640625, 568.3797607421876, 1.0], [371.29858398437494, 581.1455688476562, 1.0], [374.87738037109375, 591.2395019531251, 1.0], [379.9473571777344, 600.7396240234374, 1.0]], "head_box": [[359.0, 57.0], [471.0, 228.0]], "head_size": 171.0, "hand_box_center": [392.6393737792968, 562.7604370117188], "is_left": 0, "is_mpii": 1}