{"mpii_image": "087970798.jpg", "mpii_annorect_idx": 1, "mpii_body_pts": [[521.0, 711.0, 0.0], [611.0, 598.0, 0.0], [592.93359375, 628.4869995117188, 0.0], [661.06640625, 513.5130004882812, 0.0], [463.0, 814.0, 1.0], [554.0, 893.0, 1.0], [482.0, 732.0, 1.0], [559.0, 689.0, 0.0], [713.0, 696.0, 1.0], [638.0, 874.0, 0.0], [660.0, 925.0, 1.0], [590.0, 795.0, 1.0], [554.0, 648.0, 1.0], [667.0, 547.0, 0.0], [706.0, 554.0, 1.0], [699.0, 626.0, 1.0]], "hand_pts": [[699.0, 626.0, 1.0], [691.0744018554688, 636.3396606445311, 1.0], [682.3931884765626, 650.6710205078126, 1.0], [678.7379150390625, 664.774841308594, 1.0], [686.50537109375, 680.0161132812499, 1.0], [699.5272216796875, 652.2633666992188, 1.0], [700.4410400390625, 669.7794799804689, 1.0], [695.6434936523439, 680.6986083984375, 1.0], [691.9882202148438, 689.3428955078125, 1.0], [709.5791625976564, 652.7183227539062, 1.0], [713.6913452148439, 670.6893920898439, 1.0], [708.6653442382814, 681.153564453125, 1.0], [704.3247680664062, 690.2528076171876, 1.0], [715.29052734375, 654.0832519531251, 1.0], [724.8856201171875, 660.2252197265625, 1.0], [725.5709838867188, 674.7840576171877, 1.0], [723.2864379882814, 684.5657958984374, 1.0], [726.484802246094, 660.9076538085936, 1.0], [734.252197265625, 666.8222045898436, 1.0], [736.99365234375, 673.8741455078126, 1.0], [739.2781982421877, 681.6085205078126, 1.0]], "head_box": [[583.0, 500.0], [671.0, 642.0]], "head_size": 142.0, "hand_box_center": [709.0080566406251, 658.1264038085938], "is_left": 1, "is_mpii": 1}