{"mpii_image": "087983775.jpg", "mpii_annorect_idx": 0, "mpii_body_pts": [[446.0, 427.0, 1.0], [428.0, 228.0, 1.0], [427.2908935546875, 223.3365020751953, 0.0], [402.7091064453125, 61.66350173950195, 0.0], [327.0, 517.0, 0.0], [427.0, 602.0, 0.0], [397.0, 439.0, 1.0], [494.0, 415.0, 1.0], [617.0, 331.0, 0.0], [558.0, 549.0, 0.0], [360.0, 523.0, 1.0], [295.0, 394.0, 1.0], [319.0, 248.0, 1.0], [537.0, 207.0, 1.0], [631.0, 293.0, 1.0], [556.0, 409.0, 1.0]], "hand_pts": [[567.6867065429689, 391.255615234375, 1.0], [542.9215087890624, 409.21722412109375, 1.0], [523.2708740234376, 428.51922607421875, 1.0], [511.96505737304693, 447.28509521484375, 1.0], [501.4667663574219, 457.2041931152344, 1.0], [517.07958984375, 460.1531066894532, 1.0], [505.5045776367188, 481.59979248046875, 1.0], [506.04293823242193, 491.51889038085943, 1.0], [509.811553955078, 497.684814453125, 1.0], [529.4622192382811, 465.2466735839844, 1.0], [520.8482055664062, 484.54870605468744, 1.0], [517.8871459960938, 498.22097778320307, 1.0], [518.425537109375, 505.7273254394531, 1.0], [544.8058471679688, 466.85519409179693, 1.0], [536.9994506835938, 490.98272705078125, 1.0], [536.9994506835938, 499.82946777343756, 1.0], [538.076171875, 508.40814208984375, 1.0], [557.188415527344, 468.1956176757813, 1.0], [555.0349731445312, 485.35296630859375, 1.0], [556.1116943359374, 497.14865112304705, 1.0], [555.3041381835936, 503.8507385253906, 1.0]], "head_box": [[359.0, 57.0], [471.0, 228.0]], "head_size": 171.0, "hand_box_center": [534.5767364501953, 449.8318786621094], "is_left": 1, "is_mpii": 1}