{"mpii_image": "088283649.jpg", "mpii_annorect_idx": 0, "mpii_body_pts": [[1095.0, 781.0, 0.0], [1047.0, 493.0, 1.0], [1053.068115234375, 477.6319885253906, 0.0], [1132.931884765625, 275.3680114746094, 0.0], [1010.0, 1012.0, 1.0], [953.0, 656.0, 1.0], [1041.0, 784.0, 0.0], [1148.0, 778.0, 1.0], [1303.0, 665.0, 1.0], [1141.0, 979.0, 1.0], [669.0, 826.0, 1.0], [809.0, 662.0, 1.0], [925.0, 488.0, 1.0], [1169.0, 497.0, 1.0], [1172.0, 634.0, 1.0], [870.0, 994.0, 1.0]], "hand_pts": [[660.4912109375, 846.5137939453126, 1.0], [669.3291625976562, 873.8119506835936, 1.0], [660.0260620117186, 912.2144775390627, 1.0], [617.6968994140625, 939.0499877929686, 1.0], [591.6481933593751, 941.3634033203125, 1.0], [601.881591796875, 874.2746582031251, 1.0], [583.2753906250001, 918.2293701171877, 1.0], [593.0436401367188, 936.7365722656251, 1.0], [604.2073974609375, 936.7365722656251, 1.0], [586.9966430664062, 859.9315185546875, 1.0], [572.1116333007812, 911.2891235351564, 1.0], [596.7648925781252, 929.7963867187501, 1.0], [605.1376953124999, 929.3336791992186, 1.0], [580.9495849609375, 848.8271484374999, 1.0], [568.8555908203124, 895.5579833984374, 1.0], [583.7405395507814, 913.1398315429689, 1.0], [595.8345947265625, 912.2144775390627, 1.0], [578.6238403320314, 843.7376708984374, 1.0], [566.5297851562501, 878.9014282226562, 1.0], [576.298034667969, 891.8565063476562, 1.0], [583.2753906250001, 893.707275390625, 1.0]], "head_box": [[1023.0, 260.0], [1163.0, 493.0]], "head_size": 233.0, "hand_box_center": [617.9294738769531, 892.550537109375], "is_left": 0, "is_mpii": 1}