{"mpii_image": "088492675.jpg", "mpii_annorect_idx": 0, "mpii_body_pts": [[684.0, 625.0, 0.0], [710.0, 541.0, 0.0], [723.4138793945312, 541.9431762695312, 0.0], [952.5861206054688, 558.0568237304688, 0.0], [686.0, 851.0, 1.0], [705.0, 652.0, 1.0], [640.0, 628.0, 0.0], [727.0, 621.0, 0.0], [811.0, 680.0, 1.0], [749.0, 807.0, 1.0], [538.0, 969.0, 1.0], [404.0, 767.0, 1.0], [612.0, 522.0, 1.0], [807.0, 559.0, 0.0], [829.0, 643.0, 0.0], [832.0, 770.0, 1.0]], "hand_pts": [[538.0, 969.0, 1.0], [562.8051757812499, 985.4386596679688, 1.0], [584.3197021484375, 1005.4329833984374, 1.0], [580.9729614257811, 1038.7569580078125, 1.0], [582.4072875976562, 1058.7513427734373, 1.0], [592.7546386718751, 996.5977172851562, 1.0], [604.8070678710936, 1043.54248046875, 1.0], [589.4019165039061, 1042.781494140625, 1.0], [585.6038208007812, 1030.17529296875, 1.0], [576.0939331054688, 1007.5397338867188, 1.0], [577.8574829101562, 1050.7189941406252, 1.0], [569.5674438476562, 1042.3612060546873, 1.0], [567.4573974609374, 1029.7550048828125, 1.0], [559.1918945312501, 1024.4425048828125, 1.0], [563.6973876953125, 1050.7189941406252, 1.0], [554.3750610351562, 1043.6218261718748, 1.0], [554.3750610351562, 1033.9571533203127, 1.0], [548.4443969726564, 1031.9324951171875, 1.0], [549.5495605468751, 1052.4002685546875, 1.0], [548.4669189453124, 1045.722900390625, 1.0], [547.6229248046874, 1039.8399658203125, 1.0]], "head_box": [[739.0, 446.0], [937.0, 654.0]], "head_size": 208.0, "hand_box_center": [571.4035339355469, 1013.8756713867186], "is_left": 0, "is_mpii": 1}