{"mpii_image": "088559909.jpg", "mpii_annorect_idx": 0, "mpii_body_pts": [[826.0, 414.0, 0.0], [769.0, 249.0, 1.0], [789.8948974609375, 283.53448486328125, 0.0], [676.1051025390625, 95.46549987792969, 0.0], [558.0, 598.0, 1.0], [627.0, 374.0, 0.0], [804.0, 418.0, 0.0], [847.0, 409.0, 0.0], [1023.0, 381.0, 1.0], [893.0, 609.0, 1.0], [547.0, 396.0, 1.0], [545.0, 344.0, 1.0], [673.0, 281.0, 1.0], [865.0, 217.0, 1.0], [971.0, 339.0, 1.0], [854.0, 396.0, 1.0]], "hand_pts": [[854.0, 396.0, 1.0], [827.22216796875, 398.3256530761719, 1.0], [783.8021850585938, 395.44284057617193, 1.0], [760.6448364257812, 402.6498413085938, 1.0], [749.4280395507814, 412.01895141601557, 1.0], [801.8938598632812, 390.7582702636719, 1.0], [779.460205078125, 401.20843505859364, 1.0], [769.328857421875, 410.5775451660156, 1.0], [754.1318359375001, 420.30700683593756, 1.0], [809.1304931640625, 405.5326538085937, 1.0], [780.1838378906251, 418.14489746093756, 1.0], [761.0067138671876, 430.3968200683594, 1.0], [747.980712890625, 437.24346923828125, 1.0], [815.6434936523439, 417.06384277343756, 1.0], [791.7625122070312, 426.4329528808594, 1.0], [775.8418579101562, 437.60382080078136, 1.0], [764.26318359375, 446.972930908203, 1.0], [823.2420043945311, 433.2796020507813, 1.0], [802.6174926757812, 444.09011840820295, 1.0], [793.2098388671877, 451.2971191406249, 1.0], [785.6113281249999, 456.70239257812494, 1.0]], "head_box": [[645.0, 84.0], [821.0, 295.0]], "head_size": 211.0, "hand_box_center": [800.9903564453125, 423.73033142089844], "is_left": 1, "is_mpii": 1}