{"mpii_image": "088656411.jpg", "mpii_annorect_idx": 0, "mpii_body_pts": [[1139.0, 669.0, 0.0], [1215.0, 461.0, 0.0], [1232.408447265625, 443.715087890625, 0.0], [1338.591552734375, 338.284912109375, 0.0], [1012.0, 999.0, 1.0], [1053.0, 824.0, 1.0], [1098.0, 667.0, 0.0], [1180.0, 670.0, 1.0], [1187.0, 824.0, 1.0], [1168.0, 990.0, 1.0], [1130.0, 725.0, 1.0], [1101.0, 605.0, 1.0], [1137.0, 456.0, 1.0], [1293.0, 465.0, 0.0], [1305.0, 564.0, 1.0], [1358.0, 687.0, 1.0]], "hand_pts": [[1367.99169921875, 699.3446655273438, 1.0], [1365.4228515625002, 720.063232421875, 1.0], [1367.99169921875, 734.6429443359374, 1.0], [1376.4688720703125, 749.2227172851562, 1.0], [1378.7807617187502, 763.0350952148438, 1.0], [1393.679931640625, 725.4346923828124, 1.0], [1411.918579101563, 740.5260009765626, 1.0], [1420.6527099609375, 749.2227172851562, 1.0], [1427.5885009765625, 757.919372558594, 1.0], [1402.6708984374998, 725.1788940429689, 1.0], [1418.5975341796875, 740.0144653320312, 1.0], [1427.8453369140623, 749.9900512695314, 1.0], [1435.0380859375, 757.4078369140625, 1.0], [1405.23974609375, 722.8768310546876, 1.0], [1423.4783935546875, 738.4797363281252, 1.0], [1429.900390625, 747.68798828125, 1.0], [1436.579345703125, 756.6404418945311, 1.0], [1411.918579101563, 727.9925537109374, 1.0], [1425.0196533203127, 737.71240234375, 1.0], [1432.46923828125, 747.1764526367189, 1.0], [1439.1481933593748, 751.7805786132814, 1.0]], "head_box": [[1231.0, 315.0], [1340.0, 467.0]], "head_size": 152.0, "hand_box_center": [1402.2855224609375, 731.1898803710938], "is_left": 1, "is_mpii": 1}