{"mpii_image": "088607397.jpg", "mpii_annorect_idx": 0, "mpii_body_pts": [[412.0, 745.0, 0.0], [393.0, 464.0, 1.0], [414.5806884765625, 430.2008056640625, 0.0], [507.4193115234375, 284.7991943359375, 0.0], [646.0, 1018.0, 1.0], [516.0, 780.0, 1.0], [335.0, 807.0, 1.0], [489.0, 682.0, 0.0], [634.0, 694.0, 1.0], [672.0, 932.0, 1.0], [509.0, 715.0, 1.0], [347.0, 643.0, 1.0], [311.0, 451.0, 1.0], [475.0, 477.0, 1.0], [528.0, 614.0, 1.0], [535.0, 504.0, 1.0]], "hand_pts": [[512.8989868164062, 724.2614135742188, 1.0], [536.1464233398438, 725.0680541992186, 1.0], [564.8001708984374, 742.8142089843749, 1.0], [576.6942138671876, 754.9138183593751, 1.0], [581.2896118164062, 762.4425048828123, 1.0], [588.0476074218749, 757.3338012695314, 1.0], [602.9151611328124, 787.4484252929686, 1.0], [608.321533203125, 805.1945800781252, 1.0], [611.0247192382814, 824.5540161132811, 1.0], [580.2083740234376, 767.820129394531, 1.0], [587.2366333007812, 803.3124389648438, 1.0], [583.9928588867186, 824.2851562500001, 1.0], [580.7490234375, 839.3424682617186, 1.0], [564.5298461914061, 776.9620971679686, 1.0], [564.2595825195314, 812.454345703125, 1.0], [560.204772949219, 829.3938598632812, 1.0], [555.6093750000001, 842.5690307617188, 1.0], [546.1481933593751, 781.8019409179688, 1.0], [538.5792846679689, 805.4634399414062, 1.0], [528.5774536132812, 815.4120483398438, 1.0], [520.4678955078125, 825.6295166015625, 1.0]], "head_box": [[398.0, 270.0], [524.0, 445.0]], "head_size": 175.0, "hand_box_center": [561.9618530273438, 783.4152221679688], "is_left": 0, "is_mpii": 1}