{"mpii_image": "088607397.jpg", "mpii_annorect_idx": 2, "mpii_body_pts": [[1462.0, 714.0, 0.0], [1460.0, 493.0, 0.0], [1456.8251953125, 480.2214050292969, 0.0], [1423.1748046875, 344.7785949707031, 0.0], [1114.0, 932.0, 1.0], [1215.0, 720.0, 1.0], [1429.0, 696.0, 0.0], [1494.0, 732.0, 0.0], [1275.0, 744.0, 1.0], [1169.0, 963.0, 1.0], [1277.0, 622.0, 0.0], [1381.0, 610.0, 0.0], [1419.0, 489.0, 0.0], [1501.0, 497.0, 1.0], [1462.0, 691.0, 1.0], [1301.0, 694.0, 1.0]], "hand_pts": [[1301.0, 694.0, 1.0], [1282.87841796875, 688.8424682617186, 1.0], [1265.7017822265625, 683.8539428710938, 1.0], [1244.469482421875, 684.8041381835936, 1.0], [1229.9169921875002, 685.0416870117186, 1.0], [1252.8193359374998, 709.9844360351564, 1.0], [1229.6784667968748, 701.4326171874998, 1.0], [1225.8614501953123, 691.2179565429688, 1.0], [1225.38427734375, 681.0033569335939, 1.0], [1253.0578613281252, 715.9231567382812, 1.0], [1237.7896728515625, 703.80810546875, 1.0], [1236.596923828125, 687.8922729492188, 1.0], [1238.2668457031252, 676.7274169921875, 1.0], [1256.1591796875, 720.4365844726562, 1.0], [1244.2309570312502, 707.1337890625001, 1.0], [1242.0838623046875, 691.2179565429688, 1.0], [1243.2767333984375, 681.2409057617188, 1.0], [1259.4991455078123, 714.4978637695312, 1.0], [1246.1394042968745, 702.8579101562499, 1.0], [1247.09375, 691.9306030273438, 1.0], [1249.2408447265625, 685.9918823242188, 1.0]], "head_box": [[1386.0, 344.0], [1494.0, 481.0]], "head_size": 137.0, "hand_box_center": [1263.192138671875, 698.5820007324219], "is_left": 1, "is_mpii": 1}