{"mpii_image": "088873579.jpg", "mpii_annorect_idx": 0, "mpii_body_pts": [[236.0, 153.0, 0.0], [452.0, 163.0, 0.0], [474.5639953613281, 179.24110412597656, 0.0], [611.4359741210938, 277.7589111328125, 0.0], [274.0, 634.0, 1.0], [280.0, 386.0, 1.0], [193.0, 146.0, 1.0], [278.0, 160.0, 0.0], [355.0, 381.0, 0.0], [359.0, 630.0, 0.0], [330.0, 357.0, 1.0], [245.0, 233.0, 1.0], [410.0, 164.0, 1.0], [493.0, 162.0, 0.0], [530.0, 278.0, 0.0], [489.0, 381.0, 1.0]], "hand_pts": [[489.0, 381.0, 1.0], [463.93051147460926, 378.171875, 1.0], [437.0035095214843, 368.77221679687494, 1.0], [416.7388610839844, 379.27770996093744, 1.0], [408.96612548828114, 397.5240783691406, 1.0], [433.1171569824219, 400.56512451171875, 1.0], [407.300537109375, 411.0706176757813, 1.0], [397.86221313476574, 416.04690551757807, 1.0], [388.7015075683593, 423.23486328125, 1.0], [438.3915100097656, 413.8352355957031, 1.0], [412.01971435546875, 423.23486328125, 1.0], [399.52780151367193, 429.04052734375006, 1.0], [390.64468383789074, 432.9109802246094, 1.0], [449.21780395507807, 424.0642395019531, 1.0], [423.4012145996093, 431.80511474609364, 1.0], [414.5180969238281, 426.2759399414062, 1.0], [421.1804504394532, 420.7467346191406, 1.0], [456.43536376953125, 434.01681518554693, 1.0], [435.33792114257807, 440.37539672851557, 1.0], [425.06680297851557, 440.09893798828114, 1.0], [427.0099792480469, 434.84619140624994, 1.0]], "head_box": [[480.0, 144.0], [606.0, 313.0]], "head_size": 169.0, "hand_box_center": [438.8507537841797, 404.57380676269526], "is_left": 1, "is_mpii": 1}