{"mpii_image": "089040952.jpg", "mpii_annorect_idx": 0, "mpii_body_pts": [[997.0, 442.0, 0.0], [832.0, 289.0, 0.0], [803.5399169921875, 278.1943054199219, 0.0], [673.4600830078125, 228.80569458007812, 0.0], [979.0, 662.0, 1.0], [854.0, 554.0, 0.0], [951.0, 460.0, 0.0], [1042.0, 424.0, 1.0], [1051.0, 652.0, 1.0], [1095.0, 828.0, 1.0], [751.0, 487.0, 1.0], [828.0, 400.0, 1.0], [816.0, 304.0, 0.0], [847.0, 273.0, 1.0], [934.0, 419.0, 1.0], [847.0, 515.0, 1.0]], "hand_pts": [[847.0, 515.0, 1.0], [825.7097778320314, 518.4810791015625, 1.0], [804.4093017578126, 526.00830078125, 1.0], [794.3316650390624, 540.834716796875, 1.0], [789.5219116210938, 552.6958618164062, 1.0], [802.1189575195314, 532.3950805664064, 1.0], [790.6670532226562, 556.1173095703126, 1.0], [785.170166015625, 567.5222778320311, 1.0], [782.4217529296876, 580.0676879882811, 1.0], [812.6546630859373, 541.5190429687501, 1.0], [803.9512329101562, 560.2230834960939, 1.0], [800.5156860351562, 564.1007690429688, 1.0], [796.3930053710939, 570.487548828125, 1.0], [824.5645751953124, 546.5371704101562, 1.0], [813.1127319335939, 566.3817749023439, 1.0], [805.7835083007814, 576.8743286132812, 1.0], [799.8285522460939, 583.71728515625, 1.0], [834.1841430664064, 554.5206298828123, 1.0], [827.5420532226562, 570.2594604492188, 1.0], [823.8775024414061, 577.3305053710938, 1.0], [820.4419555664062, 585.3139648437499, 1.0]], "head_box": [[689.0, 182.0], [788.0, 325.0]], "head_size": 143.0, "hand_box_center": [814.7108764648438, 550.156982421875], "is_left": 1, "is_mpii": 1}