{"mpii_image": "089173546.jpg", "mpii_annorect_idx": 0, "mpii_body_pts": [[1646.0, 450.0, 0.0], [1604.0, 184.0, 0.0], [1601.6343994140625, 149.1468048095703, 0.0], [1591.3656005859375, -2.1468000411987305, 0.0], [1870.0, 751.0, 1.0], [1639.0, 703.0, 1.0], [1658.0, 463.0, 0.0], [1634.0, 436.0, 1.0], [1507.0, 648.0, 1.0], [1557.0, 896.0, 1.0], [1499.0, 446.0, 1.0], [1620.0, 374.0, 0.0], [1593.0, 215.0, 0.0], [1615.0, 153.0, 1.0], [1670.0, 258.0, 1.0], [1701.0, 345.0, 1.0]], "hand_pts": [[1499.0, 446.0, 1.0], [1485.7919921875, 438.5563659667969, 1.0], [1468.9223632812502, 431.9493103027344, 1.0], [1427.992919921875, 430.02221679687494, 1.0], [1417.4840087890625, 439.1069641113282, 1.0], [1440.4377441406252, 487.5588989257813, 1.0], [1421.355712890625, 472.96826171875, 1.0], [1423.0150146484375, 443.23638916015625, 1.0], [1432.9708251953125, 433.60107421875, 1.0], [1452.0528564453125, 427.81988525390636, 1.0], [1437.672241210937, 434.9775390624999, 1.0], [1432.1412353515623, 466.636474609375, 1.0], [1443.75634765625, 487.00830078124994, 1.0], [1457.5838623046875, 427.5445861816407, 1.0], [1449.287353515625, 433.3257751464843, 1.0], [1441.820434570312, 465.2599792480469, 1.0], [1450.3935546875, 485.0812377929687, 1.0], [1461.178955078125, 481.7776794433594, 1.0], [1450.9466552734377, 464.70941162109375, 1.0], [1454.818359375, 440.20816040039057, 1.0], [1462.8382568359373, 431.398712158203, 1.0]], "head_box": [[1531.0, 5.0], [1662.0, 142.0]], "head_size": 137.0, "hand_box_center": [1458.2420043945312, 457.551742553711], "is_left": 0, "is_mpii": 1}