{"mpii_image": "089422804.jpg", "mpii_annorect_idx": 0, "mpii_body_pts": [[137.0, 425.0, 0.0], [299.0, 290.0, 1.0], [342.4690856933594, 256.4486083984375, 0.0], [461.5309143066406, 164.55140686035156, 0.0], [29.0, 568.0, 1.0], [263.0, 655.0, 1.0], [130.0, 431.0, 0.0], [144.0, 419.0, 0.0], [316.0, 465.0, 0.0], [100.0, 520.0, 0.0], [522.0, 296.0, 1.0], [477.0, 445.0, 1.0], [340.0, 376.0, 1.0], [257.0, 203.0, 1.0], [358.0, 195.0, 0.0], [469.0, 207.0, 0.0]], "hand_pts": [[529.2206420898438, 291.03143310546875, 1.0], [510.3232421875, 284.67706298828125, 1.0], [491.18966674804693, 268.9088439941406, 1.0], [486.22909545898426, 252.43458557128903, 1.0], [495.44219970703125, 235.7793884277344, 1.0], [505.41021728515625, 256.12539672851557, 1.0], [506.56936645507807, 232.67526245117185, 1.0], [500.29345703124994, 249.0326232910156, 1.0], [501.62826538085943, 253.02230834960946, 1.0], [523.6526489257811, 255.23878479003903, 1.0], [520.3156127929685, 231.9656829833984, 1.0], [513.6303100585939, 248.4337005615234, 1.0], [515.7562255859373, 253.3759765625, 1.0], [534.9985351562501, 256.5686950683594, 1.0], [533.441223144531, 235.2904205322266, 1.0], [520.7605590820311, 241.49658203124997, 1.0], [520.8121337890624, 246.2003631591797, 1.0], [547.456787109375, 258.56350708007807, 1.0], [545.4545288085936, 245.26460266113273, 1.0], [535.834716796875, 246.55091857910156, 1.0], [535.5985107421876, 249.8457794189453, 1.0]], "head_box": [[346.0, 135.0], [458.0, 286.0]], "head_size": 151.0, "hand_box_center": [516.8429412841797, 261.4985580444336], "is_left": 0, "is_mpii": 1}