{"mpii_image": "089409137.jpg", "mpii_annorect_idx": 0, "mpii_body_pts": [[365.0, 603.0, 0.0], [448.0, 609.0, 1.0], [334.0, 468.0, 1.0], [495.0, 466.0, 1.0], [623.0, 392.0, 1.0], [501.0, 570.0, 1.0], [415.0, 467.0, 1.0], [504.0, 244.0, 0.0], [536.0, 218.0, 0.0], [653.0, 123.0, 0.0], [632.0, 514.0, 1.0], [501.0, 413.0, 1.0], [431.0, 222.0, 1.0], [576.0, 266.0, 0.0], [559.0, 365.0, 1.0], [630.0, 278.0, 1.0]], "hand_pts": [[640.7774047851562, 518.9396362304688, 1.0], [673.3743286132812, 513.6316528320311, 1.0], [723.1587524414062, 526.0169677734374, 1.0], [744.4949340820312, 539.5817871093751, 1.0], [755.1630249023438, 541.94091796875, 1.0], [704.7859497070314, 534.5687255859374, 1.0], [734.7158813476565, 550.7875366210939, 1.0], [743.3096313476564, 555.8006591796875, 1.0], [753.0886840820312, 562.2881469726565, 1.0], [697.6738891601565, 552.8517456054686, 1.0], [726.7147827148439, 569.9552612304686, 1.0], [743.3096313476564, 579.6865234375, 1.0], [750.7180175781252, 584.10986328125, 1.0], [691.7471923828124, 567.5961303710939, 1.0], [715.4540405273439, 588.8280639648438, 1.0], [728.7891235351564, 595.6104736328126, 1.0], [737.3828735351564, 596.7900390625001, 1.0], [687.3021240234373, 580.8660888671875, 1.0], [702.7116088867186, 596.7900390625001, 1.0], [713.3796997070312, 605.0469360351562, 1.0], [720.4917602539062, 608.8804321289062, 1.0]], "head_box": [[542.0, 93.0], [648.0, 249.0]], "head_size": 156.0, "hand_box_center": [697.97021484375, 561.2560424804688], "is_left": 0, "is_mpii": 1}