{"mpii_image": "089419087.jpg", "mpii_annorect_idx": 0, "mpii_body_pts": [[475.0, 514.0, 0.0], [607.0, 129.0, 0.0], [664.3800048828125, 106.63150024414062, 0.0], [844.6199951171875, 36.368499755859375, 0.0], [429.0, 1081.0, 1.0], [489.0, 831.0, 1.0], [444.0, 523.0, 1.0], [506.0, 504.0, 0.0], [499.0, 763.0, 0.0], [415.0, 1018.0, 0.0], [665.0, 576.0, 1.0], [501.0, 386.0, 1.0], [511.0, 119.0, 1.0], [703.0, 138.0, 0.0], [788.0, 359.0, 1.0], [881.0, 533.0, 1.0]], "hand_pts": [[660.7510375976564, 555.2097778320314, 1.0], [705.5564575195312, 580.4960327148438, 1.0], [735.8970947265625, 614.9133300781252, 1.0], [719.6683959960939, 659.8665771484374, 1.0], [716.1403808593751, 691.1231689453125, 1.0], [761.6513671874999, 622.2885131835938, 1.0], [758.1234130859374, 666.1881713867189, 1.0], [736.2498779296877, 670.0513305664064, 1.0], [726.7243652343751, 660.5689697265625, 1.0], [746.8338623046875, 626.8540649414061, 1.0], [728.4883422851564, 671.1049194335938, 1.0], [709.0844116210939, 663.02734375, 1.0], [700.9700317382814, 651.7890625000001, 1.0], [724.9603271484374, 629.6636352539062, 1.0], [709.4371948242185, 671.1049194335938, 1.0], [685.799743652344, 657.7593994140625, 1.0], [684.3885498046875, 642.6578979492188, 1.0], [706.2620239257811, 635.6339721679689, 1.0], [691.4445190429686, 662.6761474609375, 1.0], [673.8045654296875, 657.0570068359373, 1.0], [677.6853637695314, 643.0090942382814, 1.0]], "head_box": [[657.0, 0.0], [852.0, 143.0]], "head_size": 143.0, "hand_box_center": [711.2012023925781, 623.1664733886719], "is_left": 0, "is_mpii": 1}