{"mpii_image": "089590914.jpg", "mpii_annorect_idx": 0, "mpii_body_pts": [[1211.0, 197.0, 0.0], [961.0, 66.0, 0.0], [968.6685791015625, 64.4552001953125, 0.0], [814.3314208984375, 95.5447998046875, 0.0], [935.0, 621.0, 0.0], [1042.0, 434.0, 0.0], [1193.0, 206.0, 0.0], [1229.0, 188.0, 1.0], [1253.0, 482.0, 1.0], [1291.0, 769.0, 1.0], [1027.0, 333.0, 0.0], [1030.0, 185.0, 0.0], [974.0, 69.0, 0.0], [947.0, 63.0, 1.0], [1042.0, 238.0, 1.0], [1057.0, 404.0, 1.0]], "hand_pts": [[1019.839599609375, 332.246368408203, 1.0], [1005.6493530273439, 340.5568542480469, 1.0], [981.1642456054686, 361.0560607910156, 1.0], [979.4948120117188, 387.9266052246093, 1.0], [984.2248535156251, 399.0072631835938, 1.0], [988.1202392578126, 395.40603637695307, 1.0], [1002.5887451171877, 413.96612548828114, 1.0], [1002.0322265624999, 395.40603637695307, 1.0], [998.9716186523438, 385.43347167968744, 1.0], [998.1369018554686, 392.9129028320313, 1.0], [1011.7706298828124, 402.05444335937506, 1.0], [1009.8229370117186, 383.77136230468744, 1.0], [1008.4317626953124, 373.7987976074219, 1.0], [1007.8753051757812, 391.25079345703125, 1.0], [1022.34375, 398.4532165527343, 1.0], [1019.839599609375, 382.1092834472656, 1.0], [1016.7789306640627, 372.4136962890625, 1.0], [1017.8919067382812, 390.4197692871093, 1.0], [1028.4650878906252, 395.40603637695307, 1.0], [1030.96923828125, 385.98748779296875, 1.0], [1028.7432861328123, 375.46087646484375, 1.0]], "head_box": [[829.0, 4.0], [954.0, 156.0]], "head_size": 152.0, "hand_box_center": [1005.2320251464844, 373.1062469482421], "is_left": 0, "is_mpii": 1}