{"mpii_image": "090033996.jpg", "mpii_annorect_idx": 0, "mpii_body_pts": [[581.0, 361.0, 1.0], [539.0, 191.0, 1.0], [539.3975219726562, 145.28399658203125, 0.0], [540.6024780273438, 6.716000080108643, 0.0], [667.0, 510.0, 1.0], [551.0, 557.0, 0.0], [530.0, 367.0, 1.0], [632.0, 355.0, 1.0], [539.0, 394.0, 1.0], [545.0, 607.0, 1.0], [415.0, 390.0, 1.0], [429.0, 322.0, 0.0], [444.0, 197.0, 1.0], [634.0, 185.0, 1.0], [592.0, 322.0, 1.0], [450.0, 342.0, 1.0]], "hand_pts": [[450.0, 342.0, 1.0], [440.24700927734375, 326.4189147949219, 1.0], [424.96401977539057, 309.3811950683593, 1.0], [411.2777709960937, 310.062713623047, 1.0], [405.57516479492193, 293.70651245117176, 1.0], [425.8764343261719, 339.3675537109375, 1.0], [389.1516723632813, 344.3652954101563, 1.0], [384.81768798828125, 338.6860656738282, 1.0], [394.8542785644532, 337.777374267578, 1.0], [424.27972412109375, 357.76828002929693, 1.0], [392.11700439453136, 359.13128662109375, 1.0], [387.554931640625, 352.08905029296875, 1.0], [397.1353149414062, 351.6347045898438, 1.0], [429.98233032226557, 368.89959716796875, 1.0], [393.94186401367193, 370.4897766113281, 1.0], [393.2575378417969, 363.44750976562494, 1.0], [403.0660095214843, 363.90185546874994, 1.0], [431.1228332519531, 377.3048400878907, 1.0], [412.4183044433593, 375.9418334960937, 1.0], [403.97842407226557, 371.1712646484375, 1.0], [407.6281127929687, 365.264862060547, 1.0]], "head_box": [[489.0, 6.0], [591.0, 146.0]], "head_size": 140.0, "hand_box_center": [417.4088439941406, 335.50567626953125], "is_left": 1, "is_mpii": 1}