{"mpii_image": "090122402.jpg", "mpii_annorect_idx": 0, "mpii_body_pts": [[842.0, 606.0, 1.0], [837.0, 346.0, 1.0], [814.42919921875, 286.67669677734375, 0.0], [746.57080078125, 108.32330322265625, 0.0], [826.0, 1053.0, 1.0], [776.0, 832.0, 1.0], [786.0, 606.0, 1.0], [897.0, 606.0, 1.0], [916.0, 854.0, 1.0], [925.0, 1068.0, 1.0], [699.0, 584.0, 1.0], [705.0, 494.0, 1.0], [733.0, 361.0, 1.0], [941.0, 330.0, 1.0], [1015.0, 463.0, 1.0], [1028.0, 572.0, 1.0]], "hand_pts": [[1033.7846679687502, 572.1656494140624, 1.0], [1016.5082397460939, 593.4381103515625, 1.0], [1006.7706298828124, 629.7263793945312, 1.0], [1004.8859252929686, 655.3784790039062, 1.0], [1011.4823608398438, 672.2713012695315, 1.0], [1014.9376831054685, 628.7879028320312, 1.0], [1013.6812133789062, 658.5067749023439, 1.0], [1013.052978515625, 669.4558105468751, 1.0], [1013.052978515625, 679.153564453125, 1.0], [1031.9000244140625, 630.6649169921875, 1.0], [1032.214111328125, 661.3222656249998, 1.0], [1030.6435546875, 669.4558105468751, 1.0], [1029.3870849609375, 681.3433837890625, 1.0], [1047.6058349609375, 633.1675415039061, 1.0], [1046.0352783203125, 660.6965942382814, 1.0], [1045.0928955078123, 672.2713012695315, 1.0], [1041.9517822265625, 683.2203369140626, 1.0], [1059.5423583984373, 632.5418701171876, 1.0], [1061.7412109374998, 653.5014648437499, 1.0], [1060.798828125, 663.8248901367188, 1.0], [1059.5423583984373, 673.2097778320314, 1.0]], "head_box": [[704.0, 106.0], [857.0, 289.0]], "head_size": 183.0, "hand_box_center": [1033.3135681152341, 627.6929931640625], "is_left": 1, "is_mpii": 1}