{"mpii_image": "090222029.jpg", "mpii_annorect_idx": 0, "mpii_body_pts": [[967.0, 443.0, 0.0], [1366.0, 414.0, 0.0], [1455.6773681640625, 421.2768859863281, 0.0], [1695.3226318359375, 440.7231140136719, 0.0], [283.0, 572.0, 1.0], [631.0, 556.0, 1.0], [975.0, 460.0, 1.0], [959.0, 426.0, 0.0], [665.0, 522.0, 0.0], [311.0, 544.0, 0.0], [1633.0, 699.0, 1.0], [1440.0, 714.0, 1.0], [1412.0, 435.0, 1.0], [1319.0, 392.0, 0.0], [1338.0, 631.0, 1.0], [1546.0, 631.0, 1.0]], "hand_pts": [[1642.1501464843748, 706.4735107421876, 1.0], [1646.4613037109375, 675.4249877929686, 1.0], [1680.287841796875, 643.7159423828125, 1.0], [1712.4560546875002, 646.0280761718751, 1.0], [1720.4152832031252, 664.1947021484376, 1.0], [1714.7774658203125, 664.8552856445311, 1.0], [1728.7060546875002, 669.1492309570314, 1.0], [1715.1091308593745, 669.8098754882812, 1.0], [1707.8132324218748, 673.4431762695314, 1.0], [1721.0784912109373, 686.6553344726564, 1.0], [1715.4407958984375, 681.3704833984375, 1.0], [1700.8489990234375, 681.7007446289064, 1.0], [1698.5275878906252, 687.646240234375, 1.0], [1718.09375, 705.1522827148436, 1.0], [1712.1243896484373, 700.8583374023438, 1.0], [1699.1907958984373, 700.1977539062501, 1.0], [1695.87451171875, 706.8037719726565, 1.0], [1714.4458007812505, 724.970458984375, 1.0], [1709.1397705078123, 720.3461914062499, 1.0], [1697.5325927734375, 718.0340576171876, 1.0], [1692.5581054687502, 722.3280029296876, 1.0]], "head_box": [[1468.0, 326.0], [1683.0, 536.0]], "head_size": 210.0, "hand_box_center": [1685.4281005859375, 684.3432006835938], "is_left": 0, "is_mpii": 1}