{"mpii_image": "090595192.jpg", "mpii_annorect_idx": 0, "mpii_body_pts": [[925.0, 432.0, 1.0], [674.0, 261.0, 0.0], [659.5576171875, 252.0222930908203, 0.0], [540.4423828125, 177.9777069091797, 0.0], [1157.0, 609.0, 1.0], [956.0, 578.0, 1.0], [975.0, 404.0, 1.0], [874.0, 460.0, 1.0], [830.0, 619.0, 1.0], [1041.0, 661.0, 1.0], [723.0, 437.0, 1.0], [766.0, 313.0, 0.0], [743.0, 218.0, 0.0], [605.0, 303.0, 1.0], [625.0, 454.0, 1.0], [609.0, 553.0, 1.0]], "hand_pts": [[609.0, 553.0, 1.0], [599.2122802734375, 543.3611450195311, 1.0], [590.004150390625, 535.9771118164061, 1.0], [583.8653564453124, 529.1023559570314, 1.0], [574.4014892578126, 522.7368774414062, 1.0], [584.8884887695314, 535.7225341796876, 1.0], [572.0994262695314, 528.5931396484376, 1.0], [562.8912963867186, 524.7738037109376, 1.0], [555.9851684570312, 522.4822387695312, 1.0], [582.5864868164062, 541.0695190429686, 1.0], [568.2626953124999, 531.9031982421876, 1.0], [557.2640991210938, 529.3569946289061, 1.0], [547.8001708984374, 526.5561523437499, 1.0], [580.5402221679686, 546.9257812500001, 1.0], [568.7742919921876, 540.3056640624999, 1.0], [552.9158325195314, 536.4863891601564, 1.0], [544.21923828125, 534.1947631835938, 1.0], [574.1456909179688, 552.5274658203124, 1.0], [559.5661621093749, 545.6527099609375, 1.0], [551.381103515625, 545.9073486328125, 1.0], [543.9634399414062, 545.3980712890626, 1.0]], "head_box": [[550.0, 143.0], [650.0, 287.0]], "head_size": 144.0, "hand_box_center": [576.4817199707031, 537.7411193847656], "is_left": 1, "is_mpii": 1}