{"mpii_image": "090538198.jpg", "mpii_annorect_idx": 0, "mpii_body_pts": [[1011.0, 617.0, 1.0], [1029.0, 346.0, 1.0], [1029.4427490234375, 348.5093994140625, 0.0], [1004.5571899414062, 207.4906005859375, 0.0], [995.0, 929.0, 1.0], [917.0, 773.0, 1.0], [978.0, 613.0, 1.0], [1044.0, 620.0, 1.0], [1024.0, 787.0, 1.0], [1031.0, 999.0, 1.0], [919.0, 122.0, 1.0], [921.0, 243.0, 1.0], [978.0, 334.0, 1.0], [1080.0, 358.0, 1.0], [1126.0, 260.0, 1.0], [1182.0, 119.0, 1.0]], "hand_pts": [[1176.9208984375, 133.24478149414054, 1.0], [1178.1500244140623, 112.92782592773439, 1.0], [1179.8708496093748, 97.01696014404298, 1.0], [1180.6083984374998, 83.30912780761719, 1.0], [1179.8708496093748, 71.8043441772461, 1.0], [1198.0625, 95.30348205566403, 1.0], [1205.92919921875, 84.77782440185548, 1.0], [1206.9124755859375, 71.06999969482422, 1.0], [1201.504150390625, 59.320434570312486, 1.0], [1199.0457763671877, 99.46478271484375, 1.0], [1207.1583251953123, 88.93913269042967, 1.0], [1208.63330078125, 72.78347778320311, 1.0], [1206.1750488281248, 60.54434585571288, 1.0], [1201.2583007812502, 101.6678237915039, 1.0], [1209.8625488281248, 92.12130737304686, 1.0], [1211.8291015625, 79.88217163085936, 1.0], [1210.5999755859375, 66.1743469238281, 1.0], [1204.699951171875, 104.60521697998047, 1.0], [1215.2708740234375, 91.38695526123048, 1.0], [1216.254150390625, 79.88217163085936, 1.0], [1213.7957763671877, 72.04913330078125, 1.0]], "head_box": [[960.0, 209.0], [1074.0, 347.0]], "head_size": 138.0, "hand_box_center": [1196.5875244140625, 96.2826080322265], "is_left": 1, "is_mpii": 1}