{"mpii_image": "090538198.jpg", "mpii_annorect_idx": 0, "mpii_body_pts": [[1011.0, 617.0, 1.0], [1029.0, 346.0, 1.0], [1029.4427490234375, 348.5093994140625, 0.0], [1004.5571899414062, 207.4906005859375, 0.0], [995.0, 929.0, 1.0], [917.0, 773.0, 1.0], [978.0, 613.0, 1.0], [1044.0, 620.0, 1.0], [1024.0, 787.0, 1.0], [1031.0, 999.0, 1.0], [919.0, 122.0, 1.0], [921.0, 243.0, 1.0], [978.0, 334.0, 1.0], [1080.0, 358.0, 1.0], [1126.0, 260.0, 1.0], [1182.0, 119.0, 1.0]], "hand_pts": [[919.0, 122.0, 1.0], [931.6793823242189, 123.91120910644533, 1.0], [942.8022460937498, 113.73662567138673, 1.0], [948.4772338867186, 104.6925582885742, 1.0], [953.9251708984374, 99.7183151245117, 1.0], [943.7102661132811, 105.59696197509767, 1.0], [947.3422241210935, 91.12644195556638, 1.0], [946.6612548828123, 83.21288299560547, 1.0], [945.5262451171875, 76.42982482910156, 1.0], [935.9923095703126, 106.95357513427734, 1.0], [941.4403076171876, 97.45729827880861, 1.0], [942.1212768554686, 89.54373168945311, 1.0], [941.6672973632811, 81.85626983642577, 1.0], [929.8634033203125, 106.95357513427734, 1.0], [935.3113403320312, 99.49221038818361, 1.0], [936.4463500976562, 92.70915985107422, 1.0], [936.2193603515626, 84.56948852539061, 1.0], [918.9674682617186, 107.40577697753903, 1.0], [921.2374877929686, 98.36170196533205, 1.0], [921.4644775390626, 91.80474853515624, 1.0], [921.4644775390626, 86.37830352783202, 1.0]], "head_box": [[960.0, 209.0], [1074.0, 347.0]], "head_size": 138.0, "hand_box_center": [936.446319580078, 100.17051696777344], "is_left": 0, "is_mpii": 1}