{"mpii_image": "090678940.jpg", "mpii_annorect_idx": 0, "mpii_body_pts": [[1006.0, 205.0, 0.0], [786.0, 362.0, 0.0], [784.6044921875, 363.87969970703125, 0.0], [689.3955078125, 492.12030029296875, 0.0], [1163.0, 522.0, 1.0], [1082.0, 381.0, 1.0], [994.0, 206.0, 0.0], [1018.0, 204.0, 1.0], [1134.0, 381.0, 1.0], [1217.0, 545.0, 1.0], [597.0, 570.0, 1.0], [708.0, 454.0, 0.0], [758.0, 350.0, 0.0], [814.0, 373.0, 1.0], [729.0, 510.0, 1.0], [648.0, 615.0, 1.0]], "hand_pts": [[648.0, 615.0, 1.0], [618.6490478515625, 618.0902709960939, 1.0], [595.9879150390625, 621.3526000976561, 1.0], [582.0636596679688, 624.3431396484375, 1.0], [568.6853637695314, 625.4306030273438, 1.0], [592.1655883789062, 627.8773193359374, 1.0], [562.9518432617188, 635.2176513671876, 1.0], [547.6624145507812, 637.6644287109374, 1.0], [537.2874755859375, 639.5675048828123, 1.0], [597.3530273437499, 631.955322265625, 1.0], [572.5077514648438, 641.1986694335938, 1.0], [558.583435058594, 648.2670898437499, 1.0], [550.938720703125, 653.16064453125, 1.0], [608.5471191406249, 634.6739501953125, 1.0], [594.3497924804686, 645.5484619140625, 1.0], [585.8859863281251, 651.257629394531, 1.0], [579.3333740234375, 659.1416625976562, 1.0], [615.3727416992188, 642.5579833984374, 1.0], [613.4615478515624, 650.9857788085939, 1.0], [612.9155273437499, 656.4230346679689, 1.0], [609.3661499023436, 653.7044067382814, 1.0]], "head_box": [[670.0, 354.0], [804.0, 502.0]], "head_size": 148.0, "hand_box_center": [592.6437377929688, 637.0708312988281], "is_left": 1, "is_mpii": 1}