{"mpii_image": "090665330.jpg", "mpii_annorect_idx": 0, "mpii_body_pts": [[581.0, 552.0, 0.0], [975.0, 421.0, 0.0], [985.0383911132812, 417.9209899902344, 0.0], [1202.9615478515625, 351.0790100097656, 0.0], [572.0, 801.0, 1.0], [677.0, 451.0, 1.0], [516.0, 516.0, 1.0], [646.0, 587.0, 0.0], [891.0, 780.0, 1.0], [566.0, 789.0, 0.0], [1198.0, 761.0, 1.0], [1056.0, 634.0, 1.0], [928.0, 432.0, 1.0], [1021.0, 410.0, 0.0], [1121.0, 600.0, 1.0], [1177.0, 761.0, 0.0]], "hand_pts": [[1198.0, 761.0, 1.0], [1234.988037109375, 770.7536010742188, 1.0], [1273.6484374999998, 812.5490112304688, 1.0], [1284.041015625, 835.7227172851562, 1.0], [1291.5236816406252, 854.75830078125, 1.0], [1276.142578125, 805.927978515625, 1.0], [1293.1864013671875, 848.1372070312499, 1.0], [1302.3319091796875, 868.8280639648438, 1.0], [1316.0500488281248, 875.0352783203125, 1.0], [1262.4244384765623, 811.3075561523436, 1.0], [1281.96240234375, 853.9306640624999, 1.0], [1290.2764892578123, 881.6563720703126, 1.0], [1296.0963134765625, 903.1748046875001, 1.0], [1239.560791015625, 804.6865234375, 1.0], [1255.3574218749998, 841.5161743164062, 1.0], [1243.3021240234373, 879.5872802734375, 1.0], [1241.2235107421877, 899.450439453125, 1.0], [1225.0111083984373, 807.5832519531251, 1.0], [1222.9326171875002, 834.4813232421876, 1.0], [1216.697021484375, 859.7241210937499, 1.0], [1213.3714599609375, 874.2076416015625, 1.0]], "head_box": [[1012.0, 268.0], [1176.0, 501.0]], "head_size": 233.0, "hand_box_center": [1257.0250244140625, 832.08740234375], "is_left": 0, "is_mpii": 1}