{"mpii_image": "090843455.jpg", "mpii_annorect_idx": 0, "mpii_body_pts": [[907.0, 428.0, 1.0], [876.0, 174.0, 1.0], [906.5684814453125, 217.35169982910156, 0.0], [790.4315185546875, 52.64830017089844, 0.0], [894.0, 551.0, 0.0], [779.0, 634.0, 1.0], [845.0, 423.0, 1.0], [969.0, 433.0, 1.0], [994.0, 636.0, 1.0], [927.0, 522.0, 0.0], [832.0, 512.0, 1.0], [791.0, 375.0, 1.0], [758.0, 187.0, 1.0], [994.0, 160.0, 1.0], [1066.0, 373.0, 1.0], [1020.0, 518.0, 1.0]], "hand_pts": [[833.5747070312501, 525.5401000976562, 1.0], [845.6838989257814, 554.4779663085938, 1.0], [851.2195434570314, 574.1144409179689, 1.0], [851.9114990234374, 593.0618286132811, 1.0], [853.2954101562501, 610.2867431640626, 1.0], [808.318359375, 566.8799438476564, 1.0], [837.3804321289062, 607.1862792968751, 1.0], [846.7218627929686, 593.7508544921875, 1.0], [844.9919433593751, 581.3488769531251, 1.0], [800.3609008789061, 576.181396484375, 1.0], [830.4609375, 610.9757690429688, 1.0], [840.8402099609374, 599.6072998046874, 1.0], [837.0344848632812, 585.4828491210938, 1.0], [796.5551757812499, 582.0379028320311, 1.0], [823.5413818359374, 613.7317504882812, 1.0], [835.9965209960938, 607.1862792968751, 1.0], [831.8448486328125, 592.3728637695312, 1.0], [800.7069091796876, 581.6933593750001, 1.0], [821.8114624023436, 608.5642700195312, 1.0], [829.4229736328125, 607.1862792968751, 1.0], [827.6931152343751, 600.2963256835938, 1.0]], "head_box": [[776.0, 32.0], [921.0, 238.0]], "head_size": 206.0, "hand_box_center": [824.92529296875, 569.6359252929688], "is_left": 0, "is_mpii": 1}