{"mpii_image": "091702171.jpg", "mpii_annorect_idx": 0, "mpii_body_pts": [[526.0, 483.0, 0.0], [571.0, 248.0, 0.0], [604.0587158203125, 228.6486053466797, 0.0], [742.9412841796875, 147.3513946533203, 0.0], [481.0, 599.0, 1.0], [625.0, 679.0, 1.0], [497.0, 501.0, 1.0], [555.0, 464.0, 0.0], [690.0, 580.0, 0.0], [543.0, 566.0, 0.0], [721.0, 437.0, 1.0], [659.0, 353.0, 1.0], [566.0, 222.0, 1.0], [576.0, 274.0, 0.0], [578.0, 408.0, 1.0], [638.0, 472.0, 1.0]], "hand_pts": [[638.0, 472.0, 1.0], [649.9072875976562, 471.4138488769531, 1.0], [658.6489868164062, 472.46911621093744, 1.0], [677.4569702148438, 476.16253662109375, 1.0], [689.6423950195312, 477.21780395507807, 1.0], [688.5828247070312, 459.27835083007807, 1.0], [701.5629882812499, 470.88623046874994, 1.0], [693.3510131835935, 485.39605712890625, 1.0], [681.4304809570314, 484.340789794922, 1.0], [683.0198974609375, 475.1072692871094, 1.0], [692.0265502929686, 489.8809204101563, 1.0], [679.576171875, 494.36578369140636, 1.0], [672.1589355468752, 484.8684387207031, 1.0], [678.7814941406251, 486.4513244628905, 1.0], [685.4039916992188, 497.003936767578, 1.0], [674.8079833984374, 498.32299804687494, 1.0], [666.3311157226561, 488.2980346679687, 1.0], [670.0397338867188, 488.56185913085943, 1.0], [678.5166015625, 496.74011230468744, 1.0], [671.0993652343751, 498.8506469726563, 1.0], [661.298034667969, 491.7276306152344, 1.0]], "head_box": [[610.0, 110.0], [737.0, 266.0]], "head_size": 156.0, "hand_box_center": [669.781494140625, 479.0644989013672], "is_left": 1, "is_mpii": 1}