{"mpii_image": "091903828.jpg", "mpii_annorect_idx": 0, "mpii_body_pts": [[541.0, 547.0, 0.0], [295.0, 337.0, 1.0], [298.7939147949219, 320.789794921875, 0.0], [335.2060852050781, 165.210205078125, 0.0], [875.0, 553.0, 1.0], [650.0, 346.0, 1.0], [506.0, 563.0, 1.0], [576.0, 531.0, 0.0], [738.0, 371.0, 1.0], [978.0, 508.0, 1.0], [445.0, 416.0, 1.0], [260.0, 445.0, 1.0], [228.0, 342.0, 1.0], [361.0, 331.0, 1.0], [487.0, 407.0, 0.0], [565.0, 393.0, 0.0]], "hand_pts": [[449.4868164062499, 410.61026000976574, 1.0], [461.91848754882807, 393.48858642578125, 1.0], [487.73306274414057, 380.6824340820313, 1.0], [506.4106140136719, 379.50466918945324, 1.0], [518.9411621093749, 380.4468994140625, 1.0], [488.2059020996094, 375.7358093261719, 1.0], [521.778259277344, 364.664794921875, 1.0], [540.2193603515626, 362.30926513671886, 1.0], [555.5869750976564, 361.3670654296875, 1.0], [491.04299926757807, 386.57128906249994, 1.0], [521.0689697265625, 375.7358093261719, 1.0], [546.6028442382814, 374.55804443359375, 1.0], [562.2069091796876, 374.08694458007807, 1.0], [492.9344177246093, 401.41116333007807, 1.0], [518.7047119140626, 391.5179138183594, 1.0], [540.6922607421875, 387.5134887695313, 1.0], [551.80419921875, 387.74905395507807, 1.0], [492.9344177246093, 415.77993774414057, 1.0], [508.53845214843744, 408.0066528320313, 1.0], [520.5961303710939, 405.65112304687494, 1.0], [531.7080688476564, 402.3533630371094, 1.0]], "head_box": [[260.0, 161.0], [374.0, 325.0]], "head_size": 164.0, "hand_box_center": [505.84686279296875, 388.57350158691406], "is_left": 0, "is_mpii": 1}