{"mpii_image": "092033356.jpg", "mpii_annorect_idx": 3, "mpii_body_pts": [[882.0, 677.0, 0.0], [838.0, 390.0, 1.0], [838.6217041015625, 396.8392028808594, 0.0], [821.3782958984375, 207.16079711914062, 0.0], [884.0, 969.0, 0.0], [842.0, 811.0, 0.0], [818.0, 688.0, 0.0], [945.0, 666.0, 0.0], [966.0, 784.0, 0.0], [1002.0, 935.0, 0.0], [627.0, 627.0, 1.0], [645.0, 542.0, 1.0], [736.0, 418.0, 1.0], [939.0, 361.0, 1.0], [996.0, 458.0, 1.0], [993.0, 515.0, 1.0]], "hand_pts": [[624.4611206054685, 599.5508422851562, 1.0], [636.9154052734375, 621.3337402343751, 1.0], [664.5167236328125, 645.4624633789061, 1.0], [677.3076171874998, 668.9209594726562, 1.0], [687.7422485351562, 686.0120849609375, 1.0], [611.3336181640624, 663.5590209960938, 1.0], [615.3728637695312, 698.0764770507814, 1.0], [617.3924560546875, 721.8700561523438, 1.0], [621.7683105468752, 736.6154174804686, 1.0], [603.2551879882812, 662.2185058593751, 1.0], [605.6113891601564, 705.4491577148436, 1.0], [611.6702270507812, 725.8915405273439, 1.0], [617.0558471679688, 741.3070678710936, 1.0], [596.5231933593751, 660.8780517578126, 1.0], [598.8793945312501, 699.7520751953124, 1.0], [603.591796875, 714.8325195312499, 1.0], [613.689880371094, 725.8915405273439, 1.0], [596.5231933593751, 664.8994750976564, 1.0], [594.5035400390626, 687.6877441406251, 1.0], [594.1669311523438, 704.1086425781252, 1.0], [599.88916015625, 713.4920654296875, 1.0]], "head_box": [[761.0, 205.0], [899.0, 399.0]], "head_size": 194.0, "hand_box_center": [640.95458984375, 670.428955078125], "is_left": 0, "is_mpii": 1}