{"mpii_image": "092033356.jpg", "mpii_annorect_idx": 3, "mpii_body_pts": [[882.0, 677.0, 0.0], [838.0, 390.0, 1.0], [838.6217041015625, 396.8392028808594, 0.0], [821.3782958984375, 207.16079711914062, 0.0], [884.0, 969.0, 0.0], [842.0, 811.0, 0.0], [818.0, 688.0, 0.0], [945.0, 666.0, 0.0], [966.0, 784.0, 0.0], [1002.0, 935.0, 0.0], [627.0, 627.0, 1.0], [645.0, 542.0, 1.0], [736.0, 418.0, 1.0], [939.0, 361.0, 1.0], [996.0, 458.0, 1.0], [993.0, 515.0, 1.0]], "hand_pts": [[1000.402099609375, 506.6512451171875, 1.0], [981.8444213867186, 511.8382568359375, 1.0], [967.8447875976564, 521.5639038085938, 1.0], [965.5657348632812, 534.2072143554686, 1.0], [959.0542602539061, 545.5538330078126, 1.0], [986.72802734375, 531.6137084960939, 1.0], [980.8677368164061, 538.421691894531, 1.0], [974.3562622070311, 547.174743652344, 1.0], [967.8447875976564, 557.2245483398439, 1.0], [1003.0067138671876, 533.558837890625, 1.0], [989.6582031249999, 558.1971435546876, 1.0], [975.3329467773438, 561.4390258789061, 1.0], [964.2634887695314, 561.1148071289062, 1.0], [1011.7971801757812, 532.5863037109375, 1.0], [1000.0765380859374, 563.3841552734375, 1.0], [979.2398681640625, 568.2469482421876, 1.0], [965.5657348632812, 567.2744140625001, 1.0], [1015.0529174804685, 537.1249389648439, 1.0], [1017.9830932617189, 551.389221191406, 1.0], [1009.5181884765626, 560.1422729492188, 1.0], [997.4719848632812, 563.3841552734375, 1.0]], "head_box": [[761.0, 205.0], [899.0, 399.0]], "head_size": 194.0, "hand_box_center": [988.5186767578125, 537.4490966796875], "is_left": 1, "is_mpii": 1}