{"mpii_image": "092189580.jpg", "mpii_annorect_idx": 0, "mpii_body_pts": [[571.0, 362.0, 1.0], [599.0, 205.0, 0.0], [612.0140991210938, 195.656494140625, 0.0], [741.9859008789062, 102.34349822998047, 0.0], [566.0, 599.0, 1.0], [597.0, 495.0, 1.0], [545.0, 365.0, 1.0], [597.0, 359.0, 1.0], [605.0, 464.0, 0.0], [601.0, 555.0, 1.0], [532.0, 355.0, 1.0], [520.0, 340.0, 1.0], [561.0, 231.0, 1.0], [636.0, 179.0, 0.0], [634.0, 280.0, 0.0], [648.0, 334.0, 1.0]], "hand_pts": [[532.0, 355.0, 1.0], [537.9347534179688, 335.70513916015625, 1.0], [532.441223144531, 341.9957275390625, 1.0], [534.0892944335938, 352.38888549804693, 1.0], [537.3854370117188, 361.1410217285156, 1.0], [534.3639526367188, 366.8846130371094, 1.0], [545.9004516601564, 372.6282043457031, 1.0], [547.5485229492188, 361.1410217285156, 1.0], [545.9004516601564, 353.7564086914063, 1.0], [543.4283447265626, 364.9700927734375, 1.0], [554.1407470703126, 373.9957275390625, 1.0], [556.0635375976564, 359.7734985351563, 1.0], [550.0206298828123, 351.02136230468744, 1.0], [552.2180175781252, 348.8333435058594, 1.0], [559.3596801757811, 354.30340576171875, 1.0], [559.0849609375001, 368.52563476562494, 1.0], [552.2180175781252, 358.1324768066406, 1.0], [557.1622314453124, 355.9444580078125, 1.0], [562.381103515625, 363.8760681152344, 1.0], [562.6558227539061, 354.0299072265625, 1.0], [557.4368896484375, 349.6538391113282, 1.0]], "head_box": [[597.0, 89.0], [757.0, 209.0]], "head_size": 120.0, "hand_box_center": [547.3279113769531, 354.8504333496094], "is_left": 0, "is_mpii": 1}