{"mpii_image": "092189580.jpg", "mpii_annorect_idx": 0, "mpii_body_pts": [[571.0, 362.0, 1.0], [599.0, 205.0, 0.0], [612.0140991210938, 195.656494140625, 0.0], [741.9859008789062, 102.34349822998047, 0.0], [566.0, 599.0, 1.0], [597.0, 495.0, 1.0], [545.0, 365.0, 1.0], [597.0, 359.0, 1.0], [605.0, 464.0, 0.0], [601.0, 555.0, 1.0], [532.0, 355.0, 1.0], [520.0, 340.0, 1.0], [561.0, 231.0, 1.0], [636.0, 179.0, 0.0], [634.0, 280.0, 0.0], [648.0, 334.0, 1.0]], "hand_pts": [[650.3563842773439, 331.05245971679693, 1.0], [642.1917724609376, 332.1016540527344, 1.0], [637.4510498046874, 336.29837036132807, 1.0], [636.3975219726562, 345.47869873046875, 1.0], [635.0806884765626, 354.9213256835937, 1.0], [657.4674682617186, 346.00326538085943, 1.0], [644.8255004882811, 359.9049072265625, 1.0], [639.0312499999999, 358.06884765625, 1.0], [639.5580444335938, 352.82293701171875, 1.0], [661.9448852539062, 352.29837036132807, 1.0], [651.4098510742188, 360.95410156249994, 1.0], [647.1958618164062, 363.3147583007813, 1.0], [640.8748779296877, 366.46228027343756, 1.0], [664.0518798828124, 357.28198242187494, 1.0], [654.0436401367188, 361.7409973144532, 1.0], [645.6156616210938, 363.83935546874994, 1.0], [641.4016723632812, 358.06884765625, 1.0], [659.8378295898436, 357.28198242187494, 1.0], [652.2000122070314, 360.69180297851557, 1.0], [648.7761230468751, 358.06884765625, 1.0], [648.7761230468751, 353.3475341796875, 1.0]], "head_box": [[597.0, 89.0], [757.0, 209.0]], "head_size": 120.0, "hand_box_center": [649.5662841796875, 348.75736999511724], "is_left": 1, "is_mpii": 1}