{"mpii_image": "092347604.jpg", "mpii_annorect_idx": 0, "mpii_body_pts": [[555.0, 815.0, 0.0], [638.0, 512.0, 0.0], [649.4525146484375, 491.0444030761719, 0.0], [720.5474853515625, 360.9555969238281, 0.0], [361.0, 967.0, 1.0], [549.0, 1044.0, 1.0], [517.0, 806.0, 1.0], [592.0, 823.0, 0.0], [686.0, 1024.0, 1.0], [481.0, 952.0, 0.0], [654.0, 813.0, 1.0], [578.0, 683.0, 1.0], [638.0, 515.0, 1.0], [638.0, 508.0, 0.0], [731.0, 493.0, 0.0], [811.0, 429.0, 1.0]], "hand_pts": [[654.0, 813.0, 1.0], [681.2566528320311, 813.3951416015625, 1.0], [698.8230590820311, 803.7749023437501, 1.0], [712.8762207031249, 788.0326538085936, 1.0], [722.5377197265625, 786.2835083007814, 1.0], [686.5265502929686, 841.3812866210938, 1.0], [682.1349487304688, 833.5101928710938, 1.0], [676.8650512695312, 830.8864746093751, 1.0], [670.716796875, 825.6390991210938, 1.0], [675.1083984375001, 850.1269531249999, 1.0], [668.9601440429686, 840.5067138671876, 1.0], [665.4468383789062, 836.1339111328125, 1.0], [661.93359375, 830.8864746093751, 1.0], [666.3251953124999, 852.7506713867188, 1.0], [658.4202880859373, 842.255859375, 1.0], [654.906982421875, 838.757568359375, 1.0], [653.150390625, 832.6356201171875, 1.0], [654.0286865234375, 853.625244140625, 1.0], [649.6370849609375, 846.6287231445312, 1.0], [647.8804321289062, 844.0050048828124, 1.0], [646.1237792968752, 841.3812866210938, 1.0]], "head_box": [[632.0, 350.0], [738.0, 502.0]], "head_size": 152.0, "hand_box_center": [684.3307495117189, 819.9543762207031], "is_left": 0, "is_mpii": 1}