{"mpii_image": "092535491.jpg", "mpii_annorect_idx": 0, "mpii_body_pts": [[284.0, 497.0, 0.0], [390.0, 268.0, 0.0], [395.44989013671875, 258.9169006347656, 0.0], [513.5501098632812, 62.083099365234375, 0.0], [315.0, 603.0, 0.0], [240.0, 656.0, 0.0], [234.0, 500.0, 0.0], [334.0, 494.0, 0.0], [524.0, 481.0, 0.0], [421.0, 625.0, 1.0], [515.0, 447.0, 1.0], [303.0, 447.0, 0.0], [318.0, 266.0, 1.0], [462.0, 269.0, 0.0], [387.0, 382.0, 0.0], [512.0, 432.0, 0.0]], "hand_pts": [[515.0, 447.0, 1.0], [527.0982055664064, 425.0868225097657, 1.0], [555.7870483398439, 409.50527954101557, 1.0], [594.9081420898438, 411.06341552734375, 1.0], [619.4240722656251, 413.66033935546875, 1.0], [579.7813110351564, 412.1022033691407, 1.0], [616.2943725585941, 412.1022033691407, 1.0], [611.0782470703126, 421.4511413574219, 1.0], [601.1675415039061, 419.8929748535156, 1.0], [577.6948852539064, 439.11026000976574, 1.0], [621.5104980468751, 438.5908508300781, 1.0], [630.8995971679688, 441.7071838378906, 1.0], [623.5969848632812, 441.7071838378906, 1.0], [573.5219726562501, 457.2887573242187, 1.0], [610.0349731445312, 459.8856811523438, 1.0], [636.1157226562501, 456.24996948242193, 1.0], [630.8995971679688, 453.13366699218744, 1.0], [574.0435791015625, 473.38970947265625, 1.0], [603.7756347656251, 478.58355712890625, 1.0], [622.0321044921874, 474.42846679687494, 1.0], [623.5969848632812, 469.23461914062494, 1.0]], "head_box": [[363.0, 50.0], [546.0, 271.0]], "head_size": 221.0, "hand_box_center": [575.557861328125, 444.04441833496094], "is_left": 0, "is_mpii": 1}