{"mpii_image": "092535491.jpg", "mpii_annorect_idx": 1, "mpii_body_pts": [[1057.0, 404.0, 0.0], [1093.0, 187.0, 1.0], [1090.8974609375, 178.37109375, 0.0], [1047.1025390625, -1.3710999488830566, 0.0], [1045.0, 535.0, 1.0], [830.0, 473.0, 1.0], [1019.0, 394.0, 1.0], [1094.0, 414.0, 0.0], [1182.0, 300.0, 1.0], [1143.0, 597.0, 1.0], [918.0, 460.0, 1.0], [931.0, 352.0, 1.0], [993.0, 192.0, 1.0], [1192.0, 182.0, 1.0], [1287.0, 388.0, 1.0], [1189.0, 427.0, 1.0]], "hand_pts": [[1141.21240234375, 430.80737304687494, 1.0], [1130.0786132812502, 418.71655273437494, 1.0], [1118.6074218749998, 410.99185180664057, 1.0], [1096.6772460937498, 420.0599670410156, 1.0], [1078.1208496093748, 439.20379638671875, 1.0], [1128.3916015625, 461.37030029296875, 1.0], [1097.0146484374998, 465.0647277832031, 1.0], [1067.6618652343748, 463.38543701171875, 1.0], [1051.4672851562502, 461.70614624023426, 1.0], [1131.0906982421875, 473.46112060546875, 1.0], [1094.9902343749998, 480.1782531738282, 1.0], [1057.2028808593748, 473.7969665527343, 1.0], [1039.6586914062502, 465.0647277832031, 1.0], [1123.6682128906248, 482.86511230468744, 1.0], [1092.6285400390623, 487.2312316894531, 1.0], [1054.8411865234373, 480.1782531738282, 1.0], [1038.3092041015625, 474.1328430175781, 1.0], [1100.0511474609375, 491.9332275390625, 1.0], [1082.5069580078125, 492.9407958984375, 1.0], [1065.3001708984373, 486.55950927734375, 1.0], [1052.81689453125, 483.53680419921875, 1.0]], "head_box": [[986.0, 8.0], [1152.0, 169.0]], "head_size": 161.0, "hand_box_center": [1089.7608032226562, 451.96632385253906], "is_left": 1, "is_mpii": 1}