{"mpii_image": "092622745.jpg", "mpii_annorect_idx": 2, "mpii_body_pts": [[86.0, 527.0, 0.0], [169.0, 287.0, 0.0], [160.8865966796875, 299.52069091796875, 0.0], [258.1134033203125, 149.4792938232422, 0.0], [176.0, 688.0, 1.0], [97.0, 434.0, 1.0], [5.0, 526.0, 0.0], [166.0, 528.0, 0.0], [322.0, 560.0, 1.0], [139.0, 595.0, 0.0], [196.0, 333.0, 1.0], [58.0, 387.0, 1.0], [90.0, 247.0, 1.0], [247.0, 326.0, 0.0], [190.0, 491.0, 0.0], [168.0, 585.0, 0.0]], "hand_pts": [[196.0, 333.0, 1.0], [214.0868072509766, 322.1555480957032, 1.0], [215.39103698730477, 337.7353210449219, 1.0], [214.0868072509766, 350.3939208984375, 1.0], [208.5438079833984, 362.7279052734375, 1.0], [217.347396850586, 307.8740844726563, 1.0], [225.8249206542969, 325.4013366699219, 1.0], [230.06367492675773, 336.43701171874994, 1.0], [235.60667419433588, 349.42016601562494, 1.0], [234.62849426269534, 305.27746582031256, 1.0], [242.1278533935547, 336.76159667968744, 1.0], [244.73631286621094, 357.5346374511718, 1.0], [244.08419799804688, 369.219482421875, 1.0], [247.67085266113273, 307.8740844726563, 1.0], [253.86596679687497, 340.98110961914057, 1.0], [246.36660766601562, 352.01681518554693, 1.0], [241.149673461914, 351.6922302246094, 1.0], [258.4307861328125, 308.19866943359375, 1.0], [262.34347534179693, 334.1649780273438, 1.0], [255.49626159667972, 343.90234374999994, 1.0], [251.58355712890622, 346.4989624023437, 1.0]], "head_box": [[140.0, 137.0], [279.0, 312.0]], "head_size": 175.0, "hand_box_center": [229.17173767089847, 337.24847412109375], "is_left": 0, "is_mpii": 1}