{"mpii_image": "092703454.jpg", "mpii_annorect_idx": 0, "mpii_body_pts": [[400.0, 417.0, 1.0], [376.0, 253.0, 1.0], [380.2666931152344, 236.7332000732422, 0.0], [419.7333068847656, 86.26679992675781, 0.0], [359.0, 574.0, 1.0], [388.0, 526.0, 1.0], [344.0, 446.0, 1.0], [456.0, 388.0, 1.0], [580.0, 446.0, 1.0], [444.0, 512.0, 1.0], [466.0, 413.0, 1.0], [324.0, 404.0, 1.0], [299.0, 264.0, 1.0], [452.0, 241.0, 1.0], [526.0, 295.0, 1.0], [663.0, 346.0, 1.0]], "hand_pts": [[636.9581909179688, 332.04217529296875, 1.0], [644.9354248046874, 345.810546875, 1.0], [654.5081176757812, 360.63806152343756, 1.0], [663.8148803710939, 371.75866699218744, 1.0], [667.8035278320311, 382.0849609375, 1.0], [682.16259765625, 349.78222656249994, 1.0], [695.7238769531252, 355.0777587890625, 1.0], [704.4988403320314, 359.5789489746093, 1.0], [711.4124755859374, 363.5505981445313, 1.0], [688.0125732421876, 345.01623535156244, 1.0], [697.0534057617188, 348.45831298828114, 1.0], [709.019287109375, 352.6947631835938, 1.0], [713.0079345703126, 356.13684082031256, 1.0], [684.0239257812499, 340.7798156738282, 1.0], [695.1920776367189, 345.810546875, 1.0], [704.4988403320314, 351.63565063476574, 1.0], [710.61474609375, 354.8129577636719, 1.0], [679.7694091796876, 338.9263610839843, 1.0], [688.0125732421876, 343.69235229492193, 1.0], [694.6602783203125, 348.19354248046875, 1.0], [699.4465942382812, 351.1061096191406, 1.0]], "head_box": [[340.0, 85.0], [460.0, 238.0]], "head_size": 153.0, "hand_box_center": [674.9830627441406, 357.0635681152344], "is_left": 1, "is_mpii": 1}