{"mpii_image": "093352431.jpg", "mpii_annorect_idx": 0, "mpii_body_pts": [[470.0, 720.0, 0.0], [454.0, 456.0, 0.0], [435.9512939453125, 440.1274108886719, 0.0], [331.0487060546875, 347.8725891113281, 0.0], [516.0, 1067.0, 1.0], [499.0, 879.0, 1.0], [501.0, 727.0, 0.0], [439.0, 713.0, 1.0], [297.0, 860.0, 1.0], [249.0, 1033.0, 1.0], [383.0, 677.0, 1.0], [465.0, 578.0, 0.0], [484.0, 441.0, 0.0], [424.0, 470.0, 1.0], [280.0, 530.0, 1.0], [136.0, 523.0, 1.0]], "hand_pts": [[126.94840240478516, 526.6335449218751, 1.0], [126.40056610107422, 509.34191894531244, 1.0], [120.55699157714844, 493.50643920898426, 1.0], [109.58675384521484, 465.9368591308594, 1.0], [99.69866943359375, 452.1960754394531, 1.0], [114.16557312011719, 478.76309204101557, 1.0], [96.45223236083983, 463.109619140625, 1.0], [86.22597503662107, 470.0262756347657, 1.0], [92.11013031005858, 478.0745544433594, 1.0], [109.9655075073242, 487.68191528320307, 1.0], [81.47807312011719, 478.9450988769531, 1.0], [87.97093200683592, 488.83816528320307, 1.0], [96.24933624267578, 490.4412536621093, 1.0], [104.48715209960939, 499.87704467773443, 1.0], [81.11284637451169, 494.05249023437506, 1.0], [86.04336547851562, 501.87924194335943, 1.0], [93.16522216796875, 504.24545288085943, 1.0], [98.09574127197266, 510.79806518554693, 1.0], [82.39112854003906, 508.79586791992193, 1.0], [83.85202026367188, 513.7103271484375, 1.0], [89.14776611328124, 516.6226196289061, 1.0]], "head_box": [[330.0, 325.0], [437.0, 463.0]], "head_size": 138.0, "hand_box_center": [104.03062438964842, 489.4148101806641], "is_left": 1, "is_mpii": 1}