{"mpii_image": "093948089.jpg", "mpii_annorect_idx": 0, "mpii_body_pts": [[1066.0, 1062.0, 0.0], [1037.0, 866.0, 1.0], [984.0, 454.0, 1.0], [1170.0, 401.0, 1.0], [1270.0, 721.0, 1.0], [1360.0, 956.0, 1.0], [1077.0, 428.0, 1.0], [923.0, 206.0, 1.0], [946.0, 227.0, 0.0], [744.0, 42.0, 0.0], [854.0, 525.0, 1.0], [795.0, 407.0, 1.0], [789.0, 249.0, 1.0], [1056.0, 162.0, 1.0], [1329.0, 227.0, 1.0], [1363.0, 386.0, 1.0]], "hand_pts": [[853.2467041015625, 534.4508666992186, 1.0], [882.3377685546875, 537.9107666015625, 1.0], [899.70556640625, 556.507629394531, 1.0], [904.0475463867186, 573.8070678710936, 1.0], [904.4817504882812, 588.944091796875, 1.0], [857.1544799804688, 554.7777099609376, 1.0], [871.9171142578125, 589.3765258789061, 1.0], [884.9429321289061, 595.8638305664064, 1.0], [887.5481567382812, 588.5115966796876, 1.0], [838.0498657226562, 561.6974487304688, 1.0], [853.2467041015625, 605.81103515625, 1.0], [865.8383789062501, 604.5135498046875, 1.0], [866.2725830078126, 595.8638305664064, 1.0], [822.8530273437499, 569.9146728515625, 1.0], [834.1420898437499, 610.1358642578126, 1.0], [846.7337646484376, 604.946044921875, 1.0], [845.4312133789061, 594.9988403320314, 1.0], [808.9588012695314, 574.6720581054686, 1.0], [809.3930053710939, 596.2963256835938, 1.0], [819.8136596679688, 611.0008544921875, 1.0], [829.8001708984374, 607.1084594726564, 1.0]], "head_box": [[737.0, 2.0], [954.0, 268.0]], "head_size": 266.0, "hand_box_center": [856.7202758789062, 572.7258605957031], "is_left": 0, "is_mpii": 1}