{"mpii_image": "093906919.jpg", "mpii_annorect_idx": 0, "mpii_body_pts": [[1313.0, 408.0, 0.0], [868.0, 546.0, 1.0], [865.7072143554688, 561.814208984375, 0.0], [831.2927856445312, 799.185791015625, 0.0], [1636.0, 383.0, 1.0], [1515.0, 401.0, 1.0], [1338.0, 420.0, 1.0], [1288.0, 395.0, 0.0], [1465.0, 389.0, 0.0], [1536.0, 386.0, 0.0], [522.0, 804.0, 1.0], [696.0, 665.0, 1.0], [820.0, 510.0, 1.0], [916.0, 581.0, 1.0], [770.0, 708.0, 1.0], [559.0, 851.0, 1.0]], "hand_pts": [[561.635009765625, 845.5361328124999, 1.0], [517.4151000976562, 843.9633178710938, 1.0], [468.8522338867188, 844.7497558593751, 1.0], [442.3992614746094, 869.9146728515625, 1.0], [431.7391052246093, 894.6864013671877, 1.0], [443.1889038085937, 874.6331176757812, 1.0], [411.2084655761719, 898.2252197265625, 1.0], [396.99493408203125, 916.3124999999999, 1.0], [385.1503295898438, 933.6134033203126, 1.0], [465.298828125, 885.6427612304688, 1.0], [419.49969482421875, 921.8173828124999, 1.0], [404.49652099609364, 940.2978515625001, 1.0], [389.09851074218733, 957.9919433593751, 1.0], [476.3537902832031, 900.9776611328124, 1.0], [440.0303344726562, 927.3222045898436, 1.0], [423.0530700683594, 943.8366699218749, 1.0], [409.62918090820307, 957.5987548828125, 1.0], [487.0139465332031, 913.1669311523438, 1.0], [464.1143798828125, 934.0066528320311, 1.0], [449.11120605468744, 946.9822998046874, 1.0], [435.29248046875, 959.1715698242186, 1.0]], "head_box": [[743.0, 574.0], [954.0, 787.0]], "head_size": 213.0, "hand_box_center": [473.3926696777344, 901.5674438476562], "is_left": 1, "is_mpii": 1}