{"mpii_image": "094099893.jpg", "mpii_annorect_idx": 0, "mpii_body_pts": [[992.0, 667.0, 1.0], [1024.0, 371.0, 1.0], [1046.0284423828125, 332.2037048339844, 0.0], [1135.9715576171875, 173.79629516601562, 0.0], [901.0, 1061.0, 1.0], [907.0, 877.0, 1.0], [929.0, 662.0, 1.0], [1054.0, 671.0, 1.0], [1070.0, 886.0, 1.0], [1051.0, 1061.0, 1.0], [879.0, 591.0, 1.0], [815.0, 462.0, 1.0], [907.0, 351.0, 1.0], [1141.0, 391.0, 1.0], [1147.0, 530.0, 1.0], [1128.0, 579.0, 0.0]], "hand_pts": [[1128.0, 579.0, 1.0], [1134.7578125, 582.6215209960938, 1.0], [1136.4188232421877, 576.3381958007811, 1.0], [1131.103515625, 571.3776855468751, 1.0], [1119.8084716796875, 568.7320556640625, 1.0], [1154.3581542968748, 591.8811645507812, 1.0], [1146.3851318359373, 606.7626953124999, 1.0], [1139.740966796875, 597.8337402343751, 1.0], [1132.1002197265625, 588.9048461914061, 1.0], [1127.44921875, 609.0775756835938, 1.0], [1125.4559326171875, 597.5030517578126, 1.0], [1119.1440429687498, 587.9127197265625, 1.0], [1110.8387451171875, 575.3460693359373, 1.0], [1115.48974609375, 610.400390625, 1.0], [1107.848876953125, 600.1486816406251, 1.0], [1103.5301513671877, 587.2513427734375, 1.0], [1099.8758544921877, 577.6610107421875, 1.0], [1100.540283203125, 609.7390136718751, 1.0], [1096.2215576171877, 599.1565551757811, 1.0], [1093.2316894531252, 586.5899047851562, 1.0], [1092.5672607421877, 578.9838256835938, 1.0]], "head_box": [[1020.0, 164.0], [1162.0, 342.0]], "head_size": 178.0, "hand_box_center": [1123.4627075195312, 589.5662231445312], "is_left": 1, "is_mpii": 1}