{"mpii_image": "094470905.jpg", "mpii_annorect_idx": 0, "mpii_body_pts": [[1008.0, 657.0, 0.0], [1042.0, 350.0, 1.0], [1042.4388427734375, 308.0235900878906, 0.0], [1044.5611572265625, 104.97640228271484, 0.0], [801.0, 997.0, 1.0], [823.0, 631.0, 1.0], [969.0, 662.0, 0.0], [1046.0, 652.0, 0.0], [1164.0, 655.0, 1.0], [1161.0, 1031.0, 1.0], [873.0, 575.0, 0.0], [882.0, 510.0, 1.0], [913.0, 342.0, 1.0], [1170.0, 358.0, 1.0], [1180.0, 547.0, 1.0], [1090.0, 600.0, 1.0]], "hand_pts": [[1090.0, 600.0, 1.0], [1072.3590087890625, 595.2612915039061, 1.0], [1032.9173583984375, 591.9324951171875, 1.0], [1017.5416870117186, 569.6293945312501, 1.0], [1002.5003662109375, 542.3330078124999, 1.0], [1053.9752197265627, 583.9432983398438, 1.0], [1068.0137939453125, 580.6145019531251, 1.0], [1065.0054931640627, 567.2991943359375, 1.0], [1048.627197265625, 569.2965087890625, 1.0], [1078.7098388671875, 602.2518310546876, 1.0], [1070.019287109375, 600.9202880859373, 1.0], [1065.6740722656248, 604.9148559570314, 1.0], [1052.303955078125, 616.23291015625, 1.0], [1079.0440673828125, 612.5711669921875, 1.0], [1057.6519775390623, 630.5468139648438, 1.0], [1041.2735595703125, 640.2003784179689, 1.0], [1028.2377929687502, 647.5238037109375, 1.0], [1089.0716552734375, 631.2125854492188, 1.0], [1066.6767578125, 654.1814575195314, 1.0], [1048.2928466796873, 662.5035400390626, 1.0], [1030.5775146484375, 669.826904296875, 1.0]], "head_box": [[966.0, 106.0], [1121.0, 307.0]], "head_size": 201.0, "hand_box_center": [1046.2501831054688, 606.0799560546875], "is_left": 1, "is_mpii": 1}