{"mpii_image": "094645809.jpg", "mpii_annorect_idx": 0, "mpii_body_pts": [[636.0, 402.0, 0.0], [383.0, 404.0, 0.0], [341.9833068847656, 404.0, 0.0], [183.01669311523438, 404.0, 0.0], [645.0, 339.0, 0.0], [717.0, 533.0, 1.0], [619.0, 433.0, 0.0], [653.0, 370.0, 1.0], [856.0, 514.0, 1.0], [795.0, 302.0, 1.0], [501.0, 344.0, 0.0], [421.0, 372.0, 0.0], [327.0, 429.0, 0.0], [438.0, 379.0, 1.0], [586.0, 315.0, 1.0], [714.0, 302.0, 1.0]], "hand_pts": [[714.0, 302.0, 1.0], [725.6337890625001, 315.28192138671875, 1.0], [741.3945922851562, 324.21112060546875, 1.0], [748.4597778320312, 319.88180541992193, 1.0], [750.3619384765625, 311.7643737792969, 1.0], [760.68798828125, 317.175994873047, 1.0], [772.1010131835936, 309.05856323242193, 1.0], [776.4487915039062, 303.3763427734375, 1.0], [779.1661987304686, 298.505859375, 1.0], [760.1445312500001, 310.95263671875, 1.0], [775.3618774414061, 305.2704162597656, 1.0], [781.068359375, 299.58819580078125, 1.0], [784.8726806640625, 295.25888061523443, 1.0], [761.2315063476564, 302.29400634765625, 1.0], [775.3618774414061, 299.317626953125, 1.0], [782.4270629882811, 297.6941223144532, 1.0], [789.7639770507814, 296.0706481933595, 1.0], [757.9706420898438, 294.17657470703125, 1.0], [769.6553344726564, 292.2825012207031, 1.0], [776.9923095703126, 290.388427734375, 1.0], [781.61181640625, 289.03552246093744, 1.0]], "head_box": [[193.0, 333.0], [332.0, 475.0]], "head_size": 142.0, "hand_box_center": [751.8819885253906, 306.6233215332031], "is_left": 1, "is_mpii": 1}