{"mpii_image": "095106544.jpg", "mpii_annorect_idx": 0, "mpii_body_pts": [[426.0, 556.0, 1.0], [474.0, 354.0, 1.0], [479.154296875, 330.5195007324219, 0.0], [513.845703125, 172.48049926757812, 0.0], [340.0, 685.0, 1.0], [557.0, 710.0, 1.0], [367.0, 580.0, 1.0], [485.0, 532.0, 1.0], [613.0, 499.0, 1.0], [499.0, 648.0, 0.0], [661.0, 532.0, 1.0], [520.0, 497.0, 1.0], [429.0, 371.0, 1.0], [518.0, 336.0, 1.0], [609.0, 396.0, 1.0], [735.0, 437.0, 1.0]], "hand_pts": [[735.0, 437.0, 1.0], [755.3004150390625, 436.02395629882807, 1.0], [774.1888427734376, 436.5771179199219, 1.0], [791.6884765625002, 444.5980529785155, 1.0], [806.6881103515626, 443.21514892578125, 1.0], [787.5219116210938, 449.85317993164057, 1.0], [796.966125488281, 454.55511474609364, 1.0], [806.9658813476564, 451.23608398437494, 1.0], [811.9657592773439, 444.32147216796875, 1.0], [783.9108276367188, 453.4487609863281, 1.0], [796.1328125, 464.23556518554693, 1.0], [806.4103393554688, 457.3209533691406, 1.0], [813.91015625, 450.12976074218744, 1.0], [778.9109497070312, 458.70385742187494, 1.0], [792.5217895507814, 469.7672424316406, 1.0], [805.5770263671876, 463.958984375, 1.0], [811.9657592773439, 458.70385742187494, 1.0], [776.9665527343749, 463.958984375, 1.0], [793.3551025390625, 460.91653442382807, 1.0], [799.7438354492189, 457.59753417968744, 1.0], [804.4659423828124, 450.4063415527343, 1.0]], "head_box": [[434.0, 172.0], [559.0, 331.0]], "head_size": 159.0, "hand_box_center": [774.455078125, 452.8955993652344], "is_left": 1, "is_mpii": 1}