{"mpii_image": "095154215.jpg", "mpii_annorect_idx": 0, "mpii_body_pts": [[657.0, 367.0, 0.0], [926.0, 496.0, 0.0], [949.3934936523438, 474.5668029785156, 0.0], [723.6065063476562, 681.4332275390625, 0.0], [286.0, 904.0, 1.0], [426.0, 612.0, 0.0], [662.0, 364.0, 0.0], [652.0, 370.0, 1.0], [417.0, 649.0, 1.0], [296.0, 953.0, 1.0], [1034.0, 932.0, 1.0], [1025.0, 736.0, 1.0], [944.0, 494.0, 0.0], [907.0, 497.0, 1.0], [969.0, 807.0, 1.0], [975.0, 1053.0, 1.0]], "hand_pts": [[975.0, 1053.0, 1.0], [960.8344726562501, 1043.14208984375, 1.0], [960.3109741210938, 1033.7598876953125, 1.0], [948.7948608398439, 1028.0263671875002, 1.0], [928.9033203125, 1034.8023681640625, 1.0], [927.8564453124999, 1038.9721679687502, 1.0], [901.159912109375, 1034.2811279296875, 1.0], [880.2214965820312, 1036.8873291015625, 1.0], [870.7991943359375, 1036.3660888671875, 1.0], [923.145263671875, 1045.2270507812505, 1.0], [883.8857421875, 1044.705810546875, 1.0], [864.5177001953124, 1045.2270507812505, 1.0], [844.1027221679688, 1046.7906494140625, 1.0], [914.7698974609375, 1053.0455322265625, 1.0], [885.9795532226564, 1054.0880126953123, 1.0], [863.9942016601564, 1054.0880126953123, 1.0], [846.7200317382814, 1054.6092529296875, 1.0], [915.293395996094, 1062.427734375, 1.0], [894.3549194335936, 1061.3852539062502, 1.0], [876.5572509765625, 1064.5125732421877, 1.0], [861.900390625, 1065.5550537109377, 1.0]], "head_box": [[706.0, 438.0], [967.0, 718.0]], "head_size": 280.0, "hand_box_center": [909.5513610839844, 1046.790710449219], "is_left": 1, "is_mpii": 1}