{"mpii_image": "095154215.jpg", "mpii_annorect_idx": 0, "mpii_body_pts": [[657.0, 367.0, 0.0], [926.0, 496.0, 0.0], [949.3934936523438, 474.5668029785156, 0.0], [723.6065063476562, 681.4332275390625, 0.0], [286.0, 904.0, 1.0], [426.0, 612.0, 0.0], [662.0, 364.0, 0.0], [652.0, 370.0, 1.0], [417.0, 649.0, 1.0], [296.0, 953.0, 1.0], [1034.0, 932.0, 1.0], [1025.0, 736.0, 1.0], [944.0, 494.0, 0.0], [907.0, 497.0, 1.0], [969.0, 807.0, 1.0], [975.0, 1053.0, 1.0]], "hand_pts": [[1034.0, 932.0, 1.0], [1035.3857421875, 953.11083984375, 1.0], [1009.6260986328125, 965.1504516601564, 1.0], [989.649169921875, 973.0023193359374, 1.0], [975.4550781249999, 976.1431274414061, 1.0], [978.6093139648439, 955.7281494140625, 1.0], [959.1582031249999, 960.4392700195312, 1.0], [946.0155029296876, 969.861572265625, 1.0], [933.9241943359374, 976.6665649414061, 1.0], [970.1979980468751, 948.9231567382812, 1.0], [948.6440429687501, 955.7281494140625, 1.0], [928.6671752929686, 966.7208251953124, 1.0], [914.9987792968752, 971.9554443359374, 1.0], [965.9923706054688, 946.3058471679688, 1.0], [944.9640502929686, 953.11083984375, 1.0], [922.3586425781251, 960.9627685546875, 1.0], [912.8959350585939, 965.6738891601565, 1.0], [958.6324462890625, 945.2589111328125, 1.0], [942.8612670898435, 948.399658203125, 1.0], [931.2957153320314, 953.63427734375, 1.0], [921.3072509765625, 956.2515869140625, 1.0]], "head_box": [[706.0, 438.0], [967.0, 718.0]], "head_size": 280.0, "hand_box_center": [974.1408386230469, 954.3332824707031], "is_left": 0, "is_mpii": 1}