{"mpii_image": "095396523.jpg", "mpii_annorect_idx": 0, "mpii_body_pts": [[627.0, 130.0, 0.0], [506.0, 170.0, 0.0], [489.3268127441406, 177.80650329589844, 0.0], [349.6731872558594, 243.19349670410156, 0.0], [619.0, 516.0, 1.0], [588.0, 299.0, 0.0], [578.0, 146.0, 0.0], [675.0, 113.0, 1.0], [657.0, 295.0, 1.0], [677.0, 539.0, 1.0], [483.0, 435.0, 1.0], [477.0, 301.0, 1.0], [441.0, 171.0, 0.0], [570.0, 168.0, 1.0], [597.0, 290.0, 1.0], [537.0, 439.0, 1.0]], "hand_pts": [[537.0, 439.0, 1.0], [511.1311950683593, 442.49493408203125, 1.0], [489.5554809570313, 445.5284423828125, 1.0], [479.4021911621093, 460.44314575195307, 1.0], [478.3868713378906, 474.5994873046875, 1.0], [512.400390625, 479.14974975585943, 1.0], [500.97793579101557, 500.6370544433594, 1.0], [494.3782958984375, 512.5182495117188, 1.0], [490.3169860839844, 521.6187744140626, 1.0], [526.3611450195311, 483.1944274902344, 1.0], [524.3304443359374, 504.9345092773437, 1.0], [524.3304443359374, 517.5740966796877, 1.0], [514.9386596679688, 519.5964355468752, 1.0], [536.0067749023439, 479.40252685546875, 1.0], [525.0919799804688, 495.3284301757813, 1.0], [513.161865234375, 511.5071105957031, 1.0], [507.32373046874994, 509.73754882812494, 1.0], [543.6217041015625, 475.8634643554688, 1.0], [527.6303100585939, 489.51422119140636, 1.0], [520.5230102539062, 495.58120727539057, 1.0], [513.161865234375, 499.62588500976574, 1.0]], "head_box": [[356.0, 138.0], [483.0, 283.0]], "head_size": 145.0, "hand_box_center": [511.00428771972656, 480.3093872070313], "is_left": 1, "is_mpii": 1}