{"mpii_image": "095396523.jpg", "mpii_annorect_idx": 0, "mpii_body_pts": [[627.0, 130.0, 0.0], [506.0, 170.0, 0.0], [489.3268127441406, 177.80650329589844, 0.0], [349.6731872558594, 243.19349670410156, 0.0], [619.0, 516.0, 1.0], [588.0, 299.0, 0.0], [578.0, 146.0, 0.0], [675.0, 113.0, 1.0], [657.0, 295.0, 1.0], [677.0, 539.0, 1.0], [483.0, 435.0, 1.0], [477.0, 301.0, 1.0], [441.0, 171.0, 0.0], [570.0, 168.0, 1.0], [597.0, 290.0, 1.0], [537.0, 439.0, 1.0]], "hand_pts": [[483.0, 435.0, 1.0], [498.16867065429693, 441.98706054687494, 1.0], [510.87551879882807, 450.1584777832031, 1.0], [514.0522460937498, 459.12072753906256, 1.0], [513.5227661132811, 468.3465270996094, 1.0], [473.5491333007813, 472.036865234375, 1.0], [477.52001953124994, 493.3880310058594, 1.0], [479.6378479003906, 508.41296386718744, 1.0], [482.5498352050781, 519.2203369140626, 1.0], [464.2837219238281, 474.40921020507807, 1.0], [473.5491333007813, 494.70602416992193, 1.0], [476.9905700683593, 507.094970703125, 1.0], [478.5789489746093, 516.5844116210939, 1.0], [459.5186462402343, 468.8737182617187, 1.0], [472.49023437499994, 493.6516418457032, 1.0], [477.7847595214843, 507.6221618652344, 1.0], [479.6378479003906, 515.7936401367189, 1.0], [461.1069946289063, 471.5096740722656, 1.0], [472.2254943847657, 491.5428771972657, 1.0], [476.7258605957032, 502.3502807617188, 1.0], [478.84365844726557, 509.7309265136719, 1.0]], "head_box": [[356.0, 138.0], [483.0, 283.0]], "head_size": 145.0, "hand_box_center": [486.7854461669921, 477.1101684570313], "is_left": 0, "is_mpii": 1}