{"mpii_image": "095419073.jpg", "mpii_annorect_idx": 0, "mpii_body_pts": [[1134.0, 505.0, 1.0], [1163.0, 222.0, 1.0], [1162.437744140625, 180.95089721679688, 0.0], [1160.562255859375, 44.04909896850586, 0.0], [1064.0, 838.0, 1.0], [1043.0, 667.0, 0.0], [1076.0, 509.0, 1.0], [1192.0, 501.0, 1.0], [1189.0, 674.0, 1.0], [1163.0, 857.0, 1.0], [997.0, 374.0, 1.0], [1016.0, 328.0, 1.0], [1048.0, 210.0, 1.0], [1278.0, 234.0, 1.0], [1293.0, 328.0, 1.0], [1250.0, 319.0, 1.0]], "hand_pts": [[1250.0, 319.0, 1.0], [1251.2595214843752, 306.8616333007813, 1.0], [1247.5148925781248, 292.17974853515636, 1.0], [1236.9830322265623, 279.36221313476574, 1.0], [1234.4085693359377, 269.1081848144532, 1.0], [1247.5148925781248, 302.89987182617193, 1.0], [1232.770263671875, 288.68405151367193, 1.0], [1224.5787353515625, 280.5274353027344, 1.0], [1226.4510498046875, 287.9849243164063, 1.0], [1235.812744140625, 310.82342529296875, 1.0], [1221.0681152343748, 293.8110656738282, 1.0], [1213.1107177734375, 285.88751220703125, 1.0], [1221.3021240234373, 285.1883544921874, 1.0], [1227.38720703125, 316.6495666503907, 1.0], [1217.3234863281248, 304.5311889648437, 1.0], [1208.1958007812502, 296.1415100097657, 1.0], [1213.1107177734375, 291.7136535644531, 1.0], [1221.3021240234373, 322.47570800781244, 1.0], [1211.7064208984373, 313.61996459960943, 1.0], [1207.7277832031252, 306.8616333007813, 1.0], [1205.3873291015625, 302.4337768554687, 1.0]], "head_box": [[1113.0, 42.0], [1210.0, 183.0]], "head_size": 141.0, "hand_box_center": [1228.3234252929688, 295.7919464111328], "is_left": 1, "is_mpii": 1}