{"mpii_image": "095661462.jpg", "mpii_annorect_idx": 0, "mpii_body_pts": [[956.0, 266.0, 0.0], [687.0, 324.0, 0.0], [682.6701049804688, 323.90850830078125, 0.0], [549.3298950195312, 321.09149169921875, 0.0], [1062.0, 481.0, 0.0], [884.0, 466.0, 0.0], [963.0, 259.0, 0.0], [948.0, 272.0, 1.0], [865.0, 475.0, 1.0], [1072.0, 487.0, 1.0], [510.0, 537.0, 0.0], [617.0, 446.0, 0.0], [685.0, 305.0, 0.0], [688.0, 342.0, 1.0], [611.0, 460.0, 1.0], [506.0, 559.0, 1.0]], "hand_pts": [[512.4841918945311, 541.8095703125, 1.0], [503.47021484375, 544.1914672851562, 1.0], [495.5599975585937, 548.0391235351562, 1.0], [486.9139709472655, 550.0545654296875, 1.0], [479.3716735839844, 553.5357666015625, 1.0], [481.0272827148438, 548.7719726562502, 1.0], [459.504150390625, 550.6041870117188, 1.0], [447.17895507812494, 550.9706420898438, 1.0], [435.40560913085943, 550.6041870117188, 1.0], [481.5791625976563, 546.0236816406251, 1.0], [465.9427185058594, 547.3062133789061, 1.0], [450.122283935547, 548.0391235351562, 1.0], [439.4526977539063, 548.4055786132812, 1.0], [483.9706420898438, 543.8250122070312, 1.0], [469.9897766113281, 546.0236816406251, 1.0], [458.9522705078125, 546.5733642578127, 1.0], [447.546875, 546.9397583007812, 1.0], [483.05084228515636, 544.5579223632811, 1.0], [472.01333618164057, 546.39013671875, 1.0], [463.5512390136719, 546.5733642578127, 1.0], [458.0325012207031, 546.7565307617188, 1.0]], "head_box": [[562.0, 259.0], [670.0, 386.0]], "head_size": 127.0, "hand_box_center": [473.9449005126953, 547.6726684570312], "is_left": 0, "is_mpii": 1}