{"mpii_image": "095667554.jpg", "mpii_annorect_idx": 0, "mpii_body_pts": [[1142.0, 601.0, 1.0], [955.0, 454.0, 0.0], [939.4238891601562, 446.46649169921875, 0.0], [817.5761108398438, 387.53350830078125, 0.0], [1169.0, 963.0, 0.0], [1160.0, 802.0, 1.0], [1174.0, 588.0, 1.0], [1109.0, 614.0, 1.0], [1061.0, 848.0, 1.0], [1080.0, 1004.0, 0.0], [953.0, 619.0, 1.0], [1025.0, 523.0, 0.0], [986.0, 420.0, 0.0], [924.0, 487.0, 1.0], [840.0, 600.0, 1.0], [715.0, 672.0, 1.0]], "hand_pts": [[730.1366577148436, 671.3677978515624, 1.0], [697.2821044921875, 666.9904785156251, 1.0], [679.4666137695311, 668.1424560546875, 1.0], [666.0471801757811, 679.6616821289061, 1.0], [656.56103515625, 681.5047607421876, 1.0], [675.302001953125, 684.2694091796876, 1.0], [662.8080444335938, 693.484802246094, 1.0], [654.9414672851561, 694.63671875, 1.0], [651.2395019531251, 689.5682373046875, 1.0], [679.2352905273439, 691.4113159179688, 1.0], [665.3530883789062, 698.7836914062501, 1.0], [657.0237426757814, 697.6317138671876, 1.0], [653.7846069335939, 692.7936401367189, 1.0], [686.1763916015626, 699.7052001953124, 1.0], [669.0549926757812, 703.6217651367188, 1.0], [662.1138916015626, 701.3179321289061, 1.0], [658.8747558593751, 696.7102050781251, 1.0], [691.9606323242186, 705.9255981445311, 1.0], [678.7725219726564, 704.5432739257812, 1.0], [675.7647094726564, 702.4698486328125, 1.0], [672.2941894531251, 699.4748535156251, 1.0]], "head_box": [[831.0, 347.0], [926.0, 487.0]], "head_size": 140.0, "hand_box_center": [690.6880798339844, 686.4580383300781], "is_left": 1, "is_mpii": 1}