{"mpii_image": "095811353.jpg", "mpii_annorect_idx": 0, "mpii_body_pts": [[975.0, 839.0, 0.0], [946.0, 498.0, 1.0], [941.0166015625, 420.8663024902344, 0.0], [927.9833984375, 219.13369750976562, 0.0], [614.0, 966.0, 1.0], [767.0, 688.0, 1.0], [898.0, 852.0, 0.0], [1052.0, 825.0, 1.0], [1238.0, 910.0, 1.0], [944.0, 927.0, 1.0], [758.0, 685.0, 0.0], [830.0, 760.0, 0.0], [823.0, 499.0, 1.0], [1068.0, 496.0, 1.0], [1052.0, 721.0, 1.0], [905.0, 675.0, 1.0]], "hand_pts": [[745.0744018554688, 652.3674926757811, 1.0], [759.1328735351564, 637.4667968749999, 1.0], [758.8337402343751, 610.6455078124999, 1.0], [751.0567016601564, 599.9169311523438, 1.0], [743.8779296874999, 578.1619262695312, 1.0], [732.8106079101562, 619.2879028320312, 1.0], [728.3238525390626, 617.7978515625001, 1.0], [726.5291137695312, 624.3541259765625, 1.0], [726.2300415039062, 635.9766845703126, 1.0], [718.4530029296876, 633.5925903320312, 1.0], [707.6847534179689, 636.8707275390626, 1.0], [709.4794921875, 647.0032348632812, 1.0], [708.5821533203125, 657.7317504882812, 1.0], [709.7786254882812, 649.3873901367188, 1.0], [697.2156982421876, 647.5993041992188, 1.0], [699.3095092773439, 656.5397338867188, 1.0], [699.0103759765627, 664.8840942382814, 1.0], [705.8900756835938, 664.5861206054686, 1.0], [693.9254150390625, 661.60595703125, 1.0], [693.0280761718751, 665.4801635742188, 1.0], [693.0280761718751, 672.6325073242186, 1.0]], "head_box": [[856.0, 221.0], [1013.0, 419.0]], "head_size": 198.0, "hand_box_center": [726.0804748535157, 625.397216796875], "is_left": 0, "is_mpii": 1}