{"mpii_image": "095878664.jpg", "mpii_annorect_idx": 0, "mpii_body_pts": [[545.0, 476.0, 0.0], [555.0, 242.0, 0.0], [572.556396484375, 218.5915069580078, 0.0], [660.443603515625, 101.40850067138672, 0.0], [487.0, 901.0, 1.0], [535.0, 687.0, 1.0], [521.0, 475.0, 1.0], [569.0, 477.0, 0.0], [583.0, 682.0, 1.0], [552.0, 867.0, 1.0], [684.0, 388.0, 1.0], [590.0, 381.0, 1.0], [540.0, 242.0, 1.0], [569.0, 242.0, 0.0], [602.0, 345.0, 0.0], [662.0, 369.0, 0.0]], "hand_pts": [[684.0, 388.0, 1.0], [678.3174438476562, 371.2276306152344, 1.0], [675.0245971679688, 358.5808410644532, 1.0], [680.1990966796877, 348.27606201171875, 1.0], [692.4297485351564, 344.0604553222656, 1.0], [703.2491455078126, 349.6812438964844, 1.0], [717.8318481445311, 339.37646484375006, 1.0], [731.4737548828125, 335.6292724609375, 1.0], [741.82275390625, 333.28726196289057, 1.0], [708.8941040039061, 358.1124267578125, 1.0], [731.0032958984374, 357.1756286621094, 1.0], [731.4737548828125, 364.6700134277344, 1.0], [723.9472045898436, 364.6700134277344, 1.0], [715.0093994140625, 365.138427734375, 1.0], [737.11865234375, 364.6700134277344, 1.0], [733.3553466796876, 372.6328125, 1.0], [726.7696533203125, 371.6960144042968, 1.0], [723.4767456054688, 372.16442871093756, 1.0], [737.11865234375, 371.6960144042968, 1.0], [733.3553466796876, 377.78521728515625, 1.0], [728.6513061523438, 377.31680297851557, 1.0]], "head_box": [[564.0, 85.0], [669.0, 235.0]], "head_size": 150.0, "hand_box_center": [708.4236755371094, 360.6436309814453], "is_left": 0, "is_mpii": 1}