{"mpii_image": "095900709.jpg", "mpii_annorect_idx": 1, "mpii_body_pts": [[1036.0, 513.0, 0.0], [1076.0, 364.0, 1.0], [1064.922607421875, 384.0108947753906, 0.0], [1149.077392578125, 231.98910522460938, 0.0], [1001.0, 721.0, 1.0], [958.0, 634.0, 1.0], [990.0, 506.0, 0.0], [1082.0, 520.0, 0.0], [1068.0, 636.0, 1.0], [1111.0, 796.0, 1.0], [972.0, 573.0, 0.0], [955.0, 477.0, 0.0], [984.0, 346.0, 1.0], [1167.0, 381.0, 1.0], [1175.0, 520.0, 1.0], [1181.0, 648.0, 1.0]], "hand_pts": [[944.3286132812499, 601.1044311523439, 1.0], [954.8853149414062, 564.3524169921874, 1.0], [984.6361083984374, 537.1463623046875, 1.0], [1000.47119140625, 513.7587280273439, 1.0], [1014.3869018554686, 495.1440734863282, 1.0], [1014.8667602539061, 576.7622070312499, 1.0], [1053.7347412109373, 575.8076171874998, 1.0], [1069.1436767578123, 572.5980224609375, 1.0], [1082.0458984375, 567.6934814453126, 1.0], [1011.9876708984374, 598.2406616210938, 1.0], [1050.375732421875, 604.9228515625, 1.0], [1066.690673828125, 602.0590209960938, 1.0], [1076.2877197265627, 599.6725463867188, 1.0], [1008.6287231445312, 612.5596313476564, 1.0], [1028.3026123046875, 621.6282958984374, 1.0], [1048.456298828125, 623.5374755859374, 1.0], [1054.694458007812, 618.7645263671876, 1.0], [996.1525878906249, 620.1964111328125, 1.0], [1004.3100585937499, 631.1742553710939, 1.0], [1012.4675292968749, 631.6515502929686, 1.0], [1014.8667602539061, 628.7877807617189, 1.0]], "head_box": [[1042.0, 221.0], [1172.0, 395.0]], "head_size": 174.0, "hand_box_center": [1013.187255859375, 563.3978118896484], "is_left": 0, "is_mpii": 1}