{"mpii_image": "096278651.jpg", "mpii_annorect_idx": 3, "mpii_body_pts": [[748.0, 669.0, 0.0], [689.0, 652.0, 1.0], [588.0, 664.0, 0.0], [622.0, 632.0, 0.0], [763.0, 588.0, 1.0], [746.0, 669.0, 1.0], [605.0, 648.0, 0.0], [612.0, 496.0, 0.0], [618.0, 465.0, 0.0], [649.0, 333.0, 0.0], [696.0, 630.0, 0.0], [593.0, 622.0, 0.0], [580.0, 514.0, 1.0], [644.0, 477.0, 0.0], [649.0, 583.0, 0.0], [696.0, 622.0, 0.0]], "hand_pts": [[694.2677612304688, 624.1490478515625, 1.0], [707.6731567382814, 619.0858764648439, 1.0], [711.8334350585939, 608.4992675781251, 1.0], [721.7719116210939, 597.6824951171876, 1.0], [734.9461669921874, 600.9044799804688, 1.0], [728.7057495117189, 609.880126953125, 1.0], [741.8800048828124, 607.1184082031251, 1.0], [738.8753662109375, 615.1734008789064, 1.0], [735.8707275390626, 622.998291015625, 1.0], [739.3375854492186, 623.6887207031251, 1.0], [756.4410400390625, 622.0777587890625, 1.0], [746.5025634765625, 627.8313598632811, 1.0], [739.1065063476564, 631.2835083007814, 1.0], [744.1912841796876, 631.5136108398438, 1.0], [756.4410400390625, 632.4342041015624, 1.0], [750.8939819335939, 638.4179687499999, 1.0], [739.7998657226564, 639.798828125, 1.0], [745.1157836914062, 639.5686645507812, 1.0], [754.1297607421876, 639.3385009765626, 1.0], [749.7383422851564, 647.3935546875, 1.0], [742.3422851562499, 649.6950073242188, 1.0]], "head_box": [[575.0, 339.0], [693.0, 460.0]], "head_size": 121.0, "hand_box_center": [725.3544006347656, 623.6887512207031], "is_left": 1, "is_mpii": 1}