{"mpii_image": "096278651.jpg", "mpii_annorect_idx": 2, "mpii_body_pts": [[614.0, 773.0, 0.0], [548.0, 821.0, 1.0], [367.0, 795.0, 1.0], [444.0, 744.0, 0.0], [643.0, 702.0, 1.0], [598.0, 808.0, 0.0], [406.0, 770.0, 0.0], [444.0, 562.0, 0.0], [449.0, 542.0, 0.0], [497.0, 361.0, 0.0], [590.0, 617.0, 1.0], [537.0, 742.0, 1.0], [407.0, 574.0, 1.0], [481.0, 550.0, 0.0], [606.0, 678.0, 1.0], [622.0, 569.0, 0.0]], "hand_pts": [[629.5849609375001, 570.0275268554685, 1.0], [613.4614868164061, 556.5949096679689, 1.0], [599.6832885742189, 543.1622924804685, 1.0], [588.2503051757812, 524.4734497070314, 1.0], [577.4036254882811, 512.2089233398439, 1.0], [623.1355590820311, 519.2172241210936, 1.0], [624.6013183593751, 492.9360656738281, 1.0], [625.7739868164064, 479.5034790039063, 1.0], [628.7055053710939, 462.85873413085943, 1.0], [636.6206665039061, 519.50927734375, 1.0], [640.1384887695314, 492.35205078125, 1.0], [643.3631591796875, 476.8753662109375, 1.0], [648.0536499023438, 459.6466064453125, 1.0], [648.0536499023438, 523.597412109375, 1.0], [654.7962036132812, 500.8204345703125, 1.0], [658.0208740234375, 487.3878173828125, 1.0], [660.3660888671875, 473.0791931152344, 1.0], [660.9523925781251, 534.6939086914062, 1.0], [672.9716796875, 521.8453369140625, 1.0], [681.1799926757814, 513.6690063476564, 1.0], [688.2156982421876, 504.90859985351557, 1.0]], "head_box": [[396.0, 364.0], [551.0, 540.0]], "head_size": 176.0, "hand_box_center": [632.8096618652344, 514.8370666503905], "is_left": 1, "is_mpii": 1}