{"mpii_image": "096278651.jpg", "mpii_annorect_idx": 5, "mpii_body_pts": [[439.0, 925.0, 0.0], [362.0, 937.0, 1.0], [64.0, 1011.0, 1.0], [181.0, 905.0, 0.0], [439.0, 821.0, 1.0], [432.0, 1016.0, 1.0], [123.0, 958.0, 0.0], [125.0, 581.0, 0.0], [124.0, 578.0, 0.0], [67.0, 360.0, 0.0], [381.0, 220.0, 1.0], [268.0, 362.0, 1.0], [119.0, 542.0, 1.0], [131.0, 619.0, 0.0], [237.0, 735.0, 0.0], [347.0, 723.0, 1.0]], "hand_pts": [[355.45446777343756, 732.9269409179688, 1.0], [351.1256713867188, 725.3839721679689, 1.0], [354.37225341796875, 715.1470336914061, 1.0], [367.8996887207032, 708.681640625, 1.0], [378.1805114746093, 703.8325805664062, 1.0], [372.22845458984375, 682.8200073242186, 1.0], [391.1668395996094, 707.0653076171876, 1.0], [392.7901306152343, 718.9185791015625, 1.0], [392.7901306152343, 730.7717895507815, 1.0], [384.6736755371094, 681.20361328125, 1.0], [399.2832946777344, 705.4489135742188, 1.0], [397.1189270019531, 718.3797607421876, 1.0], [392.24905395507807, 732.38818359375, 1.0], [396.57781982421875, 681.20361328125, 1.0], [413.35183715820307, 696.828369140625, 1.0], [413.35183715820307, 709.220458984375, 1.0], [412.81072998046875, 717.8410034179686, 1.0], [407.94085693359375, 687.1302490234374, 1.0], [423.09158325195307, 690.9017333984375, 1.0], [427.96142578124994, 695.7507934570314, 1.0], [430.66693115234375, 704.3713989257812, 1.0]], "head_box": [[5.0, 362.0], [187.0, 577.0]], "head_size": 215.0, "hand_box_center": [390.89630126953125, 707.0652770996094], "is_left": 1, "is_mpii": 1}