{"mpii_image": "096278651.jpg", "mpii_annorect_idx": 3, "mpii_body_pts": [[748.0, 669.0, 0.0], [689.0, 652.0, 1.0], [588.0, 664.0, 0.0], [622.0, 632.0, 0.0], [763.0, 588.0, 1.0], [746.0, 669.0, 1.0], [605.0, 648.0, 0.0], [612.0, 496.0, 0.0], [618.0, 465.0, 0.0], [649.0, 333.0, 0.0], [696.0, 630.0, 0.0], [593.0, 622.0, 0.0], [580.0, 514.0, 1.0], [644.0, 477.0, 0.0], [649.0, 583.0, 0.0], [696.0, 622.0, 0.0]], "hand_pts": [[696.1441650390625, 638.4093017578126, 1.0], [710.0713500976564, 630.0887451171877, 1.0], [714.9458618164061, 617.1455688476562, 1.0], [726.0875854492188, 607.669372558594, 1.0], [735.6044921875, 600.5044555664064, 1.0], [736.9971923828124, 626.1595458984374, 1.0], [751.156494140625, 611.367431640625, 1.0], [740.2468872070314, 609.74951171875, 1.0], [734.676025390625, 615.9899291992186, 1.0], [739.5504760742188, 635.6358032226564, 1.0], [756.9594726562501, 625.2350463867188, 1.0], [752.5491943359374, 619.2257690429688, 1.0], [743.9607543945311, 623.8482666015624, 1.0], [738.1577758789062, 642.8007202148438, 1.0], [755.3345947265625, 637.253662109375, 1.0], [750.9243774414062, 633.3245239257811, 1.0], [744.6571044921874, 634.4801635742188, 1.0], [739.5504760742188, 648.1166381835936, 1.0], [750.4600830078125, 643.9563598632811, 1.0], [746.0498657226562, 642.5695800781251, 1.0], [742.1038208007812, 644.1875, 1.0]], "head_box": [[575.0, 339.0], [693.0, 460.0]], "head_size": 121.0, "hand_box_center": [726.5518188476562, 624.310546875], "is_left": 0, "is_mpii": 1}