{"mpii_image": "096595021.jpg", "mpii_annorect_idx": 1, "mpii_body_pts": [[764.0, 554.0, 0.0], [750.0, 327.0, 0.0], [742.6666870117188, 303.0701904296875, 0.0], [700.3333129882812, 164.92979431152344, 0.0], [667.0, 636.0, 0.0], [667.0, 495.0, 0.0], [774.0, 539.0, 0.0], [754.0, 568.0, 1.0], [580.0, 549.0, 1.0], [661.0, 702.0, 1.0], [692.0, 402.0, 0.0], [741.0, 429.0, 0.0], [741.0, 324.0, 0.0], [758.0, 330.0, 1.0], [750.0, 487.0, 1.0], [642.0, 421.0, 1.0]], "hand_pts": [[692.0, 402.0, 1.0], [675.300537109375, 366.96765136718744, 1.0], [684.2022705078126, 368.9373779296874, 1.0], [684.531982421875, 377.4727783203125, 1.0], [683.8726196289061, 386.6647338867188, 1.0], [667.387939453125, 373.8616333007813, 1.0], [667.387939453125, 383.38189697265625, 1.0], [671.3442382812499, 395.85671997070307, 1.0], [674.6411743164062, 403.40725708007807, 1.0], [660.7940673828125, 380.755615234375, 1.0], [661.4534301757812, 395.85671997070307, 1.0], [665.4097290039061, 403.73556518554693, 1.0], [670.3551635742186, 410.9578247070313, 1.0], [659.8049316406251, 386.9930419921874, 1.0], [658.4862060546875, 396.8415832519531, 1.0], [661.7831420898439, 407.3466796875, 1.0], [667.7175903320312, 414.2406616210938, 1.0], [658.156494140625, 390.6041564941406, 1.0], [657.8267822265626, 399.1395568847657, 1.0], [659.4752807617188, 406.3618469238282, 1.0], [663.4315795898438, 411.6143798828125, 1.0]], "head_box": [[667.0, 162.0], [776.0, 306.0]], "head_size": 144.0, "hand_box_center": [674.9133911132812, 390.6041564941406], "is_left": 0, "is_mpii": 1}