{"mpii_image": "096665000.jpg", "mpii_annorect_idx": 0, "mpii_body_pts": [[563.0, 266.0, 0.0], [648.0, 246.0, 1.0], [639.6469116210938, 254.65139770507812, 0.0], [740.3530883789062, 150.34860229492188, 0.0], [460.0, 373.0, 1.0], [537.0, 464.0, 1.0], [512.0, 270.0, 1.0], [613.0, 262.0, 0.0], [657.0, 435.0, 1.0], [576.0, 342.0, 0.0], [623.0, 537.0, 1.0], [584.0, 417.0, 1.0], [563.0, 249.0, 1.0], [733.0, 243.0, 1.0], [743.0, 388.0, 1.0], [756.0, 508.0, 1.0]], "hand_pts": [[622.7330322265627, 531.0555419921875, 1.0], [639.57666015625, 538.6187133789064, 1.0], [658.0206298828123, 545.8759765625001, 1.0], [671.2537231445312, 553.2243652343751, 1.0], [672.7722778320312, 565.9758300781252, 1.0], [658.237548828125, 555.8178710937499, 1.0], [667.3488769531251, 572.2435302734376, 1.0], [672.1214599609375, 582.1854248046875, 1.0], [674.9415893554686, 589.3176269531249, 1.0], [646.5230102539062, 560.5726928710938, 1.0], [655.4173583984374, 578.2951049804688, 1.0], [658.237548828125, 588.0208740234375, 1.0], [659.1052856445312, 596.4498291015624, 1.0], [631.7713623046876, 565.3274536132811, 1.0], [633.7238159179689, 583.6983032226565, 1.0], [636.110107421875, 591.4788818359375, 1.0], [638.0624999999999, 597.3143310546876, 1.0], [619.6229248046874, 562.7339477539062, 1.0], [618.7551879882812, 574.4048461914061, 1.0], [622.4957885742189, 582.5798339843751, 1.0], [627.0032348632812, 587.3068237304686, 1.0]], "head_box": [[637.0, 129.0], [743.0, 276.0]], "head_size": 147.0, "hand_box_center": [646.848388671875, 564.1849365234375], "is_left": 0, "is_mpii": 1}