{"mpii_image": "096890172.jpg", "mpii_annorect_idx": 0, "mpii_body_pts": [[503.0, 551.0, 0.0], [510.0, 319.0, 1.0], [511.12060546875, 335.1361083984375, 0.0], [498.87939453125, 158.86390686035156, 0.0], [407.0, 658.0, 1.0], [335.0, 529.0, 1.0], [466.0, 545.0, 0.0], [540.0, 556.0, 0.0], [609.0, 509.0, 1.0], [601.0, 665.0, 1.0], [330.0, 506.0, 1.0], [351.0, 434.0, 1.0], [405.0, 310.0, 1.0], [615.0, 328.0, 1.0], [581.0, 464.0, 1.0], [456.0, 573.0, 1.0]], "hand_pts": [[456.0, 573.0, 1.0], [442.2106018066406, 564.6461791992186, 1.0], [415.02645874023426, 559.2324829101564, 1.0], [391.4668884277344, 574.2705078125, 1.0], [384.5198364257813, 588.4062499999999, 1.0], [407.4753112792968, 561.3378295898436, 1.0], [384.5198364257813, 587.2032470703126, 1.0], [379.08300781249994, 602.2412719726564, 1.0], [372.7400512695313, 614.8731689453125, 1.0], [415.32852172851557, 568.5560913085938, 1.0], [392.97711181640625, 596.2260131835936, 1.0], [383.0096130371094, 613.9708862304689, 1.0], [374.25027465820307, 627.2044067382814, 1.0], [424.389892578125, 579.3834228515625, 1.0], [402.94464111328136, 605.2488403320314, 1.0], [394.78939819335943, 619.0838623046876, 1.0], [386.0300598144531, 632.9188232421876, 1.0], [434.6594543457032, 592.0153808593751, 1.0], [417.744873046875, 609.76025390625, 1.0], [407.1732788085937, 621.4899291992186, 1.0], [398.11190795898426, 630.5127563476564, 1.0]], "head_box": [[441.0, 157.0], [569.0, 337.0]], "head_size": 180.0, "hand_box_center": [414.3700256347656, 596.075653076172], "is_left": 1, "is_mpii": 1}