{"mpii_image": "097062085.jpg", "mpii_annorect_idx": 0, "mpii_body_pts": [[296.0, 455.0, 1.0], [310.0, 222.0, 1.0], [312.6773986816406, 212.03399658203125, 0.0], [361.3226013183594, 30.965999603271484, 0.0], [303.0, 613.0, 1.0], [148.0, 702.0, 1.0], [245.0, 468.0, 1.0], [346.0, 441.0, 1.0], [470.0, 477.0, 1.0], [355.0, 625.0, 1.0], [133.0, 454.0, 1.0], [102.0, 355.0, 1.0], [175.0, 216.0, 1.0], [444.0, 228.0, 1.0], [495.0, 355.0, 1.0], [446.0, 390.0, 1.0]], "hand_pts": [[446.0, 390.0, 1.0], [423.58441162109375, 368.2273559570312, 1.0], [389.3272399902343, 353.1668090820313, 1.0], [372.04431152343756, 348.5564270019531, 1.0], [350.4407043457031, 343.638671875, 1.0], [399.8204345703125, 359.62133789062494, 1.0], [360.62527465820307, 353.781524658203, 1.0], [342.4164733886718, 365.46112060546875, 1.0], [335.93539428710926, 375.91131591796864, 1.0], [407.53601074218733, 375.91131591796864, 1.0], [367.41497802734375, 373.75982666015636, 1.0], [352.6010437011719, 392.2013244628905, 1.0], [354.7614135742187, 408.7986755371093, 1.0], [413.39984130859375, 395.27490234375006, 1.0], [373.89605712890625, 396.5043334960937, 1.0], [365.8718566894532, 414.33114624023426, 1.0], [389.3272399902343, 411.87225341796875, 1.0], [413.39984130859375, 415.2532043457031, 1.0], [390.5617370605469, 423.2445373535156, 1.0], [378.52542114257807, 427.8548889160157, 1.0], [369.88397216796875, 428.4696350097657, 1.0]], "head_box": [[272.0, 24.0], [402.0, 219.0]], "head_size": 195.0, "hand_box_center": [390.96769714355463, 386.0541534423828], "is_left": 1, "is_mpii": 1}