{"mpii_image": "097218328.jpg", "mpii_annorect_idx": 2, "mpii_body_pts": [[991.0, 866.0, 0.0], [1004.0, 723.0, 0.0], [973.0, 515.0, 1.0], [1042.0, 516.0, 1.0], [1018.0, 703.0, 1.0], [950.0, 788.0, 1.0], [1010.0, 514.0, 1.0], [1030.0, 296.0, 0.0], [1042.0, 314.0, 0.0], [1041.0, 172.0, 0.0], [1069.0, 312.0, 0.0], [965.0, 311.0, 1.0], [965.0, 259.0, 0.0], [1086.0, 309.0, 1.0], [1143.0, 413.0, 1.0], [1220.0, 432.0, 0.0]], "hand_pts": [[1069.0, 312.0, 1.0], [1077.9956054687505, 306.4832763671874, 1.0], [1085.007568359375, 302.346923828125, 1.0], [1097.9925537109377, 304.6736145019531, 1.0], [1104.4851074218752, 318.1167297363281, 1.0], [1111.4969482421875, 321.99453735351557, 1.0], [1122.6640624999998, 325.8723754882812, 1.0], [1130.7147216796875, 334.1450500488281, 1.0], [1136.16845703125, 341.3836364746093, 1.0], [1110.7178955078125, 330.7842712402343, 1.0], [1121.1058349609375, 341.1251220703125, 1.0], [1129.6759033203125, 351.98303222656244, 1.0], [1133.052001953125, 363.0994567871093, 1.0], [1105.7835693359375, 338.0228576660156, 1.0], [1117.2103271484375, 353.53414916992193, 1.0], [1120.8461914062502, 365.68466186523443, 1.0], [1123.1834716796873, 373.44030761718744, 1.0], [1100.589599609375, 351.98303222656244, 1.0], [1103.9656982421877, 363.35797119140636, 1.0], [1104.225341796875, 372.92324829101557, 1.0], [1105.26416015625, 379.3862915039063, 1.0]], "head_box": [[989.0, 172.0], [1095.0, 315.0]], "head_size": 143.0, "hand_box_center": [1102.584228515625, 340.8666076660156], "is_left": 0, "is_mpii": 1}