{"mpii_image": "097431764.jpg", "mpii_annorect_idx": 0, "mpii_body_pts": [[607.0, 399.0, 0.0], [480.0, 290.0, 1.0], [460.2200012207031, 243.63389587402344, 0.0], [406.7799987792969, 118.36609649658203, 0.0], [479.0, 656.0, 1.0], [461.0, 499.0, 1.0], [553.0, 412.0, 0.0], [660.0, 386.0, 1.0], [618.0, 560.0, 1.0], [697.0, 717.0, 1.0], [281.0, 435.0, 1.0], [378.0, 370.0, 1.0], [414.0, 289.0, 1.0], [545.0, 291.0, 1.0], [549.0, 426.0, 1.0], [505.0, 558.0, 1.0]], "hand_pts": [[283.42507934570307, 438.265380859375, 1.0], [280.93029785156244, 448.6158142089843, 1.0], [283.42507934570307, 463.52044677734375, 1.0], [278.43554687499994, 483.39328002929693, 1.0], [277.60394287109375, 497.055877685547, 1.0], [250.57731628417972, 461.0363464355469, 1.0], [243.50880432128906, 481.7372131347657, 1.0], [236.44030761718753, 491.2596130371094, 1.0], [228.9560089111328, 493.3297119140625, 1.0], [244.34039306640625, 459.79428100585943, 1.0], [233.1139526367187, 473.04284667968756, 1.0], [227.2928314208984, 487.53347778320307, 1.0], [225.62965393066403, 497.8839111328125, 1.0], [243.093017578125, 456.8961791992187, 1.0], [231.4507751464844, 468.48864746093744, 1.0], [226.46124267578128, 480.4951782226562, 1.0], [221.055908203125, 490.017578125, 1.0], [238.51927185058594, 460.20831298828114, 1.0], [227.70861816406247, 468.48864746093744, 1.0], [226.46124267578128, 475.9409790039063, 1.0], [223.96647644042977, 483.80731201171875, 1.0]], "head_box": [[381.0, 114.0], [486.0, 248.0]], "head_size": 134.0, "hand_box_center": [252.24049377441403, 468.07464599609375], "is_left": 0, "is_mpii": 1}