{"mpii_image": "097427224.jpg", "mpii_annorect_idx": 1, "mpii_body_pts": [[1805.0, 705.0, 0.0], [1603.0, 418.0, 0.0], [1595.145751953125, 414.11871337890625, 0.0], [1353.854248046875, 294.88128662109375, 0.0], [1609.0, 855.0, 1.0], [1451.0, 608.0, 1.0], [1740.0, 673.0, 0.0], [1870.0, 736.0, 1.0], [1549.0, 664.0, 0.0], [1808.0, 855.0, 1.0], [1320.0, 703.0, 1.0], [1418.0, 584.0, 1.0], [1534.0, 385.0, 0.0], [1671.0, 450.0, 1.0], [1621.0, 643.0, 1.0], [1418.0, 774.0, 1.0]], "hand_pts": [[1320.0, 703.0, 1.0], [1308.6199951171875, 714.31591796875, 1.0], [1290.5999755859375, 725.3577880859373, 1.0], [1279.9727783203125, 740.0802612304688, 1.0], [1270.7318115234375, 752.042236328125, 1.0], [1257.7943115234373, 701.4337768554688, 1.0], [1249.9394531250002, 741.46044921875, 1.0], [1252.249755859375, 777.3464355468751, 1.0], [1266.1113281249998, 788.3883056640626, 1.0], [1246.7050781250002, 710.1752319335939, 1.0], [1236.0778808593748, 770.4453125, 1.0], [1247.629150390625, 783.7875366210939, 1.0], [1264.2630615234375, 795.289489746094, 1.0], [1243.4707031250002, 716.6163330078126, 1.0], [1233.3056640625002, 775.9662475585938, 1.0], [1246.2430419921875, 789.3084716796877, 1.0], [1257.332275390625, 796.2095947265626, 1.0], [1239.7742919921875, 730.4186401367188, 1.0], [1232.8435058593748, 766.7647094726564, 1.0], [1241.62255859375, 780.5670166015624, 1.0], [1255.0220947265625, 789.3084716796877, 1.0]], "head_box": [[1382.0, 214.0], [1567.0, 495.0]], "head_size": 281.0, "hand_box_center": [1276.4217529296875, 748.8216857910156], "is_left": 0, "is_mpii": 1}