{"mpii_image": "097430374.jpg", "mpii_annorect_idx": 1, "mpii_body_pts": [[485.0, 444.0, 1.0], [489.0, 261.0, 1.0], [490.0570068359375, 252.966796875, 0.0], [517.9429931640625, 41.033199310302734, 0.0], [363.0, 503.0, 1.0], [344.0, 454.0, 1.0], [429.0, 441.0, 1.0], [541.0, 446.0, 1.0], [599.0, 487.0, 1.0], [483.0, 514.0, 1.0], [452.0, 322.0, 1.0], [386.0, 346.0, 1.0], [404.0, 253.0, 1.0], [574.0, 268.0, 1.0], [609.0, 361.0, 1.0], [590.0, 353.0, 1.0]], "hand_pts": [[465.4741821289063, 320.4722595214843, 1.0], [471.48370361328125, 305.66134643554693, 1.0], [496.470703125, 301.2496032714844, 1.0], [514.4993286132812, 301.5647277832031, 1.0], [527.4672851562499, 301.2496032714844, 1.0], [494.2566833496094, 293.37145996093744, 1.0], [517.0296630859373, 281.7118225097657, 1.0], [530.9464721679688, 276.03955078124994, 1.0], [544.5469970703125, 273.2034301757813, 1.0], [492.0426330566406, 296.2075805664063, 1.0], [512.6015625, 295.89245605468744, 1.0], [530.3139038085938, 297.783233642578, 1.0], [543.2817993164064, 300.9344787597656, 1.0], [491.4100646972656, 313.8546142578125, 1.0], [507.8572082519531, 315.43023681640625, 1.0], [524.6206665039061, 322.6781311035156, 1.0], [534.1093750000001, 327.72015380859364, 1.0], [493.3078002929688, 332.13189697265625, 1.0], [505.0105895996094, 340.9554138183594, 1.0], [511.3363952636718, 346.9428100585937, 1.0], [515.1318969726564, 350.0940551757813, 1.0]], "head_box": [[424.0, 40.0], [584.0, 254.0]], "head_size": 214.0, "hand_box_center": [505.0105895996094, 311.6487426757813], "is_left": 0, "is_mpii": 1}