{"mpii_image": "098161066.jpg", "mpii_annorect_idx": 0, "mpii_body_pts": [[646.0, 533.0, 0.0], [778.0, 294.0, 0.0], [809.2933959960938, 270.22320556640625, 0.0], [950.7066040039062, 162.77679443359375, 0.0], [435.0, 945.0, 1.0], [582.0, 728.0, 1.0], [618.0, 527.0, 1.0], [673.0, 539.0, 0.0], [728.0, 793.0, 1.0], [780.0, 994.0, 1.0], [1059.0, 560.0, 0.0], [933.0, 469.0, 1.0], [814.0, 297.0, 1.0], [741.0, 291.0, 0.0], [710.0, 353.0, 0.0], [783.0, 450.0, 0.0]], "hand_pts": [[785.0146484375, 459.60159301757807, 1.0], [802.9266357421875, 451.7417602539063, 1.0], [815.6775512695314, 452.34637451171875, 1.0], [815.0703735351565, 465.94992065429693, 1.0], [805.0518188476562, 480.46035766601557, 1.0], [829.03564453125, 458.3923950195313, 1.0], [841.1793212890626, 466.55450439453136, 1.0], [828.7320556640625, 473.8097229003906, 1.0], [818.409912109375, 470.18212890624994, 1.0], [831.46435546875, 467.76370239257807, 1.0], [840.2685546875, 475.62353515624994, 1.0], [828.7320556640625, 480.46035766601557, 1.0], [819.3206787109374, 478.041961669922, 1.0], [826.606872558594, 480.1580505371094, 1.0], [833.2859497070314, 488.92477416992193, 1.0], [822.66015625, 486.80868530273443, 1.0], [816.2847290039062, 484.69256591796875, 1.0], [819.6242675781251, 488.01788330078136, 1.0], [824.7853393554689, 495.27310180664057, 1.0], [816.2847290039062, 493.76159667968744, 1.0], [812.034423828125, 492.2500915527344, 1.0]], "head_box": [[813.0, 128.0], [947.0, 305.0]], "head_size": 177.0, "hand_box_center": [813.0969848632812, 473.50743103027344], "is_left": 1, "is_mpii": 1}