{"mpii_image": "098509552.jpg", "mpii_annorect_idx": 0, "mpii_body_pts": [[875.0, 537.0, 1.0], [930.0, 389.0, 1.0], [932.2462158203125, 364.82080078125, 0.0], [944.7537841796875, 230.17919921875, 0.0], [657.0, 861.0, 1.0], [754.0, 694.0, 1.0], [824.0, 520.0, 1.0], [926.0, 554.0, 1.0], [877.0, 677.0, 1.0], [807.0, 813.0, 1.0], [771.0, 604.0, 1.0], [778.0, 486.0, 1.0], [846.0, 374.0, 1.0], [1013.0, 403.0, 1.0], [1010.0, 520.0, 1.0], [935.0, 609.0, 1.0]], "hand_pts": [[771.7924194335938, 612.3557128906249, 1.0], [787.9900512695314, 619.8360595703125, 1.0], [797.5350952148438, 640.5508422851562, 1.0], [799.2705688476564, 656.3745727539062, 1.0], [800.716796875, 666.4442749023438, 1.0], [776.9988403320314, 653.7852783203126, 1.0], [777.5773315429689, 669.896728515625, 1.0], [777.2880859375002, 683.1311645507812, 1.0], [777.2880859375002, 695.2147827148439, 1.0], [764.5613403320312, 653.2098388671877, 1.0], [761.9581298828123, 675.9385375976564, 1.0], [757.9087524414062, 688.0221557617186, 1.0], [754.4378051757811, 696.3656005859373, 1.0], [755.8840332031251, 652.0590209960938, 1.0], [752.7023925781252, 671.0475463867186, 1.0], [750.388427734375, 680.5418090820311, 1.0], [747.2067260742188, 689.7483520507814, 1.0], [749.8099365234375, 645.1541137695312, 1.0], [743.73583984375, 652.6343994140625, 1.0], [739.10791015625, 659.2516479492188, 1.0], [734.769287109375, 662.9918212890625, 1.0]], "head_box": [[889.0, 229.0], [988.0, 366.0]], "head_size": 137.0, "hand_box_center": [767.7430419921875, 654.360656738281], "is_left": 0, "is_mpii": 1}