{"mpii_image": "098805572.jpg", "mpii_annorect_idx": 1, "mpii_body_pts": [[625.0, 1071.0, 0.0], [623.0, 896.0, 1.0], [595.0, 649.0, 1.0], [504.0, 657.0, 1.0], [501.0, 867.0, 1.0], [450.0, 1043.0, 0.0], [550.0, 653.0, 1.0], [543.0, 350.0, 0.0], [570.0, 308.0, 0.0], [660.0, 174.0, 0.0], [768.0, 382.0, 1.0], [714.0, 520.0, 1.0], [613.0, 364.0, 1.0], [473.0, 335.0, 0.0], [359.0, 450.0, 1.0], [473.0, 481.0, 0.0]], "hand_pts": [[768.0, 382.0, 1.0], [751.7279052734375, 369.414337158203, 1.0], [736.7407836914062, 345.13424682617193, 1.0], [736.7407836914062, 326.41223144531244, 1.0], [743.2058105468752, 316.7586975097657, 1.0], [740.2671508789061, 343.3790588378906, 1.0], [741.1487426757814, 315.0035095214843, 1.0], [749.3770141601562, 306.81262207031256, 1.0], [753.4910888671876, 317.6362915039063, 1.0], [750.2586059570314, 342.2089233398438, 1.0], [762.01318359375, 315.29605102539057, 1.0], [772.0045776367189, 322.31680297851557, 1.0], [770.5352783203125, 329.33755493164057, 1.0], [764.9518432617188, 345.7192993164063, 1.0], [774.9432373046875, 321.43920898437494, 1.0], [781.7021484375, 332.84793090820307, 1.0], [780.820556640625, 339.28359985351557, 1.0], [779.3511962890624, 346.01184082031256, 1.0], [784.9346923828124, 329.92260742187494, 1.0], [788.4610595703125, 337.23590087890625, 1.0], [787.2855834960939, 343.0865173339843, 1.0]], "head_box": [[550.0, 165.0], [681.0, 318.0]], "head_size": 153.0, "hand_box_center": [762.6009216308594, 344.40631103515625], "is_left": 0, "is_mpii": 1}