{"mpii_image": "098865655.jpg", "mpii_annorect_idx": 3, "mpii_body_pts": [[182.0, 439.0, 1.0], [201.0, 178.0, 1.0], [213.41940307617188, 135.02490234375, 0.0], [251.58059692382812, 2.975100040435791, 0.0], [121.0, 812.0, 1.0], [121.0, 624.0, 1.0], [131.0, 429.0, 1.0], [232.0, 448.0, 1.0], [227.0, 631.0, 1.0], [208.0, 807.0, 1.0], [35.0, 388.0, 1.0], [30.0, 278.0, 1.0], [97.0, 174.0, 1.0], [304.0, 181.0, 1.0], [371.0, 292.0, 1.0], [343.0, 321.0, 1.0]], "hand_pts": [[343.0, 321.0, 1.0], [337.7676391601563, 310.09600830078125, 1.0], [303.82855224609364, 306.94134521484375, 1.0], [301.79220581054693, 317.5320129394531, 1.0], [305.8648986816407, 326.7706604003906, 1.0], [333.242431640625, 308.51867675781244, 1.0], [314.2365417480468, 325.1933288574219, 1.0], [311.29516601562494, 331.95333862304693, 1.0], [312.20019531249994, 336.68533325195307, 1.0], [340.4827880859375, 317.30667114257807, 1.0], [321.47689819335943, 338.4880065917969, 1.0], [312.42645263671875, 342.5440063476563, 1.0], [304.7335815429687, 345.47332763671875, 1.0], [347.4968566894531, 327.22134399414057, 1.0], [328.49096679687494, 349.0786743164063, 1.0], [318.08297729492193, 348.1773376464843, 1.0], [315.3678588867188, 342.3186645507813, 1.0], [351.3432922363282, 338.7133483886718, 1.0], [334.8262634277344, 352.23333740234364, 1.0], [329.1697387695313, 351.33200073242193, 1.0], [328.71722412109375, 345.92401123046875, 1.0]], "head_box": [[180.0, 1.0], [285.0, 137.0]], "head_size": 136.0, "hand_box_center": [326.56774902343756, 329.5873413085937], "is_left": 1, "is_mpii": 1}