{"mpii_image": "098865655.jpg", "mpii_annorect_idx": 3, "mpii_body_pts": [[182.0, 439.0, 1.0], [201.0, 178.0, 1.0], [213.41940307617188, 135.02490234375, 0.0], [251.58059692382812, 2.975100040435791, 0.0], [121.0, 812.0, 1.0], [121.0, 624.0, 1.0], [131.0, 429.0, 1.0], [232.0, 448.0, 1.0], [227.0, 631.0, 1.0], [208.0, 807.0, 1.0], [35.0, 388.0, 1.0], [30.0, 278.0, 1.0], [97.0, 174.0, 1.0], [304.0, 181.0, 1.0], [371.0, 292.0, 1.0], [343.0, 321.0, 1.0]], "hand_pts": [[35.0, 388.0, 1.0], [45.9003028869629, 395.1729125976563, 1.0], [62.69551467895509, 405.90301513671875, 1.0], [58.684719085693345, 422.6219787597656, 1.0], [55.42594528198242, 432.35394287109375, 1.0], [30.859817504882816, 410.8937377929687, 1.0], [44.646930694580085, 432.1044006347658, 1.0], [61.44213867187501, 432.35394287109375, 1.0], [60.18876647949218, 418.62939453125, 1.0], [22.838224411010746, 415.88449096679693, 1.0], [38.129386901855476, 437.5942077636719, 1.0], [49.66042709350586, 443.0840454101563, 1.0], [59.93809127807617, 446.0784606933595, 1.0], [20.832826614379883, 424.8678283691407, 1.0], [36.37466430664061, 444.3317260742187, 1.0], [45.64962768554687, 451.06921386718744, 1.0], [53.42054748535155, 456.80856323242193, 1.0], [19.830127716064457, 431.3557739257813, 1.0], [33.61724090576172, 447.0766296386719, 1.0], [40.13478469848632, 452.06735229492193, 1.0], [45.64962768554687, 454.8122863769532, 1.0]], "head_box": [[180.0, 1.0], [285.0, 137.0]], "head_size": 136.0, "hand_box_center": [41.26282119750977, 422.40428161621094], "is_left": 0, "is_mpii": 1}