{"mpii_image": "098936464.jpg", "mpii_annorect_idx": 0, "mpii_body_pts": [[1577.0, 251.0, 0.0], [1320.0, 215.0, 1.0], [1304.269287109375, 217.54229736328125, 0.0], [1137.730712890625, 244.45770263671875, 0.0], [1541.0, 619.0, 0.0], [1483.0, 436.0, 0.0], [1578.0, 221.0, 0.0], [1575.0, 281.0, 1.0], [1489.0, 481.0, 0.0], [1570.0, 690.0, 1.0], [1392.0, 213.0, 0.0], [1421.0, 169.0, 0.0], [1339.0, 148.0, 1.0], [1300.0, 281.0, 1.0], [1185.0, 355.0, 1.0], [1022.0, 397.0, 1.0]], "hand_pts": [[1022.0, 397.0, 1.0], [1008.3672485351561, 389.96447753906256, 1.0], [991.4278564453124, 384.70989990234375, 1.0], [974.2107543945312, 380.8381042480468, 1.0], [961.7145385742189, 371.7117614746093, 1.0], [966.435302734375, 389.4113769531249, 1.0], [947.2744140625001, 393.83627319335943, 1.0], [936.1666259765625, 397.70806884765625, 1.0], [930.6127319335939, 403.5157470703125, 1.0], [969.2122802734375, 395.2190551757813, 1.0], [949.7736206054688, 397.98461914062494, 1.0], [933.6673583984374, 407.1109924316406, 1.0], [926.7249755859375, 410.9827880859375, 1.0], [974.4884643554688, 402.4095153808594, 1.0], [957.5490722656251, 410.1531066894532, 1.0], [944.2197265625001, 416.51391601562494, 1.0], [934.5004272460939, 420.9388122558593, 1.0], [983.0969848632812, 409.046875, 1.0], [974.4884643554688, 418.4497985839844, 1.0], [967.5460815429688, 423.4278259277344, 1.0], [962.2698974609375, 428.4058532714843, 1.0]], "head_box": [[1160.0, 145.0], [1282.0, 317.0]], "head_size": 172.0, "hand_box_center": [974.3624877929688, 400.0588073730468], "is_left": 1, "is_mpii": 1}