{"mpii_image": "099091747.jpg", "mpii_annorect_idx": 0, "mpii_body_pts": [[238.0, 560.0, 0.0], [358.0, 330.0, 1.0], [363.1669006347656, 308.99359130859375, 0.0], [413.8330993652344, 103.00640106201172, 0.0], [187.0, 679.0, 0.0], [437.0, 692.0, 1.0], [148.0, 582.0, 1.0], [328.0, 537.0, 0.0], [539.0, 537.0, 1.0], [243.0, 630.0, 0.0], [477.0, 592.0, 1.0], [295.0, 570.0, 1.0], [266.0, 353.0, 1.0], [450.0, 307.0, 1.0], [479.0, 481.0, 1.0], [621.0, 419.0, 1.0]], "hand_pts": [[621.0, 419.0, 1.0], [642.3873291015624, 399.1362609863281, 1.0], [657.2543334960939, 386.4989318847656, 1.0], [683.7248535156251, 386.85998535156256, 1.0], [701.8553466796876, 391.5538635253907, 1.0], [684.0874633789062, 402.0248107910156, 1.0], [709.1075439453125, 402.7469482421874, 1.0], [726.8754272460939, 412.1346740722656, 1.0], [742.4676513671875, 421.52243041992193, 1.0], [685.9005126953124, 409.24615478515625, 1.0], [717.4475708007811, 414.3010864257813, 1.0], [706.931884765625, 415.74533081054693, 1.0], [690.6144409179689, 413.2178649902344, 1.0], [671.0335083007812, 431.9933471679687, 1.0], [694.6031494140625, 425.85522460937506, 1.0], [668.132629394531, 417.5506896972657, 1.0], [649.6395263671876, 413.5789489746093, 1.0], [683.7248535156251, 442.10324096679693, 1.0], [693.1527099609375, 442.10324096679693, 1.0], [702.58056640625, 441.38110351562494, 1.0], [719.98583984375, 439.2146911621094, 1.0]], "head_box": [[316.0, 95.0], [461.0, 317.0]], "head_size": 222.0, "hand_box_center": [681.7338256835938, 414.30108642578125], "is_left": 1, "is_mpii": 1}