{"mpii_image": "099209219.jpg", "mpii_annorect_idx": 1, "mpii_body_pts": [[1202.0, 623.0, 1.0], [1074.0, 353.0, 1.0], [1090.468505859375, 368.0729064941406, 0.0], [939.531494140625, 229.92709350585938, 0.0], [1149.0, 851.0, 0.0], [1074.0, 882.0, 0.0], [1130.0, 631.0, 1.0], [1273.0, 615.0, 1.0], [1353.0, 913.0, 0.0], [1363.0, 876.0, 0.0], [863.0, 767.0, 1.0], [916.0, 584.0, 1.0], [956.0, 389.0, 1.0], [1192.0, 317.0, 1.0], [1192.0, 587.0, 1.0], [1167.0, 835.0, 1.0]], "hand_pts": [[863.0, 767.0, 1.0], [855.8816528320311, 773.9822387695312, 1.0], [847.8025512695312, 778.8789672851562, 1.0], [814.0809936523439, 785.8742675781251, 1.0], [799.3278198242185, 791.470458984375, 1.0], [817.5936889648439, 765.587890625, 1.0], [786.6822509765626, 780.2780151367189, 1.0], [780.3594970703125, 793.569091796875, 1.0], [778.6031494140625, 806.5103759765627, 1.0], [817.9449462890625, 762.7897949218752, 1.0], [784.2234497070314, 776.0808105468752, 1.0], [776.144287109375, 791.1207275390626, 1.0], [774.0366821289061, 807.909423828125, 1.0], [822.5114135742188, 761.7404785156251, 1.0], [789.4924316406251, 775.7310791015625, 1.0], [781.0620117187499, 788.67236328125, 1.0], [777.5493774414062, 802.6629638671875, 1.0], [820.0525512695312, 765.587890625, 1.0], [795.4639282226562, 778.1794433593752, 1.0], [788.7898559570315, 786.5737915039064, 1.0], [786.3309936523438, 796.3671874999999, 1.0]], "head_box": [[942.0, 194.0], [1088.0, 404.0]], "head_size": 210.0, "hand_box_center": [818.5183410644531, 784.824951171875], "is_left": 0, "is_mpii": 1}