{"mpii_image": "099209219.jpg", "mpii_annorect_idx": 1, "mpii_body_pts": [[1202.0, 623.0, 1.0], [1074.0, 353.0, 1.0], [1090.468505859375, 368.0729064941406, 0.0], [939.531494140625, 229.92709350585938, 0.0], [1149.0, 851.0, 0.0], [1074.0, 882.0, 0.0], [1130.0, 631.0, 1.0], [1273.0, 615.0, 1.0], [1353.0, 913.0, 0.0], [1363.0, 876.0, 0.0], [863.0, 767.0, 1.0], [916.0, 584.0, 1.0], [956.0, 389.0, 1.0], [1192.0, 317.0, 1.0], [1192.0, 587.0, 1.0], [1167.0, 835.0, 1.0]], "hand_pts": [[1167.0, 835.0, 1.0], [1138.6177978515625, 839.9660034179686, 1.0], [1084.0544433593745, 856.7374877929686, 1.0], [1065.1931152343745, 866.4649658203124, 1.0], [1039.2586669921877, 879.8821411132811, 1.0], [1095.5059814453127, 856.4020385742188, 1.0], [1071.9293212890625, 902.6914062500001, 1.0], [1070.9188232421877, 943.6138916015626, 1.0], [1070.9188232421877, 971.119140625, 1.0], [1116.7250976562502, 864.7877807617189, 1.0], [1091.4642333984373, 923.8234863281251, 1.0], [1091.12744140625, 958.037353515625, 1.0], [1094.1588134765625, 980.5111694335936, 1.0], [1141.6490478515623, 863.1106567382812, 1.0], [1122.1140136718748, 919.7983398437501, 1.0], [1118.4091796875002, 947.6390380859374, 1.0], [1114.0306396484375, 977.1568603515625, 1.0], [1176.340576171875, 884.9136352539062, 1.0], [1154.4478759765627, 925.1652221679686, 1.0], [1154.111083984375, 945.291015625, 1.0], [1161.1840820312498, 966.7585449218751, 1.0]], "head_box": [[942.0, 194.0], [1088.0, 404.0]], "head_size": 210.0, "hand_box_center": [1107.7996215820312, 907.7555847167969], "is_left": 1, "is_mpii": 1}