{"mpii_image": "099330719.jpg", "mpii_annorect_idx": 0, "mpii_body_pts": [[1091.0, 607.0, 0.0], [1103.0, 308.0, 0.0], [1109.849853515625, 254.18040466308594, 0.0], [1131.150146484375, 86.8196029663086, 0.0], [1101.0, 1064.0, 1.0], [1192.0, 818.0, 1.0], [1065.0, 605.0, 1.0], [1116.0, 608.0, 0.0], [1080.0, 885.0, 1.0], [1031.0, 1073.0, 1.0], [1189.0, 314.0, 1.0], [1058.0, 411.0, 1.0], [1031.0, 290.0, 1.0], [1174.0, 326.0, 0.0], [1225.0, 490.0, 1.0], [1250.0, 408.0, 1.0]], "hand_pts": [[1200.5906982421875, 308.2790832519531, 1.0], [1197.0958251953125, 290.3717041015625, 1.0], [1208.8286132812502, 268.4848937988281, 1.0], [1222.8081054687502, 248.8365020751953, 1.0], [1229.0489501953125, 230.68040466308594, 1.0], [1212.3234863281248, 265.99774169921875, 1.0], [1232.5438232421875, 249.5826416015625, 1.0], [1248.2707519531252, 241.8725128173828, 1.0], [1261.5013427734373, 234.90853881835943, 1.0], [1222.8081054687502, 275.4488830566406, 1.0], [1250.7670898437502, 257.2927856445313, 1.0], [1268.241455078125, 251.07493591308594, 1.0], [1279.4749755859375, 247.34422302246094, 1.0], [1228.5496826171875, 288.3819885253906, 1.0], [1254.5115966796875, 270.9720153808594, 1.0], [1269.2399902343748, 265.74905395507807, 1.0], [1280.9727783203125, 261.2721862792969, 1.0], [1233.7919921875, 300.81768798828125, 1.0], [1249.7685546875002, 293.3562622070313, 1.0], [1266.244384765625, 289.6255493164063, 1.0], [1277.4779052734375, 285.6461486816406, 1.0]], "head_box": [[1049.0, 93.0], [1192.0, 248.0]], "head_size": 155.0, "hand_box_center": [1239.0343017578125, 269.47974395751953], "is_left": 0, "is_mpii": 1}