{"mpii_image": "099548361.jpg", "mpii_annorect_idx": 0, "mpii_body_pts": [[676.0, 477.0, 1.0], [508.0, 319.0, 1.0], [510.2835998535156, 323.0627136230469, 0.0], [419.7164001464844, 161.9373016357422, 0.0], [903.0, 654.0, 1.0], [553.0, 588.0, 1.0], [613.0, 514.0, 1.0], [739.0, 439.0, 1.0], [861.0, 243.0, 1.0], [903.0, 566.0, 1.0], [400.0, 524.0, 0.0], [437.0, 510.0, 0.0], [417.0, 350.0, 1.0], [599.0, 288.0, 1.0], [754.0, 381.0, 0.0], [621.0, 431.0, 1.0]], "hand_pts": [[400.0, 524.0, 1.0], [370.19180297851557, 536.4210815429688, 1.0], [346.9329833984375, 528.3677978515624, 1.0], [349.2925720214843, 504.5433959960937, 1.0], [364.46136474609364, 494.8123168945313, 1.0], [371.54016113281256, 524.0055541992186, 1.0], [353.3375854492187, 524.341125488281, 1.0], [340.86544799804693, 525.6833496093752, 1.0], [357.0455017089843, 542.7966308593751, 1.0], [368.84347534179693, 552.1921386718751, 1.0], [356.70843505859364, 547.1588134765626, 1.0], [382.32684326171875, 539.4411010742186, 1.0], [398.843994140625, 532.0588989257812, 1.0], [374.2368164062499, 554.2055053710939, 1.0], [374.2368164062499, 560.2454833984375, 1.0], [399.5181579589842, 548.8366088867185, 1.0], [410.6419372558594, 541.4544067382812, 1.0], [373.8997497558594, 564.9432373046875, 1.0], [392.77645874023426, 563.9365844726562, 1.0], [409.2936096191406, 556.2188110351564, 1.0], [416.3723754882812, 550.8499145507812, 1.0]], "head_box": [[400.0, 147.0], [530.0, 338.0]], "head_size": 191.0, "hand_box_center": [378.61891174316406, 529.8777770996094], "is_left": 0, "is_mpii": 1}