{"mpii_body_pts": [[334.84299999999996, 457.8355, 0.356202], [304.3595, 259.816, 0.665195], [305.912, 230.125, 0.817861], [335.625, 106.437, 0.692756], [0.0, 0.0, 0.0], [0.0, 0.0, 0.0], [288.784, 460.189, 0.310647], [380.902, 455.482, 0.401757], [0.0, 0.0, 0.0], [0.0, 0.0, 0.0], [296.562, 381.856, 0.806819], [202.893, 417.917, 0.744639], [215.371, 278.599, 0.68854], [393.348, 241.033, 0.64185], [455.742, 366.277, 0.830015], [404.3, 298.94, 0.653951]], "hand_pts": [[392.93515014648426, 281.0270385742187, 1.0], [383.1108703613282, 267.65277099609375, 1.0], [386.3856201171875, 248.40684509277344, 1.0], [378.8536682128906, 251.34266662597656, 1.0], [370.9942321777344, 253.95227050781253, 1.0], [393.9175720214843, 252.32127380371097, 1.0], [390.97027587890625, 246.4496307373047, 1.0], [379.83609008789057, 249.05924987792977, 1.0], [370.33929443359375, 251.66886901855472, 1.0], [403.4143676757813, 260.4763183593749, 1.0], [409.96389770507807, 250.3640594482422, 1.0], [412.2562255859375, 241.88279724121097, 1.0], [413.5661315917969, 234.38015747070318, 1.0], [406.03417968749994, 274.1767883300781, 1.0], [416.1859436035157, 268.6313781738281, 1.0], [422.4079895019531, 262.4335327148437, 1.0], [424.70034790039057, 254.93087768554688, 1.0], [405.37924194335943, 286.24627685546875, 1.0], [416.513427734375, 287.87728881835943, 1.0], [420.1156616210938, 281.67944335937506, 1.0], [423.39044189453136, 275.1553955078125, 1.0]], "head_box": [[294.39566666666667, 106.437], [376.85433333333333, 230.125]], "head_size": 123.688, "hand_box_center": [397.5198211669922, 261.1287231445313], "is_left": 1, "is_mpii": 0}