{"mpii_body_pts": [[200.587, 246.5195, 0.113141], [344.991, 237.137, 0.6276245], [345.022, 194.077, 0.694811], [344.985, 79.8429, 0.647783], [0.0, 0.0, 0.0], [0.0, 0.0, 0.0], [0.0, 0.0, 0.0], [401.174, 493.039, 0.226282], [0.0, 0.0, 0.0], [0.0, 0.0, 0.0], [277.842, 223.851, 0.591687], [218.482, 328.705, 0.801304], [257.587, 231.67, 0.527277], [432.395, 242.604, 0.727972], [419.897, 336.499, 0.707361], [368.443, 222.277, 0.740258]], "hand_pts": [[370.1946716308595, 224.2496948242187, 1.0], [356.6541748046875, 212.95758056640625, 1.0], [351.6158752441406, 193.82369995117188, 1.0], [347.52221679687494, 177.19918823242188, 1.0], [339.6498413085938, 171.23945617675776, 1.0], [372.2966003417969, 187.6912994384766, 1.0], [364.21166992187494, 175.31716918945315, 1.0], [354.13500976562494, 170.92578125, 1.0], [345.94775390624994, 168.10275268554685, 1.0], [379.6016540527344, 185.1346435546875, 1.0], [359.7596435546875, 180.70716857910153, 1.0], [355.8069458007813, 187.3021697998047, 1.0], [362.63720703125, 196.01939392089838, 1.0], [375.85040283203136, 185.72463989257812, 1.0], [361.0428771972657, 181.20133972167972, 1.0], [355.3945922851563, 187.5503082275391, 1.0], [360.43292236328125, 192.56901550292972, 1.0], [377.23245239257807, 187.6912994384766, 1.0], [363.89678955078125, 185.04093933105472, 1.0], [361.062713623047, 191.31434631347662, 1.0], [363.89678955078125, 194.45104980468756, 1.0]], "head_box": [[306.9069666666667, 79.8429], [383.06303333333335, 194.077]], "head_size": 114.2341, "hand_box_center": [359.62574768066406, 196.17622375488276], "is_left": 1, "is_mpii": 0}