{"mpii_body_pts": [[135.813, 248.8675, 0.1383], [347.307, 253.5985, 0.648802], [341.806, 237.897, 0.620586], [332.514, 92.3304, 0.640831], [0.0, 0.0, 0.0], [0.0, 0.0, 0.0], [271.626, 497.735, 0.2766], [0.0, 0.0, 0.0], [0.0, 0.0, 0.0], [0.0, 0.0, 0.0], [241.939, 366.282, 0.608053], [206.011, 416.298, 0.698111], [246.63, 252.022, 0.660692], [447.984, 255.175, 0.636912], [454.178, 428.824, 0.786876], [366.872, 320.889, 0.655451]], "hand_pts": [[364.0, 322.0, 1.0], [345.2272644042969, 304.07489013671886, 1.0], [337.31817626953125, 263.94845581054693, 1.0], [333.1753234863281, 241.8226470947266, 1.0], [324.88961791992193, 227.5721282958984, 1.0], [365.5649108886719, 256.44818115234375, 1.0], [368.20129394531244, 236.57244873046878, 1.0], [370.08441162109375, 224.572021484375, 1.0], [370.4610290527343, 214.0716400146484, 1.0], [378.37011718749994, 266.57354736328125, 1.0], [351.25323486328125, 265.448486328125, 1.0], [336.94155883789057, 270.32366943359375, 1.0], [343.7207946777344, 273.6987915039063, 1.0], [379.12335205078125, 275.19885253906256, 1.0], [352.75973510742193, 274.0738220214844, 1.0], [341.46105957031244, 278.198974609375, 1.0], [347.8636474609375, 281.5740966796875, 1.0], [376.8636169433594, 284.19918823242193, 1.0], [360.66882324218744, 285.32421874999994, 1.0], [344.097412109375, 286.8242797851563, 1.0], [349.37011718749994, 290.5744018554688, 1.0]], "head_box": [[283.9918, 92.3304], [381.0362, 237.897]], "head_size": 145.5666, "hand_box_center": [352.00648498535156, 268.0358200073242], "is_left": 1, "is_mpii": 0}