{"mpii_body_pts": [[316.1035, 489.1425, 0.342061], [346.562, 251.25650000000002, 0.6719665], [366.806, 248.874, 0.698793], [419.909, 129.865, 0.644175], [0.0, 0.0, 0.0], [0.0, 0.0, 0.0], [265.349, 494.604, 0.262821], [366.858, 483.681, 0.421301], [0.0, 0.0, 0.0], [0.0, 0.0, 0.0], [193.544, 467.988, 0.659193], [182.606, 341.173, 0.743419], [256.034, 231.722, 0.685548], [437.09, 270.791, 0.658385], [421.491, 414.776, 0.743491], [471.403, 366.225, 0.737382]], "hand_pts": [[476.8970336914063, 361.51654052734375, 1.0], [487.384033203125, 349.11166381835943, 1.0], [509.42340087890625, 337.7953796386718, 1.0], [521.7946166992188, 331.4836730957031, 1.0], [534.2479858398438, 324.9547729492187, 1.0], [514.9929809570314, 350.743896484375, 1.0], [528.3489990234374, 354.00833129882807, 1.0], [535.2311401367188, 356.29345703124994, 1.0], [545.3904418945311, 357.92565917968744, 1.0], [504.4254760742187, 361.842987060547, 1.0], [508.6858215332032, 355.9670104980469, 1.0], [512.9461669921874, 353.02899169921875, 1.0], [519.1728515625001, 349.11166381835943, 1.0], [493.9384460449219, 361.19012451171875, 1.0], [498.5265197753905, 354.00833129882807, 1.0], [502.77966308593756, 347.527587890625, 1.0], [507.86016845703125, 343.2454223632813, 1.0], [483.1236877441406, 357.92565917968744, 1.0], [480.1742248535157, 348.13232421875, 1.0], [479.19107055664057, 339.64477539062506, 1.0], [479.8464965820313, 330.5043334960937, 1.0]], "head_box": [[380.2393333333333, 129.865], [459.57866666666666, 248.874]], "head_size": 119.00899999999999, "hand_box_center": [511.14373779296875, 343.3988800048828], "is_left": 1, "is_mpii": 0}