{"mpii_body_pts": [[330.14549999999997, 481.3035, 0.324692], [330.1605, 246.49450000000002, 0.6540545], [343.476, 233.269, 0.691649], [380.832, 112.698, 0.695671], [0.0, 0.0, 0.0], [0.0, 0.0, 0.0], [277.84, 480.503, 0.299939], [382.451, 482.104, 0.349445], [0.0, 0.0, 0.0], [0.0, 0.0, 0.0], [237.24, 477.386, 0.645768], [182.674, 358.488, 0.72538], [238.836, 244.133, 0.660951], [421.485, 248.856, 0.647158], [441.782, 381.945, 0.801632], [455.834, 330.265, 0.88194]], "hand_pts": [[457.0, 337.0, 1.0], [453.40255737304693, 313.65155029296875, 1.0], [446.73468017578136, 291.1514587402343, 1.0], [454.8843078613281, 292.6268615722656, 1.0], [460.4408874511719, 300.7416687011719, 1.0], [469.70181274414057, 292.258026123047, 1.0], [481.1853637695313, 291.5202941894532, 1.0], [493.78024291992193, 292.258026123047, 1.0], [503.4115905761718, 293.36456298828125, 1.0], [484.14886474609375, 304.0613403320313, 1.0], [470.07223510742193, 309.2253112792968, 1.0], [458.9591369628905, 308.1187438964844, 1.0], [458.21826171875, 307.0121765136719, 1.0], [484.14886474609375, 314.75811767578125, 1.0], [472.29486083984386, 315.86468505859375, 1.0], [461.18176269531256, 315.86468505859375, 1.0], [458.21826171875, 315.86468505859375, 1.0], [478.9627380371093, 323.2417602539063, 1.0], [467.10873413085943, 326.93029785156244, 1.0], [456.3660583496093, 322.5040588378906, 1.0], [457.8478088378907, 323.6106262207032, 1.0]], "head_box": [[340.64166666666665, 112.698], [421.02233333333334, 233.269]], "head_size": 120.57100000000001, "hand_box_center": [475.07313537597656, 314.0757293701172], "is_left": 1, "is_mpii": 0}