{"mpii_body_pts": [[0.0, 0.0, 0.0], [355.10450000000003, 242.63150000000002, 0.7045355], [357.488, 194.029, 0.789815], [355.885, 82.9768, 0.687378], [0.0, 0.0, 0.0], [0.0, 0.0, 0.0], [0.0, 0.0, 0.0], [0.0, 0.0, 0.0], [0.0, 0.0, 0.0], [0.0, 0.0, 0.0], [304.334, 273.94, 0.551371], [199.829, 336.517, 0.734507], [270.057, 242.638, 0.672443], [440.152, 242.625, 0.736628], [515.071, 322.433, 0.786943], [415.217, 275.492, 0.614769]], "hand_pts": [[309.1898498535157, 275.8392333984375, 1.0], [335.97518920898426, 282.6402893066407, 1.0], [356.45806884765625, 281.07080078125, 1.0], [368.27514648437494, 279.76290893554693, 1.0], [385.3229064941406, 279.2288208007813, 1.0], [370.63854980468744, 249.419692993164, 1.0], [381.1020812988282, 258.2209167480468, 1.0], [378.1474914550781, 266.6240844726563, 1.0], [369.7058410644532, 265.7837524414062, 1.0], [362.76049804687494, 249.9428558349609, 1.0], [374.77084350585943, 260.7418518066406, 1.0], [374.77084350585943, 268.724853515625, 1.0], [364.64086914062506, 268.724853515625, 1.0], [354.8824768066406, 250.2044372558594, 1.0], [367.487335205078, 263.0218200683594, 1.0], [366.3291931152344, 273.34658813476574, 1.0], [359.1537780761719, 272.08612060546875, 1.0], [346.4792175292969, 251.5123291015625, 1.0], [359.5758666992188, 267.0442199707031, 1.0], [352.40048217773443, 275.8675537109375, 1.0], [348.17965698242193, 271.24581909179693, 1.0]], "head_box": [[318.8676, 82.9768], [392.9024, 194.029]], "head_size": 111.0522, "hand_box_center": [347.2563781738281, 266.02999114990234], "is_left": 0, "is_mpii": 0}