{"mpii_body_pts": [[0.0, 0.0, 0.0], [360.5535, 288.0045, 0.6162369999999999], [354.367, 289.547, 0.580408], [357.46, 131.444, 0.617263], [0.0, 0.0, 0.0], [0.0, 0.0, 0.0], [0.0, 0.0, 0.0], [0.0, 0.0, 0.0], [0.0, 0.0, 0.0], [0.0, 0.0, 0.0], [274.751, 428.887, 0.590875], [206.122, 464.885, 0.720712], [254.394, 298.973, 0.632309], [466.713, 277.036, 0.600165], [530.756, 442.958, 0.812705], [419.941, 392.86, 0.718785]], "hand_pts": [[289.8983764648437, 416.24288940429693, 1.0], [308.0, 419.0, 1.0], [325.0, 441.0, 1.0], [330.0, 465.0, 1.0], [341.0, 482.0, 1.0], [321.0, 445.0, 1.0], [325.0, 470.0, 1.0], [326.0, 488.0, 1.0], [325.0, 502.0, 1.0], [307.0, 447.0, 1.0], [311.0, 473.0, 1.0], [313.0, 491.0, 1.0], [316.0, 507.0, 1.0], [293.0, 445.0, 1.0], [296.0, 468.0, 1.0], [299.0, 485.0, 1.0], [302.0, 502.0, 1.0], [280.0, 448.0, 1.0], [283.0, 465.0, 1.0], [287.0, 477.0, 1.0], [291.0, 489.0, 1.0]], "head_box": [[304.75899999999996, 131.444], [410.161, 289.547]], "head_size": 158.10300000000004, "hand_box_center": [310.5, 461.62144470214844], "is_left": 0, "is_mpii": 0}