{"mpii_body_pts": [[146.743, 256.6925, 0.100469], [337.156, 267.6265, 0.6464084999999999], [340.242, 256.693, 0.668032], [334.026, 106.477, 0.666646], [0.0, 0.0, 0.0], [0.0, 0.0, 0.0], [293.486, 513.385, 0.200938], [0.0, 0.0, 0.0], [0.0, 0.0, 0.0], [0.0, 0.0, 0.0], [316.885, 432.025, 0.740442], [192.052, 444.561, 0.727157], [232.581, 280.184, 0.676906], [441.731, 255.069, 0.615911], [530.72, 394.377, 0.791981], [438.642, 366.195, 0.768978]], "hand_pts": [[317.4034423828125, 430.2670288085937, 1.0], [338.7689208984375, 428.59893798828114, 1.0], [362.22909545898426, 435.27127075195307, 1.0], [391.13534545898426, 461.96063232421875, 1.0], [402.44650268554693, 484.06277465820307, 1.0], [385.2702941894532, 451.1180725097657, 1.0], [400.77075195312494, 475.3053283691406, 1.0], [408.31152343749994, 489.90106201171875, 1.0], [415.0144348144532, 503.24575805664057, 1.0], [376.8916931152344, 459.04150390624994, 1.0], [384.8513793945313, 488.64999389648443, 1.0], [376.4727478027344, 495.7393493652343, 1.0], [370.18878173828125, 487.39892578124994, 1.0], [365.5805358886718, 463.2117004394531, 1.0], [367.2562561035156, 489.48403930664057, 1.0], [359.7154846191407, 483.645751953125, 1.0], [359.7154846191407, 474.47128295898426, 1.0], [354.6883239746093, 467.7989501953125, 1.0], [353.43151855468733, 487.39892578124994, 1.0], [349.24221801757807, 483.2287292480468, 1.0], [350.4989929199219, 475.7223510742187, 1.0]], "head_box": [[283.954, 106.477], [384.098, 256.693]], "head_size": 150.21599999999998, "hand_box_center": [366.2089385986328, 465.9223480224608], "is_left": 0, "is_mpii": 0}