{"mpii_body_pts": [[0.0, 0.0, 0.0], [310.645, 270.7815, 0.6258555], [315.314, 259.831, 0.636179], [304.419, 111.134, 0.634305], [0.0, 0.0, 0.0], [0.0, 0.0, 0.0], [0.0, 0.0, 0.0], [0.0, 0.0, 0.0], [0.0, 0.0, 0.0], [0.0, 0.0, 0.0], [254.408, 394.451, 0.71883], [142.096, 444.545, 0.744893], [204.498, 289.578, 0.652066], [416.792, 251.985, 0.599645], [507.356, 386.605, 0.722537], [432.363, 377.243, 0.764659]], "hand_pts": [[265.5406188964844, 393.8817138671874, 1.0], [285.22811889648426, 394.9711914062499, 1.0], [307.2759399414062, 406.37448120117193, 1.0], [319.2454223632813, 432.33190917968744, 1.0], [326.08511352539057, 450.6297912597657, 1.0], [317.5354919433594, 418.7149047851563, 1.0], [326.08511352539057, 441.2680969238281, 1.0], [331.6423645019532, 461.2680969238281, 1.0], [334.207244873047, 479.1404113769532, 1.0], [306.4209899902343, 420.41702270507807, 1.0], [311.55075073242193, 457.8638305664063, 1.0], [302.14617919921875, 456.1617126464843, 1.0], [301.2912292480468, 448.9276733398438, 1.0], [294.0240478515625, 424.2467956542969, 1.0], [294.0240478515625, 445.5234069824219, 1.0], [290.17672729492193, 451.90637207031244, 1.0], [288.46679687499994, 445.94894409179693, 1.0], [280.34466552734386, 426.79998779296875, 1.0], [278.63473510742193, 445.94894409179693, 1.0], [276.0698547363282, 439.5659484863281, 1.0], [275.6423645019532, 434.4595642089843, 1.0]], "head_box": [[254.85333333333332, 111.134], [353.98466666666667, 259.831]], "head_size": 148.697, "hand_box_center": [299.8739318847657, 436.5110626220703], "is_left": 0, "is_mpii": 0}