{"mpii_body_pts": [[349.6465, 506.341, 0.23038350000000002], [356.682, 245.732, 0.6178855], [366.756, 209.748, 0.769144], [380.89, 92.3437, 0.687508], [0.0, 0.0, 0.0], [0.0, 0.0, 0.0], [301.261, 507.132, 0.21487], [398.032, 505.55, 0.245897], [0.0, 0.0, 0.0], [0.0, 0.0, 0.0], [204.489, 305.239, 0.455474], [177.96, 352.136, 0.674022], [266.919, 236.365, 0.633648], [446.445, 255.099, 0.602123], [491.698, 406.922, 0.806361], [497.958, 308.366, 0.808878]], "hand_pts": [[504.19714355468744, 304.0562744140625, 1.0], [495.36386108398443, 292.52667236328125, 1.0], [488.9673461914063, 274.6254272460937, 1.0], [485.3121643066406, 257.02755737304693, 1.0], [493.53628540039057, 246.7115936279297, 1.0], [470.386962890625, 273.41177368164057, 1.0], [451.80657958984375, 261.8821411132813, 1.0], [439.6227416992188, 257.33099365234375, 1.0], [430.48486328125, 255.81393432617185, 1.0], [466.4272155761718, 283.1209106445313, 1.0], [443.8870849609375, 279.78338623046875, 1.0], [426.5251159667968, 279.78338623046875, 1.0], [417.38720703125, 279.78338623046875, 1.0], [464.59963989257807, 295.56076049804693, 1.0], [444.19168090820307, 297.3812255859375, 1.0], [430.18026733398443, 297.9880676269531, 1.0], [419.5193786621093, 297.9880676269531, 1.0], [467.34100341796875, 307.39379882812494, 1.0], [449.0652160644531, 310.73132324218733, 1.0], [440.23193359375, 312.2483825683594, 1.0], [433.8354187011718, 312.85519409179693, 1.0]], "head_box": [[341.7552333333333, 92.3437], [420.02476666666666, 209.748]], "head_size": 117.40429999999999, "hand_box_center": [460.79217529296875, 279.7833938598633], "is_left": 1, "is_mpii": 0}