{"mpii_body_pts": [[329.3855, 453.124, 0.285234], [307.5455, 244.96499999999997, 0.690423], [315.276, 244.153, 0.732832], [332.528, 117.403, 0.700366], [0.0, 0.0, 0.0], [0.0, 0.0, 0.0], [281.02, 455.474, 0.221547], [377.751, 450.774, 0.348921], [0.0, 0.0, 0.0], [0.0, 0.0, 0.0], [355.875, 361.545, 0.630028], [246.624, 411.628, 0.711456], [218.574, 256.655, 0.725476], [396.517, 233.275, 0.65537], [440.215, 345.933, 0.322432], [0.0, 0.0, 0.0]], "hand_pts": [[369.7693481445313, 360.5164184570312, 1.0], [371.1078491210938, 348.516845703125, 1.0], [379.4734191894531, 347.18356323242193, 1.0], [387.1697387695313, 347.8501892089843, 1.0], [392.18908691406256, 344.51699829101557, 1.0], [405.5740356445313, 358.8497924804688, 1.0], [425.70019531249994, 352.5659790039063, 1.0], [438.015380859375, 349.3539733886719, 1.0], [445.3871459960937, 347.72216796874994, 1.0], [407.3136291503906, 356.3585510253906, 1.0], [426.4325561523437, 351.471710205078, 1.0], [446.40005493164057, 348.80413818359375, 1.0], [456.4341735839843, 347.293243408203, 1.0], [406.846923828125, 355.19635009765625, 1.0], [426.6818237304688, 350.4312438964843, 1.0], [441.61633300781244, 347.4094543457031, 1.0], [449.55029296875, 345.6661376953125, 1.0], [405.7968444824219, 354.1503295898438, 1.0], [423.6436767578125, 350.1834411621094, 1.0], [435.08248901367193, 347.87435913085943, 1.0], [439.74951171875, 346.82836914062494, 1.0]], "head_box": [[290.278, 117.403], [374.778, 244.153]], "head_size": 126.74999999999999, "hand_box_center": [413.1017608642578, 352.5167083740234], "is_left": 0, "is_mpii": 0}