{"mpii_body_pts": [[0.0, 0.0, 0.0], [337.92100000000005, 252.001, 0.6559189999999999], [335.604, 222.261, 0.694133], [326.22, 79.8544, 0.606101], [0.0, 0.0, 0.0], [0.0, 0.0, 0.0], [0.0, 0.0, 0.0], [0.0, 0.0, 0.0], [0.0, 0.0, 0.0], [0.0, 0.0, 0.0], [343.41, 385.062, 0.73889], [193.496, 381.89, 0.782508], [240.348, 251.988, 0.65198], [435.494, 252.014, 0.659858], [472.98, 386.633, 0.725434], [332.493, 347.489, 0.643231]], "hand_pts": [[353.8258666992188, 391.02859497070307, 1.0], [369.2792358398438, 393.82739257812494, 1.0], [395.2690124511718, 400.8243103027344, 1.0], [415.6393737792969, 417.26708984375006, 1.0], [425.8245544433594, 426.3630981445313, 1.0], [413.179931640625, 411.1123962402343, 1.0], [428.56176757812494, 425.93203735351557, 1.0], [437.8917236328125, 439.7469177246093, 1.0], [443.691436767578, 447.78466796875, 1.0], [405.8672790527344, 412.36831665039057, 1.0], [423.2663879394531, 432.2115173339843, 1.0], [431.0833740234375, 443.7658081054688, 1.0], [438.900390625, 454.8177185058594, 1.0], [397.79812622070307, 415.88482666015636, 1.0], [416.71020507812494, 437.73748779296875, 1.0], [425.7879943847657, 450.5476684570313, 1.0], [433.3528442382813, 460.0924987792969, 1.0], [389.98110961914057, 423.42022705078125, 1.0], [403.09350585937494, 441.5051879882812, 1.0], [409.1453552246094, 448.78939819335943, 1.0], [414.44076538085943, 455.5712585449219, 1.0]], "head_box": [[278.75113333333337, 79.8544], [373.6888666666667, 222.261]], "head_size": 142.4066, "hand_box_center": [398.75865173339844, 425.560546875], "is_left": 0, "is_mpii": 0}