{"mpii_body_pts": [[0.0, 0.0, 0.0], [382.456, 275.476, 0.618921], [368.386, 269.179, 0.656311], [349.644, 129.908, 0.639555], [0.0, 0.0, 0.0], [0.0, 0.0, 0.0], [0.0, 0.0, 0.0], [0.0, 0.0, 0.0], [0.0, 0.0, 0.0], [0.0, 0.0, 0.0], [206.029, 306.792, 0.360004], [154.587, 381.908, 0.359087], [284.089, 281.762, 0.558899], [480.823, 269.19, 0.678943], [504.241, 416.292, 0.807532], [424.556, 295.843, 0.599155]], "hand_pts": [[197.42166137695315, 304.38189697265625, 1.0], [216.98701477050778, 284.5, 1.0], [243.48175048828128, 280.03671264648426, 1.0], [264.6775512695313, 297.4841003417969, 1.0], [282.6124572753906, 304.7876586914063, 1.0], [245.51980590820312, 271.51589965820307, 1.0], [267.12322998046875, 291.8035583496093, 1.0], [274.4602355957031, 303.9761352539062, 1.0], [281.7972412109375, 314.5257263183594, 1.0], [236.55235290527347, 282.0654907226563, 1.0], [256.52532958984375, 301.94738769531256, 1.0], [258.15576171875006, 309.25094604492193, 1.0], [250.4111480712891, 307.22216796874994, 1.0], [222.28594970703128, 292.2093200683594, 1.0], [240.22087097167972, 307.6279296875, 1.0], [247.15025329589838, 313.7142333984375, 1.0], [238.99803161621097, 312.49697875976557, 1.0], [214.94894409179688, 303.9761352539062, 1.0], [236.95997619628906, 318.1775207519531, 1.0], [225.95446777343753, 316.14874267578136, 1.0], [220.24789428710938, 312.0912170410155, 1.0]], "head_box": [[303.2203333333333, 129.908], [396.0676666666667, 269.179]], "head_size": 139.271, "hand_box_center": [240.01705932617188, 294.8467102050781], "is_left": 0, "is_mpii": 0}