{"mpii_body_pts": [[0.0, 0.0, 0.0], [310.645, 270.7815, 0.6258555], [315.314, 259.831, 0.636179], [304.419, 111.134, 0.634305], [0.0, 0.0, 0.0], [0.0, 0.0, 0.0], [0.0, 0.0, 0.0], [0.0, 0.0, 0.0], [0.0, 0.0, 0.0], [0.0, 0.0, 0.0], [254.408, 394.451, 0.71883], [142.096, 444.545, 0.744893], [204.498, 289.578, 0.652066], [416.792, 251.985, 0.599645], [507.356, 386.605, 0.722537], [432.363, 377.243, 0.764659]], "hand_pts": [[423.09130859375, 368.962646484375, 1.0], [400.9595947265625, 388.6762390136719, 1.0], [395.5942993164063, 406.0509643554688, 1.0], [394.2529907226563, 423.42565917968744, 1.0], [389.89370727539057, 438.1273193359375, 1.0], [380.83981323242193, 397.02947998046875, 1.0], [376.48052978515625, 419.4161071777343, 1.0], [375.4745483398438, 436.12255859375006, 1.0], [374.80389404296875, 451.4924926757813, 1.0], [395.92962646484375, 396.69534301757807, 1.0], [396.9356384277343, 428.4375915527343, 1.0], [402.30090332031256, 424.09390258789057, 1.0], [403.306884765625, 410.0605163574219, 1.0], [409.0074768066406, 396.69534301757807, 1.0], [411.3547973632813, 424.09390258789057, 1.0], [412.3607788085937, 410.0605163574219, 1.0], [413.70208740234375, 400.70489501953136, 1.0], [420.74401855468744, 398.7001342773437, 1.0], [420.40869140624994, 414.73831176757795, 1.0], [414.3727416992188, 420.0843811035157, 1.0], [415.04342651367193, 409.05810546874994, 1.0]], "head_box": [[254.85333333333332, 111.134], [353.98466666666667, 259.831]], "head_size": 148.697, "hand_box_center": [398.9476013183594, 410.2275695800781], "is_left": 1, "is_mpii": 0}