{"mpii_body_pts": [[146.743, 256.6925, 0.100469], [337.156, 267.6265, 0.6464084999999999], [340.242, 256.693, 0.668032], [334.026, 106.477, 0.666646], [0.0, 0.0, 0.0], [0.0, 0.0, 0.0], [293.486, 513.385, 0.200938], [0.0, 0.0, 0.0], [0.0, 0.0, 0.0], [0.0, 0.0, 0.0], [316.885, 432.025, 0.740442], [192.052, 444.561, 0.727157], [232.581, 280.184, 0.676906], [441.731, 255.069, 0.615911], [530.72, 394.377, 0.791981], [438.642, 366.195, 0.768978]], "hand_pts": [[435.85214233398443, 359.6519165039063, 1.0], [403.97573852539057, 355.0676574707031, 1.0], [382.2866516113281, 362.9263610839843, 1.0], [371.77072143554693, 383.8829345703125, 1.0], [363.5551452636719, 396.98077392578125, 1.0], [375.38555908203125, 360.9617004394531, 1.0], [361.9120483398438, 377.9888916015625, 1.0], [353.3678588867188, 389.4495239257813, 1.0], [348.1098937988282, 399.92779541015625, 1.0], [387.87322998046875, 365.8733825683594, 1.0], [377.3572998046875, 390.7593078613281, 1.0], [379.9862976074219, 402.219940185547, 1.0], [387.21597290039057, 405.82183837890625, 1.0], [400.6895141601563, 370.45764160156256, 1.0], [393.1311950683593, 393.70632934570307, 1.0], [397.07467651367193, 398.6180114746093, 1.0], [400.6895141601563, 389.1220703125, 1.0], [412.51992797851557, 374.7144470214844, 1.0], [403.97573852539057, 392.7239990234375, 1.0], [412.19131469726557, 385.1927185058594, 1.0], [418.7637634277344, 377.9888916015625, 1.0]], "head_box": [[283.954, 106.477], [384.098, 256.693]], "head_size": 150.21599999999998, "hand_box_center": [391.9810180664063, 380.4447479248047], "is_left": 1, "is_mpii": 0}