{"mpii_body_pts": [[348.88149999999996, 467.986, 0.278129], [341.08299999999997, 243.4375, 0.687416], [340.246, 205.047, 0.782895], [349.646, 82.9853, 0.705524], [0.0, 0.0, 0.0], [0.0, 0.0, 0.0], [301.277, 469.551, 0.226832], [396.486, 466.421, 0.329426], [0.0, 0.0, 0.0], [0.0, 0.0, 0.0], [352.759, 291.091, 0.639958], [243.552, 366.241, 0.781238], [249.737, 244.233, 0.729372], [432.429, 242.642, 0.64546], [479.258, 367.826, 0.901644], [440.156, 298.972, 0.641144]], "hand_pts": [[442.0, 298.0, 1.0], [432.45141601562494, 283.92935180664057, 1.0], [408.1447143554688, 285.56466674804693, 1.0], [417.6703186035156, 286.2188110351563, 1.0], [426.5389709472655, 286.545867919922, 1.0], [430.15216064453136, 258.74530029296875, 1.0], [433.43682861328125, 263.65127563476574, 1.0], [435.736114501953, 267.5760803222656, 1.0], [437.3784790039063, 270.51965332031256, 1.0], [442.3055114746093, 261.36181640624994, 1.0], [444.9332580566405, 279.67749023437506, 1.0], [440.9916381835937, 290.4706420898438, 1.0], [433.43682861328125, 289.48947143554693, 1.0], [451.17416381835943, 265.28662109375006, 1.0], [448.8748779296875, 286.8729248046875, 1.0], [444.6047973632813, 294.7225036621093, 1.0], [443.29092407226557, 291.1247863769532, 1.0], [456.1012268066406, 270.51965332031256, 1.0], [453.80194091796875, 286.545867919922, 1.0], [452.8165283203125, 294.39544677734375, 1.0], [450.5172424316406, 293.7413024902343, 1.0]], "head_box": [[308.9587666666667, 82.9853], [390.33323333333334, 205.047]], "head_size": 122.0617, "hand_box_center": [432.1229705810547, 278.3726501464844], "is_left": 1, "is_mpii": 0}