{"mpii_body_pts": [[200.59, 215.2155, 0.1464765], [322.3365, 240.2775, 0.696591], [313.76, 205.011, 0.766447], [295.073, 81.3707, 0.733583], [0.0, 0.0, 0.0], [0.0, 0.0, 0.0], [0.0, 0.0, 0.0], [401.18, 430.431, 0.292953], [0.0, 0.0, 0.0], [0.0, 0.0, 0.0], [404.333, 338.082, 0.657418], [291.838, 380.382, 0.705601], [241.96, 252.012, 0.684989], [402.713, 228.543, 0.708193], [452.663, 345.931, 0.631606], [480.841, 300.504, 0.827088]], "hand_pts": [[421.46194458007807, 334.59362792968744, 1.0], [419.28863525390625, 338.6140747070313, 1.0], [427.36096191406256, 343.2530822753906, 1.0], [438.00881958007807, 344.2951049804687, 1.0], [449.29397583007807, 350.0931396484374, 1.0], [456.21066284179693, 354.8040466308595, 1.0], [478.4169311523437, 360.2396850585937, 1.0], [487.88189697265625, 360.6020812988282, 1.0], [496.25476074218744, 362.7763366699219, 1.0], [459.8510437011719, 349.0060119628905, 1.0], [484.96960449218744, 355.1664123535156, 1.0], [498.07492065429693, 357.34066772460943, 1.0], [510.08816528320307, 358.79019165039057, 1.0], [463.85543823242193, 345.0198364257813, 1.0], [480.9651794433593, 347.5564880371094, 1.0], [495.16262817382824, 348.6436157226563, 1.0], [511.18026733398443, 348.28124999999994, 1.0], [465.31158447265625, 339.22180175781244, 1.0], [477.6888732910156, 339.22180175781244, 1.0], [487.5178527832031, 339.9465637207031, 1.0], [495.8907165527343, 340.3089294433594, 1.0]], "head_box": [[253.85956666666664, 81.3707], [336.2864333333333, 205.011]], "head_size": 123.6403, "hand_box_center": [465.2344512939453, 348.6849822998047], "is_left": 0, "is_mpii": 0}