{"mpii_body_pts": [[0.0, 0.0, 0.0], [366.83050000000003, 288.8005, 0.5915414999999999], [388.686, 220.696, 0.72046], [394.915, 84.5543, 0.640472], [0.0, 0.0, 0.0], [0.0, 0.0, 0.0], [0.0, 0.0, 0.0], [0.0, 0.0, 0.0], [0.0, 0.0, 0.0], [0.0, 0.0, 0.0], [268.524, 408.554, 0.663812], [179.504, 453.926, 0.696431], [260.692, 294.256, 0.63731], [472.969, 283.345, 0.545773], [543.254, 466.426, 0.787542], [513.565, 356.84, 0.426979]], "hand_pts": [[277.07873535156244, 413.7250061035156, 1.0], [282.38424682617193, 387.3005676269532, 1.0], [294.24572753906256, 361.933624267578, 1.0], [303.0084228515625, 344.8815612792969, 1.0], [297.8304748535156, 329.01916503906256, 1.0], [319.5229797363281, 373.91217041015625, 1.0], [340.3914184570312, 351.71563720703125, 1.0], [340.8472900390626, 345.67468261718756, 1.0], [337.66085815429693, 343.69186401367193, 1.0], [328.71923828124994, 387.65289306640636, 1.0], [354.185791015625, 370.38891601562494, 1.0], [352.77099609375006, 361.58078002929693, 1.0], [348.41506958007807, 357.9680175781249, 1.0], [332.48291015624994, 399.60678100585943, 1.0], [353.8320922851563, 388.70986938476574, 1.0], [352.0635986328125, 378.8447265625, 1.0], [347.1117553710937, 375.32147216796875, 1.0], [329.7803649902343, 412.3157043457031, 1.0], [344.0337219238281, 407.53796386718744, 1.0], [350.80490112304705, 401.19299316406256, 1.0], [346.75805664062494, 394.6994018554688, 1.0]], "head_box": [[349.53443333333337, 84.5543], [440.2955666666667, 220.696]], "head_size": 136.14170000000001, "hand_box_center": [315.63226318359375, 371.37208557128906], "is_left": 0, "is_mpii": 0}