{"mpii_body_pts": [[365.2735, 522.773, 0.236761], [360.584, 268.42449999999997, 0.6514595000000001], [360.596, 245.775, 0.649825], [316.851, 104.864, 0.623574], [0.0, 0.0, 0.0], [0.0, 0.0, 0.0], [299.702, 514.951, 0.25948], [430.845, 530.595, 0.214042], [0.0, 0.0, 0.0], [0.0, 0.0, 0.0], [260.66, 430.464, 0.51592], [229.391, 405.348, 0.742588], [252.899, 277.033, 0.65564], [468.269, 259.816, 0.647279], [491.726, 442.914, 0.795536], [401.186, 356.836, 0.779338]], "hand_pts": [[403.5067443847657, 353.912841796875, 1.0], [375.01870727539057, 340.36495971679693, 1.0], [350.41543579101557, 341.655242919922, 1.0], [341.9985046386718, 349.0743103027344, 1.0], [330.0205993652343, 358.75137329101557, 1.0], [353.00524902343756, 331.9781799316405, 1.0], [338.1138000488281, 339.07467651367193, 1.0], [328.4019775390625, 344.23577880859364, 1.0], [320.30877685546875, 352.29998779296875, 1.0], [364.011993408203, 343.59063720703125, 1.0], [341.35107421875, 361.97705078124994, 1.0], [356.2425231933595, 364.23504638671875, 1.0], [368.54415893554693, 358.4288024902343, 1.0], [370.4865417480468, 353.912841796875, 1.0], [349.12051391601557, 369.39611816406244, 1.0], [361.4221801757813, 372.621826171875, 1.0], [373.7238159179687, 365.84786987304705, 1.0], [378.2559814453125, 365.52529907226557, 1.0], [359.47979736328125, 377.1377868652344, 1.0], [371.78143310546875, 375.8475036621094, 1.0], [381.8169860839844, 372.2992553710937, 1.0]], "head_box": [[269.8806666666667, 104.864], [363.8213333333333, 245.775]], "head_size": 140.911, "hand_box_center": [361.9077606201172, 354.55798339843744], "is_left": 1, "is_mpii": 0}