{"mpii_body_pts": [[362.9155, 475.8325, 0.2634325], [334.8465, 250.4905, 0.7317055], [329.324, 205.037, 0.810158], [304.369, 95.4577, 0.71791], [0.0, 0.0, 0.0], [0.0, 0.0, 0.0], [316.845, 478.958, 0.294957], [408.986, 472.707, 0.231908], [0.0, 0.0, 0.0], [0.0, 0.0, 0.0], [287.236, 262.978, 0.659728], [251.329, 381.868, 0.785946], [249.735, 267.705, 0.734684], [419.958, 233.276, 0.728727], [449.544, 355.358, 0.752097], [369.953, 244.197, 0.775001]], "hand_pts": [[294.1160583496093, 258.4700927734375, 1.0], [304.993194580078, 241.6159515380859, 1.0], [304.993194580078, 226.86857604980472, 1.0], [302.8782043457031, 212.12120056152344, 1.0], [306.700927734375, 198.59158325195312, 1.0], [281.72821044921864, 223.55793762207034, 1.0], [289.2510986328125, 208.93756103515622, 1.0], [298.04391479492193, 200.68444824218753, 1.0], [305.899627685547, 194.96607971191406, 1.0], [273.5703735351563, 221.75213623046878, 1.0], [263.9018249511718, 208.50959777832028, 1.0], [262.3910827636719, 196.1699523925781, 1.0], [261.77691650390625, 181.2251129150391, 1.0], [268.83108520507807, 220.76153564453122, 1.0], [256.57907104492193, 213.00204467773443, 1.0], [248.41108703613278, 203.02557373046872, 1.0], [238.75798034667974, 191.9405975341797, 1.0], [270.316162109375, 226.67352294921872, 1.0], [257.6929016113282, 222.23953247070312, 1.0], [249.15362548828125, 214.48004150390628, 1.0], [236.5303497314453, 206.35105895996097, 1.0]], "head_box": [[267.8425666666667, 95.4577], [340.89543333333336, 205.037]], "head_size": 109.5793, "hand_box_center": [271.61563873291016, 219.84760284423828], "is_left": 0, "is_mpii": 0}