{"mpii_body_pts": [[394.16999999999996, 520.4225, 0.27391350000000003], [320.811, 291.118, 0.6106165], [305.967, 281.768, 0.686228], [305.941, 119.03, 0.633027], [0.0, 0.0, 0.0], [0.0, 0.0, 0.0], [332.498, 518.071, 0.278932], [455.842, 522.774, 0.268895], [0.0, 0.0, 0.0], [0.0, 0.0, 0.0], [343.369, 469.563, 0.762996], [231.017, 494.617, 0.732919], [218.581, 328.671, 0.632417], [423.041, 253.565, 0.588816], [501.071, 419.469, 0.772195], [479.183, 331.82, 0.75343]], "hand_pts": [[472.0, 346.0, 1.0], [459.58883666992193, 338.3396301269532, 1.0], [454.18646240234375, 325.2756958007813, 1.0], [474.6382446289063, 324.8914794921874, 1.0], [489.6876525878906, 320.66491699218744, 1.0], [462.2900085449219, 297.2266845703125, 1.0], [473.09469604492193, 293.76858520507807, 1.0], [486.98648071289057, 292.2316589355469, 1.0], [497.405303955078, 290.6947021484375, 1.0], [473.09469604492193, 307.6009826660157, 1.0], [486.6005859375, 300.684783935547, 1.0], [503.9653015136719, 294.152801513672, 1.0], [515.1558837890625, 285.3154602050781, 1.0], [495.0899963378906, 303.7586364746093, 1.0], [492.38882446289057, 319.8964233398438, 1.0], [485.8288269042969, 329.5022583007813, 1.0], [482.3558654785156, 324.8914794921874, 1.0], [499.33468627929693, 308.75366210937506, 1.0], [497.7911682128905, 320.66491699218744, 1.0], [492.38882446289057, 329.11804199218744, 1.0], [490.45941162109375, 326.81262207031256, 1.0]], "head_box": [[251.695, 119.03], [360.18699999999995, 281.768]], "head_size": 162.73799999999997, "hand_box_center": [484.6711730957031, 315.65773010253906], "is_left": 1, "is_mpii": 0}