{"mpii_body_pts": [[202.912, 248.8665, 0.141572], [363.716, 256.6895, 0.6837015], [368.435, 217.56, 0.797548], [380.836, 98.6013, 0.674541], [0.0, 0.0, 0.0], [0.0, 0.0, 0.0], [0.0, 0.0, 0.0], [405.824, 497.733, 0.283144], [0.0, 0.0, 0.0], [0.0, 0.0, 0.0], [260.694, 349.032, 0.490495], [190.446, 372.506, 0.551486], [270.091, 244.129, 0.704522], [457.341, 269.25, 0.662881], [468.319, 421.023, 0.65881], [505.764, 380.324, 0.531535]], "hand_pts": [[524.6904907226564, 374.0499572753906, 1.0], [518.0646362304688, 362.6499023437501, 1.0], [514.7517700195314, 343.1498413085938, 1.0], [513.5470581054685, 323.94973754882807, 1.0], [522.8834228515625, 311.34970092773443, 1.0], [499.99426269531256, 345.5498352050781, 1.0], [485.53796386718744, 335.9497985839844, 1.0], [470.78048706054693, 329.9497680664063, 1.0], [463.5523071289063, 327.5497436523438, 1.0], [494.27197265624994, 356.34988403320324, 1.0], [472.888671875, 350.34985351562506, 1.0], [457.83001708984375, 344.6498413085938, 1.0], [447.2889709472655, 340.74981689453136, 1.0], [491.26025390624994, 368.0499267578125, 1.0], [469.5757751464843, 364.1499328613282, 1.0], [453.9147644042969, 360.24990844726557, 1.0], [444.2772216796875, 357.2498779296875, 1.0], [490.65789794921875, 379.14999389648443, 1.0], [469.27459716796875, 374.34997558593756, 1.0], [458.4323730468749, 371.34994506835943, 1.0], [452.4089050292969, 368.6499328613282, 1.0]], "head_box": [[341.1831, 98.6013], [420.4889, 217.56]], "head_size": 118.95870000000001, "hand_box_center": [484.48385620117193, 345.24984741210943], "is_left": 1, "is_mpii": 0}