{"mpii_body_pts": [[0.0, 0.0, 0.0], [396.50649999999996, 229.30349999999999, 0.4821485], [394.944, 228.532, 0.658071], [379.354, 82.9727, 0.605281], [0.0, 0.0, 0.0], [0.0, 0.0, 0.0], [0.0, 0.0, 0.0], [0.0, 0.0, 0.0], [0.0, 0.0, 0.0], [0.0, 0.0, 0.0], [316.844, 239.492, 0.677833], [204.41, 320.906, 0.684566], [293.488, 219.118, 0.612306], [499.525, 239.489, 0.351991], [625.955, 305.214, 0.754137], [521.345, 241.034, 0.77977]], "hand_pts": [[517.2346801757812, 235.94830322265625, 1.0], [499.9217834472655, 232.55973815917972, 1.0], [481.372283935547, 239.33688354492188, 1.0], [474.57080078125, 249.19453430175776, 1.0], [467.1510009765625, 263.9810180664062, 1.0], [458.80371093749994, 243.95765686035156, 1.0], [450.7655944824219, 261.2085266113281, 1.0], [445.50991821289057, 278.7674865722656, 1.0], [439.017578125, 291.0895385742187, 1.0], [469.3150939941406, 247.65426635742193, 1.0], [459.73120117187494, 267.9856872558594, 1.0], [454.1663513183594, 286.1607360839844, 1.0], [447.0556945800781, 300.33108520507807, 1.0], [480.13565063476574, 253.1992034912109, 1.0], [472.7158508300781, 271.9903564453124, 1.0], [467.1510009765625, 289.54928588867193, 1.0], [462.20446777343756, 302.48745727539057, 1.0], [490.337860107422, 260.28439331054693, 1.0], [484.15469360351574, 275.07086181640636, 1.0], [481.372283935547, 285.5446166992188, 1.0], [475.8074340820313, 296.32641601562494, 1.0]], "head_box": [[330.8342333333333, 82.9727], [427.87376666666665, 228.532]], "head_size": 145.5593, "hand_box_center": [478.1261291503906, 267.52359771728516], "is_left": 1, "is_mpii": 0}