{"mpii_body_pts": [[0.0, 0.0, 0.0], [415.25699999999995, 244.16750000000002, 0.53598], [405.889, 228.528, 0.659323], [355.856, 93.9097, 0.688143], [0.0, 0.0, 0.0], [0.0, 0.0, 0.0], [0.0, 0.0, 0.0], [0.0, 0.0, 0.0], [0.0, 0.0, 0.0], [0.0, 0.0, 0.0], [290.343, 306.763, 0.480545], [223.199, 292.617, 0.62398], [312.215, 236.341, 0.52235], [518.299, 251.994, 0.54961], [593.231, 405.324, 0.758459], [491.676, 305.245, 0.673163]], "hand_pts": [[240.27735900878906, 292.38623046874994, 1.0], [250.0022735595703, 280.90524291992193, 1.0], [277.73626708984375, 273.7296447753906, 1.0], [296.1055297851563, 269.4242858886719, 1.0], [301.8684387207031, 255.79063415527344, 1.0], [288.5417175292969, 284.4930725097656, 1.0], [310.15261840820307, 283.4167175292968, 1.0], [323.11917114257807, 282.69915771484375, 1.0], [335.36535644531244, 284.13427734375006, 1.0], [288.5417175292969, 300.2793884277344, 1.0], [307.9915466308594, 309.9664611816406, 1.0], [319.1571655273438, 314.630615234375, 1.0], [326.36080932617193, 318.577178955078, 1.0], [280.6177368164063, 314.630615234375, 1.0], [296.4657287597656, 328.2642517089843, 1.0], [304.74990844726557, 337.59252929687494, 1.0], [313.39425659179693, 342.97424316406256, 1.0], [278.81680297851557, 321.44741821289057, 1.0], [289.2620849609375, 332.9284057617187, 1.0], [296.4657287597656, 340.10400390625, 1.0], [301.8684387207031, 345.48571777343744, 1.0]], "head_box": [[310.9832333333333, 93.9097], [400.7287666666667, 228.528]], "head_size": 134.61829999999998, "hand_box_center": [287.8213577270508, 300.63817596435547], "is_left": 0, "is_mpii": 0}