{"mpii_body_pts": [[343.4205, 478.96349999999995, 0.27230350000000003], [336.4025, 254.339, 0.690122], [332.465, 211.322, 0.735248], [327.769, 92.3191, 0.722573], [0.0, 0.0, 0.0], [0.0, 0.0, 0.0], [295.045, 469.592, 0.230369], [391.796, 488.335, 0.314238], [0.0, 0.0, 0.0], [0.0, 0.0, 0.0], [193.616, 381.93, 0.20856], [207.587, 358.436, 0.480668], [241.965, 256.692, 0.754267], [430.84, 251.986, 0.625977], [449.579, 405.347, 0.713599], [446.466, 322.436, 0.692575]], "hand_pts": [[213.24285888671875, 375.2235412597656, 1.0], [204.2714385986328, 363.0103149414062, 1.0], [191.71487426757807, 361.37783813476574, 1.0], [179.09188842773443, 357.53839111328125, 1.0], [160.85867309570315, 361.02880859375006, 1.0], [192.90763854980472, 368.07434082031256, 1.0], [198.88858032226565, 364.79760742187494, 1.0], [205.38978576660153, 363.47207641601557, 1.0], [210.8504791259766, 361.52090454101557, 1.0], [215.03713989257815, 368.96798706054693, 1.0], [219.2238006591797, 368.07434082031256, 1.0], [227.89616394042974, 365.9891662597656, 1.0], [236.8675842285156, 365.39337158203125, 1.0], [227.59712219238278, 370.75527954101557, 1.0], [239.40173339843753, 369.7547912597657, 1.0], [244.3106689453125, 368.0096130371094, 1.0], [259.73876953124994, 361.7268676757813, 1.0], [241.15492248535156, 371.8490295410156, 1.0], [246.06385803222656, 366.264404296875, 1.0], [251.67407226562497, 359.28359985351557, 1.0], [268.5047302246094, 349.8595275878906, 1.0]], "head_box": [[288.10136666666665, 92.3191], [367.43663333333336, 211.322]], "head_size": 119.0029, "hand_box_center": [214.68170166015625, 362.5415344238281], "is_left": 0, "is_mpii": 0}