{"mpii_body_pts": [[0.0, 0.0, 0.0], [317.644, 265.32050000000004, 0.540892], [315.337, 256.759, 0.624326], [301.247, 104.848, 0.538692], [0.0, 0.0, 0.0], [0.0, 0.0, 0.0], [0.0, 0.0, 0.0], [0.0, 0.0, 0.0], [0.0, 0.0, 0.0], [0.0, 0.0, 0.0], [273.189, 453.895, 0.545513], [179.569, 447.656, 0.743821], [207.621, 284.91, 0.654833], [427.667, 245.731, 0.426951], [555.693, 347.498, 0.455549], [474.524, 309.917, 0.30346]], "hand_pts": [[268.1666870117188, 444.7554626464844, 1.0], [292.9658508300781, 447.2659301757813, 1.0], [320.28695678710926, 458.14453125, 1.0], [334.99832153320307, 475.71768188476574, 1.0], [348.44873046874994, 490.36199951171875, 1.0], [329.11376953125, 475.71768188476574, 1.0], [344.24548339843756, 497.8933410644531, 1.0], [348.8690490722656, 509.6087646484375, 1.0], [350.5503540039063, 518.3953247070312, 1.0], [315.6633911132813, 481.99380493164057, 1.0], [328.2731323242187, 510.0271911621093, 1.0], [331.21539306640625, 518.3953247070312, 1.0], [328.2731323242187, 515.8848876953125, 1.0], [302.63333129882807, 487.8515319824219, 1.0], [309.7788391113281, 504.16946411132824, 1.0], [311.8804626464844, 510.864013671875, 1.0], [309.3585205078125, 508.35354614257807, 1.0], [291.7048645019532, 494.54608154296875, 1.0], [294.64715576171875, 503.33264160156256, 1.0], [292.5455322265625, 501.24060058593756, 1.0], [289.60324096679693, 498.7301635742187, 1.0]], "head_box": [[250.61, 104.848], [351.884, 256.759]], "head_size": 151.911, "hand_box_center": [309.35852050781256, 481.5753936767578], "is_left": 0, "is_mpii": 0}