{"mpii_body_pts": [[344.19899999999996, 500.86449999999996, 0.2448835], [361.38800000000003, 252.7885, 0.7320055], [365.217, 212.857, 0.658253], [354.322, 81.3385, 0.694623], [0.0, 0.0, 0.0], [0.0, 0.0, 0.0], [284.128, 486.78, 0.276395], [404.27, 514.949, 0.213372], [0.0, 0.0, 0.0], [0.0, 0.0, 0.0], [254.398, 405.429, 0.847879], [224.771, 345.957, 0.635558], [266.973, 239.47, 0.722317], [455.803, 266.107, 0.741694], [452.661, 411.644, 0.749793], [376.213, 325.543, 0.73571]], "hand_pts": [[259.5786437988281, 409.1473083496094, 1.0], [250.99392700195315, 417.08779907226557, 1.0], [242.7158050537109, 428.38775634765625, 1.0], [236.89045715332034, 432.0526123046875, 1.0], [225.91920471191403, 437.9281616210937, 1.0], [253.60000610351562, 430.77111816406244, 1.0], [260.7898254394532, 439.7174072265625, 1.0], [264.38473510742193, 445.4430236816406, 1.0], [270.1365661621093, 452.9579162597656, 1.0], [262.94677734375, 425.04547119140636, 1.0], [272.2935180664062, 438.6438598632813, 1.0], [279.48333740234364, 446.15875244140625, 1.0], [284.15673828124994, 451.8843688964844, 1.0], [273.37200927734375, 422.8983764648437, 1.0], [283.43774414062494, 434.70748901367193, 1.0], [288.47061157226557, 439.7174072265625, 1.0], [295.66043090820307, 444.36947631835943, 1.0], [284.15673828124994, 417.17272949218744, 1.0], [290.98706054687494, 424.68762207031256, 1.0], [295.3009338378906, 430.05541992187494, 1.0], [299.2553405761719, 435.78103637695307, 1.0]], "head_box": [[310.4825, 81.3385], [398.1615, 212.857]], "head_size": 131.51850000000002, "hand_box_center": [262.58727264404297, 431.0526123046875], "is_left": 0, "is_mpii": 0}