{"mpii_body_pts": [[164.675, 252.784, 0.1554], [366.065, 275.449, 0.64951], [354.349, 250.44, 0.730214], [307.511, 109.582, 0.647216], [0.0, 0.0, 0.0], [0.0, 0.0, 0.0], [329.35, 505.568, 0.3108], [0.0, 0.0, 0.0], [0.0, 0.0, 0.0], [0.0, 0.0, 0.0], [332.481, 455.512, 0.798793], [241.975, 441.36, 0.780663], [266.96, 280.127, 0.715949], [465.17, 270.771, 0.583071], [466.721, 453.868, 0.746179], [366.856, 361.559, 0.795143]], "hand_pts": [[328.92147827148426, 450.97622680664057, 1.0], [351.2593078613281, 449.32910156249994, 1.0], [386.00704956054693, 465.80023193359375, 1.0], [400.89895629882807, 486.80087280273443, 1.0], [403.3809509277344, 504.50732421875, 1.0], [391.79833984374994, 477.7417602539063, 1.0], [405.0355834960937, 495.85998535156256, 1.0], [407.1039123535156, 504.91909790039057, 1.0], [409.5859069824219, 511.9193115234375, 1.0], [381.04309082031256, 490.50689697265625, 1.0], [393.45300292968744, 509.03689575195307, 1.0], [397.58966064453136, 516.4488525390626, 1.0], [401.7262878417969, 524.6844482421877, 1.0], [369.8741760253906, 496.27175903320307, 1.0], [377.3201293945313, 509.44866943359375, 1.0], [381.8704223632813, 520.5666503906249, 1.0], [384.35241699218744, 525.9197387695314, 1.0], [358.2915954589842, 501.2131042480468, 1.0], [364.4965515136718, 510.68399047851557, 1.0], [366.1512145996094, 515.2135620117188, 1.0], [368.2195129394531, 516.4488525390626, 1.0]], "head_box": [[260.55833333333334, 109.582], [354.4636666666667, 250.44]], "head_size": 140.858, "hand_box_center": [369.25369262695307, 487.6244201660156], "is_left": 0, "is_mpii": 0}