{"mpii_body_pts": [[209.181, 270.008, 0.1336305], [410.523, 293.45050000000003, 0.645641], [416.743, 251.998, 0.61974], [416.734, 104.831, 0.610852], [0.0, 0.0, 0.0], [0.0, 0.0, 0.0], [0.0, 0.0, 0.0], [418.362, 540.016, 0.267261], [0.0, 0.0, 0.0], [0.0, 0.0, 0.0], [305.922, 458.593, 0.729717], [218.512, 405.394, 0.820582], [304.399, 269.223, 0.673694], [516.647, 317.678, 0.617588], [480.843, 471.161, 0.769883], [416.725, 380.291, 0.799508]], "hand_pts": [[418.0, 382.0, 1.0], [400.3908081054688, 361.11819458007807, 1.0], [379.21817016601557, 344.84347534179693, 1.0], [359.2554016113282, 349.364227294922, 1.0], [358.9529113769531, 365.03616333007807, 1.0], [379.8230895996094, 338.514404296875, 1.0], [366.21212768554693, 345.1448669433595, 1.0], [360.46524047851557, 351.1725158691406, 1.0], [355.62579345703125, 356.29605102539057, 1.0], [389.5020141601563, 347.8572998046875, 1.0], [371.05157470703125, 368.3513793945313, 1.0], [381.63790893554693, 369.2555236816406, 1.0], [392.2242126464843, 363.5292358398438, 1.0], [399.785888671875, 357.20019531249994, 1.0], [377.7058410644532, 374.9818115234375, 1.0], [385.87243652343756, 375.5845947265625, 1.0], [398.2735290527343, 368.65277099609375, 1.0], [407.3475341796875, 369.8583068847657, 1.0], [388.29214477539057, 381.00949096679693, 1.0], [396.1562805175781, 381.6122436523438, 1.0], [405.2302551269531, 376.7901306152343, 1.0]], "head_box": [[367.67833333333334, 104.831], [465.7896666666666, 251.998]], "head_size": 147.16699999999997, "hand_box_center": [386.8128967285156, 360.2572021484375], "is_left": 1, "is_mpii": 0}