{"mpii_body_pts": [[0.0, 0.0, 0.0], [352.7945, 259.054, 0.5142925], [329.341, 244.215, 0.737228], [232.601, 143.96, 0.556802], [0.0, 0.0, 0.0], [0.0, 0.0, 0.0], [0.0, 0.0, 0.0], [0.0, 0.0, 0.0], [0.0, 0.0, 0.0], [0.0, 0.0, 0.0], [295.031, 298.955, 0.430771], [195.099, 381.87, 0.700327], [274.72, 292.723, 0.444563], [430.869, 225.385, 0.584022], [546.333, 339.656, 0.712968], [394.928, 349.038, 0.695176]], "hand_pts": [[400.0, 349.0, 1.0], [399.4984436035156, 378.93869018554693, 1.0], [391.9071044921874, 391.3439331054688, 1.0], [387.352294921875, 407.68252563476574, 1.0], [382.49383544921864, 417.667205810547, 1.0], [359.4161682128905, 390.13366699218744, 1.0], [358.20153808593744, 418.57492065429693, 1.0], [370.95501708984375, 429.76986694335943, 1.0], [384.6194152832031, 433.4006652832031, 1.0], [362.75634765624994, 389.83108520507807, 1.0], [367.91845703124994, 418.8774719238282, 1.0], [386.1376953125, 423.41598510742193, 1.0], [397.06921386718744, 416.45693969726557, 1.0], [368.8294372558594, 389.5285339355469, 1.0], [375.50979614257807, 411.3133239746093, 1.0], [391.2998046875, 418.2723388671874, 1.0], [405.57153320312494, 416.759521484375, 1.0], [379.15365600585943, 385.59515380859364, 1.0], [383.4048156738282, 402.5388793945313, 1.0], [392.514404296875, 408.59020996093744, 1.0], [400.71307373046875, 407.9850769042968, 1.0]], "head_box": [[199.18266666666668, 143.96], [266.01933333333335, 244.215]], "head_size": 100.255, "hand_box_center": [381.8865356445312, 391.20033264160156], "is_left": 1, "is_mpii": 0}