{"mpii_body_pts": [[0.0, 0.0, 0.0], [355.9135, 284.8835, 0.647629], [357.494, 226.931, 0.686384], [355.85, 87.633, 0.607683], [0.0, 0.0, 0.0], [0.0, 0.0, 0.0], [0.0, 0.0, 0.0], [0.0, 0.0, 0.0], [0.0, 0.0, 0.0], [0.0, 0.0, 0.0], [424.567, 417.917, 0.604782], [268.489, 430.451, 0.734149], [255.999, 292.736, 0.648189], [455.828, 277.031, 0.647069], [541.659, 417.965, 0.766467], [435.54, 378.728, 0.696995]], "hand_pts": [[432.07501220703125, 420.7324829101563, 1.0], [444.32501220703125, 430.145721435547, 1.0], [457.9750061035156, 440.9534912109375, 1.0], [471.625, 453.15582275390636, 1.0], [481.7749938964844, 463.96362304687494, 1.0], [483.2104187011718, 425.9854736328125, 1.0], [494.64031982421875, 433.8336486816406, 1.0], [507.6467590332031, 445.99832153320307, 1.0], [523.0180053710939, 460.12503051757807, 1.0], [483.2104187011718, 429.51715087890625, 1.0], [498.18753051757807, 442.4666442871093, 1.0], [513.5587768554688, 456.59335327148426, 1.0], [525.7769775390627, 473.0745239257813, 1.0], [475.72183227539057, 434.61846923828125, 1.0], [491.8813781738281, 450.70721435546875, 1.0], [506.8584899902344, 462.4794921875, 1.0], [517.894287109375, 469.54284667968756, 1.0], [468.2332763671874, 440.1121826171875, 1.0], [483.99868774414057, 454.6313171386718, 1.0], [494.64031982421875, 466.0111694335937, 1.0], [502.52301025390625, 476.606201171875, 1.0]], "head_box": [[309.4173333333334, 87.633], [402.28266666666667, 226.931]], "head_size": 139.298, "hand_box_center": [478.925994873047, 448.6693420410156], "is_left": 0, "is_mpii": 0}