{"mpii_body_pts": [[0.0, 0.0, 0.0], [392.5715, 294.298, 0.680457], [399.63, 247.302, 0.711687], [391.769, 104.915, 0.678048], [0.0, 0.0, 0.0], [0.0, 0.0, 0.0], [0.0, 0.0, 0.0], [0.0, 0.0, 0.0], [0.0, 0.0, 0.0], [0.0, 0.0, 0.0], [318.46, 397.587, 0.569466], [255.941, 466.42, 0.749414], [282.531, 294.317, 0.684958], [502.612, 294.279, 0.675956], [563.52, 428.893, 0.747447], [455.816, 345.978, 0.687162]], "hand_pts": [[339.6917419433594, 377.5558471679688, 1.0], [354.8016052246094, 366.9516906738282, 1.0], [366.82080078125, 347.7958068847657, 1.0], [368.1944274902344, 341.9806213378906, 1.0], [367.85101318359375, 331.37646484375006, 1.0], [343.4692077636719, 325.90335083007807, 1.0], [342.78237915039057, 306.40539550781244, 1.0], [342.78237915039057, 298.879852294922, 1.0], [341.7521667480469, 286.2232666015625, 1.0], [332.8236083984375, 333.0868225097657, 1.0], [329.7329711914063, 310.5102233886719, 1.0], [332.1368103027344, 301.61642456054693, 1.0], [333.1670227050781, 289.6439819335938, 1.0], [323.8950805664063, 344.0330505371093, 1.0], [315.6533203125, 321.45645141601557, 1.0], [315.30993652343756, 311.8785095214843, 1.0], [313.93630981445307, 299.9060668945313, 1.0], [314.9665222167969, 359.42617797851545, 1.0], [308.0984191894531, 341.9806213378906, 1.0], [307.4115905761718, 335.82336425781244, 1.0], [307.4115905761718, 322.482666015625, 1.0]], "head_box": [[344.3066666666667, 104.915], [439.23133333333334, 247.302]], "head_size": 142.387, "hand_box_center": [337.8030090332031, 331.8895568847656], "is_left": 0, "is_mpii": 0}