{"mpii_body_pts": [[202.912, 248.8665, 0.141572], [363.716, 256.6895, 0.6837015], [368.435, 217.56, 0.797548], [380.836, 98.6013, 0.674541], [0.0, 0.0, 0.0], [0.0, 0.0, 0.0], [0.0, 0.0, 0.0], [405.824, 497.733, 0.283144], [0.0, 0.0, 0.0], [0.0, 0.0, 0.0], [260.694, 349.032, 0.490495], [190.446, 372.506, 0.551486], [270.091, 244.129, 0.704522], [457.341, 269.25, 0.662881], [468.319, 421.023, 0.65881], [505.764, 380.324, 0.531535]], "hand_pts": [[187.0848846435547, 375.24996948242193, 1.0], [187.68724060058597, 361.74990844726557, 1.0], [200.0, 343.0, 1.0], [205.0, 327.0, 1.0], [198.0, 314.0, 1.0], [215.0, 355.0, 1.0], [238.0, 345.0, 1.0], [251.0, 339.0, 1.0], [261.5327453613281, 333.2875366210937, 1.0], [220.0, 367.0, 1.0], [244.0, 359.0, 1.0], [262.0, 352.0, 1.0], [274.48559570312494, 343.23199462890625, 1.0], [224.15449523925776, 377.853485107422, 1.0], [247.4696350097656, 372.6971130371093, 1.0], [264.0, 368.0, 1.0], [276.0, 365.0, 1.0], [220.0835876464844, 385.21975708007807, 1.0], [248.0, 383.0, 1.0], [260.0, 382.0, 1.0], [269.0, 380.0, 1.0]], "head_box": [[341.1831, 98.6013], [420.4889, 217.56]], "head_size": 118.95870000000001, "hand_box_center": [231.54244232177734, 349.60987854003906], "is_left": 0, "is_mpii": 0}