{"mpii_body_pts": [[182.636, 257.4715, 0.1092585], [391.762, 269.211, 0.6228210000000001], [380.936, 245.778, 0.665448], [379.36, 106.455, 0.674859], [0.0, 0.0, 0.0], [0.0, 0.0, 0.0], [365.272, 514.943, 0.218517], [0.0, 0.0, 0.0], [0.0, 0.0, 0.0], [0.0, 0.0, 0.0], [369.986, 431.951, 0.675644], [243.516, 449.2, 0.724179], [290.294, 272.343, 0.636905], [493.23, 266.079, 0.608737], [569.791, 427.274, 0.746682], [490.161, 369.46, 0.733108]], "hand_pts": [[377.0, 433.0, 1.0], [396.0, 432.0, 1.0], [418.0, 445.0, 1.0], [429.14715576171875, 459.5856018066406, 1.0], [444.0, 480.0, 1.0], [436.74209594726557, 456.3448791503907, 1.0], [447.5920104980469, 476.8694152832031, 1.0], [452.2936096191406, 489.832275390625, 1.0], [459.1652221679688, 503.8753662109375, 1.0], [427.0, 462.0, 1.0], [437.4654235839844, 483.350830078125, 1.0], [448.0, 504.0, 1.0], [456.6335754394531, 516.8382568359373, 1.0], [417.0, 467.0, 1.0], [429.14715576171875, 490.9125061035156, 1.0], [438.0, 505.0, 1.0], [444.6986999511718, 517.91845703125, 1.0], [406.0, 476.0, 1.0], [418.0, 490.0, 1.0], [425.0, 500.0, 1.0], [430.0, 511.0, 1.0]], "head_box": [[332.91900000000004, 106.455], [425.801, 245.778]], "head_size": 139.32299999999998, "hand_box_center": [418.0826110839844, 474.959228515625], "is_left": 0, "is_mpii": 0}