{"mpii_body_pts": [[153.7565, 258.253, 0.10997], [355.11800000000005, 251.1855, 0.6731335], [345.02, 205.041, 0.794399], [324.685, 84.5396, 0.677447], [0.0, 0.0, 0.0], [0.0, 0.0, 0.0], [307.513, 516.506, 0.21994], [0.0, 0.0, 0.0], [0.0, 0.0, 0.0], [0.0, 0.0, 0.0], [293.529, 294.328, 0.775754], [210.719, 363.121, 0.721724], [260.696, 248.852, 0.683999], [449.54, 253.519, 0.662268], [493.211, 389.726, 0.83722], [416.721, 406.964, 0.715116]], "hand_pts": [[415.0, 409.0, 1.0], [397.6440124511719, 416.98217773437494, 1.0], [379.0499267578125, 438.44232177734375, 1.0], [379.47253417968744, 465.3726806640626, 1.0], [382.853271484375, 483.0457153320313, 1.0], [377.8452758789063, 445.80664062500006, 1.0], [377.5027465820313, 473.4330139160155, 1.0], [378.5303649902343, 488.43994140624994, 1.0], [380.2430114746093, 498.3308715820313, 1.0], [388.8062744140625, 449.8994445800781, 1.0], [391.5465087890625, 478.8901062011718, 1.0], [394.97180175781244, 490.8274230957032, 1.0], [397.7120361328125, 496.6255493164063, 1.0], [400.4523010253906, 450.2405090332031, 1.0], [401.82241821289057, 473.4330139160155, 1.0], [404.9051818847657, 483.32394409179693, 1.0], [406.96035766601557, 486.05249023437506, 1.0], [412.78338623046875, 449.5583801269532, 1.0], [411.7557983398438, 466.2706298828125, 1.0], [411.07073974609364, 473.77410888671875, 1.0], [409.70059204101557, 475.13836669921875, 1.0]], "head_box": [[284.5178666666667, 84.5396], [364.8521333333333, 205.041]], "head_size": 120.5014, "hand_box_center": [396.2513732910156, 453.6654357910156], "is_left": 1, "is_mpii": 0}