{"mpii_body_pts": [[182.636, 257.4715, 0.1092585], [391.762, 269.211, 0.6228210000000001], [380.936, 245.778, 0.665448], [379.36, 106.455, 0.674859], [0.0, 0.0, 0.0], [0.0, 0.0, 0.0], [365.272, 514.943, 0.218517], [0.0, 0.0, 0.0], [0.0, 0.0, 0.0], [0.0, 0.0, 0.0], [369.986, 431.951, 0.675644], [243.516, 449.2, 0.724179], [290.294, 272.343, 0.636905], [493.23, 266.079, 0.608737], [569.791, 427.274, 0.746682], [490.161, 369.46, 0.733108]], "hand_pts": [[477.7579650878906, 364.6790161132813, 1.0], [454.52383422851557, 366.2703857421874, 1.0], [427.7059020996094, 366.9731140136718, 1.0], [411.121124267578, 391.91964721679693, 1.0], [423.47149658203125, 400.35226440429693, 1.0], [426.29443359375006, 357.48638916015625, 1.0], [413.23831176757795, 372.2434997558594, 1.0], [404.76950073242193, 382.78430175781244, 1.0], [399.1236267089843, 393.3250732421874, 1.0], [440.4091186523437, 364.5136108398438, 1.0], [428.41162109375006, 394.379150390625, 1.0], [434.0574951171875, 397.19003295898426, 1.0], [436.8804626464844, 392.27099609375006, 1.0], [450.995147705078, 370.4866943359375, 1.0], [443.2320556640625, 400.00091552734375, 1.0], [448.5250854492187, 395.78460693359375, 1.0], [450.995147705078, 389.81149291992193, 1.0], [467.22705078124994, 379.27069091796875, 1.0], [456.28817749023426, 398.24411010742193, 1.0], [460.8754577636719, 395.4332275390625, 1.0], [463.34552001953136, 390.5141906738282, 1.0]], "head_box": [[332.91900000000004, 106.455], [425.801, 245.778]], "head_size": 139.32299999999998, "hand_box_center": [438.4407958984375, 378.91932678222656], "is_left": 1, "is_mpii": 0}