{"mpii_body_pts": [[202.14, 255.1365, 0.108687], [374.6225, 249.636, 0.6839379999999999], [376.192, 203.478, 0.693503], [365.28, 79.8792, 0.695984], [0.0, 0.0, 0.0], [0.0, 0.0, 0.0], [0.0, 0.0, 0.0], [404.28, 510.273, 0.217374], [0.0, 0.0, 0.0], [0.0, 0.0, 0.0], [254.383, 394.506, 0.767284], [255.979, 333.408, 0.685365], [288.769, 231.63, 0.717957], [460.476, 267.642, 0.649919], [465.126, 417.959, 0.765595], [404.295, 317.735, 0.65903]], "hand_pts": [[253.0010223388672, 407.36203002929693, 1.0], [262.8783874511718, 398.1194152832031, 1.0], [279.0413208007813, 396.3305053710937, 1.0], [293.8093872070313, 401.2649230957032, 1.0], [299.77554321289057, 410.69741821289057, 1.0], [270.29565429687494, 414.540252685547, 1.0], [295.5641479492187, 415.2389831542969, 1.0], [295.21319580078125, 409.29998779296875, 1.0], [288.54510498046875, 406.8545532226563, 1.0], [268.891845703125, 428.8636474609375, 1.0], [297.6698608398439, 425.0208129882812, 1.0], [294.8622436523438, 420.47924804687494, 1.0], [289.24700927734375, 419.43118286132807, 1.0], [268.891845703125, 435.8506774902344, 1.0], [295.21319580078125, 433.4052124023437, 1.0], [293.10748291015636, 427.81561279296875, 1.0], [287.1412963867188, 427.1169128417969, 1.0], [272.40136718749994, 442.1390075683594, 1.0], [289.24700927734375, 444.58447265625, 1.0], [297.6698608398439, 439.69354248046875, 1.0], [305.0398254394532, 429.5623474121093, 1.0]], "head_box": [[324.08039999999994, 79.8792], [406.4796, 203.478]], "head_size": 123.59880000000001, "hand_box_center": [279.02042388916016, 420.4574890136719], "is_left": 0, "is_mpii": 0}