{"mpii_body_pts": [[0.0, 0.0, 0.0], [354.3375, 313.0235, 0.5467095], [348.115, 286.435, 0.560893], [340.263, 142.486, 0.642419], [0.0, 0.0, 0.0], [0.0, 0.0, 0.0], [0.0, 0.0, 0.0], [0.0, 0.0, 0.0], [0.0, 0.0, 0.0], [0.0, 0.0, 0.0], [181.078, 226.929, 0.471221], [103.046, 319.256, 0.748699], [238.825, 308.343, 0.539628], [469.85, 317.704, 0.553791], [615.025, 396.028, 0.70344], [543.212, 408.554, 0.717255]], "hand_pts": [[188.3814849853516, 207.79156494140622, 1.0], [205.3954010009766, 217.46948242187497, 1.0], [225.24496459960935, 241.26100158691406, 1.0], [246.309814453125, 254.1648864746094, 1.0], [264.944091796875, 258.6005859375, 1.0], [223.62458801269534, 220.69544982910156, 1.0], [236.58757019042972, 219.4857025146484, 1.0], [236.99267578124997, 227.95387268066406, 1.0], [237.39776611328128, 238.4382781982422, 1.0], [204.18013000488278, 211.42079162597656, 1.0], [207.82595825195315, 211.42079162597656, 1.0], [209.4463348388672, 221.09869384765628, 1.0], [209.85142517089844, 237.63179016113276, 1.0], [189.19168090820315, 215.85649108886722, 1.0], [182.71018981933594, 230.37335205078125, 1.0], [179.06434631347662, 240.8577575683594, 1.0], [179.8745269775391, 253.76164245605472, 1.0], [178.25416564941403, 223.11492919921872, 1.0], [170.96247863769537, 240.4545135498047, 1.0], [169.34211730957034, 250.9389190673828, 1.0], [166.91156005859378, 263.03628540039057, 1.0]], "head_box": [[292.28, 142.486], [388.246, 286.435]], "head_size": 143.949, "hand_box_center": [215.92782592773438, 235.41392517089838], "is_left": 0, "is_mpii": 0}