{"mpii_body_pts": [[214.6255, 262.958, 0.107838], [392.5915, 302.8795, 0.5928335], [412.082, 267.685, 0.692723], [421.463, 126.752, 0.612557], [0.0, 0.0, 0.0], [0.0, 0.0, 0.0], [0.0, 0.0, 0.0], [429.251, 525.916, 0.215676], [0.0, 0.0, 0.0], [0.0, 0.0, 0.0], [268.47, 381.896, 0.758437], [177.957, 407.004, 0.575306], [298.168, 294.286, 0.657662], [487.015, 311.473, 0.528005], [543.277, 466.433, 0.611352], [510.449, 408.521, 0.420392]], "hand_pts": [[269.0, 386.0, 1.0], [322.5473022460937, 381.63159179687494, 1.0], [339.3292846679688, 387.99673461914057, 1.0], [351.316436767578, 389.5880126953125, 1.0], [366.8997192382812, 380.83593749999994, 1.0], [331.73742675781244, 379.2446594238282, 1.0], [349.71817016601557, 387.59890747070307, 1.0], [366.50015258789057, 400.7270202636719, 1.0], [382.08343505859364, 413.85513305664057, 1.0], [327.7417297363281, 387.2010803222656, 1.0], [344.9233093261718, 397.54446411132824, 1.0], [361.3057250976563, 407.489990234375, 1.0], [379.28643798828114, 424.994140625, 1.0], [322.5473022460937, 393.16842651367193, 1.0], [334.13485717773443, 400.3291931152344, 1.0], [348.119873046875, 409.87692260742193, 1.0], [364.1027221679688, 421.4137573242187, 1.0], [307.7631530761718, 404.70523071289057, 1.0], [318.9511413574219, 409.47909545898426, 1.0], [332.5365905761718, 415.4464111328125, 1.0], [344.9233093261718, 423.4028625488281, 1.0]], "head_box": [[374.48533333333336, 126.752], [468.4406666666667, 267.685]], "head_size": 140.933, "hand_box_center": [325.5417175292968, 402.11940002441406], "is_left": 0, "is_mpii": 0}