{"mpii_body_pts": [[0.0, 0.0, 0.0], [411.318, 245.76, 0.577267], [396.511, 231.687, 0.671298], [343.426, 93.9597, 0.673543], [0.0, 0.0, 0.0], [0.0, 0.0, 0.0], [0.0, 0.0, 0.0], [0.0, 0.0, 0.0], [0.0, 0.0, 0.0], [0.0, 0.0, 0.0], [254.46, 297.402, 0.285177], [206.067, 294.303, 0.512224], [318.411, 236.349, 0.532454], [504.225, 255.171, 0.62208], [583.798, 394.474, 0.743676], [468.24, 317.782, 0.770392]], "hand_pts": [[231.7528533935547, 293.2774047851563, 1.0], [251.35472106933594, 286.5321960449219, 1.0], [275.2333679199219, 284.04711914062494, 1.0], [294.89941406249994, 284.2470703125, 1.0], [307.0024719238282, 275.2095336914063, 1.0], [286.63809204101557, 293.98742675781244, 1.0], [309.0, 298.0, 1.0], [323.34704589843756, 301.087646484375, 1.0], [335.9633483886718, 304.47393798828114, 1.0], [286.2817077636718, 305.34777832031256, 1.0], [308.3783569335937, 316.70812988281244, 1.0], [318.0, 322.0, 1.0], [330.0, 328.0, 1.0], [275.5897827148438, 317.4181518554687, 1.0], [293.40966796875, 331.2635803222656, 1.0], [306.0, 340.0, 1.0], [317.0, 347.0, 1.0], [267.7490234375, 326.6484375, 1.0], [285.2124938964844, 339.0737915039063, 1.0], [295.0, 348.0, 1.0], [302.0, 353.0, 1.0]], "head_box": [[297.51689999999996, 93.9597], [389.3351, 231.687]], "head_size": 137.7273, "hand_box_center": [283.8581008911133, 314.1047668457031], "is_left": 0, "is_mpii": 0}