{"mpii_body_pts": [[0.0, 0.0, 0.0], [377.00300000000004, 291.1095, 0.6474375], [380.884, 226.96, 0.7387], [376.186, 82.9868, 0.572412], [0.0, 0.0, 0.0], [0.0, 0.0, 0.0], [0.0, 0.0, 0.0], [0.0, 0.0, 0.0], [0.0, 0.0, 0.0], [0.0, 0.0, 0.0], [368.415, 375.643, 0.648043], [270.057, 469.53, 0.701576], [268.531, 294.229, 0.682254], [485.475, 287.99, 0.612621], [532.281, 457.04, 0.762402], [463.576, 389.721, 0.756656]], "hand_pts": [[456.95208740234375, 382.8689270019531, 1.0], [449.7552185058594, 371.6035766601563, 1.0], [427.8218688964844, 358.97268676757807, 1.0], [405.20312499999994, 354.87619018554693, 1.0], [391.4947814941406, 354.87619018554693, 1.0], [417.88333129882807, 348.04870605468744, 1.0], [394.5791625976563, 344.9763183593749, 1.0], [379.84271240234375, 342.9280700683593, 1.0], [370.9322814941406, 342.24533081054693, 1.0], [425.42291259765625, 356.58306884765625, 1.0], [399.37707519531256, 352.82794189453136, 1.0], [382.5843811035157, 351.12106323242193, 1.0], [375.7301940917969, 350.43832397460926, 1.0], [430.22082519531256, 368.5311889648437, 1.0], [405.20312499999994, 358.97268676757807, 1.0], [391.4947814941406, 355.55895996093744, 1.0], [383.95520019531256, 354.5348205566406, 1.0], [435.7041625976563, 378.0896911621094, 1.0], [417.1979064941406, 382.8689270019531, 1.0], [410.00103759765625, 389.3550720214844, 1.0], [402.8041687011719, 392.76879882812494, 1.0]], "head_box": [[328.1949333333333, 82.9868], [424.17706666666663, 226.96]], "head_size": 143.97320000000002, "hand_box_center": [413.9421844482422, 367.50706481933594], "is_left": 1, "is_mpii": 0}