{"mpii_body_pts": [[0.0, 0.0, 0.0], [367.59299999999996, 284.8505, 0.6397185000000001], [373.062, 220.681, 0.667436], [365.248, 79.7926, 0.631284], [0.0, 0.0, 0.0], [0.0, 0.0, 0.0], [0.0, 0.0, 0.0], [0.0, 0.0, 0.0], [0.0, 0.0, 0.0], [0.0, 0.0, 0.0], [291.843, 442.919, 0.707046], [201.337, 435.133, 0.702941], [254.418, 278.586, 0.646838], [480.768, 291.115, 0.632599], [513.572, 464.858, 0.750973], [429.274, 417.947, 0.815267]], "hand_pts": [[433.0, 421.0, 1.0], [416.30087280273443, 410.8709411621094, 1.0], [381.69140624999994, 402.447021484375, 1.0], [354.00387573242193, 416.9974365234375, 1.0], [346.31286621093756, 434.22821044921864, 1.0], [368.23217773437494, 404.74444580078136, 1.0], [344.39013671874994, 426.95300292968744, 1.0], [342.46737670898426, 439.97180175781244, 1.0], [344.00558471679693, 448.0128173828125, 1.0], [374.3849792480469, 415.4658203125, 1.0], [354.77294921875, 439.58889770507807, 1.0], [361.310302734375, 437.6743469238282, 1.0], [366.30944824218744, 431.5478515625, 1.0], [381.3068542480469, 426.95300292968744, 1.0], [364.771240234375, 448.0128173828125, 1.0], [371.30859374999994, 446.0982971191406, 1.0], [376.69226074218744, 438.8230895996094, 1.0], [389.7669677734375, 439.97180175781244, 1.0], [378.6150207519531, 450.3102416992188, 1.0], [383.99871826171864, 449.5444335937501, 1.0], [387.84420776367193, 446.0982971191406, 1.0]], "head_box": [[318.2852, 79.7926], [412.2108, 220.681]], "head_size": 140.88840000000002, "hand_box_center": [387.73368835449213, 426.3786315917969], "is_left": 1, "is_mpii": 0}