{"mpii_body_pts": [[346.5295, 514.158, 0.340062], [298.93, 276.278, 0.629201], [301.289, 253.525, 0.594194], [293.46, 97.0768, 0.587417], [0.0, 0.0, 0.0], [0.0, 0.0, 0.0], [280.966, 510.257, 0.275071], [412.093, 518.059, 0.405053], [0.0, 0.0, 0.0], [0.0, 0.0, 0.0], [315.278, 455.415, 0.731057], [191.95, 483.642, 0.713901], [193.601, 306.791, 0.628869], [404.259, 245.765, 0.629533], [460.473, 416.331, 0.677284], [463.583, 341.213, 0.767099]], "hand_pts": [[311.2102355957031, 453.135986328125, 1.0], [335.01751708984375, 449.4585876464843, 1.0], [361.69812011718744, 452.31878662109375, 1.0], [378.5274353027344, 475.6089477539063, 1.0], [381.81118774414057, 493.17871093749994, 1.0], [376.88555908203125, 464.168182373047, 1.0], [383.0426025390626, 483.3723449707031, 1.0], [385.094970703125, 496.03890991210926, 1.0], [385.91589355468744, 505.8453063964844, 1.0], [372.370361328125, 478.46914672851557, 1.0], [375.6541442871094, 497.6733093261719, 1.0], [377.70648193359375, 510.3399047851563, 1.0], [378.93789672851557, 519.7376708984374, 1.0], [364.9819030761718, 485.82394409179693, 1.0], [364.9819030761718, 500.9421081542969, 1.0], [363.75048828125, 513.2000732421877, 1.0], [362.92953491210926, 523.8236694335936, 1.0], [348.15258789062506, 495.63031005859364, 1.0], [350.20495605468744, 510.7485046386719, 1.0], [346.92117309570307, 506.25390624999994, 1.0], [344.8688354492187, 501.7593078613281, 1.0]], "head_box": [[241.3106, 97.0768], [345.6094, 253.525]], "head_size": 156.44819999999999, "hand_box_center": [348.5630645751953, 486.64112854003895], "is_left": 0, "is_mpii": 0}