{"mpii_body_pts": [[0.0, 0.0, 0.0], [291.8995, 280.16, 0.5800514999999999], [302.81, 242.577, 0.654471], [293.503, 103.321, 0.536114], [0.0, 0.0, 0.0], [0.0, 0.0, 0.0], [0.0, 0.0, 0.0], [0.0, 0.0, 0.0], [0.0, 0.0, 0.0], [0.0, 0.0, 0.0], [318.378, 242.635, 0.293634], [321.573, 394.447, 0.242597], [221.682, 305.163, 0.52586], [362.117, 255.157, 0.634243], [443.266, 407.023, 0.778445], [441.745, 328.674, 0.733865]], "hand_pts": [[448.0, 334.0, 1.0], [425.2109069824219, 325.6883850097657, 1.0], [411.1936645507813, 305.1196899414063, 1.0], [400.8651733398438, 294.4680480957031, 1.0], [385.7413024902343, 290.79504394531244, 1.0], [417.83340454101557, 294.83532714843744, 1.0], [417.4645385742187, 284.91827392578125, 1.0], [419.3088989257813, 277.20501708984375, 1.0], [424.1042785644532, 275.001220703125, 1.0], [429.26852416992193, 294.83532714843744, 1.0], [429.6373901367188, 286.0201721191406, 1.0], [431.8506469726563, 281.24530029296875, 1.0], [435.1705017089843, 275.73583984375, 1.0], [439.5970153808594, 293.3661499023437, 1.0], [441.4413757324219, 287.1220703125, 1.0], [444.0234985351563, 282.71447753906256, 1.0], [447.34338378906256, 276.4704284667969, 1.0], [459.51623535156244, 299.6101989746093, 1.0], [460.62286376953136, 293.733428955078, 1.0], [459.51623535156244, 290.0604553222656, 1.0], [457.302978515625, 281.9798889160156, 1.0]], "head_box": [[247.08433333333332, 103.321], [339.9216666666666, 242.577]], "head_size": 139.256, "hand_box_center": [423.1820831298828, 304.5006103515625], "is_left": 1, "is_mpii": 0}