{"mpii_body_pts": [[169.368, 255.1355, 0.123423], [308.3095, 276.2505, 0.6319600000000001], [319.98, 245.737, 0.635695], [332.529, 103.253, 0.631676], [0.0, 0.0, 0.0], [0.0, 0.0, 0.0], [0.0, 0.0, 0.0], [338.736, 510.271, 0.246846], [0.0, 0.0, 0.0], [0.0, 0.0, 0.0], [301.287, 442.898, 0.646651], [165.422, 450.773, 0.767482], [210.725, 284.872, 0.621417], [405.894, 267.629, 0.642503], [432.42, 428.829, 0.772662], [360.585, 427.281, 0.4996]], "hand_pts": [[318.30535888671875, 448.41696166992193, 1.0], [318.4981079101562, 432.6736755371094, 1.0], [326.97869873046875, 430.56176757812494, 1.0], [337.77221679687494, 425.761993408203, 1.0], [350.3003845214844, 421.53817749023426, 1.0], [360.51565551757807, 432.2897033691406, 1.0], [380.56072998046875, 418.08233642578125, 1.0], [391.5469665527344, 411.93862915039057, 1.0], [401.9549865722656, 409.2507629394532, 1.0], [366.10516357421875, 439.9693298339844, 1.0], [385.10510253906256, 421.0206298828125, 1.0], [401.70739746093744, 409.8756713867188, 1.0], [412.89587402343756, 403.4043884277344, 1.0], [371.69464111328136, 439.2013854980469, 1.0], [387.1139221191407, 424.6100463867188, 1.0], [401.5695190429687, 418.08233642578125, 1.0], [413.3267211914063, 413.66656494140625, 1.0], [376.7059020996094, 437.281463623047, 1.0], [388.6558532714844, 427.29791259765625, 1.0], [399.2566223144532, 422.1141662597657, 1.0], [406.58078002929693, 419.61828613281256, 1.0]], "head_box": [[285.03433333333334, 103.253], [380.02366666666666, 245.737]], "head_size": 142.48399999999998, "hand_box_center": [365.8160400390625, 425.9106750488281], "is_left": 0, "is_mpii": 0}