{"mpii_body_pts": [[324.6805, 489.90999999999997, 0.2609825], [330.1325, 256.6915, 0.735425], [341.873, 241.033, 0.711622], [352.789, 108.034, 0.655885], [0.0, 0.0, 0.0], [0.0, 0.0, 0.0], [268.498, 483.653, 0.279072], [380.863, 496.167, 0.242893], [0.0, 0.0, 0.0], [0.0, 0.0, 0.0], [241.939, 444.576, 0.81362], [193.528, 372.509, 0.773846], [231.044, 256.667, 0.735161], [429.221, 256.716, 0.735689], [443.325, 380.39, 0.772124], [416.77, 388.157, 0.603642]], "hand_pts": [[402.85946655273443, 392.869873046875, 1.0], [389.14581298828125, 389.3753662109375, 1.0], [375.11325073242193, 391.281463623047, 1.0], [358.21038818359375, 400.8118896484375, 1.0], [347.3670654296875, 396.6820373535156, 1.0], [375.4321899414062, 400.4942016601563, 1.0], [360.1239318847657, 416.06057739257807, 1.0], [351.1941223144532, 425.2733154296874, 1.0], [344.49676513671875, 431.30926513671886, 1.0], [387.23229980468744, 408.1185302734375, 1.0], [371.9240417480469, 423.049560546875, 1.0], [361.0806884765625, 430.67388916015636, 1.0], [353.74548339843756, 435.4391174316405, 1.0], [396.162109375, 415.74288940429693, 1.0], [382.1295471191407, 428.13244628906256, 1.0], [373.19973754882807, 433.8507080078125, 1.0], [364.26992797851557, 438.9335937499999, 1.0], [401.264862060547, 421.46115112304693, 1.0], [393.6107177734375, 427.8147583007813, 1.0], [390.10260009765636, 429.4031677246093, 1.0], [387.87014770507807, 430.356201171875, 1.0]], "head_box": [[308.456, 108.034], [397.12199999999996, 241.033]], "head_size": 132.99899999999997, "hand_box_center": [373.67811584472656, 414.1544799804687], "is_left": 1, "is_mpii": 0}