{"mpii_body_pts": [[0.0, 0.0, 0.0], [276.312, 267.6015, 0.6680655], [281.032, 230.12, 0.655259], [291.898, 87.6385, 0.58647], [0.0, 0.0, 0.0], [0.0, 0.0, 0.0], [0.0, 0.0, 0.0], [0.0, 0.0, 0.0], [0.0, 0.0, 0.0], [0.0, 0.0, 0.0], [229.44, 406.981, 0.754965], [138.918, 452.345, 0.690943], [173.284, 280.143, 0.643594], [379.34, 255.06, 0.692537], [463.607, 406.965, 0.714038], [410.543, 333.382, 0.427592]], "hand_pts": [[232.87132263183594, 404.6550598144532, 1.0], [250.02503967285156, 395.9372253417969, 1.0], [277.6810302734375, 396.9833679199219, 1.0], [299.7358093261719, 401.16793823242193, 1.0], [314.78909301757807, 408.14221191406256, 1.0], [296.2331848144531, 401.292999267578, 1.0], [320.04049682617193, 406.6047973632813, 1.0], [328.660369873047, 412.32516479492193, 1.0], [335.2279052734375, 417.636962890625, 1.0], [296.6436767578125, 418.0455627441406, 1.0], [317.167205810547, 427.85195922851557, 1.0], [327.01849365234375, 434.79812622070307, 1.0], [333.5860290527343, 438.8841247558594, 1.0], [289.2551879882812, 431.12075805664057, 1.0], [307.3158874511719, 447.0561218261719, 1.0], [314.2939147949219, 452.36791992187494, 1.0], [324.14520263671886, 459.72268676757807, 1.0], [276.94107055664057, 441.3357238769531, 1.0], [288.4342346191406, 454.410888671875, 1.0], [294.59130859375, 461.3570861816407, 1.0], [300.33789062500006, 467.0774841308595, 1.0]], "head_box": [[244.4041666666667, 87.6385], [339.39183333333335, 230.12]], "head_size": 142.4815, "hand_box_center": [284.0496139526367, 431.5073547363282], "is_left": 0, "is_mpii": 0}