{"mpii_body_pts": [[345.765, 489.1185, 0.3280345], [337.97249999999997, 252.005, 0.7034], [341.859, 211.311, 0.745593], [343.463, 86.0725, 0.63996], [0.0, 0.0, 0.0], [0.0, 0.0, 0.0], [290.353, 482.068, 0.302259], [401.177, 496.169, 0.35381], [0.0, 0.0, 0.0], [0.0, 0.0, 0.0], [262.226, 457.075, 0.678962], [206.135, 383.479, 0.710376], [243.541, 255.139, 0.738275], [432.404, 248.871, 0.668525], [468.35, 391.292, 0.850316], [393.325, 339.623, 0.764919]], "hand_pts": [[387.83099365234375, 335.037139892578, 1.0], [374.6585083007813, 330.7651062011718, 1.0], [357.1118469238282, 322.0593566894532, 1.0], [350.7169189453124, 313.01065063476574, 1.0], [342.30249023437506, 301.9510803222656, 1.0], [380.3356018066406, 301.2808227539063, 1.0], [367.8822937011719, 292.902374267578, 1.0], [351.0534973144532, 291.2266845703125, 1.0], [341.2927856445313, 292.2320861816406, 1.0], [383.7013549804687, 303.9619140624999, 1.0], [369.22857666015625, 293.90777587890625, 1.0], [357.1118469238282, 297.929443359375, 1.0], [345.6682739257813, 302.2862243652343, 1.0], [388.41342163085943, 310.9998168945313, 1.0], [381.3453369140625, 298.26458740234375, 1.0], [365.8628234863282, 301.2808227539063, 1.0], [356.43869018554693, 304.6322021484375, 1.0], [394.8083801269532, 315.6917419433594, 1.0], [388.41342163085943, 307.6484375, 1.0], [377.3064270019531, 308.3186950683594, 1.0], [367.5457153320313, 309.6592712402344, 1.0]], "head_box": [[301.71683333333334, 86.0725], [385.2091666666667, 211.311]], "head_size": 125.2385, "hand_box_center": [368.05058288574224, 313.13191223144526], "is_left": 1, "is_mpii": 0}