{"mpii_body_pts": [[214.6255, 262.958, 0.107838], [392.5915, 302.8795, 0.5928335], [412.082, 267.685, 0.692723], [421.463, 126.752, 0.612557], [0.0, 0.0, 0.0], [0.0, 0.0, 0.0], [0.0, 0.0, 0.0], [429.251, 525.916, 0.215676], [0.0, 0.0, 0.0], [0.0, 0.0, 0.0], [268.47, 381.896, 0.758437], [177.957, 407.004, 0.575306], [298.168, 294.286, 0.657662], [487.015, 311.473, 0.528005], [543.277, 466.433, 0.611352], [510.449, 408.521, 0.420392]], "hand_pts": [[494.24551391601557, 396.10778808593756, 1.0], [481.82653808593744, 387.62506103515636, 1.0], [463.73031616210926, 386.564697265625, 1.0], [452.3758239746094, 403.5301818847657, 1.0], [461.54653930664057, 409.2109985351563, 1.0], [470.8268737792969, 373.13372802734375, 1.0], [463.73031616210926, 385.50436401367193, 1.0], [462.3110046386719, 391.15951538085943, 1.0], [462.66583251953136, 397.1681213378906, 1.0], [485.37481689453136, 377.72851562499994, 1.0], [468.6979064941406, 408.8318786621093, 1.0], [473.3106689453125, 406.71118164062494, 1.0], [476.50411987304693, 401.4094848632813, 1.0], [497.41308593749994, 385.53155517578125, 1.0], [482.5361938476562, 408.8318786621093, 1.0], [478.9879150390625, 413.0732421875, 1.0], [480.7620544433594, 411.3059997558594, 1.0], [507.9391174316405, 394.0716857910156, 1.0], [492.7348327636719, 413.0928649902344, 1.0], [491.5652770996094, 411.9283142089842, 1.0], [493.51452636718744, 409.5991821289063, 1.0]], "head_box": [[374.48533333333336, 126.752], [468.4406666666667, 267.685]], "head_size": 140.933, "hand_box_center": [480.15747070312494, 393.11329650878906], "is_left": 1, "is_mpii": 0}