{"mpii_body_pts": [[0.0, 0.0, 0.0], [401.979, 250.4205, 0.6751929999999999], [393.393, 198.786, 0.754501], [374.611, 81.361, 0.685869], [0.0, 0.0, 0.0], [0.0, 0.0, 0.0], [0.0, 0.0, 0.0], [0.0, 0.0, 0.0], [0.0, 0.0, 0.0], [0.0, 0.0, 0.0], [270.026, 333.414, 0.546139], [273.153, 331.84, 0.418563], [316.926, 226.923, 0.722225], [487.032, 273.918, 0.628161], [494.802, 417.858, 0.828106], [405.88, 356.857, 0.649049]], "hand_pts": [[403.0, 358.0, 1.0], [403.20120239257807, 334.10202026367193, 1.0], [403.5437316894532, 313.2969665527343, 1.0], [400.1184387207031, 296.9257507324219, 1.0], [395.6655578613281, 286.69378662109375, 1.0], [385.73217773437494, 303.40603637695307, 1.0], [395.6655578613281, 294.87936401367193, 1.0], [400.46096801757807, 300.67749023437506, 1.0], [398.7483215332031, 306.81668090820307, 1.0], [378.19650268554693, 307.4988403320313, 1.0], [390.527587890625, 303.0649719238282, 1.0], [395.6655578613281, 305.4524230957032, 1.0], [396.35061645507807, 310.2273559570312, 1.0], [372.37347412109375, 311.59161376953125, 1.0], [384.01950073242193, 310.5684204101563, 1.0], [390.18505859375006, 311.59161376953125, 1.0], [390.87011718749994, 315.6844177246094, 1.0], [368.94818115234375, 314.6612243652344, 1.0], [378.19650268554693, 312.9559020996094, 1.0], [381.9643249511718, 313.2969665527343, 1.0], [381.9643249511718, 316.36654663085943, 1.0]], "head_box": [[335.46933333333334, 81.361], [413.75266666666664, 198.786]], "head_size": 117.425, "hand_box_center": [386.24595642089844, 322.3468933105469], "is_left": 1, "is_mpii": 0}