{"mpii_body_pts": [[152.197, 248.8735, 0.102839], [344.9895, 248.85399999999998, 0.7565124999999999], [330.965, 203.476, 0.763137], [304.329, 92.3596, 0.727554], [0.0, 0.0, 0.0], [0.0, 0.0, 0.0], [304.394, 497.747, 0.205678], [0.0, 0.0, 0.0], [0.0, 0.0, 0.0], [0.0, 0.0, 0.0], [281.001, 261.41, 0.67387], [241.914, 372.528, 0.779297], [256.029, 255.147, 0.805398], [433.95, 242.561, 0.707627], [482.351, 380.281, 0.813632], [405.915, 385.03, 0.661214]], "hand_pts": [[403.0, 388.0, 1.0], [384.76391601562494, 394.431915283203, 1.0], [363.5216369628905, 418.5120849609375, 1.0], [356.98556518554693, 446.4971313476562, 1.0], [357.6391906738282, 463.74371337890625, 1.0], [362.86804199218744, 423.39318847656244, 1.0], [359.9268188476562, 447.79876708984375, 1.0], [359.9268188476562, 461.79129028320307, 1.0], [361.88763427734375, 471.5534973144532, 1.0], [372.9989624023437, 425.34564208984386, 1.0], [372.9989624023437, 450.0765991210937, 1.0], [372.67218017578136, 463.0929260253906, 1.0], [374.3061828613281, 472.85513305664057, 1.0], [386.07113647460926, 424.3694152832031, 1.0], [385.0907287597656, 449.425811767578, 1.0], [384.43710327148426, 460.48965454101557, 1.0], [384.11032104492193, 467.97402954101557, 1.0], [398.16287231445324, 428.59973144531244, 1.0], [395.22164916992193, 445.84631347656244, 1.0], [392.9340209960937, 454.9577331542969, 1.0], [391.6268005371094, 458.8626098632813, 1.0]], "head_box": [[267.2902, 92.3596], [341.3678, 203.476]], "head_size": 111.1164, "hand_box_center": [379.99278259277344, 430.4275665283203], "is_left": 1, "is_mpii": 0}