{"mpii_body_pts": [[152.9665, 241.041, 0.1209755], [349.6625, 256.7125, 0.7007295], [354.358, 208.171, 0.803078], [355.917, 87.6673, 0.682166], [0.0, 0.0, 0.0], [0.0, 0.0, 0.0], [305.933, 482.082, 0.241951], [0.0, 0.0, 0.0], [0.0, 0.0, 0.0], [0.0, 0.0, 0.0], [280.938, 408.586, 0.733542], [205.992, 383.51, 0.809182], [256.007, 253.579, 0.71314], [443.318, 259.846, 0.688319], [479.155, 405.376, 0.842799], [404.218, 342.759, 0.846153]], "hand_pts": [[274.0, 414.0, 1.0], [293.9645385742187, 399.9526062011719, 1.0], [312.43118286132807, 392.945068359375, 1.0], [326.20788574218744, 386.521484375, 1.0], [333.8290405273438, 374.84225463867193, 1.0], [325.37106323242193, 409.31433105468744, 1.0], [341.87527465820307, 415.22979736328125, 1.0], [356.0688781738282, 418.84481811523443, 1.0], [370.5925598144531, 422.1312255859375, 1.0], [323.7206420898438, 424.431671142578, 1.0], [340.224853515625, 431.33306884765625, 1.0], [355.07861328124994, 437.9058532714843, 1.0], [367.2917175292968, 441.8495178222656, 1.0], [313.81814575195307, 433.63354492187494, 1.0], [329.6621704101563, 441.8495178222656, 1.0], [341.5451965332031, 451.7086486816406, 1.0], [352.4379577636718, 459.9246215820313, 1.0], [309.0, 441.0, 1.0], [321.0, 454.0, 1.0], [329.0, 462.0, 1.0], [334.0, 467.0, 1.0]], "head_box": [[315.7491, 87.6673], [396.08489999999995, 208.171]], "head_size": 120.5037, "hand_box_center": [322.29627990722656, 420.92112731933594], "is_left": 0, "is_mpii": 0}