{"mpii_body_pts": [[0.0, 0.0, 0.0], [369.17100000000005, 265.32349999999997, 0.6415015], [377.762, 253.57, 0.683753], [363.723, 106.491, 0.646249], [0.0, 0.0, 0.0], [0.0, 0.0, 0.0], [0.0, 0.0, 0.0], [0.0, 0.0, 0.0], [0.0, 0.0, 0.0], [0.0, 0.0, 0.0], [320.019, 402.269, 0.655048], [176.36, 396.045, 0.680339], [265.367, 259.823, 0.647696], [472.975, 270.824, 0.635307], [526.025, 436.702, 0.71012], [449.571, 353.692, 0.756898]], "hand_pts": [[322.665985107422, 400.58981323242193, 1.0], [345.65234375, 402.2242126464843, 1.0], [373.1539001464844, 415.2993774414062, 1.0], [387.5203552246093, 441.0411376953125, 1.0], [386.2889709472655, 457.3851013183594, 1.0], [381.363311767578, 421.83697509765625, 1.0], [392.4460144042968, 445.5357360839843, 1.0], [390.39367675781244, 463.10549926757807, 1.0], [385.4680175781249, 470.868896484375, 1.0], [376.43765258789057, 427.9659423828125, 1.0], [389.1622619628906, 456.1593017578125, 1.0], [387.5203552246093, 470.46029663085943, 1.0], [380.95285034179693, 480.2666625976563, 1.0], [366.99682617187494, 433.27774047851557, 1.0], [379.3109436035157, 462.6968994140625, 1.0], [376.0271911621093, 474.5462646484375, 1.0], [372.33294677734375, 481.49246215820307, 1.0], [357.5559997558594, 440.22393798828114, 1.0], [366.99682617187494, 463.51409912109375, 1.0], [366.17590332031256, 471.27746582031256, 1.0], [363.71307373046875, 476.9978637695313, 1.0]], "head_box": [[314.69666666666666, 106.491], [412.74933333333337, 253.57]], "head_size": 147.079, "hand_box_center": [357.5559997558594, 441.0411376953125], "is_left": 0, "is_mpii": 0}