{"mpii_body_pts": [[376.1875, 518.8605, 0.3061505], [293.501, 287.1895, 0.656987], [287.222, 273.93, 0.629587], [284.096, 117.426, 0.584763], [0.0, 0.0, 0.0], [0.0, 0.0, 0.0], [309.059, 519.639, 0.30493], [443.316, 518.082, 0.307371], [0.0, 0.0, 0.0], [0.0, 0.0, 0.0], [329.326, 464.834, 0.729639], [209.168, 505.484, 0.71646], [193.608, 330.25, 0.661962], [393.394, 244.129, 0.652012], [479.207, 403.787, 0.791372], [458.91, 317.768, 0.793191]], "hand_pts": [[324.12243652343756, 462.4191589355469, 1.0], [344.23114013671875, 454.65744018554705, 1.0], [376.65130615234375, 456.70001220703125, 1.0], [394.2976989746093, 476.3085021972656, 1.0], [397.58074951171875, 492.64892578125, 1.0], [391.42504882812494, 467.72979736328125, 1.0], [400.4534301757813, 486.9297790527343, 1.0], [404.14688110351574, 498.3680725097657, 1.0], [405.3780212402343, 508.5808410644532, 1.0], [388.9627380371093, 479.9851074218749, 1.0], [393.8873291015625, 500.41064453125, 1.0], [395.93923950195307, 511.03192138671875, 1.0], [397.99114990234364, 521.6531982421876, 1.0], [381.5758666992188, 489.380859375, 1.0], [381.16549682617193, 504.90426635742193, 1.0], [380.75512695312494, 515.5255126953124, 1.0], [380.75512695312494, 526.5552978515624, 1.0], [372.1370849609375, 497.551055908203, 1.0], [368.8540344238282, 511.03192138671875, 1.0], [363.9294738769531, 506.1297912597657, 1.0], [363.5190734863281, 500.41064453125, 1.0]], "head_box": [[231.928, 117.426], [336.264, 273.93]], "head_size": 156.50400000000002, "hand_box_center": [364.75022888183594, 490.6063690185547], "is_left": 0, "is_mpii": 0}