{"mpii_body_pts": [[348.1025, 501.64549999999997, 0.2154325], [367.5905, 240.24450000000002, 0.732498], [365.285, 208.153, 0.786401], [330.93, 101.755, 0.699903], [0.0, 0.0, 0.0], [0.0, 0.0, 0.0], [293.473, 505.562, 0.204476], [402.732, 497.729, 0.226389], [0.0, 0.0, 0.0], [0.0, 0.0, 0.0], [218.549, 309.914, 0.750717], [224.79, 360.021, 0.730567], [280.998, 237.917, 0.73288], [454.183, 242.572, 0.732116], [493.33, 322.474, 0.765558], [483.885, 205.026, 0.547535]], "hand_pts": [[220.79367065429685, 315.17791748046875, 1.0], [212.1119537353515, 293.9844970703125, 1.0], [211.39851379394528, 281.55905151367193, 1.0], [207.47463989257812, 270.90869140624994, 1.0], [192.84928894042974, 255.99819946289065, 1.0], [217.81941223144528, 287.9492797851563, 1.0], [222.81343078613278, 273.39379882812494, 1.0], [228.16416931152344, 264.51849365234375, 1.0], [231.7313385009766, 248.8979644775391, 1.0], [226.7373046875, 290.4343566894531, 1.0], [232.08804321289065, 277.65393066406256, 1.0], [236.36863708496097, 266.2935485839843, 1.0], [239.57908630371094, 252.4480895996094, 1.0], [234.58506774902344, 297.53460693359375, 1.0], [242.0760955810547, 283.3341369628905, 1.0], [247.07012939453125, 274.10382080078136, 1.0], [252.4208679199219, 262.7434387207031, 1.0], [243.14624023437497, 304.98986816406256, 1.0], [250.2805633544922, 290.7893676757813, 1.0], [253.8477325439453, 282.97912597656244, 1.0], [258.48504638671875, 272.3287658691406, 1.0]], "head_box": [[295.464, 101.755], [366.396, 208.153]], "head_size": 106.398, "hand_box_center": [225.66716766357425, 282.0379409790039], "is_left": 0, "is_mpii": 0}