{"mpii_body_pts": [[0.0, 0.0, 0.0], [396.50649999999996, 229.30349999999999, 0.4821485], [394.944, 228.532, 0.658071], [379.354, 82.9727, 0.605281], [0.0, 0.0, 0.0], [0.0, 0.0, 0.0], [0.0, 0.0, 0.0], [0.0, 0.0, 0.0], [0.0, 0.0, 0.0], [0.0, 0.0, 0.0], [316.844, 239.492, 0.677833], [204.41, 320.906, 0.684566], [293.488, 219.118, 0.612306], [499.525, 239.489, 0.351991], [625.955, 305.214, 0.754137], [521.345, 241.034, 0.77977]], "hand_pts": [[330.21774291992193, 234.2566986083984, 1.0], [336.07275390624994, 243.99560546874997, 1.0], [364.0516662597657, 261.66186523437506, 1.0], [378.8820190429687, 275.9776306152344, 1.0], [388.36810302734375, 289.5022277832031, 1.0], [383.4687194824218, 240.49281311035156, 1.0], [398.91064453125, 253.43791198730474, 1.0], [409.4600830078125, 263.0325317382812, 1.0], [418.17480468750006, 271.4087524414062, 1.0], [376.4357604980469, 236.8377227783203, 1.0], [395.0883789062499, 257.24530029296875, 1.0], [406.4022521972656, 268.9720458984375, 1.0], [413.2823181152343, 277.9574584960937, 1.0], [366.6507873535157, 237.14231872558594, 1.0], [385.30340576171875, 257.702178955078, 1.0], [392.6421508789063, 265.46923828124994, 1.0], [400.1337585449219, 274.15008544921875, 1.0], [354.87823486328125, 240.18821716308597, 1.0], [372.613525390625, 255.5700531005859, 1.0], [378.1175537109375, 260.900390625, 1.0], [383.3261413574219, 266.73437499999994, 1.0]], "head_box": [[330.8342333333333, 82.9727], [427.87376666666665, 228.532]], "head_size": 145.5593, "hand_box_center": [374.196273803711, 261.8794631958008], "is_left": 0, "is_mpii": 0}