{"mpii_body_pts": [[203.7125, 241.046, 0.107961], [355.9075, 232.4265, 0.717023], [354.297, 204.973, 0.747251], [338.701, 83.0023, 0.647854], [0.0, 0.0, 0.0], [0.0, 0.0, 0.0], [0.0, 0.0, 0.0], [407.425, 482.092, 0.215922], [0.0, 0.0, 0.0], [0.0, 0.0, 0.0], [279.474, 305.196, 0.844147], [218.524, 358.461, 0.785157], [268.448, 230.043, 0.70033], [443.367, 234.81, 0.733716], [477.596, 378.751, 0.785585], [423.052, 309.92, 0.773037]], "hand_pts": [[285.1663208007813, 300.0499267578125, 1.0], [286.04241943359375, 281.7235412597656, 1.0], [290.7149047851563, 263.1062927246094, 1.0], [296.26351928710926, 253.5067596435547, 1.0], [295.7362060546874, 236.3087768554688, 1.0], [289.54678344726557, 273.28759765624994, 1.0], [294.65966796875006, 263.450927734375, 1.0], [298.6069946289063, 256.30825805664057, 1.0], [302.91317749023426, 247.02278137207034, 1.0], [292.50659179687494, 279.5219116210937, 1.0], [298.6069946289063, 266.30798339843756, 1.0], [302.91317749023426, 258.8081970214843, 1.0], [305.7839355468749, 250.95124816894534, 1.0], [295.9714660644531, 288.12322998046875, 1.0], [300.7600708007813, 275.95059204101557, 1.0], [303.630859375, 270.9507141113281, 1.0], [306.5016479492187, 261.665252685547, 1.0], [300.05990600585943, 298.59545898437494, 1.0], [304.70739746093744, 290.2359313964843, 1.0], [307.2193298339844, 283.09326171875, 1.0], [309.73126220703125, 274.16491699218744, 1.0]], "head_box": [[298.0441, 83.0023], [379.35790000000003, 204.973]], "head_size": 121.97070000000001, "hand_box_center": [297.44879150390625, 268.1793518066406], "is_left": 0, "is_mpii": 0}