{"mpii_body_pts": [[386.336, 506.35, 0.326515], [390.2745, 270.79100000000005, 0.6393055], [391.75, 255.144, 0.726685], [363.709, 107.987, 0.578099], [0.0, 0.0, 0.0], [0.0, 0.0, 0.0], [323.121, 494.594, 0.28899], [449.551, 518.106, 0.36404], [0.0, 0.0, 0.0], [0.0, 0.0, 0.0], [343.452, 457.056, 0.768747], [240.356, 428.847, 0.773882], [287.217, 272.345, 0.648435], [493.332, 269.237, 0.630176], [512.0, 453.878, 0.735932], [455.795, 378.763, 0.767526]], "hand_pts": [[345, 458, 1], [367, 454, 1], [396, 467, 1], [407, 484, 1], [408, 496, 1], [406, 483, 1], [417, 499, 1], [420, 508, 1], [422, 517, 1], [397, 493, 1], [406, 510, 1], [410, 519, 1], [414, 528, 1], [385, 501, 1], [391, 518, 1], [394, 525, 1], [398, 529, 1], [369, 506, 1], [377, 515, 1], [379, 512, 1], [377, 504, 1]], "head_box": [[314.65666666666664, 107.987], [412.76133333333337, 255.144]], "head_size": 147.157, "hand_box_center": [383.5, 491.5], "is_left": 0, "is_mpii": 0}