{"mpii_body_pts": [[0.0, 0.0, 0.0], [380.05449999999996, 225.359, 0.732], [369.967, 200.332, 0.707663], [343.423, 87.6613, 0.703268], [0.0, 0.0, 0.0], [0.0, 0.0, 0.0], [0.0, 0.0, 0.0], [0.0, 0.0, 0.0], [0.0, 0.0, 0.0], [0.0, 0.0, 0.0], [248.202, 309.931, 0.628799], [221.677, 328.703, 0.622172], [291.866, 217.52, 0.757524], [468.243, 233.198, 0.706476], [482.326, 358.493, 0.834797], [387.113, 294.204, 0.715052]], "hand_pts": [[388.0, 298.0, 1.0], [377.0062255859375, 285.03347778320307, 1.0], [355.3272399902343, 266.3907470703125, 1.0], [330.6920471191407, 266.063690185547, 1.0], [318.5386962890625, 261.157684326172, 1.0], [352.0425720214844, 277.51095581054693, 1.0], [328.7212524414062, 276.52978515625, 1.0], [315.2539978027344, 275.548583984375, 1.0], [307.0422668457032, 274.5673828125, 1.0], [354.6703186035156, 292.55596923828125, 1.0], [333.31982421875006, 288.30413818359375, 1.0], [320.1810302734375, 285.03347778320307, 1.0], [315.58248901367193, 282.08987426757807, 1.0], [352.0425720214844, 302.3679504394532, 1.0], [335.2906188964843, 296.807830810547, 1.0], [328.7212524414062, 293.8642578125, 1.0], [322.48031616210926, 290.59359741210926, 1.0], [347.7724609375, 308.25512695312494, 1.0], [338.57531738281244, 299.7514343261719, 1.0], [333.97674560546875, 296.48077392578125, 1.0], [329.70666503906256, 293.53717041015625, 1.0]], "head_box": [[305.8661, 87.6613], [380.9799, 200.332]], "head_size": 112.6707, "hand_box_center": [347.52113342285156, 284.70640563964844], "is_left": 1, "is_mpii": 0}