{"mpii_body_pts": [[0.0, 0.0, 0.0], [379.3195, 306.8055, 0.630547], [393.333, 267.591, 0.658239], [412.074, 104.9, 0.526689], [0.0, 0.0, 0.0], [0.0, 0.0, 0.0], [0.0, 0.0, 0.0], [0.0, 0.0, 0.0], [0.0, 0.0, 0.0], [0.0, 0.0, 0.0], [304.395, 405.364, 0.765402], [206.019, 471.132, 0.681077], [270.083, 305.27, 0.649573], [488.556, 308.341, 0.611521], [533.894, 488.368, 0.709728], [485.473, 380.307, 0.429321]], "hand_pts": [[305.7971801757813, 413.5975646972656, 1.0], [306.8722229003906, 389.7776489257813, 1.0], [317.3539733886719, 368.09887695312494, 1.0], [321.9229431152344, 347.4906311035156, 1.0], [315.7413940429687, 333.3057250976563, 1.0], [344.4989624023437, 374.2545776367188, 1.0], [359.28091430664057, 361.94317626953125, 1.0], [357.3995666503906, 355.51980590820307, 1.0], [354.71194458007807, 351.7728576660156, 1.0], [352.2930908203125, 386.8336181640625, 1.0], [374.6003723144532, 379.60736083984386, 1.0], [371.375213623047, 372.1134643554688, 1.0], [365.4624328613281, 371.8458251953126, 1.0], [354.71194458007807, 401.5538024902344, 1.0], [370.3001708984375, 399.6803283691406, 1.0], [369.4938659667969, 392.9893493652343, 1.0], [365.4624328613281, 388.97473144531244, 1.0], [348.7991638183594, 415.4710388183593, 1.0], [360.0871887207031, 419.2180175781249, 1.0], [360.89346313476574, 413.3299255371094, 1.0], [357.66833496093744, 407.9771423339844, 1.0]], "head_box": [[357.84366666666665, 104.9], [466.3043333333334, 267.591]], "head_size": 162.691, "hand_box_center": [340.19877624511724, 376.2618713378906], "is_left": 0, "is_mpii": 0}