{"mpii_body_pts": [[0.0, 0.0, 0.0], [379.33050000000003, 269.2185, 0.6742049999999999], [382.458, 244.184, 0.691141], [382.448, 104.898, 0.70032], [0.0, 0.0, 0.0], [0.0, 0.0, 0.0], [0.0, 0.0, 0.0], [0.0, 0.0, 0.0], [0.0, 0.0, 0.0], [0.0, 0.0, 0.0], [274.755, 356.823, 0.774807], [182.661, 402.236, 0.687231], [274.751, 267.656, 0.670085], [483.91, 270.781, 0.678325], [532.339, 408.566, 0.745114], [493.276, 367.822, 0.643505]], "hand_pts": [[272.58145141601557, 366.1221618652344, 1.0], [277.99652099609364, 348.346649169922, 1.0], [298.65460205078136, 322.44805908203125, 1.0], [312.4266662597656, 306.0709838867188, 1.0], [315.1045532226563, 293.1217041015625, 1.0], [329.2591552734375, 330.0652770996094, 1.0], [347.2393493652343, 321.6863403320313, 1.0], [359.8637084960937, 317.8777160644531, 1.0], [369.04507446289057, 314.83081054687494, 1.0], [335.76263427734375, 345.6806030273438, 1.0], [358.33349609375006, 339.96768188476574, 1.0], [369.4276428222656, 336.9208068847657, 1.0], [380.52178955078125, 333.4930419921874, 1.0], [332.3196105957032, 359.77249145507807, 1.0], [356.0381469726562, 356.72558593749994, 1.0], [366.74972534179693, 354.4404296875, 1.0], [377.0787658691406, 351.012664794922, 1.0], [331.93707275390625, 375.3878173828125, 1.0], [349.1521301269532, 376.91128540039057, 1.0], [358.33349609375006, 375.00695800781244, 1.0], [366.74972534179693, 372.72180175781244, 1.0]], "head_box": [[336.0193333333333, 104.898], [428.87666666666667, 244.184]], "head_size": 139.286, "hand_box_center": [326.55162048339844, 335.01649475097656], "is_left": 0, "is_mpii": 0}