{"mpii_body_pts": [[350.432, 461.75, 0.309291], [311.42150000000004, 259.03049999999996, 0.620358], [313.718, 208.172, 0.739182], [304.328, 92.3086, 0.759962], [0.0, 0.0, 0.0], [0.0, 0.0, 0.0], [305.916, 466.429, 0.249866], [394.948, 457.071, 0.368716], [0.0, 0.0, 0.0], [0.0, 0.0, 0.0], [304.358, 394.51, 0.652806], [207.654, 417.883, 0.776471], [226.36, 275.479, 0.689769], [396.483, 242.582, 0.550947], [474.51, 331.775, 0.783764], [427.679, 233.255, 0.699357]], "hand_pts": [[300.6502990722656, 399.6234436035157, 1.0], [311.32223510742193, 383.99047851562494, 1.0], [334.2355346679687, 371.7967834472655, 1.0], [347.1046447753907, 368.0448608398439, 1.0], [354.3238830566406, 356.7891235351563, 1.0], [343.02416992187494, 388.0550537109375, 1.0], [362.1708984375, 386.80441284179693, 1.0], [376.29553222656244, 389.3056945800781, 1.0], [387.9091186523437, 390.55633544921864, 1.0], [343.33807373046875, 399.6234436035157, 1.0], [361.8570251464844, 398.68548583984386, 1.0], [378.1788024902344, 400.5614318847657, 1.0], [391.6756896972657, 402.4373779296874, 1.0], [339.25762939453136, 408.6905822753906, 1.0], [361.54315185546875, 410.87918090820307, 1.0], [377.551055908203, 412.4424743652344, 1.0], [389.79238891601557, 412.4424743652344, 1.0], [335.49105834960926, 419.946319580078, 1.0], [356.2071838378906, 421.5096130371094, 1.0], [368.7623901367188, 422.4475708007813, 1.0], [377.8649291992188, 421.82226562500006, 1.0]], "head_box": [[265.70686666666666, 92.3086], [342.9491333333333, 208.172]], "head_size": 115.8634, "hand_box_center": [346.1629943847656, 389.6183471679688], "is_left": 0, "is_mpii": 0}