{"mpii_body_pts": [[0.0, 0.0, 0.0], [388.6845, 306.8035, 0.621383], [399.633, 262.954, 0.607724], [415.247, 106.462, 0.615007], [0.0, 0.0, 0.0], [0.0, 0.0, 0.0], [0.0, 0.0, 0.0], [0.0, 0.0, 0.0], [0.0, 0.0, 0.0], [0.0, 0.0, 0.0], [302.851, 417.941, 0.766372], [207.63, 467.963, 0.69197], [280.966, 305.264, 0.656494], [496.403, 308.343, 0.586272], [524.495, 383.506, 0.235424], [496.419, 370.94, 0.463544]], "hand_pts": [[514.0, 388.0, 1.0], [514.4906616210938, 362.6391296386719, 1.0], [500.11181640624994, 332.069580078125, 1.0], [498.55734252929693, 313.4956970214843, 1.0], [506.32968139648443, 304.595703125, 1.0], [477.572021484375, 333.23046874999994, 1.0], [459.6956481933595, 322.39569091796875, 1.0], [455.03222656249994, 329.74786376953136, 1.0], [452.7005310058594, 335.93914794921864, 1.0], [472.9086303710937, 347.5478515625, 1.0], [447.64849853515636, 335.165252685547, 1.0], [444.1509704589843, 341.3565368652343, 1.0], [447.2598876953126, 349.09567260742193, 1.0], [466.30212402343756, 359.9304504394531, 1.0], [448.4257507324219, 355.6739196777344, 1.0], [439.48754882812494, 354.9000244140625, 1.0], [444.5395812988281, 355.6739196777344, 1.0], [463.1932067871093, 373.8608703613282, 1.0], [453.0891418457031, 369.2174072265625, 1.0], [454.2550048828125, 373.08694458007807, 1.0], [456.1980895996094, 375.02172851562494, 1.0]], "head_box": [[363.083, 106.462], [467.411, 262.954]], "head_size": 156.49200000000002, "hand_box_center": [476.9891052246094, 346.2978515625], "is_left": 1, "is_mpii": 0}