{"mpii_body_pts": [[327.021, 510.2455, 0.2312685], [303.57849999999996, 261.412, 0.6814705], [316.861, 219.153, 0.725275], [330.898, 76.7087, 0.607953], [0.0, 0.0, 0.0], [0.0, 0.0, 0.0], [277.841, 519.637, 0.203132], [376.201, 500.854, 0.259405], [0.0, 0.0, 0.0], [0.0, 0.0, 0.0], [304.328, 350.627, 0.360681], [193.524, 455.407, 0.706928], [204.454, 269.267, 0.684956], [402.703, 253.557, 0.677985], [430.774, 371.0, 0.392924], [0.0, 0.0, 0.0]], "hand_pts": [[306.5908508300781, 352.0992126464843, 1.0], [296.11203002929693, 338.0556030273438, 1.0], [296.9180908203125, 307.1596984863282, 1.0], [297.7241821289063, 288.70239257812494, 1.0], [294.09689331054693, 273.0538024902344, 1.0], [328.7575988769531, 303.14724731445324, 1.0], [337.6242980957032, 288.70239257812494, 1.0], [342.46066284179693, 279.47375488281244, 1.0], [349.31222534179693, 267.8376159667969, 1.0], [339.2364196777343, 314.7833557128905, 1.0], [354.1485900878906, 297.93103027343744, 1.0], [361.8061828613281, 287.49865722656244, 1.0], [366.64257812500006, 279.07250976562494, 1.0], [346.8940124511718, 325.2157592773437, 1.0], [361.0001220703125, 312.7771301269531, 1.0], [369.06076049804693, 305.1534729003906, 1.0], [375.91229248046875, 298.332275390625, 1.0], [348.50613403320307, 339.66058349609375, 1.0], [362.209228515625, 334.44439697265625, 1.0], [369.46380615234375, 328.42572021484375, 1.0], [374.7032165527343, 323.6107482910156, 1.0]], "head_box": [[283.4165666666667, 76.7087], [378.37943333333334, 219.153]], "head_size": 142.4443, "hand_box_center": [335.0045928955078, 309.9684143066406], "is_left": 0, "is_mpii": 0}