{"mpii_body_pts": [[192.786, 202.677, 0.174573], [305.961, 229.29, 0.6815715], [304.377, 201.894, 0.790354], [295.069, 81.3711, 0.738546], [0.0, 0.0, 0.0], [0.0, 0.0, 0.0], [0.0, 0.0, 0.0], [385.572, 405.354, 0.349146], [0.0, 0.0, 0.0], [0.0, 0.0, 0.0], [413.648, 342.745, 0.713341], [290.32, 369.381, 0.664438], [231.044, 245.736, 0.689668], [380.878, 212.844, 0.673475], [490.09, 280.096, 0.786575], [480.825, 244.168, 0.512094]], "hand_pts": [[469.761474609375, 191.16371154785153, 1.0], [460.25695800781244, 197.57719421386716, 1.0], [460.36749267578136, 222.8539428710938, 1.0], [460.36749267578136, 238.28338623046875, 1.0], [461.3780822753906, 250.35858154296878, 1.0], [468.7890319824219, 221.51225280761722, 1.0], [471.48391723632807, 239.62506103515622, 1.0], [474.51568603515636, 249.68774414062503, 1.0], [475.5262756347657, 255.72534179687497, 1.0], [481.2529296875, 213.1266937255859, 1.0], [489.07708740234375, 233.30946350097656, 1.0], [489.07708740234375, 243.99861145019534, 1.0], [489.07708740234375, 252.5499267578125, 1.0], [490.68505859375006, 209.4370574951172, 1.0], [499.7803344726562, 225.20190429687494, 1.0], [500.45407104492193, 239.2896423339844, 1.0], [499.7803344726562, 246.66894531250003, 1.0], [499.10662841796875, 204.40571594238278, 1.0], [501.80151367187494, 222.18310546874997, 1.0], [503.1489562988281, 231.23950195312497, 1.0], [503.4858093261719, 239.62506103515622, 1.0]], "head_box": [[254.8947, 81.3711], [335.24330000000003, 201.894]], "head_size": 120.5229, "hand_box_center": [481.8713836669922, 223.44452667236325], "is_left": 1, "is_mpii": 0}