{"mpii_body_pts": [[0.0, 0.0, 0.0], [329.3485, 283.339, 0.5549394999999999], [315.29, 259.839, 0.629691], [295.067, 115.803, 0.63446], [0.0, 0.0, 0.0], [0.0, 0.0, 0.0], [0.0, 0.0, 0.0], [0.0, 0.0, 0.0], [0.0, 0.0, 0.0], [0.0, 0.0, 0.0], [0.0, 0.0, 0.0], [354.365, 374.072, 0.527959], [243.47, 309.943, 0.589753], [415.227, 256.735, 0.520126], [491.736, 405.393, 0.763795], [429.267, 367.799, 0.363939]], "hand_pts": [[417.580078125, 361.30554199218744, 1.0], [390.32250976562494, 358.8540954589843, 1.0], [372.4469604492187, 369.4057922363281, 1.0], [365.8263854980469, 379.95748901367193, 1.0], [363.17816162109375, 386.88204956054693, 1.0], [386.6811828613281, 376.33035278320307, 1.0], [385.7234191894531, 407.27346801757807, 1.0], [387.8074951171875, 424.47439575195307, 1.0], [389.8915710449219, 436.93020629882807, 1.0], [399.59130859375, 377.97906494140625, 1.0], [398.82333374023426, 405.7906494140625, 1.0], [398.82333374023426, 425.95721435546875, 1.0], [399.12106323242193, 440.1924438476563, 1.0], [412.22100830078125, 380.58242797851557, 1.0], [411.0300903320313, 407.27346801757807, 1.0], [409.5414733886719, 423.58468627929693, 1.0], [408.9460144042968, 434.854248046875, 1.0], [425.0805358886718, 378.308807373047, 1.0], [420.7771606445313, 394.7958374023437, 1.0], [419.4530334472655, 400.40142822265625, 1.0], [415.48071289062494, 403.0393676757813, 1.0]], "head_box": [[247.055, 115.803], [343.079, 259.839]], "head_size": 144.036, "hand_box_center": [394.1293487548828, 399.5232696533203], "is_left": 1, "is_mpii": 0}