{"mpii_body_pts": [[0.0, 0.0, 0.0], [387.11199999999997, 262.164, 0.6549670000000001], [385.565, 242.66, 0.700419], [377.763, 106.417, 0.671885], [0.0, 0.0, 0.0], [0.0, 0.0, 0.0], [0.0, 0.0, 0.0], [0.0, 0.0, 0.0], [0.0, 0.0, 0.0], [0.0, 0.0, 0.0], [305.964, 430.43, 0.706461], [240.395, 400.692, 0.726024], [288.769, 255.08, 0.668956], [485.455, 269.248, 0.640978], [440.181, 419.467, 0.74951], [316.903, 342.766, 0.719848]], "hand_pts": [[325.0, 343.0, 1.0], [293.0910339355469, 335.71087646484375, 1.0], [256.77377319335943, 326.5825805664063, 1.0], [235.26551818847656, 327.6358642578125, 1.0], [223.2772979736328, 332.9021606445313, 1.0], [260.65231323242193, 316.0499572753906, 1.0], [241.96481323242188, 324.47607421874994, 1.0], [230.68177795410156, 328.33804321289057, 1.0], [225.04026794433594, 332.9021606445313, 1.0], [283.5709838867188, 331.146728515625, 1.0], [264.5308532714843, 344.136993408203, 1.0], [247.25372314453122, 350.10546875, 1.0], [250.77967834472653, 346.59460449218744, 1.0], [289.2124938964844, 340.9772033691406, 1.0], [269.4671936035156, 355.3717956542969, 1.0], [258.1841735839844, 357.82940673828125, 1.0], [253.60043334960943, 355.02072143554693, 1.0], [293.79620361328125, 350.8076477050781, 1.0], [280.3976135253906, 360.9891967773437, 1.0], [273.34573364257807, 361.6913757324219, 1.0], [268.40939331054693, 361.6913757324219, 1.0]], "head_box": [[332.34866666666665, 106.417], [423.1773333333333, 242.66]], "head_size": 136.243, "hand_box_center": [274.1386489868164, 338.87066650390625], "is_left": 1, "is_mpii": 0}