{"mpii_body_pts": [[348.8845, 464.1085, 0.351547], [311.411, 251.97949999999997, 0.7031755], [304.357, 237.901, 0.706278], [316.846, 115.808, 0.717847], [0.0, 0.0, 0.0], [0.0, 0.0, 0.0], [302.834, 469.573, 0.36478], [394.935, 458.644, 0.338314], [0.0, 0.0, 0.0], [0.0, 0.0, 0.0], [318.467, 284.848, 0.552906], [241.986, 383.5, 0.772475], [218.532, 275.46, 0.758579], [404.29, 228.499, 0.647772], [497.958, 300.534, 0.767982], [429.236, 239.45, 0.528805]], "hand_pts": [[406.41143798828114, 222.25982666015622, 1.0], [391.97021484375, 230.25152587890625, 1.0], [371.4315795898437, 245.59556579589835, 1.0], [361.8041076660156, 258.7019348144531, 1.0], [359.5576782226563, 268.6116333007813, 1.0], [370.4688415527344, 240.80055236816403, 1.0], [366.6178588867188, 256.4642639160156, 1.0], [365.0132751464843, 264.7756042480469, 1.0], [363.08776855468744, 275.96395874023426, 1.0], [380.7381591796874, 238.24320983886716, 1.0], [378.17083740234375, 256.14459228515636, 1.0], [376.5662536621093, 267.33294677734375, 1.0], [375.92440795898426, 275.32464599609375, 1.0], [392.612060546875, 240.1612091064453, 1.0], [390.3656311035157, 255.18557739257812, 1.0], [389.08197021484375, 264.1362609863281, 1.0], [387.7983093261718, 273.7262878417969, 1.0], [401.9186401367188, 241.12020874023443, 1.0], [400.3140563964844, 251.66923522949216, 1.0], [399.35128784179693, 259.3412475585937, 1.0], [398.38854980468744, 266.693603515625, 1.0]], "head_box": [[276.1483333333333, 115.808], [357.5436666666667, 237.901]], "head_size": 122.093, "hand_box_center": [382.98455810546875, 249.11189270019526], "is_left": 1, "is_mpii": 0}