{"mpii_body_pts": [[0.0, 0.0, 0.0], [415.25699999999995, 244.16750000000002, 0.53598], [405.889, 228.528, 0.659323], [355.856, 93.9097, 0.688143], [0.0, 0.0, 0.0], [0.0, 0.0, 0.0], [0.0, 0.0, 0.0], [0.0, 0.0, 0.0], [0.0, 0.0, 0.0], [0.0, 0.0, 0.0], [290.343, 306.763, 0.480545], [223.199, 292.617, 0.62398], [312.215, 236.341, 0.52235], [518.299, 251.994, 0.54961], [593.231, 405.324, 0.758459], [491.676, 305.245, 0.673163]], "hand_pts": [[493.0, 307.0, 1.0], [495.3517456054688, 292.93008422851557, 1.0], [487.40100097656244, 286.9883728027343, 1.0], [488.72610473632807, 282.69714355468744, 1.0], [494.02661132812494, 278.40591430664057, 1.0], [447.978546142578, 279.7262878417969, 1.0], [433.4021911621093, 271.47390747070307, 1.0], [422.46990966796875, 266.1924133300781, 1.0], [412.2002258300781, 262.5613708496093, 1.0], [439.69653320312494, 292.93008422851557, 1.0], [417.1694335937501, 291.2796325683594, 1.0], [403.255615234375, 289.959228515625, 1.0], [391.3295288085937, 288.63885498046875, 1.0], [438.0401306152344, 310.0950317382812, 1.0], [422.46990966796875, 316.69692993164057, 1.0], [409.8812561035156, 319.3377075195313, 1.0], [398.948974609375, 322.30856323242193, 1.0], [449.96624755859364, 323.628936767578, 1.0], [446.32214355468744, 332.87158203125, 1.0], [440.69036865234375, 337.4929199218749, 1.0], [435.389892578125, 342.44433593749994, 1.0]], "head_box": [[310.9832333333333, 93.9097], [400.7287666666667, 228.528]], "head_size": 134.61829999999998, "hand_box_center": [443.34063720703125, 302.50285339355463], "is_left": 1, "is_mpii": 0}