{"mpii_body_pts": [[0.0, 0.0, 0.0], [316.118, 268.4325, 0.617459], [316.913, 256.744, 0.656396], [316.909, 107.987, 0.615777], [0.0, 0.0, 0.0], [0.0, 0.0, 0.0], [0.0, 0.0, 0.0], [0.0, 0.0, 0.0], [0.0, 0.0, 0.0], [0.0, 0.0, 0.0], [256.005, 405.367, 0.699319], [143.589, 441.38, 0.703061], [207.635, 283.311, 0.650407], [424.601, 253.554, 0.584511], [515.145, 385.056, 0.724405], [429.234, 361.571, 0.788556]], "hand_pts": [[422.19131469726557, 352.9332885742187, 1.0], [394.023651123047, 357.2769775390625, 1.0], [379.26916503906256, 371.644500732422, 1.0], [376.9218444824219, 392.3605041503906, 1.0], [375.2452087402343, 412.7423706054688, 1.0], [370.5505981445313, 372.9810180664062, 1.0], [359.4847412109375, 391.6922302246094, 1.0], [355.7961120605468, 408.06454467773443, 1.0], [353.7841186523437, 421.76385498046875, 1.0], [382.6224670410156, 373.6492919921875, 1.0], [380.61047363281256, 403.7208862304688, 1.0], [387.9877319335937, 407.7304382324219, 1.0], [390.67034912109375, 392.02636718749994, 1.0], [395.36495971679693, 376.6564331054688, 1.0], [393.35299682617193, 401.71609497070307, 1.0], [399.72424316406256, 390.355712890625, 1.0], [402.4068908691406, 376.9905700683593, 1.0], [408.4428100585937, 377.9929504394531, 1.0], [405.42483520507807, 396.7041625976563, 1.0], [410.7901306152343, 389.68746948242193, 1.0], [413.4727478027344, 379.99774169921875, 1.0]], "head_box": [[267.3233333333333, 107.987], [366.49466666666666, 256.744]], "head_size": 148.75700000000003, "hand_box_center": [387.98771667480463, 387.34857177734375], "is_left": 1, "is_mpii": 0}