{"mpii_body_pts": [[344.9935, 483.644, 0.237364], [379.363, 250.4405, 0.675386], [379.29, 194.121, 0.742628], [365.237, 78.2771, 0.671393], [0.0, 0.0, 0.0], [0.0, 0.0, 0.0], [291.929, 467.99, 0.268526], [398.058, 499.298, 0.206202], [0.0, 0.0, 0.0], [0.0, 0.0, 0.0], [245.062, 458.59, 0.725386], [254.419, 347.496, 0.706171], [293.53, 231.717, 0.711839], [465.196, 269.164, 0.638933], [446.471, 405.39, 0.771763], [346.547, 333.394, 0.690285]], "hand_pts": [[349.0, 337.0, 1.0], [329.6519470214844, 321.1615600585937, 1.0], [321.8931579589842, 297.3129272460937, 1.0], [318.18246459960943, 282.53347778320307, 1.0], [314.1343994140625, 274.47195434570307, 1.0], [328.6399230957032, 287.23602294921864, 1.0], [328.3025817871094, 266.0745544433594, 1.0], [325.9412231445313, 252.9745941162109, 1.0], [324.2545471191407, 241.89001464843753, 1.0], [333.02532958984375, 289.9231872558593, 1.0], [333.36267089843756, 266.0745544433594, 1.0], [332.0133056640625, 248.27204895019534, 1.0], [332.0133056640625, 234.16439819335938, 1.0], [336.7360534667968, 290.25909423828125, 1.0], [337.748046875, 273.4642639160156, 1.0], [339.097412109375, 254.98997497558594, 1.0], [340.10943603515636, 242.56181335449222, 1.0], [341.45877075195307, 292.9462585449219, 1.0], [342.80813598632807, 276.487335205078, 1.0], [341.45877075195307, 266.4104614257813, 1.0], [341.45877075195307, 257.67715454101557, 1.0]], "head_box": [[326.62236666666666, 78.2771], [403.8516333333334, 194.121]], "head_size": 115.8439, "hand_box_center": [331.56719970703125, 285.5821990966797], "is_left": 1, "is_mpii": 0}