{"mpii_body_pts": [[209.952, 255.1285, 0.1215645], [344.2395, 287.222, 0.669458], [352.797, 230.086, 0.734056], [352.779, 90.7331, 0.544892], [0.0, 0.0, 0.0], [0.0, 0.0, 0.0], [0.0, 0.0, 0.0], [419.904, 510.257, 0.243129], [0.0, 0.0, 0.0], [0.0, 0.0, 0.0], [394.974, 442.986, 0.681837], [238.824, 467.983, 0.712332], [245.09, 295.857, 0.651872], [443.389, 278.587, 0.687044], [505.766, 439.806, 0.77739], [504.167, 355.322, 0.844535]], "hand_pts": [[399.5205993652343, 440.82873535156244, 1.0], [423.4529113769531, 443.6235656738282, 1.0], [433.8822937011719, 454.77642822265625, 1.0], [437.35873413085943, 464.3909606933595, 1.0], [442.38027954101557, 476.31298828125, 1.0], [459.95571899414057, 448.23855590820295, 1.0], [469.2262573242187, 464.77554321289057, 1.0], [475.40664672851557, 482.85086059570324, 1.0], [481.2007141113281, 495.15747070312506, 1.0], [456.86553955078125, 454.0072631835938, 1.0], [463.8184509277344, 474.00549316406256, 1.0], [471.54391479492193, 489.38873291015625, 1.0], [476.5654602050781, 500.92617797851545, 1.0], [447.594970703125, 462.0834655761719, 1.0], [457.63806152343756, 480.9279479980469, 1.0], [465.363525390625, 495.92663574218733, 1.0], [472.316436767578, 511.6944580078125, 1.0], [438.710693359375, 472.0825805664063, 1.0], [449.9126281738282, 487.4658508300781, 1.0], [455.70669555664057, 499.77243041992193, 1.0], [458.02435302734375, 509.00238037109375, 1.0]], "head_box": [[306.32803333333334, 90.7331], [399.22996666666666, 230.086]], "head_size": 139.35290000000003, "hand_box_center": [440.36065673828125, 476.2615966796875], "is_left": 0, "is_mpii": 0}