{"mpii_body_pts": [[202.912, 232.4315, 0.1513795], [375.4665, 244.136, 0.687859], [368.422, 219.128, 0.828956], [330.92, 98.6362, 0.708589], [0.0, 0.0, 0.0], [0.0, 0.0, 0.0], [0.0, 0.0, 0.0], [405.824, 464.863, 0.302759], [0.0, 0.0, 0.0], [0.0, 0.0, 0.0], [204.499, 344.42, 0.720466], [255.967, 333.393, 0.503768], [293.519, 233.196, 0.739556], [457.414, 255.076, 0.636162], [409.004, 361.593, 0.64601], [293.509, 316.199, 0.654212]], "hand_pts": [[197.46205139160156, 340.148193359375, 1.0], [188.62849426269534, 335.1781005859375, 1.0], [174.03395080566406, 334.41345214843744, 1.0], [157.9031219482422, 335.5603942871093, 1.0], [141.77229309082028, 337.08966064453136, 1.0], [172.88174438476565, 345.5006103515625, 1.0], [170.19326782226562, 354.6762084960937, 1.0], [167.1207275390625, 360.41094970703125, 1.0], [163.66412353515622, 365.7633972167969, 1.0], [180.5630950927734, 346.64758300781256, 1.0], [179.7949523925781, 354.6762084960937, 1.0], [179.02682495117188, 360.41094970703125, 1.0], [176.33834838867196, 362.7048645019532, 1.0], [190.93290710449222, 345.5006103515625, 1.0], [191.7010345458984, 350.470733642578, 1.0], [191.7010345458984, 354.6762084960937, 1.0], [190.5488433837891, 357.7347412109375, 1.0], [202.07086181640625, 342.8244018554688, 1.0], [201.68678283691406, 346.64758300781256, 1.0], [202.07086181640625, 350.0884094238281, 1.0], [201.30271911621097, 351.61767578125, 1.0]], "head_box": [[290.7560666666667, 98.6362], [371.08393333333333, 219.128]], "head_size": 120.49179999999998, "hand_box_center": [171.92157745361328, 350.0884246826172], "is_left": 0, "is_mpii": 0}