{"mpii_body_pts": [[337.96400000000006, 478.1675, 0.259961], [340.293, 256.705, 0.7111879999999999], [341.892, 236.355, 0.761236], [346.547, 106.501, 0.674531], [0.0, 0.0, 0.0], [0.0, 0.0, 0.0], [284.083, 478.942, 0.267111], [391.845, 477.393, 0.252811], [0.0, 0.0, 0.0], [0.0, 0.0, 0.0], [245.079, 442.991, 0.742532], [215.357, 371.009, 0.715969], [241.937, 256.734, 0.733738], [438.649, 256.676, 0.688638], [466.66, 381.868, 0.82445], [416.794, 397.54, 0.702763]], "hand_pts": [[407.47134399414057, 397.7919311523437, 1.0], [393.7576904296875, 394.2974243164063, 1.0], [373.4817810058594, 403.31427001953136, 1.0], [356.6814270019531, 415.45532226562494, 1.0], [341.5281677246093, 414.7990417480469, 1.0], [369.19934082031256, 416.76788330078136, 1.0], [352.069580078125, 432.84658813476574, 1.0], [345.1517639160156, 441.37814331054693, 1.0], [340.8693237304688, 446.95648193359375, 1.0], [379.41131591796864, 424.31503295898426, 1.0], [364.9169006347657, 438.75305175781244, 1.0], [355.69317626953125, 448.2690124511718, 1.0], [351.4107360839843, 452.8629455566406, 1.0], [390.2821350097656, 427.9245300292969, 1.0], [377.43481445312494, 443.3469543457031, 1.0], [369.19934082031256, 451.2222595214843, 1.0], [363.59924316406256, 454.50363159179693, 1.0], [399.1764526367188, 433.83099365234375, 1.0], [392.91751098632807, 439.40933227539057, 1.0], [390.2821350097656, 442.6907043457031, 1.0], [387.6467895507813, 445.3157958984375, 1.0]], "head_box": [[303.26233333333334, 106.501], [389.8316666666667, 236.355]], "head_size": 129.85399999999998, "hand_box_center": [374.1703338623047, 424.4005279541016], "is_left": 1, "is_mpii": 0}