{"mpii_body_pts": [[0.0, 0.0, 0.0], [380.1355, 295.044, 0.6593340000000001], [390.211, 253.585, 0.581573], [383.989, 106.42, 0.572188], [0.0, 0.0, 0.0], [0.0, 0.0, 0.0], [0.0, 0.0, 0.0], [0.0, 0.0, 0.0], [0.0, 0.0, 0.0], [0.0, 0.0, 0.0], [318.444, 419.542, 0.757167], [218.533, 475.81, 0.718415], [268.531, 295.818, 0.662803], [491.74, 294.27, 0.655865], [519.835, 469.527, 0.764167], [465.188, 407.005, 0.750189]], "hand_pts": [[466.0, 412.0, 1.0], [444.61862182617193, 393.4190368652343, 1.0], [428.0686645507813, 366.2091369628905, 1.0], [422.6802978515625, 350.1131286621093, 1.0], [425.7593688964844, 337.84948730468756, 1.0], [446.5430297851563, 343.98132324218733, 1.0], [443.46398925781244, 322.5199584960937, 1.0], [441.53955078124994, 307.1904296875, 1.0], [439.6151428222656, 294.9268188476562, 1.0], [462.3232421875, 347.0472106933595, 1.0], [445.0035095214843, 329.41827392578125, 1.0], [432.687255859375, 341.681884765625, 1.0], [429.6081848144532, 355.09521484375, 1.0], [469.25112915039057, 353.1790161132813, 1.0], [454.6255798339844, 333.63388061523443, 1.0], [442.69421386718744, 349.346649169922, 1.0], [441.92443847656244, 360.4605712890625, 1.0], [470.79067993164057, 360.8437805175781, 1.0], [458.4744262695313, 345.13104248046875, 1.0], [448.46746826171875, 355.09521484375, 1.0], [447.31280517578136, 363.52645874023426, 1.0]], "head_box": [[334.93399999999997, 106.42], [433.044, 253.585]], "head_size": 147.16500000000002, "hand_box_center": [446.73548889160156, 353.4634094238281], "is_left": 1, "is_mpii": 0}