{"mpii_body_pts": [[215.4185, 257.469, 0.105895], [374.6815, 256.689, 0.7051185], [366.841, 233.196, 0.663934], [351.24, 97.0371, 0.551211], [0.0, 0.0, 0.0], [0.0, 0.0, 0.0], [0.0, 0.0, 0.0], [430.837, 514.938, 0.21179], [0.0, 0.0, 0.0], [0.0, 0.0, 0.0], [251.303, 480.519, 0.681844], [217.033, 403.781, 0.741485], [270.094, 258.257, 0.670284], [479.269, 255.121, 0.739953], [505.7, 394.386, 0.826453], [423.045, 280.128, 0.576973]], "hand_pts": [[415.0, 271.0, 1.0], [403.9238891601563, 251.64430236816403, 1.0], [385.7447204589843, 241.07774353027344, 1.0], [371.2013549804687, 241.9834442138672, 1.0], [349.99230957031244, 245.0024566650391, 1.0], [394.22833251953125, 221.15222167968753, 1.0], [369.0804748535156, 222.35983276367188, 1.0], [352.4161987304687, 223.8693389892578, 1.0], [340.59973144531244, 224.17124938964844, 1.0], [393.92535400390625, 228.09596252441403, 1.0], [366.9595642089843, 238.66252136230472, 1.0], [376.6551208496094, 251.34239196777347, 1.0], [389.9865112304687, 244.39865112304685, 1.0], [391.80444335937506, 236.247314453125, 1.0], [370.59539794921864, 245.0024566650391, 1.0], [381.19992065429693, 256.172821044922, 1.0], [392.410400390625, 251.64430236816403, 1.0], [390.5924987792969, 248.02146911621097, 1.0], [370.8983764648437, 254.66331481933594, 1.0], [378.77603149414057, 262.21084594726557, 1.0], [383.017822265625, 256.47473144531244, 1.0]], "head_box": [[305.8537, 97.0371], [396.6263, 233.196]], "head_size": 136.15890000000002, "hand_box_center": [377.79986572265625, 246.07611083984375], "is_left": 1, "is_mpii": 0}