{"mpii_body_pts": [[0.0, 0.0, 0.0], [256.772, 262.96799999999996, 0.638015], [268.468, 241.003, 0.684619], [280.955, 93.9688, 0.641812], [0.0, 0.0, 0.0], [0.0, 0.0, 0.0], [0.0, 0.0, 0.0], [0.0, 0.0, 0.0], [0.0, 0.0, 0.0], [0.0, 0.0, 0.0], [232.583, 414.787, 0.653226], [124.849, 449.194, 0.660635], [156.06, 281.782, 0.706807], [357.484, 244.154, 0.569223], [491.711, 319.386, 0.785899], [405.838, 226.934, 0.714499]], "hand_pts": [[403.0, 223.0, 1.0], [383.820068359375, 221.41950988769534, 1.0], [366.40158081054693, 213.1245269775391, 1.0], [351.25506591796875, 204.45251464843753, 1.0], [358.82833862304693, 195.02639770507815, 1.0], [377.38278198242193, 173.15782165527347, 1.0], [352.0123901367188, 169.0103302001953, 1.0], [335.35125732421875, 168.63330078124997, 1.0], [325.5060119628905, 172.40373229980466, 1.0], [386.470703125, 181.45280456542974, 1.0], [359.58566284179693, 206.33773803710943, 1.0], [371.70285034179693, 211.99339294433594, 1.0], [377.38278198242193, 207.4688720703125, 1.0], [394.42260742187494, 196.91162109374997, 1.0], [375.11080932617193, 217.27201843261722, 1.0], [381.548095703125, 221.7965545654297, 1.0], [386.470703125, 218.02610778808597, 1.0], [398.58789062500006, 207.84591674804688, 1.0], [383.820068359375, 223.68177795410156, 1.0], [391.3933105468749, 224.81291198730474, 1.0], [396.31591796874994, 220.28837585449222, 1.0]], "head_box": [[231.94359999999998, 93.9688], [329.96639999999996, 241.003]], "head_size": 147.0342, "hand_box_center": [364.25300598144526, 196.72310638427734], "is_left": 1, "is_mpii": 0}