{"mpii_body_pts": [[322.33299999999997, 493.8195, 0.305638], [299.74, 250.3945, 0.706351], [315.298, 236.354, 0.682549], [346.565, 112.685, 0.655988], [0.0, 0.0, 0.0], [0.0, 0.0, 0.0], [266.917, 493.043, 0.307049], [377.749, 494.596, 0.304227], [0.0, 0.0, 0.0], [0.0, 0.0, 0.0], [259.113, 469.619, 0.732865], [168.548, 392.808, 0.801737], [206.042, 256.663, 0.694327], [393.438, 244.126, 0.718375], [427.664, 381.885, 0.768489], [447.986, 319.386, 0.863559]], "hand_pts": [[448.0, 328.0, 1.0], [444.53857421874994, 307.4422912597657, 1.0], [447.2378234863281, 281.4610290527343, 1.0], [453.5361022949219, 273.09924316406256, 1.0], [453.8359985351563, 257.2715759277343, 1.0], [472.65826416015636, 279.52490234375006, 1.0], [460.6700439453125, 283.0357971191406, 1.0], [446.2136840820313, 288.30209350585943, 1.0], [442.4391784667968, 291.6146240234376, 1.0], [478.42919921874994, 291.6146240234376, 1.0], [464.0331726074219, 294.3023376464843, 1.0], [446.03817749023426, 298.1846008300782, 1.0], [443.93875122070307, 299.37911987304693, 1.0], [477.8293762207031, 303.26138305664057, 1.0], [467.0323486328125, 306.54638671875, 1.0], [454.13592529296875, 307.4422912597657, 1.0], [446.6380004882812, 307.4422912597657, 1.0], [474.83020019531256, 316.69998168945324, 1.0], [463.1334228515625, 317.89450073242193, 1.0], [453.5361022949219, 315.8040771484375, 1.0], [448.1375732421874, 312.8177185058594, 1.0]], "head_box": [[305.342, 112.685], [387.788, 236.354]], "head_size": 123.66900000000001, "hand_box_center": [460.4341888427734, 292.6357879638672], "is_left": 1, "is_mpii": 0}