{"mpii_body_pts": [[324.6805, 489.90999999999997, 0.2609825], [330.1325, 256.6915, 0.735425], [341.873, 241.033, 0.711622], [352.789, 108.034, 0.655885], [0.0, 0.0, 0.0], [0.0, 0.0, 0.0], [268.498, 483.653, 0.279072], [380.863, 496.167, 0.242893], [0.0, 0.0, 0.0], [0.0, 0.0, 0.0], [241.939, 444.576, 0.81362], [193.528, 372.509, 0.773846], [231.044, 256.667, 0.735161], [429.221, 256.716, 0.735689], [443.325, 380.39, 0.772124], [416.77, 388.157, 0.603642]], "hand_pts": [[242.48916625976562, 447.39001464843744, 1.0], [255.88388061523443, 446.754638671875, 1.0], [276.0, 453.0, 1.0], [291.0, 468.0, 1.0], [307.0, 469.0, 1.0], [276.0, 472.0, 1.0], [290.0, 487.0, 1.0], [300.0, 497.0, 1.0], [307.0, 504.0, 1.0], [266.0893859863281, 479.15811157226557, 1.0], [284.0, 499.0, 1.0], [296.0, 506.0, 1.0], [304.0, 510.0, 1.0], [256.8406372070313, 483.9233093261718, 1.0], [274.0, 505.0, 1.0], [285.0, 512.0, 1.0], [294.0, 513.0, 1.0], [248.86759948730474, 489.64157104492193, 1.0], [261.30554199218744, 503.3018493652344, 1.0], [269.0, 510.0, 1.0], [274.0, 511.0, 1.0]], "head_box": [[308.456, 108.034], [397.12199999999996, 241.033]], "head_size": 132.99899999999997, "hand_box_center": [274.7445831298828, 479.8773193359375], "is_left": 0, "is_mpii": 0}