{"mpii_body_pts": [[0.0, 0.0, 0.0], [367.619, 276.28, 0.6464945], [366.787, 215.968, 0.700023], [334.059, 76.6622, 0.608247], [0.0, 0.0, 0.0], [0.0, 0.0, 0.0], [0.0, 0.0, 0.0], [0.0, 0.0, 0.0], [0.0, 0.0, 0.0], [0.0, 0.0, 0.0], [293.414, 417.909, 0.660657], [229.487, 461.727, 0.756746], [257.556, 283.351, 0.636209], [477.682, 269.209, 0.65678], [532.272, 441.406, 0.775625], [418.337, 377.241, 0.719464]], "hand_pts": [[303.8392639160156, 409.3486328125, 1.0], [320.3464660644532, 405.07345581054693, 1.0], [332.8919372558593, 392.2479248046875, 1.0], [336.1106262207032, 387.0322875976563, 1.0], [339.4566040039063, 388.5128479003906, 1.0], [315.3943176269531, 371.52978515625, 1.0], [315.6629638671875, 359.6413879394532, 1.0], [314.91943359375006, 350.7578430175781, 1.0], [309.3428039550781, 343.7250671386719, 1.0], [305.1598205566407, 378.1069641113282, 1.0], [296.2459411621094, 363.6371459960937, 1.0], [300.5378112792969, 358.04653930664057, 1.0], [301.5354919433594, 351.1279907226563, 1.0], [293.6047973632813, 389.6170654296875, 1.0], [287.99234008789057, 376.79153442382807, 1.0], [285.54916381835943, 369.26519775390625, 1.0], [282.2031860351563, 359.271240234375, 1.0], [283.7004699707031, 402.1137390136719, 1.0], [277.4277038574219, 391.2613525390625, 1.0], [276.2547912597657, 385.18154907226557, 1.0], [275.13946533203136, 377.0382995605469, 1.0]], "head_box": [[287.62373333333335, 76.6622], [380.4942666666667, 215.968]], "head_size": 139.30579999999998, "hand_box_center": [307.29803466796886, 376.53684997558594], "is_left": 0, "is_mpii": 0}