{"mpii_body_pts": [[150.633, 244.1735, 0.1192275], [360.5845, 267.6875, 0.6056935], [341.891, 239.458, 0.646287], [265.373, 104.909, 0.618643], [0.0, 0.0, 0.0], [0.0, 0.0, 0.0], [301.266, 488.347, 0.238455], [0.0, 0.0, 0.0], [0.0, 0.0, 0.0], [0.0, 0.0, 0.0], [227.914, 413.236, 0.628903], [243.476, 392.828, 0.436447], [257.56, 267.704, 0.657622], [463.609, 267.671, 0.553765], [504.209, 433.562, 0.806894], [379.281, 389.741, 0.742215]], "hand_pts": [[235.03334045410156, 440.27606201171875, 1.0], [224.41401672363278, 423.4971313476562, 1.0], [214.89323425292974, 416.9314880371093, 1.0], [211.59757995605472, 405.2591857910156, 1.0], [201.34442138671878, 394.31640624999994, 1.0], [210.13284301757815, 432.6161193847656, 1.0], [199.1473236083984, 431.88659667968744, 1.0], [192.5559997558594, 431.88659667968744, 1.0], [187.0632476806641, 431.5218505859375, 1.0], [212.6961212158203, 445.3826904296875, 1.0], [204.64007568359375, 449.39505004882807, 1.0], [200.245864868164, 451.5835876464843, 1.0], [196.21784973144528, 453.7721557617187, 1.0], [220.38598632812503, 456.6902160644531, 1.0], [216.7241516113281, 467.99774169921875, 1.0], [217.8226928710938, 472.3748779296875, 1.0], [219.65362548828125, 476.38720703125, 1.0], [230.63914489746094, 461.4320983886718, 1.0], [230.63914489746094, 470.551055908203, 1.0], [235.3995361328125, 474.19866943359375, 1.0], [242.35702514648443, 474.56341552734375, 1.0]], "head_box": [[220.52333333333334, 104.909], [310.22266666666667, 239.458]], "head_size": 134.54899999999998, "hand_box_center": [214.71013641357428, 435.351806640625], "is_left": 0, "is_mpii": 0}