{"mpii_body_pts": [[361.36199999999997, 500.8975, 0.30543699999999996], [375.42650000000003, 255.1155, 0.6790775], [368.384, 214.425, 0.789305], [354.332, 93.9006, 0.735187], [0.0, 0.0, 0.0], [0.0, 0.0, 0.0], [304.387, 494.628, 0.318907], [418.337, 507.167, 0.291967], [0.0, 0.0, 0.0], [0.0, 0.0, 0.0], [223.22, 306.773, 0.646265], [243.54, 386.628, 0.742444], [285.688, 253.541, 0.727735], [465.165, 256.69, 0.63042], [469.909, 410.119, 0.732331], [441.69, 311.497, 0.459755]], "hand_pts": [[226.90058898925778, 309.25, 1.0], [216.35952758789065, 293.0499267578125, 1.0], [213.05697631835943, 272.84188842773443, 1.0], [209.72624206542974, 258.47766113281256, 1.0], [196.0332183837891, 251.11137390136716, 1.0], [216.96186828613278, 272.0498352050781, 1.0], [223.41926574707028, 254.0578765869141, 1.0], [229.71064758300778, 241.1669006347656, 1.0], [233.78155517578122, 229.7491760253906, 1.0], [226.75, 277.9982604980469, 1.0], [233.78155517578122, 255.89944458007815, 1.0], [240.07293701171878, 241.53521728515625, 1.0], [246.3643188476563, 226.43435668945315, 1.0], [235.26187133789062, 283.5229797363281, 1.0], [244.88400268554688, 263.634033203125, 1.0], [248.95489501953125, 252.95294189453128, 1.0], [255.24629211425776, 240.06196594238278, 1.0], [246.47683715820318, 289.44992065429693, 1.0], [252.19914245605472, 270.849822998047, 1.0], [254.50611877441406, 263.2657165527343, 1.0], [258.22259521484375, 253.4497528076172, 1.0]], "head_box": [[314.1572, 93.9006], [394.5068, 214.425]], "head_size": 120.52440000000001, "hand_box_center": [227.1279067993164, 267.84217834472656], "is_left": 0, "is_mpii": 0}