{"mpii_body_pts": [[140.491, 258.2545, 0.1218655], [342.6485, 245.765, 0.7087445], [337.197, 217.616, 0.756258], [320.033, 93.8617, 0.705808], [0.0, 0.0, 0.0], [0.0, 0.0, 0.0], [280.982, 516.509, 0.243731], [0.0, 0.0, 0.0], [0.0, 0.0, 0.0], [0.0, 0.0, 0.0], [257.587, 336.55, 0.536266], [218.505, 380.343, 0.701227], [254.396, 242.638, 0.722336], [430.901, 248.892, 0.695153], [447.996, 392.88, 0.822949], [365.267, 319.339, 0.855649]], "hand_pts": [[258.5502014160156, 353.3060913085937, 1.0], [253.1433868408203, 343.4321899414062, 1.0], [262.27416992187494, 328.98696899414057, 1.0], [285.51928710937506, 327.5845947265625, 1.0], [297.14184570312506, 330.38934326171875, 1.0], [255.23020935058597, 339.8553466796875, 1.0], [279.53192138671875, 336.3493957519531, 1.0], [288.68908691406256, 331.79168701171875, 1.0], [295.73306274414057, 327.5845947265625, 1.0], [262.27416992187494, 351.77548217773443, 1.0], [285.87149047851557, 347.21777343749994, 1.0], [296.78964233398443, 338.1023864746094, 1.0], [301.7204284667969, 331.4411010742187, 1.0], [266.5005798339844, 359.48852539062494, 1.0], [289.0412902832031, 354.2296447753906, 1.0], [298.19845581054693, 349.32135009765625, 1.0], [305.59460449218744, 343.71185302734375, 1.0], [276.00991821289057, 366.50039672851557, 1.0], [288.68908691406256, 364.74743652343756, 1.0], [296.4374389648437, 359.13793945312494, 1.0], [304.1858215332032, 353.5284423828125, 1.0]], "head_box": [[278.78156666666666, 93.8617], [361.28443333333337, 217.616]], "head_size": 123.75430000000001, "hand_box_center": [279.3689956665039, 347.04249572753906], "is_left": 0, "is_mpii": 0}