{"mpii_body_pts": [[0.0, 0.0, 0.0], [393.37649999999996, 256.67150000000004, 0.6209039999999999], [380.956, 242.634, 0.728652], [351.203, 100.186, 0.591523], [0.0, 0.0, 0.0], [0.0, 0.0, 0.0], [0.0, 0.0, 0.0], [0.0, 0.0, 0.0], [0.0, 0.0, 0.0], [0.0, 0.0, 0.0], [304.409, 430.377, 0.651086], [207.627, 405.321, 0.765478], [290.341, 259.819, 0.660337], [496.412, 253.524, 0.581471], [560.418, 399.15, 0.701796], [416.799, 363.126, 0.809828]], "hand_pts": [[413.2583618164063, 358.3451232910156, 1.0], [395.129638671875, 353.18405151367193, 1.0], [377.00091552734375, 361.24826049804693, 1.0], [368.583984375, 373.505859375, 1.0], [366.96536254882807, 387.3763122558593, 1.0], [351.1027221679688, 365.1190795898438, 1.0], [333.6214294433594, 382.86035156249994, 1.0], [322.29095458984375, 394.7953796386718, 1.0], [313.5503234863281, 404.4724426269532, 1.0], [356.9298095703125, 369.6350402832031, 1.0], [346.570526123047, 395.4405212402343, 1.0], [345.92306518554693, 414.14947509765636, 1.0], [347.86544799804693, 425.43939208984375, 1.0], [362.10943603515636, 374.1510009765625, 1.0], [365.34671020507807, 400.9241943359375, 1.0], [376.6771850585937, 397.37591552734375, 1.0], [380.8856201171875, 385.76345825195307, 1.0], [373.76364135742193, 384.473175048828, 1.0], [376.3534545898438, 396.408233642578, 1.0], [384.1228942871094, 396.08566284179693, 1.0], [388.3313598632812, 390.27941894531244, 1.0]], "head_box": [[303.7203333333333, 100.186], [398.68566666666663, 242.634]], "head_size": 142.44799999999998, "hand_box_center": [363.4043426513672, 389.3117218017578], "is_left": 1, "is_mpii": 0}