{"mpii_body_pts": [[268.5065, 501.6595, 0.2429195], [280.178, 283.28549999999996, 0.54043], [284.086, 292.663, 0.642689], [315.299, 151.829, 0.626319], [0.0, 0.0, 0.0], [0.0, 0.0, 0.0], [231.049, 508.715, 0.283661], [305.964, 494.604, 0.202178], [0.0, 0.0, 0.0], [0.0, 0.0, 0.0], [268.522, 466.448, 0.661022], [128.018, 466.416, 0.733713], [182.615, 309.909, 0.632166], [377.741, 256.662, 0.448694], [476.091, 195.647, 0.773897], [405.799, 111.119, 0.734215]], "hand_pts": [[265.5564270019531, 469.0975036621093, 1.0], [277.88922119140636, 453.54718017578136, 1.0], [299.2660827636719, 443.31668090820307, 1.0], [313.2432556152344, 444.9535827636719, 1.0], [321.876220703125, 441.67980957031256, 1.0], [323.93170166015625, 456.41171264648426, 1.0], [336.6755981445313, 453.54718017578136, 1.0], [344.48638916015625, 451.5010681152344, 1.0], [352.297149658203, 450.6826477050781, 1.0], [325.5760803222656, 471.55282592773443, 1.0], [338.3199768066406, 469.5067138671874, 1.0], [344.0752868652344, 466.2329711914063, 1.0], [342.01980590820307, 461.3223571777344, 1.0], [314.0654602050781, 485.87548828125, 1.0], [328.45373535156244, 488.33081054687494, 1.0], [335.0312194824218, 484.2386169433593, 1.0], [332.56466674804693, 478.100341796875, 1.0], [307.8990478515625, 496.51519775390625, 1.0], [318.9985656738281, 500.19818115234375, 1.0], [321.0540466308595, 494.46911621093744, 1.0], [318.5874938964844, 490.7861328124999, 1.0]], "head_box": [[268.35433333333333, 151.829], [362.2436666666666, 292.663]], "head_size": 140.834, "hand_box_center": [308.92678833007807, 470.9389953613281], "is_left": 0, "is_mpii": 0}