{"mpii_body_pts": [[0.0, 0.0, 0.0], [358.25699999999995, 216.7895, 0.6217925], [357.496, 206.634, 0.729091], [354.312, 67.2797, 0.58999], [0.0, 0.0, 0.0], [0.0, 0.0, 0.0], [0.0, 0.0, 0.0], [0.0, 0.0, 0.0], [0.0, 0.0, 0.0], [0.0, 0.0, 0.0], [241.903, 305.21, 0.74359], [148.292, 360.037, 0.631525], [257.566, 225.405, 0.636086], [458.948, 208.174, 0.607499], [535.429, 262.973, 0.582367], [480.828, 280.213, 0.461654]], "hand_pts": [[550.9305419921875, 269.20001220703125, 1.0], [536.4276123046874, 250.35086059570315, 1.0], [515.3038330078126, 244.0678253173828, 1.0], [494.49526977539057, 229.30267333984375, 1.0], [485.66741943359375, 211.71014404296875, 1.0], [500.1703186035156, 243.12536621093753, 1.0], [486.2979736328125, 239.3555450439453, 1.0], [475.89370727539057, 235.58570861816406, 1.0], [466.1199951171875, 233.38664245605474, 1.0], [500.4856262207031, 259.1471252441406, 1.0], [485.0368347167969, 267.62924194335943, 1.0], [472.74090576171875, 271.3990783691406, 1.0], [456.976837158203, 277.3679504394532, 1.0], [510.889892578125, 271.3990783691406, 1.0], [491.3424682617188, 287.106689453125, 1.0], [476.8395385742187, 293.7038879394532, 1.0], [463.282470703125, 301.2435302734375, 1.0], [520.3483276367188, 282.70855712890625, 1.0], [503.9537048339844, 293.07556152343756, 1.0], [496.0716857910156, 299.67276000976574, 1.0], [487.2438049316406, 302.18597412109375, 1.0]], "head_box": [[307.86056666666667, 67.2797], [400.76343333333335, 206.634]], "head_size": 139.35429999999997, "hand_box_center": [503.95368957519526, 256.94805908203125], "is_left": 1, "is_mpii": 0}