{"mpii_body_pts": [[344.9935, 483.644, 0.237364], [379.363, 250.4405, 0.675386], [379.29, 194.121, 0.742628], [365.237, 78.2771, 0.671393], [0.0, 0.0, 0.0], [0.0, 0.0, 0.0], [291.929, 467.99, 0.268526], [398.058, 499.298, 0.206202], [0.0, 0.0, 0.0], [0.0, 0.0, 0.0], [245.062, 458.59, 0.725386], [254.419, 347.496, 0.706171], [293.53, 231.717, 0.711839], [465.196, 269.164, 0.638933], [446.471, 405.39, 0.771763], [346.547, 333.394, 0.690285]], "hand_pts": [[244.86997985839844, 462.4907836914063, 1.0], [259.98992919921875, 468.5828552246094, 1.0], [271.8699035644532, 482.91714477539057, 1.0], [278.34988403320324, 504.7769470214843, 1.0], [283.389862060547, 515.5277099609375, 1.0], [258.18994140625, 501.91009521484375, 1.0], [268.2698974609375, 526.6367797851562, 1.0], [276.54986572265636, 535.595703125, 1.0], [284.8298645019532, 543.8379516601562, 1.0], [247.74996948242188, 505.4936828613281, 1.0], [259.98992919921875, 529.8619995117186, 1.0], [273.30987548828125, 541.6878051757812, 1.0], [279.4298706054688, 547.7798461914062, 1.0], [240.54998779296872, 504.0602416992188, 1.0], [251.70996093749997, 530.2203369140626, 1.0], [263.5899047851563, 542.7628784179688, 1.0], [272.5899047851563, 548.8549194335936, 1.0], [240.9099884033203, 512.6608276367188, 1.0], [249.54997253417966, 536.3124389648438, 1.0], [255.6699523925781, 541.3294067382812, 1.0], [262.1499328613282, 544.5546264648436, 1.0]], "head_box": [[326.62236666666666, 78.2771], [403.8516333333334, 194.121]], "head_size": 115.8439, "hand_box_center": [262.68992614746094, 505.6728515625], "is_left": 0, "is_mpii": 0}