{"mpii_body_pts": [[0.0, 0.0, 0.0], [377.00300000000004, 291.1095, 0.6474375], [380.884, 226.96, 0.7387], [376.186, 82.9868, 0.572412], [0.0, 0.0, 0.0], [0.0, 0.0, 0.0], [0.0, 0.0, 0.0], [0.0, 0.0, 0.0], [0.0, 0.0, 0.0], [0.0, 0.0, 0.0], [368.415, 375.643, 0.648043], [270.057, 469.53, 0.701576], [268.531, 294.229, 0.682254], [485.475, 287.99, 0.612621], [532.281, 457.04, 0.762402], [463.576, 389.721, 0.756656]], "hand_pts": [[378.2744750976563, 370.07229614257807, 1.0], [366.96511840820295, 355.39318847656244, 1.0], [359.4255065917969, 331.83831787109364, 1.0], [364.07418823242193, 309.98635864257795, 1.0], [364.07418823242193, 291.9273681640625, 1.0], [362.0, 329.0, 1.0], [372.0, 305.0, 1.0], [382.0, 290.0, 1.0], [389.0, 279.0, 1.0], [372.0, 337.0, 1.0], [383.0, 312.0, 1.0], [393.0, 295.0, 1.0], [402.0, 282.0, 1.0], [382.0, 345.0, 1.0], [393.0, 321.0, 1.0], [400.0, 307.0, 1.0], [407.0, 293.0, 1.0], [391.6401062011719, 351.2966918945313, 1.0], [400.0, 336.0, 1.0], [405.0, 324.0, 1.0], [411.0, 313.0, 1.0]], "head_box": [[328.1949333333333, 82.9868], [424.17706666666663, 226.96]], "head_size": 143.97320000000002, "hand_box_center": [385.21275329589844, 324.53614807128906], "is_left": 0, "is_mpii": 0}