{"mpii_body_pts": [[316.1035, 489.1425, 0.342061], [346.562, 251.25650000000002, 0.6719665], [366.806, 248.874, 0.698793], [419.909, 129.865, 0.644175], [0.0, 0.0, 0.0], [0.0, 0.0, 0.0], [265.349, 494.604, 0.262821], [366.858, 483.681, 0.421301], [0.0, 0.0, 0.0], [0.0, 0.0, 0.0], [193.544, 467.988, 0.659193], [182.606, 341.173, 0.743419], [256.034, 231.722, 0.685548], [437.09, 270.791, 0.658385], [421.491, 414.776, 0.743491], [471.403, 366.225, 0.737382]], "hand_pts": [[197.6182556152344, 463.78277587890625, 1.0], [195.97966003417966, 472.59677124023426, 1.0], [197.6182556152344, 484.67523193359375, 1.0], [198.9291381835938, 497.40655517578125, 1.0], [193.68562316894528, 509.15856933593756, 1.0], [197.432373046875, 516.5204467773439, 1.0], [202.81198120117185, 527.2305908203125, 1.0], [209.3443603515625, 536.793212890625, 1.0], [213.95545959472656, 542.9133300781252, 1.0], [205.11752319335935, 514.60791015625, 1.0], [213.95545959472656, 529.525634765625, 1.0], [222.40911865234378, 535.26318359375, 1.0], [228.94149780273446, 542.5308227539061, 1.0], [212.0341644287109, 511.9303588867187, 1.0], [220.48783874511722, 522.2579956054686, 1.0], [228.55723571777347, 528.3781127929686, 1.0], [236.24238586425776, 536.0281982421876, 1.0], [219.3350524902344, 507.34030151367193, 1.0], [225.86743164062506, 514.60791015625, 1.0], [233.16833496093753, 521.87548828125, 1.0], [238.93218994140628, 527.6130981445312, 1.0]], "head_box": [[380.2393333333333, 129.865], [459.57866666666666, 248.874]], "head_size": 119.00899999999999, "hand_box_center": [216.30890655517578, 503.34805297851574], "is_left": 0, "is_mpii": 0}