{"mpii_body_pts": [[0.0, 0.0, 0.0], [320.0095, 271.608, 0.640835], [318.436, 258.288, 0.723801], [270.096, 118.997, 0.658995], [0.0, 0.0, 0.0], [0.0, 0.0, 0.0], [0.0, 0.0, 0.0], [0.0, 0.0, 0.0], [0.0, 0.0, 0.0], [0.0, 0.0, 0.0], [316.87, 419.457, 0.718154], [193.612, 468.019, 0.71041], [218.549, 297.421, 0.649726], [421.47, 245.795, 0.631944], [473.005, 417.958, 0.739959], [396.486, 331.843, 0.760151]], "hand_pts": [[317.749267578125, 419.2002258300781, 1.0], [332.9618225097657, 412.28237915039057, 1.0], [360.079833984375, 411.9529724121093, 1.0], [388.3487548828125, 428.5556640625, 1.0], [399.98156738281244, 443.22338867187494, 1.0], [382.9201049804687, 417.74786376953136, 1.0], [398.0427551269532, 433.5735778808594, 1.0], [403.0836486816406, 448.2413024902343, 1.0], [405.41021728515625, 456.34716796875, 1.0], [378.2669677734375, 427.01168823242193, 1.0], [397.2672424316406, 444.7673645019531, 1.0], [401.5326232910156, 457.11914062500006, 1.0], [402.69589233398443, 468.3129272460937, 1.0], [370.12399291992193, 436.27554321289057, 1.0], [388.7365112304687, 455.1891784667969, 1.0], [394.16516113281256, 465.6109924316406, 1.0], [395.7162170410155, 476.4187927246093, 1.0], [363.1442871093751, 447.0833435058594, 1.0], [377.8792114257813, 460.97906494140625, 1.0], [382.5323486328125, 467.5409545898438, 1.0], [384.85888671875006, 473.3308410644532, 1.0]], "head_box": [[223.66566666666668, 118.997], [316.52633333333335, 258.288]], "head_size": 139.291, "hand_box_center": [361.5797424316406, 444.1858825683593], "is_left": 0, "is_mpii": 0}