{"mpii_body_pts": [[0.0, 0.0, 0.0], [374.639, 273.887, 0.5985815], [373.069, 234.76, 0.675539], [354.297, 92.296, 0.630573], [0.0, 0.0, 0.0], [0.0, 0.0, 0.0], [0.0, 0.0, 0.0], [0.0, 0.0, 0.0], [0.0, 0.0, 0.0], [0.0, 0.0, 0.0], [0.0, 0.0, 0.0], [227.875, 342.85, 0.216875], [271.6, 266.069, 0.688419], [477.678, 281.705, 0.508744], [538.537, 453.874, 0.668739], [462.064, 363.112, 0.607813]], "hand_pts": [[468.13482666015636, 366.52899169921875, 1.0], [467.17877197265625, 348.74645996093744, 1.0], [457.29949951171875, 336.67971801757807, 1.0], [456.662109375, 327.1533508300781, 1.0], [464.31057739257807, 323.3428039550781, 1.0], [422.88134765624994, 323.660369873047, 1.0], [406.9470520019531, 313.816436767578, 1.0], [397.06774902343756, 308.73571777343744, 1.0], [389.10061645507807, 304.60763549804693, 1.0], [413.63946533203136, 338.26745605468744, 1.0], [393.56222534179693, 331.5989990234375, 1.0], [378.9026489257813, 326.2007141113281, 1.0], [367.7486267089843, 322.7077331542969, 1.0], [413.3207702636719, 352.23944091796875, 1.0], [393.56222534179693, 352.23944091796875, 1.0], [380.8147583007813, 350.9692687988281, 1.0], [369.6607360839844, 350.6517333984375, 1.0], [417.14501953125, 368.4342651367188, 1.0], [407.2657165527343, 370.97463989257807, 1.0], [399.2985534667968, 372.8799133300781, 1.0], [391.65008544921875, 375.4202880859375, 1.0]], "head_box": [[306.809, 92.296], [401.785, 234.76]], "head_size": 142.464, "hand_box_center": [417.9417266845703, 340.0139617919922], "is_left": 1, "is_mpii": 0}