{"mpii_body_pts": [[0.0, 0.0, 0.0], [209.953, 104.0815, 0.1759955], [309.075, 231.683, 0.660908], [215.376, 140.843, 0.512228], [0.0, 0.0, 0.0], [0.0, 0.0, 0.0], [0.0, 0.0, 0.0], [0.0, 0.0, 0.0], [0.0, 0.0, 0.0], [0.0, 0.0, 0.0], [0.0, 0.0, 0.0], [0.0, 0.0, 0.0], [0.0, 0.0, 0.0], [419.906, 208.163, 0.351991], [569.767, 145.615, 0.528905], [0.0, 0.0, 0.0]], "hand_pts": [[320.8401489257813, 265.5919494628905, 1.0], [320.20431518554693, 291.5599670410156, 1.0], [331.9673461914063, 309.29418945312494, 1.0], [336.73617553710926, 319.4280700683593, 1.0], [337.0540771484375, 334.945526123047, 1.0], [363.84503173828125, 300.8674621582031, 1.0], [366.45440673828125, 324.61578369140636, 1.0], [357.8807678222656, 339.0874328613281, 1.0], [352.2892456054688, 347.6219787597656, 1.0], [363.12353515624994, 295.04345703125, 1.0], [361.60842895507807, 324.9868469238281, 1.0], [350.0526428222657, 340.5716857910156, 1.0], [343.7156066894532, 350.2194519042969, 1.0], [359.3084716796875, 290.6098937988282, 1.0], [358.62628173828125, 314.9680175781249, 1.0], [347.81604003906256, 332.037139892578, 1.0], [339.24240112304705, 342.42703247070307, 1.0], [350.0526428222657, 287.88006591796875, 1.0], [350.7981872558593, 311.62841796874994, 1.0], [346.32498168945324, 320.9051208496093, 1.0], [342.22451782226557, 327.5843200683594, 1.0]], "head_box": [[185.096, 140.843], [245.656, 231.683]], "head_size": 90.84, "hand_box_center": [343.32936096191406, 307.9057006835937], "is_left": 0, "is_mpii": 0}