{"mpii_body_pts": [[164.6735, 242.6205, 0.103009], [379.303, 268.454, 0.6267564999999999], [380.836, 244.135, 0.687309], [393.32, 106.427, 0.67143], [0.0, 0.0, 0.0], [0.0, 0.0, 0.0], [329.347, 485.241, 0.206018], [0.0, 0.0, 0.0], [0.0, 0.0, 0.0], [0.0, 0.0, 0.0], [302.798, 455.481, 0.658999], [240.344, 402.241, 0.691738], [274.706, 267.661, 0.670283], [483.9, 269.247, 0.58323], [493.287, 446.072, 0.790683], [418.359, 369.408, 0.803591]], "hand_pts": [[304.2213745117187, 451.0078430175781, 1.0], [326.63543701171875, 461.0945129394531, 1.0], [346.3737487792969, 481.1358032226563, 1.0], [357.4272155761718, 511.00128173828125, 1.0], [359.40106201171875, 529.470703125, 1.0], [348.7423400878906, 493.31777954101557, 1.0], [356.6376953125, 516.10986328125, 1.0], [361.3748779296875, 530.6495971679688, 1.0], [364.1382446289063, 543.2245483398439, 1.0], [334.53076171875, 501.570068359375, 1.0], [346.3737487792969, 528.6847534179689, 1.0], [351.90048217773443, 542.83154296875, 1.0], [355.84814453125, 553.0487060546876, 1.0], [320.71392822265625, 501.17709350585943, 1.0], [332.55691528320307, 527.8988647460939, 1.0], [337.6889038085937, 539.6878662109375, 1.0], [342.82086181640636, 553.4416503906249, 1.0], [306.10757446289057, 503.1419372558594, 1.0], [315.97674560546875, 521.6113891601564, 1.0], [324.26681518554693, 535.3651733398438, 1.0], [328.6092529296875, 543.6174926757812, 1.0]], "head_box": [[347.4173333333333, 106.427], [439.22266666666667, 244.135]], "head_size": 137.70799999999997, "hand_box_center": [334.1798095703125, 502.2247467041015], "is_left": 0, "is_mpii": 0}