{"mpii_body_pts": [[0.0, 0.0, 0.0], [339.5145, 257.489, 0.43106350000000004], [321.54, 248.865, 0.644101], [320.005, 106.428, 0.651476], [0.0, 0.0, 0.0], [0.0, 0.0, 0.0], [0.0, 0.0, 0.0], [0.0, 0.0, 0.0], [0.0, 0.0, 0.0], [0.0, 0.0, 0.0], [220.127, 212.879, 0.485901], [128.009, 281.787, 0.742011], [246.645, 270.825, 0.385776], [432.384, 244.153, 0.476351], [543.244, 234.813, 0.789906], [466.695, 169.015, 0.671918]], "hand_pts": [[252.9338226318359, 199.61686706542972, 1.0], [263.9029846191407, 208.15316772460938, 1.0], [273.15820312500006, 236.4936828613281, 1.0], [286.52685546874994, 256.29791259765625, 1.0], [298.86712646484375, 268.2487487792969, 1.0], [278.64276123046886, 219.76254272460938, 1.0], [297.49600219726557, 237.51805114746094, 1.0], [302.9805603027344, 249.81031799316406, 1.0], [306.4084167480468, 259.7124328613281, 1.0], [264.66287231445324, 220.00376892089838, 1.0], [275.97430419921875, 231.27116394042972, 1.0], [278.29998779296875, 242.98127746582034, 1.0], [279.32833862304693, 254.24920654296875, 1.0], [251.21989440917966, 222.49415588378906, 1.0], [247.10646057128906, 239.22531127929688, 1.0], [246.76368713378903, 247.0787048339844, 1.0], [246.07810974121094, 259.029541015625, 1.0], [238.5368194580078, 221.8112487792969, 1.0], [230.30995178222656, 236.4936828613281, 1.0], [228.25323486328125, 247.0787048339844, 1.0], [227.56767272949216, 256.6393737792969, 1.0]], "head_box": [[272.526, 106.428], [367.484, 248.865]], "head_size": 142.437, "hand_box_center": [266.9880447387695, 233.93280792236328], "is_left": 0, "is_mpii": 0}