{"mpii_body_pts": [[0.0, 0.0, 0.0], [374.639, 273.887, 0.5985815], [373.069, 234.76, 0.675539], [354.297, 92.296, 0.630573], [0.0, 0.0, 0.0], [0.0, 0.0, 0.0], [0.0, 0.0, 0.0], [0.0, 0.0, 0.0], [0.0, 0.0, 0.0], [0.0, 0.0, 0.0], [0.0, 0.0, 0.0], [227.875, 342.85, 0.216875], [271.6, 266.069, 0.688419], [477.678, 281.705, 0.508744], [538.537, 453.874, 0.668739], [462.064, 363.112, 0.607813]], "hand_pts": [[242.14515686035153, 355.51770019531256, 1.0], [251.50033569335938, 339.6412658691407, 1.0], [268.5191345214843, 329.59634399414057, 1.0], [281.90399169921875, 320.3875427246094, 1.0], [276.1676330566406, 309.27343749999994, 1.0], [301.02514648437494, 329.59634399414057, 1.0], [317.59686279296875, 325.7858276367188, 1.0], [332.25643920898426, 323.56298828125, 1.0], [342.7730712890625, 323.56298828125, 1.0], [304.8493957519531, 346.10873413085943, 1.0], [324.92663574218733, 346.10873413085943, 1.0], [341.49832153320307, 346.42626953124994, 1.0], [353.9270935058594, 346.42626953124994, 1.0], [303.57464599609375, 363.8912658691406, 1.0], [320.1463317871093, 369.28955078124994, 1.0], [332.5751037597656, 371.5123596191406, 1.0], [344.36651611328125, 375.3229064941406, 1.0], [293.05801391601557, 376.91064453125, 1.0], [304.2120361328125, 385.48437499999994, 1.0], [314.72866821289057, 390.24755859375006, 1.0], [322.0584716796875, 395.32827758789057, 1.0]], "head_box": [[306.809, 92.296], [401.785, 234.76]], "head_size": 142.464, "hand_box_center": [298.03612518310547, 352.30085754394526], "is_left": 0, "is_mpii": 0}