{"mpii_body_pts": [[326.25300000000004, 482.879, 0.287065], [325.4575, 255.1245, 0.702135], [329.376, 217.619, 0.753513], [343.449, 92.3875, 0.724772], [0.0, 0.0, 0.0], [0.0, 0.0, 0.0], [268.521, 483.641, 0.344523], [383.985, 482.117, 0.229607], [0.0, 0.0, 0.0], [0.0, 0.0, 0.0], [230.964, 442.987, 0.775602], [193.528, 380.297, 0.770013], [229.433, 255.186, 0.721598], [421.482, 255.063, 0.682672], [447.996, 380.339, 0.660353], [416.746, 372.529, 0.606974]], "hand_pts": [[227.55455017089838, 447.7180175781249, 1.0], [238.62944030761724, 439.4441528320313, 1.0], [256.0, 441.0, 1.0], [271.0, 444.0, 1.0], [284.0, 438.0, 1.0], [263.44464111328136, 460.7257690429687, 1.0], [275.56964111328136, 467.2790832519531, 1.0], [287.3482055664063, 473.14257812500006, 1.0], [302.24462890625, 478.3162536621093, 1.0], [256.169647216797, 471.76293945312494, 1.0], [275.91607666015625, 480.7306213378906, 1.0], [288.38748168945324, 484.86956787109375, 1.0], [303.97677612304693, 485.904296875, 1.0], [251.31964111328125, 479.69589233398443, 1.0], [269.3339233398438, 488.3186645507813, 1.0], [279.72677612304693, 491.7677917480469, 1.0], [288.73391723632807, 492.4576110839844, 1.0], [248.20178222656244, 484.86956787109375, 1.0], [264.48391723632807, 492.8025207519531, 1.0], [273.8374938964844, 492.1127014160156, 1.0], [280.41964721679693, 489.3534240722656, 1.0]], "head_box": [[301.7051666666667, 92.3875], [385.19283333333334, 217.619]], "head_size": 125.2315, "hand_box_center": [265.76566314697266, 465.40126037597656], "is_left": 0, "is_mpii": 0}