{"mpii_body_pts": [[0.0, 0.0, 0.0], [319.2155, 280.9425, 0.471664], [340.245, 245.753, 0.705093], [355.882, 108.038, 0.64274], [0.0, 0.0, 0.0], [0.0, 0.0, 0.0], [0.0, 0.0, 0.0], [0.0, 0.0, 0.0], [0.0, 0.0, 0.0], [0.0, 0.0, 0.0], [220.112, 159.634, 0.437205], [103.009, 255.06, 0.689144], [221.646, 270.784, 0.425879], [416.785, 291.101, 0.517449], [482.349, 352.159, 0.531994], [508.902, 338.102, 0.449153]], "hand_pts": [[227.05056762695312, 162.23799133300778, 1.0], [245.23054504394528, 167.36325073242188, 1.0], [265.1256103515625, 177.95544433593756, 1.0], [279.53237915039057, 185.81416320800776, 1.0], [285.7067260742187, 194.35626220703128, 1.0], [267.8697509765625, 141.3952789306641, 1.0], [283.64862060546886, 132.16981506347653, 1.0], [292.9101257324219, 127.38624572753905, 1.0], [300.7995300292969, 124.65277099609372, 1.0], [255.17808532714838, 134.90328979492185, 1.0], [265.8116455078125, 118.5024642944336, 1.0], [272.3290100097657, 110.30205535888669, 1.0], [278.8463439941406, 104.15174865722653, 1.0], [242.48638916015625, 132.85317993164062, 1.0], [244.2014923095703, 119.86920166015626, 1.0], [247.63166809082028, 109.27700042724611, 1.0], [252.7769470214844, 105.51847839355464, 1.0], [227.05056762695312, 138.32012939453128, 1.0], [222.24830627441406, 132.85317993164062, 1.0], [227.05056762695312, 131.14476013183588, 1.0], [232.8818817138672, 130.46139526367188, 1.0]], "head_box": [[309.97700000000003, 108.038], [401.787, 245.753]], "head_size": 137.71499999999997, "hand_box_center": [261.52391815185547, 149.2540054321289], "is_left": 0, "is_mpii": 0}