{"mpii_body_pts": [[0.0, 0.0, 0.0], [393.37649999999996, 256.67150000000004, 0.6209039999999999], [380.956, 242.634, 0.728652], [351.203, 100.186, 0.591523], [0.0, 0.0, 0.0], [0.0, 0.0, 0.0], [0.0, 0.0, 0.0], [0.0, 0.0, 0.0], [0.0, 0.0, 0.0], [0.0, 0.0, 0.0], [304.409, 430.377, 0.651086], [207.627, 405.321, 0.765478], [290.341, 259.819, 0.660337], [496.412, 253.524, 0.581471], [560.418, 399.15, 0.701796], [416.799, 363.126, 0.809828]], "hand_pts": [[297.80657958984375, 425.13653564453125, 1.0], [322.15533447265625, 433.3527221679688, 1.0], [345.26898193359375, 455.10589599609375, 1.0], [354.7721557617187, 477.89486694335943, 1.0], [366.31323242187494, 490.0443725585937, 1.0], [350.6310119628905, 471.14715576171875, 1.0], [358.88482666015636, 497.0281372070312, 1.0], [363.0117187499999, 513.871337890625, 1.0], [365.07516479492193, 527.0172119140624, 1.0], [337.4248962402343, 477.30929565429693, 1.0], [339.90103149414057, 506.0659484863281, 1.0], [340.313720703125, 519.2118530273439, 1.0], [339.0756530761719, 529.4820556640625, 1.0], [323.8060913085937, 476.4876708984375, 1.0], [321.74264526367193, 499.90380859375006, 1.0], [317.6157531738282, 490.45520019531256, 1.0], [318.0284423828125, 482.23901367187494, 1.0], [310.1873168945313, 477.7200927734375, 1.0], [308.94924926757807, 490.8659973144532, 1.0], [306.88577270507807, 484.2930603027344, 1.0], [306.88577270507807, 477.7200927734375, 1.0]], "head_box": [[303.7203333333333, 100.186], [398.68566666666663, 242.634]], "head_size": 142.44799999999998, "hand_box_center": [332.0599060058594, 477.3092956542969], "is_left": 0, "is_mpii": 0}