{"mpii_body_pts": [[356.6835, 506.3415, 0.208492], [347.3145, 230.83249999999998, 0.5519045], [354.302, 201.889, 0.770378], [357.506, 87.6506, 0.660394], [0.0, 0.0, 0.0], [0.0, 0.0, 0.0], [304.401, 507.123, 0.204699], [408.966, 505.56, 0.212285], [0.0, 0.0, 0.0], [0.0, 0.0, 0.0], [280.973, 255.162, 0.551829], [179.518, 319.3, 0.748842], [270.026, 231.607, 0.636247], [424.603, 230.058, 0.467562], [527.616, 284.852, 0.794743], [412.077, 233.238, 0.755167]], "hand_pts": [[401.66815185546875, 232.6834259033203, 1.0], [385.1256713867188, 218.19404602050778, 1.0], [369.7240600585937, 208.25036621093753, 1.0], [356.8893737792969, 199.44309997558594, 1.0], [358.3154602050781, 188.9311981201172, 1.0], [357.1745910644532, 225.86489868164062, 1.0], [342.3434143066406, 230.41058349609375, 1.0], [331.2200317382812, 233.53573608398443, 1.0], [320.9522705078125, 236.66090393066406, 1.0], [362.59368896484375, 235.52447509765625, 1.0], [343.1990661621094, 239.78605651855472, 1.0], [330.3643798828125, 244.04763793945315, 1.0], [318.95578002929693, 246.8886871337891, 1.0], [366.5867004394531, 246.8886871337891, 1.0], [347.4772644042969, 250.58206176757812, 1.0], [333.50173950195307, 255.1277465820313, 1.0], [324.94528198242193, 258.252899169922, 1.0], [370.2944946289063, 255.69595336914057, 1.0], [355.1781005859375, 261.37805175781244, 1.0], [344.9103393554687, 264.21911621093744, 1.0], [338.6356201171875, 265.6396484375, 1.0]], "head_box": [[319.4265333333333, 87.6506], [395.58546666666666, 201.889]], "head_size": 114.23840000000001, "hand_box_center": [360.3119659423828, 227.2854232788086], "is_left": 1, "is_mpii": 0}