{"mpii_body_pts": [[0.0, 0.0, 0.0], [362.163, 298.169, 0.4873335], [354.366, 281.713, 0.686857], [341.883, 131.442, 0.576927], [0.0, 0.0, 0.0], [0.0, 0.0, 0.0], [0.0, 0.0, 0.0], [0.0, 0.0, 0.0], [0.0, 0.0, 0.0], [0.0, 0.0, 0.0], [179.528, 333.398, 0.333696], [90.5174, 369.353, 0.599975], [266.967, 294.238, 0.547551], [457.359, 302.1, 0.427116], [629.081, 338.071, 0.602769], [0.0, 0.0, 0.0]], "hand_pts": [[577.0, 298.0, 1.0], [557.0017700195314, 293.1711730957031, 1.0], [531.1476440429686, 298.9346618652344, 1.0], [517.2559204101562, 321.2201843261719, 1.0], [499.89117431640625, 325.4467468261719, 1.0], [545.0394287109374, 274.7279663085937, 1.0], [531.91943359375, 288.9446105957032, 1.0], [520.7288208007812, 294.7080993652343, 1.0], [510.3099975585937, 296.24502563476574, 1.0], [553.52880859375, 276.264892578125, 1.0], [548.1264648437499, 293.93963623046875, 1.0], [548.5123291015624, 302.00854492187494, 1.0], [549.2841186523439, 311.99859619140625, 1.0], [572.8229370117186, 280.4914550781249, 1.0], [580.9264526367188, 305.4666442871093, 1.0], [583.2417602539062, 316.9936218261719, 1.0], [584.3994140625, 326.98370361328125, 1.0], [588.6441040039061, 287.02343749999994, 1.0], [595.2041015625001, 304.6981506347657, 1.0], [598.6770629882812, 317.3778686523438, 1.0], [600.6064453125, 327.36791992187494, 1.0]], "head_box": [[291.79266666666666, 131.442], [391.9733333333333, 281.713]], "head_size": 150.27100000000002, "hand_box_center": [550.2488098144531, 301.0479431152343], "is_left": 1, "is_mpii": 0}