{"mpii_body_pts": [[344.17449999999997, 490.6785, 0.329637], [305.1635, 263.7275, 0.693882], [304.435, 230.04, 0.755016], [304.444, 103.325, 0.743843], [0.0, 0.0, 0.0], [0.0, 0.0, 0.0], [296.584, 500.859, 0.270728], [391.765, 480.498, 0.388546], [0.0, 0.0, 0.0], [0.0, 0.0, 0.0], [305.988, 381.957, 0.691972], [223.231, 432.057, 0.739681], [216.965, 284.898, 0.664852], [393.362, 242.557, 0.722912], [441.698, 377.215, 0.577785], [443.367, 344.355, 0.55982]], "hand_pts": [[314.602294921875, 383.818603515625, 1.0], [318.3658142089843, 366.6362609863281, 1.0], [333.41989135742193, 347.26708984375006, 1.0], [348.4739685058594, 336.02047729492193, 1.0], [349.1012268066406, 319.4629516601563, 1.0], [353.85302734375006, 354.96780395507807, 1.0], [359.45089721679693, 347.26708984375006, 1.0], [351.15533447265625, 352.6665344238281, 1.0], [341.9061279296874, 356.50198364257807, 1.0], [358.82363891601557, 367.8858947753906, 1.0], [354.2384033203125, 367.62472534179693, 1.0], [347.6868896484375, 368.77536010742193, 1.0], [342.2915039062499, 368.77536010742193, 1.0], [357.25549316406256, 380.3821411132813, 1.0], [353.082275390625, 376.8297729492187, 1.0], [348.45764160156256, 376.8297729492187, 1.0], [344.21841430664057, 376.06268310546886, 1.0], [355.06011962890625, 393.81561279296875, 1.0], [354.2384033203125, 388.71960449218744, 1.0], [347.30151367187494, 387.1854248046875, 1.0], [344.21841430664057, 386.03479003906256, 1.0]], "head_box": [[262.2056666666667, 103.325], [346.68233333333336, 230.04]], "head_size": 126.71499999999999, "hand_box_center": [337.02659606933594, 356.6392822265625], "is_left": 0, "is_mpii": 0}