{"mpii_body_pts": [[0.0, 0.0, 0.0], [363.7115, 284.869, 0.5673235000000001], [366.814, 217.524, 0.687021], [366.826, 81.3755, 0.655155], [0.0, 0.0, 0.0], [0.0, 0.0, 0.0], [0.0, 0.0, 0.0], [0.0, 0.0, 0.0], [0.0, 0.0, 0.0], [0.0, 0.0, 0.0], [266.86, 370.978, 0.616597], [193.536, 458.621, 0.63828], [252.89, 284.883, 0.590694], [474.533, 284.855, 0.543953], [519.802, 432.011, 0.441662], [488.59, 381.896, 0.419201]], "hand_pts": [[265.22970581054693, 379.0247192382812, 1.0], [263.71563720703125, 347.36871337890625, 1.0], [270.15039062500006, 326.6415405273438, 1.0], [272.79998779296875, 310.81353759765625, 1.0], [263.33712768554693, 299.5078430175781, 1.0], [301.1886291503906, 325.1341247558594, 1.0], [306.10931396484375, 311.56726074218744, 1.0], [303.8382263183594, 304.40698242187494, 1.0], [300.81011962890625, 307.7987060546874, 1.0], [313.3011169433593, 337.94726562500006, 1.0], [327.30615234375, 321.36553955078125, 1.0], [317.8432922363282, 318.3507080078125, 1.0], [316.32922363281256, 324.00354003906256, 1.0], [317.8432922363282, 353.0215759277343, 1.0], [333.74090576171875, 337.94726562500006, 1.0], [328.82022094726557, 336.4398498535156, 1.0], [323.1424865722657, 338.7009887695313, 1.0], [318.22180175781244, 365.08099365234375, 1.0], [334.87646484375006, 363.19671630859364, 1.0], [330.3342895507813, 351.8909912109375, 1.0], [324.2780456542969, 353.0215759277343, 1.0]], "head_box": [[321.4431666666667, 81.3755], [412.20883333333336, 217.524]], "head_size": 136.1485, "hand_box_center": [299.1067962646485, 339.2662811279297], "is_left": 0, "is_mpii": 0}