{"mpii_body_pts": [[0.0, 0.0, 0.0], [347.32849999999996, 280.176, 0.5830655], [318.489, 259.818, 0.719227], [241.921, 147.158, 0.614018], [0.0, 0.0, 0.0], [0.0, 0.0, 0.0], [0.0, 0.0, 0.0], [0.0, 0.0, 0.0], [0.0, 0.0, 0.0], [0.0, 0.0, 0.0], [277.854, 328.667, 0.638449], [154.549, 405.432, 0.606349], [259.131, 305.195, 0.524485], [435.526, 255.157, 0.641646], [515.118, 394.431, 0.741412], [366.858, 383.482, 0.822646]], "hand_pts": [[283.9407958984375, 329.8455810546875, 1.0], [299.9742736816406, 328.10958862304705, 1.0], [323.5037841796875, 332.70916748046875, 1.0], [344.7554626464844, 355.491241455078, 1.0], [348.43365478515625, 372.98461914062494, 1.0], [342.3033447265625, 342.8797302246094, 1.0], [352.52050781249994, 368.5095520019531, 1.0], [348.8423156738282, 382.74835205078125, 1.0], [341.89465332031256, 390.4779968261719, 1.0], [340.6686096191407, 348.9820861816406, 1.0], [343.9380798339843, 379.49377441406244, 1.0], [336.5817565917969, 392.5121154785155, 1.0], [331.2688293457031, 398.6144409179688, 1.0], [332.90356445312494, 352.2366638183594, 1.0], [336.5817565917969, 380.7142639160156, 1.0], [325.9559020996094, 392.10528564453136, 1.0], [317.7821960449219, 397.80081176757807, 1.0], [323.0950927734375, 356.7117004394531, 1.0], [327.1819763183594, 379.49377441406244, 1.0], [324.3211669921874, 387.63024902343756, 1.0], [319.00823974609364, 391.29162597656244, 1.0]], "head_box": [[204.36766666666665, 147.158], [279.47433333333333, 259.818]], "head_size": 112.66, "hand_box_center": [318.23065185546875, 363.3620147705079], "is_left": 0, "is_mpii": 0}