{"mpii_body_pts": [[0.0, 0.0, 0.0], [430.06950000000006, 281.74699999999996, 0.5823915], [423.022, 272.336, 0.615384], [394.972, 129.841, 0.67853], [0.0, 0.0, 0.0], [0.0, 0.0, 0.0], [0.0, 0.0, 0.0], [0.0, 0.0, 0.0], [0.0, 0.0, 0.0], [0.0, 0.0, 0.0], [246.641, 305.191, 0.671944], [196.694, 380.382, 0.760772], [330.992, 264.513, 0.531977], [529.147, 298.981, 0.632806], [565.019, 480.447, 0.743138], [482.342, 380.307, 0.772991]], "hand_pts": [[259.12014770507807, 305.4682922363281, 1.0], [281.60195922851557, 300.64489746093756, 1.0], [305.46728515625, 295.13244628906256, 1.0], [320.33987426757807, 287.20831298828114, 1.0], [341.78405761718744, 278.5950927734375, 1.0], [299.9332885742187, 271.0154724121093, 1.0], [304.7755126953125, 277.56152343749994, 1.0], [309.61776733398443, 289.6199951171875, 1.0], [313.0, 305.0, 1.0], [284.71481323242193, 268.94830322265625, 1.0], [290.59469604492193, 282.0403747558594, 1.0], [297.8580322265625, 295.13244628906256, 1.0], [302.7002868652344, 306.84640502929693, 1.0], [268.458740234375, 271.0154724121093, 1.0], [278.1432189941406, 284.1075439453125, 1.0], [284.3689575195313, 297.54415893554693, 1.0], [291.0, 309.0, 1.0], [256.0072631835938, 277.90603637695307, 1.0], [266.72937011718744, 289.27548217773443, 1.0], [272.6092224121094, 297.888671875, 1.0], [277.45147705078125, 306.5018920898438, 1.0]], "head_box": [[347.47366666666665, 129.841], [442.4703333333333, 272.336]], "head_size": 142.495, "hand_box_center": [298.8956604003906, 288.9741516113281], "is_left": 0, "is_mpii": 0}