{"mpii_body_pts": [[0.0, 0.0, 0.0], [355.1645, 299.738, 0.6293424999999999], [359.02, 294.247, 0.662897], [313.75, 145.556, 0.590244], [0.0, 0.0, 0.0], [0.0, 0.0, 0.0], [0.0, 0.0, 0.0], [0.0, 0.0, 0.0], [0.0, 0.0, 0.0], [0.0, 0.0, 0.0], [285.641, 450.771, 0.559559], [231.054, 478.981, 0.759508], [254.481, 319.325, 0.618586], [455.848, 280.151, 0.640099], [540.117, 438.261, 0.752505], [419.956, 392.857, 0.752127]], "hand_pts": [[298.8596496582031, 428.66284179687506, 1.0], [312.3097229003906, 435.8770141601563, 1.0], [336.7957458496093, 446.18295288085943, 1.0], [343.6932067871093, 464.7336730957031, 1.0], [355.56808471679693, 475.84954833984386, 1.0], [328.17388916015636, 441.717041015625, 1.0], [337.0, 463.0, 1.0], [343.0, 480.0, 1.0], [347.0, 495.0, 1.0], [313.34432983398443, 448.5876770019531, 1.0], [321.0, 468.0, 1.0], [329.0, 488.0, 1.0], [337.0, 502.0, 1.0], [301.27377319335943, 452.7100524902343, 1.0], [306.0, 471.0, 1.0], [314.0, 488.0, 1.0], [321.0, 502.0, 1.0], [288.0, 461.0, 1.0], [293.0, 474.0, 1.0], [301.0, 483.0, 1.0], [306.0, 491.0, 1.0]], "head_box": [[264.1863333333333, 145.556], [363.3136666666667, 294.247]], "head_size": 148.691, "hand_box_center": [321.78404235839844, 465.3314208984375], "is_left": 0, "is_mpii": 0}