{"mpii_body_pts": [[0.0, 0.0, 0.0], [284.86, 280.1755, 0.648895], [291.881, 231.62, 0.680002], [291.863, 93.8599, 0.612531], [0.0, 0.0, 0.0], [0.0, 0.0, 0.0], [0.0, 0.0, 0.0], [0.0, 0.0, 0.0], [0.0, 0.0, 0.0], [0.0, 0.0, 0.0], [268.465, 267.694, 0.425247], [226.331, 397.59, 0.646086], [179.518, 291.092, 0.613247], [390.202, 269.259, 0.684543], [429.323, 419.48, 0.719572], [410.524, 442.988, 0.543234]], "hand_pts": [[275.2255249023437, 258.4669189453124, 1.0], [291.67550659179693, 254.02905273437494, 1.0], [298.5296936035157, 244.12918090820315, 1.0], [313.1800842285156, 228.3999938964844, 1.0], [309.5635986328125, 223.60000610351562, 1.0], [299.115966796875, 214.80000305175778, 1.0], [305.5452575683594, 198.80000305175778, 1.0], [312.7782592773437, 187.1999969482422, 1.0], [316.394744873047, 179.60000610351562, 1.0], [283.8463439941406, 213.1999969482422, 1.0], [295.09762573242193, 196.0, 1.0], [301.5269470214843, 183.1999969482422, 1.0], [304.7416076660156, 171.60000610351562, 1.0], [276.2115173339843, 219.60000610351562, 1.0], [303.13427734375006, 220.3999938964844, 1.0], [308.35809326171875, 234.3999938964844, 1.0], [308.35809326171875, 246.0, 1.0], [275.80969238281256, 228.80000305175778, 1.0], [301.1251220703125, 231.1999969482422, 1.0], [301.9287719726562, 239.60000610351562, 1.0], [301.5269470214843, 248.0, 1.0]], "head_box": [[245.94296666666665, 93.8599], [337.7830333333333, 231.62]], "head_size": 137.76010000000002, "hand_box_center": [295.8101348876953, 215.033462524414], "is_left": 0, "is_mpii": 0}