{"mpii_body_pts": [[0.0, 0.0, 0.0], [385.5765, 260.5915, 0.6505495], [380.914, 259.853, 0.629602], [330.907, 120.494, 0.646402], [0.0, 0.0, 0.0], [0.0, 0.0, 0.0], [0.0, 0.0, 0.0], [0.0, 0.0, 0.0], [0.0, 0.0, 0.0], [0.0, 0.0, 0.0], [173.264, 275.457, 0.587546], [218.519, 377.18, 0.67422], [291.931, 253.537, 0.642904], [479.222, 267.646, 0.658195], [568.238, 408.557, 0.746719], [569.752, 280.151, 0.541594]], "hand_pts": [[173.8120574951172, 258.5219116210937, 1.0], [183.10937499999997, 246.4111785888672, 1.0], [182.0366058349609, 228.24508666992185, 1.0], [180.60624694824222, 213.64097595214838, 1.0], [185.9700927734375, 202.2426605224609, 1.0], [167.01223754882815, 212.12626647949222, 1.0], [159.14498901367188, 196.7232208251953, 1.0], [151.82029724121097, 186.18428039550778, 1.0], [146.3946075439453, 177.5369567871094, 1.0], [158.60241699218753, 217.80108642578128, 1.0], [147.9250946044922, 199.2985687255859, 1.0], [139.9086608886719, 186.1055603027344, 1.0], [132.83038330078128, 175.64535522460935, 1.0], [149.64302062988273, 224.93151855468753, 1.0], [137.81741333007815, 209.01972961425776, 1.0], [130.1175384521484, 199.69573974609378, 1.0], [123.06413269042967, 189.69726562499997, 1.0], [142.70179748535156, 237.15003967285156, 1.0], [133.04689025878906, 224.32691955566412, 1.0], [126.96787261962889, 215.06578063964838, 1.0], [122.31921386718751, 208.65422058105472, 1.0]], "head_box": [[284.45399999999995, 120.494], [377.36, 259.853]], "head_size": 139.359, "hand_box_center": [154.1446533203125, 217.0836334228515], "is_left": 0, "is_mpii": 0}