{"mpii_body_pts": [[202.912, 232.4315, 0.1513795], [375.4665, 244.136, 0.687859], [368.422, 219.128, 0.828956], [330.92, 98.6362, 0.708589], [0.0, 0.0, 0.0], [0.0, 0.0, 0.0], [0.0, 0.0, 0.0], [405.824, 464.863, 0.302759], [0.0, 0.0, 0.0], [0.0, 0.0, 0.0], [204.499, 344.42, 0.720466], [255.967, 333.393, 0.503768], [293.519, 233.196, 0.739556], [457.414, 255.076, 0.636162], [409.004, 361.593, 0.64601], [293.509, 316.199, 0.654212]], "hand_pts": [[293.29519653320307, 318.9388122558593, 1.0], [284.1235961914063, 302.6246643066407, 1.0], [257.91900634765625, 293.81503295898426, 1.0], [234.66242980957034, 292.5098876953126, 1.0], [226.14593505859378, 282.06884765625, 1.0], [249.73007202148438, 312.73941040039057, 1.0], [224.1805877685547, 312.73941040039057, 1.0], [214.0263061523438, 309.476593017578, 1.0], [208.13027954101562, 305.56118774414057, 1.0], [252.35052490234378, 326.4432983398438, 1.0], [228.1112823486328, 323.1804809570313, 1.0], [219.922348022461, 315.6759643554688, 1.0], [216.64677429199213, 310.129150390625, 1.0], [253.66075134277344, 336.5580749511718, 1.0], [230.73173522949216, 326.1170349121093, 1.0], [225.4908142089844, 316.98110961914057, 1.0], [222.870361328125, 312.08685302734375, 1.0], [253.00564575195312, 335.9055175781249, 1.0], [238.2655639648437, 328.07470703125, 1.0], [233.02464294433594, 322.8541870117188, 1.0], [231.05929565429688, 318.2862243652343, 1.0]], "head_box": [[290.7560666666667, 98.6362], [371.08393333333333, 219.128]], "head_size": 120.49179999999998, "hand_box_center": [250.71273803710935, 309.31346130371094], "is_left": 1, "is_mpii": 0}