{"mpii_body_pts": [[344.17600000000004, 478.1715, 0.3304125], [333.2635, 255.93650000000002, 0.6666909999999999], [329.39, 219.131, 0.808484], [307.502, 95.4845, 0.687075], [0.0, 0.0, 0.0], [0.0, 0.0, 0.0], [295.007, 475.837, 0.26658], [393.345, 480.506, 0.394245], [0.0, 0.0, 0.0], [0.0, 0.0, 0.0], [285.654, 455.44, 0.720456], [204.489, 405.315, 0.809776], [240.395, 258.317, 0.685835], [426.132, 253.556, 0.647547], [457.416, 394.502, 0.707333], [429.246, 352.173, 0.811363]], "hand_pts": [[281.0, 451.0, 1.0], [309.0, 451.0, 1.0], [329.56799316406256, 452.283203125, 1.0], [348.1356811523438, 462.6728820800782, 1.0], [359.8952331542969, 458.1824035644532, 1.0], [331.43334960937494, 473.1866149902343, 1.0], [343.9954833984375, 480.41876220703125, 1.0], [348.313720703125, 472.7956848144532, 1.0], [348.51000976562494, 464.19528198242193, 1.0], [323.1497802734376, 480.3812561035156, 1.0], [334.6237487792969, 486.74511718749994, 1.0], [337.1255493164063, 476.1185607910156, 1.0], [333.00360107421875, 468.6909484863281, 1.0], [313.56396484375006, 487.7575378417969, 1.0], [324.6021728515625, 493.3982238769531, 1.0], [325.9374084472655, 482.56884765625, 1.0], [322.404296875, 477.4868164062499, 1.0], [302.77746582031256, 493.6658020019532, 1.0], [311.6087036132813, 496.64221191406256, 1.0], [313.96411132812494, 491.3647155761719, 1.0], [310.4309997558593, 487.0645141601563, 1.0]], "head_box": [[266.2865, 95.4845], [348.71750000000003, 219.131]], "head_size": 123.6465, "hand_box_center": [320.44761657714844, 473.82110595703125], "is_left": 0, "is_mpii": 0}