{"mpii_body_pts": [[268.5065, 501.6595, 0.2429195], [280.178, 283.28549999999996, 0.54043], [284.086, 292.663, 0.642689], [315.299, 151.829, 0.626319], [0.0, 0.0, 0.0], [0.0, 0.0, 0.0], [231.049, 508.715, 0.283661], [305.964, 494.604, 0.202178], [0.0, 0.0, 0.0], [0.0, 0.0, 0.0], [268.522, 466.448, 0.661022], [128.018, 466.416, 0.733713], [182.615, 309.909, 0.632166], [377.741, 256.662, 0.448694], [476.091, 195.647, 0.773897], [405.799, 111.119, 0.734215]], "hand_pts": [[403.0, 103.0, 1.0], [374.8652648925781, 109.31278991699217, 1.0], [360.6122436523438, 103.17566680908202, 1.0], [345.58880615234375, 98.95639801025388, 1.0], [356.7601013183594, 93.20284271240232, 1.0], [361.7679138183594, 72.87361907958983, 1.0], [344.43316650390625, 73.25719451904298, 1.0], [331.7210388183593, 73.64076232910155, 1.0], [321.32019042968744, 74.02433013916014, 1.0], [373.3244018554688, 67.1200714111328, 1.0], [359.0713806152344, 88.9835739135742, 1.0], [365.62005615234375, 94.73712158203126, 1.0], [367.1609191894532, 87.83286285400388, 1.0], [381.0287170410155, 75.17504119873044, 1.0], [369.4722290039063, 94.73712158203126, 1.0], [374.4800415039063, 102.79209899902344, 1.0], [376.02090454101557, 95.50426483154298, 1.0], [388.3478393554688, 85.14786529541017, 1.0], [379.4878540039063, 99.72353363037111, 1.0], [382.569580078125, 108.16207885742183, 1.0], [383.72525024414057, 102.02495574951172, 1.0]], "head_box": [[268.35433333333333, 151.829], [362.2436666666666, 292.663]], "head_size": 140.834, "hand_box_center": [362.16009521484375, 88.21643066406249], "is_left": 1, "is_mpii": 0}