{"mpii_body_pts": [[169.368, 255.1355, 0.123423], [308.3095, 276.2505, 0.6319600000000001], [319.98, 245.737, 0.635695], [332.529, 103.253, 0.631676], [0.0, 0.0, 0.0], [0.0, 0.0, 0.0], [0.0, 0.0, 0.0], [338.736, 510.271, 0.246846], [0.0, 0.0, 0.0], [0.0, 0.0, 0.0], [301.287, 442.898, 0.646651], [165.422, 450.773, 0.767482], [210.725, 284.872, 0.621417], [405.894, 267.629, 0.642503], [432.42, 428.829, 0.772662], [360.585, 427.281, 0.4996]], "hand_pts": [[361.0, 418.0, 1.0], [344.4386596679687, 396.26144409179693, 1.0], [328.50460815429693, 381.70751953124994, 1.0], [319.8736877441406, 365.8305358886718, 1.0], [315.8901672363281, 343.66891479492193, 1.0], [340.1231994628905, 375.75366210937506, 1.0], [328.1726684570313, 366.8228454589843, 1.0], [317.8819274902343, 362.1920471191407, 1.0], [308.9190368652343, 357.8920288085937, 1.0], [337.4674987792969, 389.6460266113282, 1.0], [325.1850280761719, 381.0459899902344, 1.0], [316.22213745117176, 373.4382629394531, 1.0], [305.9313964843749, 365.1690063476563, 1.0], [333.8159484863281, 400.8922424316406, 1.0], [320.53759765624994, 388.9844970703125, 1.0], [314.23037719726557, 383.03060913085943, 1.0], [306.5953063964843, 377.4075012207031, 1.0], [326.5128479003906, 411.8076782226563, 1.0], [320.53759765624994, 403.53839111328125, 1.0], [315.5581970214843, 397.5845336914063, 1.0], [311.2427368164063, 392.95373535156244, 1.0]], "head_box": [[285.03433333333334, 103.253], [380.02366666666666, 245.737]], "head_size": 142.48399999999998, "hand_box_center": [333.46569824218744, 380.83445739746094], "is_left": 1, "is_mpii": 0}