{"mpii_body_pts": [[0.0, 0.0, 0.0], [367.6225, 305.23199999999997, 0.6338655], [377.765, 247.305, 0.624592], [369.987, 104.868, 0.585492], [0.0, 0.0, 0.0], [0.0, 0.0, 0.0], [0.0, 0.0, 0.0], [0.0, 0.0, 0.0], [0.0, 0.0, 0.0], [0.0, 0.0, 0.0], [280.956, 397.595, 0.690315], [202.925, 480.481, 0.702432], [256.043, 306.826, 0.634072], [479.202, 303.638, 0.633659], [532.342, 469.547, 0.622122], [479.246, 377.198, 0.409102]], "hand_pts": [[487.0, 388.0, 1.0], [486.7279052734375, 364.2861022949219, 1.0], [464.4046936035157, 332.4773254394531, 1.0], [456.70703124999994, 313.31539916992193, 1.0], [465.94421386718744, 300.6685485839844, 1.0], [448.62448120117193, 336.6929321289063, 1.0], [423.99197387695307, 323.66284179687506, 1.0], [407.8268737792969, 322.12988281250006, 1.0], [404.74780273437506, 322.51312255859364, 1.0], [442.46633911132807, 350.1062622070313, 1.0], [412.83035278320307, 341.29180908203125, 1.0], [405.517578125, 338.99237060546875, 1.0], [406.6722106933595, 340.1420898437501, 1.0], [440.1570434570313, 363.13638305664057, 1.0], [413.98501586914057, 358.154266357422, 1.0], [407.0570983886719, 353.17218017578136, 1.0], [406.28735351562494, 351.63922119140636, 1.0], [437.0779724121093, 375.3999938964844, 1.0], [421.6826782226563, 373.48379516601557, 1.0], [415.909423828125, 367.3519897460937, 1.0], [417.8338317871093, 366.58551025390625, 1.0]], "head_box": [[322.50800000000004, 104.868], [417.466, 247.305]], "head_size": 142.437, "hand_box_center": [445.8739013671875, 344.3342742919922], "is_left": 1, "is_mpii": 0}