{"mpii_body_pts": [[329.3855, 453.124, 0.285234], [307.5455, 244.96499999999997, 0.690423], [315.276, 244.153, 0.732832], [332.528, 117.403, 0.700366], [0.0, 0.0, 0.0], [0.0, 0.0, 0.0], [281.02, 455.474, 0.221547], [377.751, 450.774, 0.348921], [0.0, 0.0, 0.0], [0.0, 0.0, 0.0], [355.875, 361.545, 0.630028], [246.624, 411.628, 0.711456], [218.574, 256.655, 0.725476], [396.517, 233.275, 0.65537], [440.215, 345.933, 0.322432], [0.0, 0.0, 0.0]], "hand_pts": [[412.0, 352.0, 1.0], [415.6707458496094, 317.00073242187494, 1.0], [408.3176574707031, 299.7948303222656, 1.0], [417.14135742187494, 289.54449462890636, 1.0], [427.8033447265625, 281.85671997070307, 1.0], [431.1122436523438, 309.31298828125, 1.0], [416.03839111328125, 296.13397216796875, 1.0], [405.3764038085937, 297.9643859863281, 1.0], [403.9057922363281, 304.18780517578136, 1.0], [429.6416320800781, 320.29550170898426, 1.0], [405.3764038085937, 308.58081054687494, 1.0], [392.5085144042968, 308.2147216796875, 1.0], [397.2880249023437, 312.2416687011719, 1.0], [422.65618896484375, 326.8849792480469, 1.0], [392.8761596679687, 315.9024963378906, 1.0], [395.44973754882807, 320.6615600585937, 1.0], [401.6998596191407, 321.3937377929687, 1.0], [415.3031005859375, 331.2779846191407, 1.0], [395.8173828125, 327.6171569824219, 1.0], [395.0820922851563, 333.840576171875, 1.0], [400.22924804687494, 334.57275390624994, 1.0]], "head_box": [[290.278, 117.403], [374.778, 244.153]], "head_size": 126.74999999999999, "hand_box_center": [411.8103790283203, 316.92835998535156], "is_left": 1, "is_mpii": 0}