{"mpii_body_pts": [[151.417, 241.048, 0.111535], [327.80150000000003, 233.18099999999998, 0.6256265000000001], [319.976, 195.705, 0.713622], [318.418, 86.0974, 0.716596], [0.0, 0.0, 0.0], [0.0, 0.0, 0.0], [302.834, 482.096, 0.22307], [0.0, 0.0, 0.0], [0.0, 0.0, 0.0], [0.0, 0.0, 0.0], [281.051, 339.675, 0.723132], [204.462, 389.739, 0.767479], [232.57, 248.856, 0.690771], [423.033, 217.506, 0.560482], [494.848, 311.51, 0.767897], [407.46, 220.681, 0.711984]], "hand_pts": [[303.7593078613281, 328.51190185546875, 1.0], [298.14999389648443, 327.3944702148438, 1.0], [295.3453369140625, 331.02618408203125, 1.0], [298.43048095703125, 335.21658325195307, 1.0], [301.23513793945307, 339.12765502929693, 1.0], [318.90447998046875, 340.8038330078125, 1.0], [336.01290893554693, 344.43554687499994, 1.0], [344.42687988281244, 345.83233642578125, 1.0], [356.4869079589842, 347.22915649414057, 1.0], [325.91613769531244, 336.3340454101563, 1.0], [343.3050231933595, 339.4070129394531, 1.0], [357.6087951660156, 342.2006530761719, 1.0], [367.70556640624994, 343.5974426269532, 1.0], [331.5254516601563, 331.8642578125, 1.0], [348.07293701171875, 335.49597167968744, 1.0], [359.5720520019531, 336.3340454101563, 1.0], [369.10787963867193, 336.05468750000006, 1.0], [335.1715087890625, 326.8357543945313, 1.0], [348.63388061523443, 329.9087219238281, 1.0], [356.20645141601557, 330.46743774414057, 1.0], [363.05459594726557, 329.5556640625, 1.0]], "head_box": [[281.88213333333334, 86.0974], [354.95386666666667, 195.705]], "head_size": 109.60760000000002, "hand_box_center": [332.2266082763672, 337.03245544433594], "is_left": 0, "is_mpii": 0}