{"mpii_body_pts": [[149.07, 250.439, 0.1472075], [347.334, 268.4435, 0.6420695000000001], [354.344, 244.165, 0.681506], [307.531, 98.5884, 0.563577], [0.0, 0.0, 0.0], [0.0, 0.0, 0.0], [298.14, 500.878, 0.294415], [0.0, 0.0, 0.0], [0.0, 0.0, 0.0], [0.0, 0.0, 0.0], [232.58, 436.679, 0.494076], [145.222, 419.443, 0.743632], [237.259, 280.224, 0.648498], [457.409, 256.663, 0.635641], [535.418, 406.932, 0.738047], [418.304, 353.684, 0.696226]], "hand_pts": [[406.7938232421874, 349.4265441894531, 1.0], [388.5684509277344, 332.54083251953136, 1.0], [366.5061950683593, 324.5758666992188, 1.0], [352.1177368164063, 311.83193969726557, 1.0], [354.35592651367193, 295.2648010253907, 1.0], [344.76364135742193, 338.5942077636719, 1.0], [327.81726074218744, 342.09878540039057, 1.0], [313.1090698242188, 344.64758300781256, 1.0], [301.9180603027344, 344.3289794921874, 1.0], [347.6413269042969, 353.88693237304693, 1.0], [329.41598510742193, 357.71011352539057, 1.0], [311.830108642578, 359.3031005859375, 1.0], [299.0403747558594, 358.3473205566406, 1.0], [353.7164611816406, 365.3564758300781, 1.0], [336.7700805664063, 369.17965698242193, 1.0], [320.46316528320307, 372.3656311035157, 1.0], [308.6326599121093, 373.6400451660157, 1.0], [360.43106079101557, 378.73760986328125, 1.0], [348.92031860351557, 383.19799804687494, 1.0], [340.6069946289063, 386.38397216796875, 1.0], [331.97390747070307, 388.6141662597657, 1.0]], "head_box": [[259.0054666666667, 98.5884], [356.05653333333333, 244.165]], "head_size": 145.57659999999998, "hand_box_center": [352.9170989990234, 341.9394836425782], "is_left": 1, "is_mpii": 0}