{"mpii_body_pts": [[0.0, 0.0, 0.0], [355.9135, 284.8835, 0.647629], [357.494, 226.931, 0.686384], [355.85, 87.633, 0.607683], [0.0, 0.0, 0.0], [0.0, 0.0, 0.0], [0.0, 0.0, 0.0], [0.0, 0.0, 0.0], [0.0, 0.0, 0.0], [0.0, 0.0, 0.0], [424.567, 417.917, 0.604782], [268.489, 430.451, 0.734149], [255.999, 292.736, 0.648189], [455.828, 277.031, 0.647069], [541.659, 417.965, 0.766467], [435.54, 378.728, 0.696995]], "hand_pts": [[433.0, 376.0, 1.0], [408.65902709960943, 366.95257568359375, 1.0], [381.7405700683594, 370.398712158203, 1.0], [360.9748840332032, 392.99017333984375, 1.0], [366.35858154296875, 397.5850524902343, 1.0], [372.12683105468744, 356.9970092773437, 1.0], [353.2839050292969, 367.7183837890625, 1.0], [344.05471801757807, 374.61068725585943, 1.0], [333.28735351562494, 381.120086669922, 1.0], [382.5096435546875, 359.6773376464843, 1.0], [369.8195190429687, 393.7559814453125, 1.0], [374.8186645507813, 389.9269104003905, 1.0], [377.89505004882807, 382.26879882812494, 1.0], [393.2770385742187, 369.25, 1.0], [379.8178100585937, 398.73376464843744, 1.0], [384.81695556640625, 394.9046936035157, 1.0], [387.8933410644531, 387.62948608398443, 1.0], [404.4289550781249, 377.6739196777344, 1.0], [391.73883056640625, 401.41409301757807, 1.0], [398.6607360839844, 396.43630981445307, 1.0], [401.73712158203125, 390.69274902343756, 1.0]], "head_box": [[309.4173333333334, 87.633], [402.28266666666667, 226.931]], "head_size": 139.298, "hand_box_center": [383.1436767578125, 379.2055511474609], "is_left": 1, "is_mpii": 0}