{"mpii_body_pts": [[384.0145, 514.187, 0.251604], [329.32550000000003, 273.9155, 0.6530914999999999], [324.67, 262.977, 0.686565], [285.651, 118.931, 0.604927], [0.0, 0.0, 0.0], [0.0, 0.0, 0.0], [323.124, 500.884, 0.25198], [444.905, 527.49, 0.251228], [0.0, 0.0, 0.0], [0.0, 0.0, 0.0], [330.928, 461.721, 0.764835], [226.359, 471.134, 0.672656], [230.966, 297.403, 0.716001], [427.685, 250.428, 0.590182], [466.744, 421.029, 0.811429], [343.446, 356.882, 0.816391]], "hand_pts": [[345.15875244140625, 359.6026916503907, 1.0], [321.43539428710926, 348.10290527343756, 1.0], [305.4060668945313, 344.26965332031256, 1.0], [293.2238159179687, 355.13055419921875, 1.0], [299.6355285644531, 367.26922607421875, 1.0], [292.9032287597656, 336.9225769042968, 1.0], [275.91217041015625, 342.35302734375006, 1.0], [261.8063659667969, 348.42236328124994, 1.0], [246.41824340820318, 355.13055419921875, 1.0], [295.4679260253906, 347.14459228515636, 1.0], [275.59158325195307, 365.03314208984375, 1.0], [291.30029296875, 364.39428710937506, 1.0], [303.4825744628905, 355.13055419921875, 1.0], [301.879638671875, 359.2832641601563, 1.0], [289.3767700195313, 373.6579895019532, 1.0], [301.23846435546875, 370.4635925292969, 1.0], [312.458984375, 359.922149658203, 1.0], [309.89428710937506, 370.4635925292969, 1.0], [303.4825744628905, 379.4078674316406, 1.0], [316.3059997558594, 375.57461547851557, 1.0], [324.00006103515636, 369.50527954101557, 1.0]], "head_box": [[237.63566666666668, 118.931], [333.66633333333334, 262.977]], "head_size": 144.046, "hand_box_center": [295.7884979248047, 358.16522216796875], "is_left": 1, "is_mpii": 0}