{"mpii_body_pts": [[0.0, 0.0, 0.0], [362.17049999999995, 277.0355, 0.6195005], [355.956, 228.49, 0.698784], [334.059, 79.8787, 0.59561], [0.0, 0.0, 0.0], [0.0, 0.0, 0.0], [0.0, 0.0, 0.0], [0.0, 0.0, 0.0], [0.0, 0.0, 0.0], [0.0, 0.0, 0.0], [293.461, 403.854, 0.683068], [223.209, 446.077, 0.659758], [256.018, 278.613, 0.691433], [468.323, 275.458, 0.547568], [440.22, 436.712, 0.765915], [355.858, 356.856, 0.785131]], "hand_pts": [[356.45706176757807, 354.509521484375, 1.0], [331.4073181152343, 340.89492797851557, 1.0], [318.0691528320313, 313.98992919921875, 1.0], [308.30950927734375, 298.1062622070313, 1.0], [317.4185180664062, 286.1124572753906, 1.0], [342.79357910156244, 288.3815612792969, 1.0], [338.23907470703125, 267.3113708496093, 1.0], [334.9858703613281, 251.75184631347662, 1.0], [334.33520507812494, 239.1097412109375, 1.0], [358.40899658203125, 293.8922119140625, 1.0], [328.1541137695313, 289.0298767089843, 1.0], [318.7197875976563, 303.2927551269531, 1.0], [312.2133789062499, 317.5556640625, 1.0], [360.0356140136719, 301.6719970703125, 1.0], [332.7086181640625, 297.13378906249994, 1.0], [322.948974609375, 312.04498291015636, 1.0], [324.57559204101557, 325.0112609863281, 1.0], [355.8064270019531, 317.2315063476562, 1.0], [336.9378051757813, 312.04498291015636, 1.0], [329.7807312011718, 321.7696838378907, 1.0], [335.6365051269531, 329.2253112792968, 1.0]], "head_box": [[284.5219, 79.8787], [383.59610000000004, 228.49]], "head_size": 148.61130000000003, "hand_box_center": [334.1725616455078, 296.80963134765625], "is_left": 1, "is_mpii": 0}