{"mpii_body_pts": [[151.417, 241.048, 0.111535], [327.80150000000003, 233.18099999999998, 0.6256265000000001], [319.976, 195.705, 0.713622], [318.418, 86.0974, 0.716596], [0.0, 0.0, 0.0], [0.0, 0.0, 0.0], [302.834, 482.096, 0.22307], [0.0, 0.0, 0.0], [0.0, 0.0, 0.0], [0.0, 0.0, 0.0], [281.051, 339.675, 0.723132], [204.462, 389.739, 0.767479], [232.57, 248.856, 0.690771], [423.033, 217.506, 0.560482], [494.848, 311.51, 0.767897], [407.46, 220.681, 0.711984]], "hand_pts": [[406.6408996582031, 215.7147827148437, 1.0], [388.62423706054693, 211.5732727050781, 1.0], [374.7652893066406, 192.52232360839844, 1.0], [366.44989013671886, 184.51539611816406, 1.0], [358.41171264648426, 177.0606842041015, 1.0], [388.90142822265625, 180.92608642578128, 1.0], [374.7652893066406, 165.74055480957026, 1.0], [363.6781005859375, 168.2254638671875, 1.0], [357.302978515625, 174.57577514648438, 1.0], [394.72219848632807, 180.3738861083984, 1.0], [385.02090454101557, 162.70344543457028, 1.0], [378.9229736328125, 151.10720825195315, 1.0], [371.1619567871093, 138.68267822265625, 1.0], [399.7113952636718, 180.3738861083984, 1.0], [392.22756958007807, 162.70344543457028, 1.0], [386.68399047851557, 150.5550079345703, 1.0], [382.5263061523437, 140.06318664550778, 1.0], [404.4234619140625, 181.47828674316406, 1.0], [400.8201293945313, 169.88206481933597, 1.0], [396.66244506835943, 162.42733764648446, 1.0], [392.50476074218744, 156.6292266845703, 1.0]], "head_box": [[281.88213333333334, 86.0974], [354.95386666666667, 195.705]], "head_size": 109.60760000000002, "hand_box_center": [381.97193908691406, 177.19873046874997], "is_left": 1, "is_mpii": 0}