{"mpii_body_pts": [[0.0, 0.0, 0.0], [430.04049999999995, 280.1775, 0.32964499999999997], [418.418, 239.478, 0.604392], [416.743, 101.701, 0.608502], [0.0, 0.0, 0.0], [0.0, 0.0, 0.0], [0.0, 0.0, 0.0], [0.0, 0.0, 0.0], [0.0, 0.0, 0.0], [0.0, 0.0, 0.0], [318.497, 259.851, 0.502002], [179.477, 295.844, 0.687711], [344.974, 267.636, 0.243703], [515.107, 292.719, 0.415587], [0.0, 0.0, 0.0], [0.0, 0.0, 0.0]], "hand_pts": [[338.9922790527343, 267.732666015625, 1.0], [349.27587890624994, 275.58605957031244, 1.0], [362.644500732422, 279.0005798339844, 1.0], [374.64202880859375, 274.5617065429687, 1.0], [373.27087402343756, 257.83056640624994, 1.0], [385.9539489746093, 253.0502319335938, 1.0], [402.0648803710938, 244.51393127441403, 1.0], [410.6345520019531, 238.36779785156253, 1.0], [419.8897705078125, 231.19729614257815, 1.0], [376.35595703125, 241.0994110107422, 1.0], [390.4101562499999, 223.68534851074222, 1.0], [399.32260131835943, 214.80760192871094, 1.0], [407.5494689941407, 205.2469329833984, 1.0], [357.15994262695324, 236.66053771972656, 1.0], [364.35842895507807, 228.4656829833984, 1.0], [365.7295837402343, 234.61181640625, 1.0], [359.2166442871093, 240.41650390624997, 1.0], [342.4201354980468, 233.58746337890628, 1.0], [348.9883728027343, 224.5003509521484, 1.0], [347.90472412109375, 237.34342956542974, 1.0], [344.1340637207032, 234.2703704833984, 1.0]], "head_box": [[370.8173333333333, 101.701], [462.6686666666667, 239.478]], "head_size": 137.77700000000002, "hand_box_center": [379.44102478027344, 242.1237564086914], "is_left": 0, "is_mpii": 0}