{"mpii_body_pts": [[0.0, 0.0, 0.0], [327.0205, 280.972, 0.3105135], [293.504, 267.699, 0.714316], [196.686, 178.4, 0.530085], [0.0, 0.0, 0.0], [0.0, 0.0, 0.0], [0.0, 0.0, 0.0], [0.0, 0.0, 0.0], [0.0, 0.0, 0.0], [0.0, 0.0, 0.0], [299.704, 294.319, 0.433487], [168.527, 341.219, 0.68849], [262.244, 317.731, 0.230943], [391.797, 244.213, 0.390084], [551.021, 190.925, 0.708715], [433.949, 106.516, 0.587329]], "hand_pts": [[430.0, 109.0, 1.0], [404.1274108886719, 122.42897033691403, 1.0], [385.9420471191407, 123.53759765625, 1.0], [377.4060668945313, 137.21072387695312, 1.0], [377.0349426269532, 152.73155212402338, 1.0], [375.1792907714844, 98.0390853881836, 1.0], [351.0558471679688, 97.66954040527345, 1.0], [332.87051391601557, 96.93045806884767, 1.0], [320.9943542480468, 94.71319580078125, 1.0], [381.48849487304693, 93.97410583496094, 1.0], [348.0868225097657, 91.01776123046875, 1.0], [332.4993591308594, 87.69186401367188, 1.0], [318.02532958984375, 84.36597442626952, 1.0], [388.9111022949219, 97.66954040527345, 1.0], [352.16925048828125, 102.84315490722656, 1.0], [338.06631469726557, 102.84315490722656, 1.0], [327.3035583496093, 101.36498260498047, 1.0], [387.0554504394532, 110.6035690307617, 1.0], [374.4370422363281, 120.58125305175783, 1.0], [363.67425537109375, 128.3416748046875, 1.0], [355.88055419921875, 133.88482666015625, 1.0]], "head_box": [[166.91966666666667, 178.4], [226.45233333333334, 267.699]], "head_size": 89.299, "hand_box_center": [374.0126647949219, 118.54876327514646], "is_left": 1, "is_mpii": 0}