{"mpii_body_pts": [[362.9155, 475.8325, 0.2634325], [334.8465, 250.4905, 0.7317055], [329.324, 205.037, 0.810158], [304.369, 95.4577, 0.71791], [0.0, 0.0, 0.0], [0.0, 0.0, 0.0], [316.845, 478.958, 0.294957], [408.986, 472.707, 0.231908], [0.0, 0.0, 0.0], [0.0, 0.0, 0.0], [287.236, 262.978, 0.659728], [251.329, 381.868, 0.785946], [249.735, 267.705, 0.734684], [419.958, 233.276, 0.728727], [449.544, 355.358, 0.752097], [369.953, 244.197, 0.775001]], "hand_pts": [[373.9317626953125, 252.07139587402344, 1.0], [355.97375488281244, 228.58642578125, 1.0], [352.45257568359375, 221.57598876953122, 1.0], [350.6919860839844, 210.00877380371094, 1.0], [342.24118041992193, 198.44154357910153, 1.0], [370.4105834960937, 214.91607666015622, 1.0], [362.6640014648438, 205.10145568847656, 1.0], [355.26953124999994, 200.54467773437494, 1.0], [343.29754638671875, 194.5858001708984, 1.0], [378.8614196777344, 210.7098083496094, 1.0], [382.0304565429687, 193.88476562499997, 1.0], [383.0868225097657, 183.71961975097653, 1.0], [384.4953002929687, 168.64718627929688, 1.0], [383.791046142578, 211.06033325195315, 1.0], [392.9461059570312, 192.13215637207034, 1.0], [394.70669555664057, 183.71961975097653, 1.0], [399.6363525390625, 171.100830078125, 1.0], [385.5516357421874, 210.35928344726565, 1.0], [395.76306152343756, 201.9467620849609, 1.0], [399.6363525390625, 194.5858001708984, 1.0], [406.67871093749994, 181.96701049804688, 1.0]], "head_box": [[267.8425666666667, 95.4577], [340.89543333333336, 205.037]], "head_size": 109.5793, "hand_box_center": [374.45994567871094, 210.35929107666016], "is_left": 1, "is_mpii": 0}