{"mpii_body_pts": [[330.173, 477.419, 0.333544], [339.5435, 242.611, 0.6916800000000001], [343.468, 209.717, 0.790365], [330.955, 87.6757, 0.692039], [0.0, 0.0, 0.0], [0.0, 0.0, 0.0], [279.444, 471.156, 0.255266], [380.902, 483.682, 0.411822], [0.0, 0.0, 0.0], [0.0, 0.0, 0.0], [230.964, 461.766, 0.706756], [209.204, 355.331, 0.69498], [246.664, 234.784, 0.706624], [432.423, 250.438, 0.676736], [457.369, 394.485, 0.821767], [402.758, 330.286, 0.696355]], "hand_pts": [[232.13903808593753, 472.6920471191407, 1.0], [244.10093688964844, 475.6708984375, 1.0], [259.05328369140636, 485.2031860351563, 1.0], [268.62280273437506, 503.07620239257807, 1.0], [278.84130859375006, 515.3184204101562, 1.0], [247.63449096679688, 507.2904663085937, 1.0], [258.85491943359375, 525.0914916992188, 1.0], [269.02343749999994, 532.7703857421877, 1.0], [277.43875122070307, 540.1002197265625, 1.0], [238.8685150146484, 511.82800292968744, 1.0], [254.2966156005859, 533.1194458007812, 1.0], [263.0625915527344, 539.7512207031249, 1.0], [273.9323730468749, 543.2415771484375, 1.0], [234.66085815429688, 514.6203002929688, 1.0], [246.23193359374997, 533.8175048828123, 1.0], [256.4004516601563, 536.2608032226564, 1.0], [266.91961669921875, 538.7041015625001, 1.0], [233.95957946777344, 520.5540161132811, 1.0], [240.27107238769534, 533.1194458007812, 1.0], [246.58256530761722, 534.5155639648438, 1.0], [252.5434265136719, 534.8646240234373, 1.0]], "head_box": [[290.27456666666666, 87.6757], [371.6354333333333, 209.717]], "head_size": 122.0413, "hand_box_center": [255.4901733398438, 507.96681213378906], "is_left": 0, "is_mpii": 0}