{"mpii_body_pts": [[329.363, 492.27, 0.3160035], [291.1465, 258.2565, 0.6972245], [299.677, 233.216, 0.726167], [301.256, 106.453, 0.691034], [0.0, 0.0, 0.0], [0.0, 0.0, 0.0], [279.403, 489.912, 0.357094], [379.323, 494.628, 0.274913], [0.0, 0.0, 0.0], [0.0, 0.0, 0.0], [276.299, 486.762, 0.734702], [184.189, 424.162, 0.743724], [199.808, 283.302, 0.690111], [382.485, 233.211, 0.704338], [441.799, 366.217, 0.742706], [466.76, 311.474, 0.71546]], "hand_pts": [[470.71362304687494, 310.6435546875, 1.0], [461.8345947265625, 312.60900878906256, 1.0], [460.51916503906256, 302.45422363281256, 1.0], [467.753936767578, 299.8336181640625, 1.0], [461.8345947265625, 292.29943847656244, 1.0], [480.2503662109375, 287.3858337402343, 1.0], [497.0218811035157, 279.85162353515636, 1.0], [510.50488281250006, 273.6277160644531, 1.0], [517.7396850585939, 269.69683837890625, 1.0], [487.48513793945307, 288.6961059570312, 1.0], [500.3104248046875, 280.5067749023437, 1.0], [509.5183105468749, 276.2483215332031, 1.0], [524.3167114257811, 268.71411132812494, 1.0], [493.0756530761719, 292.29943847656244, 1.0], [503.5989685058594, 283.1273498535156, 1.0], [512.47802734375, 278.5413208007813, 1.0], [519.0550537109374, 275.2655944824219, 1.0], [499.6527099609375, 295.90274047851557, 1.0], [510.50488281250006, 287.7133789062499, 1.0], [516.4242553710938, 284.1100769042969, 1.0], [523.0012817382812, 283.4549255371094, 1.0]], "head_box": [[259.00166666666667, 106.453], [343.5103333333333, 233.216]], "head_size": 126.763, "hand_box_center": [492.4179382324219, 290.66156005859375], "is_left": 1, "is_mpii": 0}