{"mpii_body_pts": [[334.84299999999996, 457.8355, 0.356202], [304.3595, 259.816, 0.665195], [305.912, 230.125, 0.817861], [335.625, 106.437, 0.692756], [0.0, 0.0, 0.0], [0.0, 0.0, 0.0], [288.784, 460.189, 0.310647], [380.902, 455.482, 0.401757], [0.0, 0.0, 0.0], [0.0, 0.0, 0.0], [296.562, 381.856, 0.806819], [202.893, 417.917, 0.744639], [215.371, 278.599, 0.68854], [393.348, 241.033, 0.64185], [455.742, 366.277, 0.830015], [404.3, 298.94, 0.653951]], "hand_pts": [[321.1902770996094, 374.37030029296875, 1.0], [317.26055908203125, 374.69650268554693, 1.0], [321.1902770996094, 381.54675292968744, 1.0], [325.4474487304688, 386.4397888183594, 1.0], [322.4888916015625, 395.4778747558594, 1.0], [339.85641479492193, 388.07080078125, 1.0], [358.5225524902343, 392.96383666992193, 1.0], [370.3117065429687, 394.2686462402343, 1.0], [384.0565185546874, 397.07980346679693, 1.0], [347.06088256835943, 382.52536010742193, 1.0], [362.4522705078125, 385.7873840332031, 1.0], [379.153564453125, 388.3970031738282, 1.0], [391.2701721191406, 391.3328247070313, 1.0], [352.95544433593756, 376.0013122558593, 1.0], [367.03692626953125, 377.9585266113281, 1.0], [379.153564453125, 379.5895385742187, 1.0], [391.59765624999994, 381.8729553222656, 1.0], [350.9906005859375, 368.49868774414057, 1.0], [364.4171142578124, 371.1083068847657, 1.0], [374.2413940429687, 373.0654907226563, 1.0], [382.100830078125, 373.7178955078125, 1.0]], "head_box": [[294.39566666666667, 106.437], [376.85433333333333, 230.125]], "head_size": 123.688, "hand_box_center": [354.4291076660156, 382.78924560546875], "is_left": 0, "is_mpii": 0}