{"mpii_body_pts": [[0.0, 0.0, 0.0], [360.5535, 288.0045, 0.6162369999999999], [354.367, 289.547, 0.580408], [357.46, 131.444, 0.617263], [0.0, 0.0, 0.0], [0.0, 0.0, 0.0], [0.0, 0.0, 0.0], [0.0, 0.0, 0.0], [0.0, 0.0, 0.0], [0.0, 0.0, 0.0], [274.751, 428.887, 0.590875], [206.122, 464.885, 0.720712], [254.394, 298.973, 0.632309], [466.713, 277.036, 0.600165], [530.756, 442.958, 0.812705], [419.941, 392.86, 0.718785]], "hand_pts": [[421.0, 397.0, 1.0], [399.6304626464844, 388.56677246093744, 1.0], [374.4595031738282, 391.3080749511718, 1.0], [363.05392456054693, 417.93789672851557, 1.0], [357.9411010742187, 437.5186462402343, 1.0], [362.26733398437494, 394.04937744140625, 1.0], [356.36791992187494, 415.97982788085943, 1.0], [353.6148376464844, 435.1689758300781, 1.0], [353.2215270996093, 450.0503540039063, 1.0], [374.8528137207032, 393.26614379882807, 1.0], [367.3801879882812, 422.24566650390636, 1.0], [364.62710571289057, 441.043182373047, 1.0], [363.05392456054693, 457.0994262695313, 1.0], [388.61816406249994, 395.61584472656256, 1.0], [381.1455383300781, 422.24566650390636, 1.0], [376.42599487304693, 439.86834716796875, 1.0], [372.8863220214843, 452.4000244140625, 1.0], [401.59692382812494, 397.5739135742187, 1.0], [390.97793579101557, 422.6372985839844, 1.0], [385.0784912109375, 436.34381103515636, 1.0], [380.7522583007813, 443.39288330078136, 1.0]], "head_box": [[304.75899999999996, 131.444], [410.161, 289.547]], "head_size": 158.10300000000004, "hand_box_center": [387.1107635498047, 422.8330993652344], "is_left": 1, "is_mpii": 0}