{"mpii_body_pts": [[0.0, 0.0, 0.0], [410.54, 285.678, 0.626595], [401.192, 244.226, 0.769424], [402.745, 106.478, 0.646281], [0.0, 0.0, 0.0], [0.0, 0.0, 0.0], [0.0, 0.0, 0.0], [0.0, 0.0, 0.0], [0.0, 0.0, 0.0], [0.0, 0.0, 0.0], [257.612, 317.769, 0.484418], [238.825, 432.032, 0.695], [318.475, 278.632, 0.599777], [502.605, 292.724, 0.653413], [566.64, 388.175, 0.78524], [549.468, 205.05, 0.307442]], "hand_pts": [[269.0, 304.0, 1.0], [260.0, 279.0, 1.0], [256.0, 253.0, 1.0], [262.20822143554693, 234.08181762695315, 1.0], [267.22521972656244, 217.55978393554685, 1.0], [269.0, 242.0, 1.0], [277.0, 218.0, 1.0], [287.0, 205.0, 1.0], [295.0, 193.0, 1.0], [283.0, 249.0, 1.0], [293.0, 221.0, 1.0], [300.0, 207.0, 1.0], [305.0, 195.0, 1.0], [295.0, 256.0, 1.0], [304.0, 232.0, 1.0], [312.0, 216.0, 1.0], [314.0, 204.0, 1.0], [308.0, 261.0, 1.0], [316.0, 240.0, 1.0], [320.0, 227.0, 1.0], [320.0, 217.0, 1.0]], "head_box": [[356.829, 106.478], [448.661, 244.226]], "head_size": 137.748, "hand_box_center": [288.0, 248.5], "is_left": 0, "is_mpii": 0}