{"mpii_body_pts": [[361.36199999999997, 500.8975, 0.30543699999999996], [375.42650000000003, 255.1155, 0.6790775], [368.384, 214.425, 0.789305], [354.332, 93.9006, 0.735187], [0.0, 0.0, 0.0], [0.0, 0.0, 0.0], [304.387, 494.628, 0.318907], [418.337, 507.167, 0.291967], [0.0, 0.0, 0.0], [0.0, 0.0, 0.0], [223.22, 306.773, 0.646265], [243.54, 386.628, 0.742444], [285.688, 253.541, 0.727735], [465.165, 256.69, 0.63042], [469.909, 410.119, 0.732331], [441.69, 311.497, 0.459755]], "hand_pts": [[436.97766113281256, 302.62286376953136, 1.0], [446.454345703125, 264.53857421874994, 1.0], [447.5072937011719, 252.6590576171875, 1.0], [449.96420288085943, 243.22534179687497, 1.0], [461.1958312988281, 231.69522094726565, 1.0], [431.7128295898438, 251.6108703613281, 1.0], [427.50097656249994, 235.1891937255859, 1.0], [419.77926635742193, 226.45426940917972, 1.0], [413.81246948242193, 213.17716979980466, 1.0], [419.4282531738281, 253.00846862792974, 1.0], [414.86541748046875, 239.73136901855472, 1.0], [410.653564453125, 229.94824218750003, 1.0], [406.79269409179693, 219.11692810058594, 1.0], [410.653564453125, 254.7554473876954, 1.0], [406.44171142578125, 241.47834777832034, 1.0], [403.9848022460937, 233.0928192138672, 1.0], [400.82589721679693, 221.91209411621094, 1.0], [402.2298583984375, 263.14099121093756, 1.0], [398.3689880371094, 250.21328735351562, 1.0], [396.61404418945324, 240.08076477050776, 1.0], [395.21011352539057, 229.5988464355469, 1.0]], "head_box": [[314.1572, 93.9006], [394.5068, 214.425]], "head_size": 120.52440000000001, "hand_box_center": [428.2029724121094, 257.900016784668], "is_left": 1, "is_mpii": 0}