{"mpii_body_pts": [[107.7065, 255.9195, 0.164578], [245.8675, 326.35699999999997, 0.46096], [263.825, 292.738, 0.734426], [293.502, 147.133, 0.586271], [0.0, 0.0, 0.0], [0.0, 0.0, 0.0], [215.413, 511.839, 0.329156], [0.0, 0.0, 0.0], [0.0, 0.0, 0.0], [0.0, 0.0, 0.0], [254.383, 466.457, 0.693245], [107.74, 469.584, 0.758424], [162.351, 316.185, 0.587178], [329.384, 336.529, 0.334742], [326.231, 453.895, 0.339486], [0.0, 0.0, 0.0]], "hand_pts": [[253.38500976562503, 468.8453674316406, 1.0], [264.5929260253906, 454.10244750976574, 1.0], [279.40338134765625, 441.750244140625, 1.0], [294.6141357421874, 442.54714965820307, 1.0], [304.6212158203125, 438.9610290527343, 1.0], [306.2223510742187, 453.7039794921874, 1.0], [319.431671142578, 450.1178588867188, 1.0], [327.0370483398438, 448.5240173339844, 1.0], [333.8418579101563, 446.5317382812499, 1.0], [305.8220520019531, 469.2438354492187, 1.0], [319.03140258789057, 467.64999389648443, 1.0], [325.836212158203, 462.0715942382812, 1.0], [326.63677978515625, 454.89935302734375, 1.0], [297.41613769531244, 484.3852233886719, 1.0], [311.0257263183594, 484.78369140624994, 1.0], [317.0299987792969, 482.79141235351557, 1.0], [319.83197021484375, 476.01760864257807, 1.0], [291.411865234375, 494.3466796875, 1.0], [302.6198120117188, 497.93280029296875, 1.0], [305.4217834472655, 494.74514770507807, 1.0], [306.2223510742187, 490.76055908203125, 1.0]], "head_box": [[244.967, 147.133], [342.03700000000003, 292.738]], "head_size": 145.605, "hand_box_center": [293.6134338378907, 468.44691467285156], "is_left": 0, "is_mpii": 0}