{"mpii_body_pts": [[142.8385, 253.5675, 0.1195095], [360.58799999999997, 242.60399999999998, 0.6911575], [357.48, 197.223, 0.718301], [343.374, 81.3848, 0.745211], [0.0, 0.0, 0.0], [0.0, 0.0, 0.0], [285.677, 507.135, 0.239019], [0.0, 0.0, 0.0], [0.0, 0.0, 0.0], [0.0, 0.0, 0.0], [229.409, 375.672, 0.644926], [251.336, 352.163, 0.586196], [277.837, 231.672, 0.697631], [443.339, 253.536, 0.684684], [415.25, 389.743, 0.713397], [344.982, 267.697, 0.483629]], "hand_pts": [[341.9898376464843, 266.9492797851563, 1.0], [349.58264160156256, 250.6591796875, 1.0], [345.4942321777344, 230.58744812011722, 1.0], [337.609375, 215.46092224121094, 1.0], [341.9898376464843, 204.40692138671878, 1.0], [324.1759643554688, 233.49639892578128, 1.0], [316.2911071777343, 214.00645446777344, 1.0], [313.66284179687506, 207.02497863769534, 1.0], [312.2026672363282, 201.78887939453125, 1.0], [316.2911071777343, 241.0596618652344, 1.0], [312.49472045898426, 219.24255371093747, 1.0], [311.61862182617193, 211.09750366210938, 1.0], [310.7425231933595, 203.82513427734378, 1.0], [314.2468872070313, 247.4593353271484, 1.0], [310.1584777832031, 224.18775939941406, 1.0], [309.5744018554688, 214.8791351318359, 1.0], [309.5744018554688, 207.02497863769534, 1.0], [313.66284179687506, 243.09591674804688, 1.0], [310.1584777832031, 227.67849731445318, 1.0], [309.28237915039057, 218.36987304687497, 1.0], [309.28237915039057, 212.2610778808594, 1.0]], "head_box": [[304.7612666666667, 81.3848], [381.98673333333335, 197.223]], "head_size": 115.83820000000001, "hand_box_center": [329.43251037597656, 234.36907958984378], "is_left": 1, "is_mpii": 0}