{"mpii_body_pts": [[0.0, 0.0, 0.0], [354.3215, 259.8465, 0.395632], [313.763, 247.284, 0.673264], [207.645, 159.642, 0.492021], [0.0, 0.0, 0.0], [0.0, 0.0, 0.0], [0.0, 0.0, 0.0], [0.0, 0.0, 0.0], [0.0, 0.0, 0.0], [0.0, 0.0, 0.0], [313.728, 281.805, 0.377218], [181.094, 330.207, 0.698565], [277.834, 300.528, 0.237137], [430.809, 219.165, 0.554127], [558.855, 330.298, 0.763535], [429.282, 288.009, 0.668113]], "hand_pts": [[424.0, 286.0, 1.0], [400.7795104980469, 277.0073547363281, 1.0], [380.9756774902343, 279.1585388183594, 1.0], [361.89199829101557, 296.00949096679693, 1.0], [353.97045898437494, 313.5774841308595, 1.0], [375.21456909179693, 280.23413085937494, 1.0], [357.21109008789057, 293.49975585937494, 1.0], [350.0097045898438, 307.84100341796875, 1.0], [348.9294738769531, 320.38958740234375, 1.0], [379.535400390625, 290.2729797363281, 1.0], [359.01144409179693, 304.614227294922, 1.0], [355.0506591796875, 319.6725158691406, 1.0], [357.21109008789057, 327.9187316894531, 1.0], [385.6565856933595, 299.5947875976563, 1.0], [369.4534606933595, 323.6163635253906, 1.0], [370.5336608886719, 334.73083496093744, 1.0], [373.41421508789057, 329.7113952636718, 1.0], [394.65832519531256, 318.2384033203125, 1.0], [380.9756774902343, 333.2966918945313, 1.0], [379.535400390625, 345.48675537109364, 1.0], [381.3357543945313, 341.90142822265625, 1.0]], "head_box": [[178.431, 159.642], [236.859, 247.284]], "head_size": 87.642, "hand_box_center": [386.46473693847656, 311.2470550537109], "is_left": 1, "is_mpii": 0}