{"mpii_body_pts": [[350.4515, 501.646, 0.2615965], [374.6615, 250.42700000000002, 0.5585184999999999], [362.152, 203.492, 0.732617], [315.288, 92.4048, 0.670114], [0.0, 0.0, 0.0], [0.0, 0.0, 0.0], [291.931, 499.298, 0.310256], [408.972, 503.994, 0.212937], [0.0, 0.0, 0.0], [0.0, 0.0, 0.0], [262.229, 342.717, 0.671793], [241.983, 381.866, 0.825373], [295.037, 244.193, 0.441136], [454.286, 256.661, 0.675901], [404.316, 369.361, 0.736994], [324.699, 259.824, 0.301717]], "hand_pts": [[264.10739135742193, 346.82641601562494, 1.0], [257.2559204101563, 332.2866516113281, 1.0], [257.2559204101563, 315.3730163574219, 1.0], [258.1495971679688, 299.0528564453125, 1.0], [252.19181823730472, 289.26077270507807, 1.0], [266.78839111328125, 313.8893737792969, 1.0], [272.7461853027344, 303.800537109375, 1.0], [278.1081848144532, 294.0084533691406, 1.0], [282.57653808593744, 285.4032592773437, 1.0], [273.93774414062494, 322.19781494140625, 1.0], [279.89550781249994, 310.62533569335943, 1.0], [285.55541992187494, 300.2397766113281, 1.0], [290.9174194335937, 290.15093994140625, 1.0], [281.0870666503906, 328.7258911132813, 1.0], [286.7469787597656, 318.0436096191407, 1.0], [290.9174194335937, 310.0318908691406, 1.0], [294.4920959472655, 301.1299743652344, 1.0], [288.83221435546875, 340.5950927734375, 1.0], [294.4920959472655, 329.0226135253906, 1.0], [297.76889038085943, 320.4174499511718, 1.0], [299.7927551269531, 311.19433593749994, 1.0]], "head_box": [[278.25893333333335, 92.4048], [352.3170666666667, 203.492]], "head_size": 111.0872, "hand_box_center": [275.9922866821289, 316.1148376464843], "is_left": 0, "is_mpii": 0}