{"mpii_body_pts": [[352.006, 479.7345, 0.2305515], [324.6895, 248.101, 0.6665075], [329.421, 206.684, 0.775218], [343.409, 79.8175, 0.666302], [0.0, 0.0, 0.0], [0.0, 0.0, 0.0], [298.144, 474.261, 0.200733], [405.868, 485.208, 0.26037], [0.0, 0.0, 0.0], [0.0, 0.0, 0.0], [284.096, 457.119, 0.707554], [204.502, 400.676, 0.751011], [232.595, 258.279, 0.70866], [416.784, 237.923, 0.624355], [469.837, 381.923, 0.789887], [435.51, 281.729, 0.608787]], "hand_pts": [[445.0, 286.0, 1.0], [446.7012634277344, 270.01885986328125, 1.0], [436.8560485839844, 243.24871826171872, 1.0], [436.4773864746093, 223.2653656005859, 1.0], [443.6719665527344, 210.44584655761724, 1.0], [441.02133178710926, 242.11758422851557, 1.0], [415.65093994140625, 233.82260131835943, 1.0], [416.0296020507813, 239.10122680664065, 1.0], [422.84552001953136, 239.478271484375, 1.0], [433.82675170898426, 250.78959655761722, 1.0], [409.5923461914063, 243.62576293945312, 1.0], [411.1069946289063, 250.78959655761722, 1.0], [416.0296020507813, 249.65846252441406, 1.0], [429.66146850585943, 263.2320556640625, 1.0], [406.5630493164063, 254.56004333496094, 1.0], [408.4563598632812, 260.59274291992193, 1.0], [413.0003051757813, 260.59274291992193, 1.0], [420.95220947265625, 272.2811279296874, 1.0], [405.8057250976563, 262.8550109863281, 1.0], [405.8057250976563, 265.871368408203, 1.0], [408.4563598632812, 268.5106811523438, 1.0]], "head_box": [[301.12016666666665, 79.8175], [385.69783333333334, 206.684]], "head_size": 126.8665, "hand_box_center": [426.2534942626953, 248.22292327880862], "is_left": 1, "is_mpii": 0}