{"mpii_body_pts": [[152.197, 248.8735, 0.102839], [344.9895, 248.85399999999998, 0.7565124999999999], [330.965, 203.476, 0.763137], [304.329, 92.3596, 0.727554], [0.0, 0.0, 0.0], [0.0, 0.0, 0.0], [304.394, 497.747, 0.205678], [0.0, 0.0, 0.0], [0.0, 0.0, 0.0], [0.0, 0.0, 0.0], [281.001, 261.41, 0.67387], [241.914, 372.528, 0.779297], [256.029, 255.147, 0.805398], [433.95, 242.561, 0.707627], [482.351, 380.281, 0.813632], [405.915, 385.03, 0.661214]], "hand_pts": [[290.2549743652344, 257.58642578124994, 1.0], [301.26037597656244, 247.80899047851565, 1.0], [320.89160156249994, 230.9207305908203, 1.0], [329.5174255371094, 224.9950103759766, 1.0], [337.8458251953126, 215.81016540527344, 1.0], [304.2348022460937, 213.14360046386713, 1.0], [327.1543273925781, 210.84686279296872, 1.0], [326.7497863769532, 219.30372619628906, 1.0], [317.8496398925781, 219.70642089843753, 1.0], [298.88082885742193, 221.43959045410153, 1.0], [325.5361328124999, 225.74703979492185, 1.0], [326.7497863769532, 231.78764343261722, 1.0], [317.4450988769531, 231.38493347167974, 1.0], [298.28594970703125, 232.99472045898443, 1.0], [321.4906005859375, 236.21742248535156, 1.0], [321.8951721191406, 241.0499114990234, 1.0], [312.9950256347657, 240.24449157714838, 1.0], [299.7731628417969, 242.47586059570312, 1.0], [317.4450988769531, 245.07698059082028, 1.0], [313.80413818359375, 248.70133972167972, 1.0], [309.88619995117176, 248.994140625, 1.0]], "head_box": [[267.2902, 92.3596], [341.3678, 203.476]], "head_size": 111.1164, "hand_box_center": [314.0503997802735, 234.21664428710932], "is_left": 0, "is_mpii": 0}