{"mpii_body_pts": [[209.161, 262.9515, 0.114012], [348.127, 277.0485, 0.6646485], [355.889, 219.131, 0.756346], [343.383, 79.8213, 0.618224], [0.0, 0.0, 0.0], [0.0, 0.0, 0.0], [0.0, 0.0, 0.0], [418.322, 525.903, 0.228024], [0.0, 0.0, 0.0], [0.0, 0.0, 0.0], [256.065, 431.964, 0.676053], [193.619, 431.996, 0.797134], [240.413, 280.18, 0.68025], [455.841, 273.917, 0.649047], [519.816, 435.154, 0.73409], [418.292, 339.622, 0.749728]], "hand_pts": [[424.4773254394531, 342.5249938964844, 1.0], [414.81774902343756, 320.38751220703125, 1.0], [408.3780212402343, 300.81668090820307, 1.0], [394.21063232421875, 299.2124938964844, 1.0], [393.2446594238282, 310.76251220703125, 1.0], [388.0928955078125, 293.1166687011719, 1.0], [372.6375732421874, 291.8333435058594, 1.0], [388.0928955078125, 301.4583435058594, 1.0], [393.2446594238282, 306.59167480468744, 1.0], [381.3311767578124, 303.38333129882807, 1.0], [368.12976074218744, 300.4958190917969, 1.0], [376.82339477539057, 309.47915649414057, 1.0], [385.19500732421875, 313.00833129882807, 1.0], [374.2474975585937, 314.6124877929688, 1.0], [363.29995727539057, 314.29165649414057, 1.0], [371.99359130859364, 321.3500061035157, 1.0], [378.4333190917968, 323.91665649414057, 1.0], [372.9595642089843, 327.4458312988281, 1.0], [366.1978454589843, 330.6541748046875, 1.0], [374.2474975585937, 336.4291687011718, 1.0], [384.22906494140625, 337.0708312988281, 1.0]], "head_box": [[296.9464333333333, 79.8213], [389.8195666666667, 219.131]], "head_size": 139.30970000000002, "hand_box_center": [393.8886413574219, 317.1791687011719], "is_left": 1, "is_mpii": 0}