{"mpii_body_pts": [[199.8035, 237.128, 0.116425], [380.89, 238.685, 0.7199735], [376.204, 198.791, 0.70094], [359.035, 81.3774, 0.690714], [0.0, 0.0, 0.0], [0.0, 0.0, 0.0], [0.0, 0.0, 0.0], [399.607, 474.256, 0.23285], [0.0, 0.0, 0.0], [0.0, 0.0, 0.0], [243.547, 369.355, 0.591341], [243.558, 311.5, 0.666882], [293.501, 222.278, 0.742189], [468.279, 255.092, 0.697758], [505.748, 380.292, 0.774189], [465.117, 355.366, 0.684955]], "hand_pts": [[236.43211364746097, 335.0321044921874, 1.0], [245.83392333984375, 338.05316162109375, 1.0], [259.1784362792969, 349.2310180664062, 1.0], [262.5145568847657, 367.0551452636719, 1.0], [270.85797119140636, 379.59402465820307, 1.0], [245.24336242675773, 351.71136474609364, 1.0], [246.60946655273443, 363.6124877929688, 1.0], [256.51379394531244, 374.15350341796875, 1.0], [264.3689575195313, 386.0546264648438, 1.0], [236.02209472656247, 358.1719665527344, 1.0], [237.38821411132815, 378.9139709472655, 1.0], [243.1941833496094, 396.93566894531244, 1.0], [251.04934692382812, 412.91720581054693, 1.0], [227.94013977050778, 356.78359985351557, 1.0], [225.7762451171875, 378.9139709472655, 1.0], [226.4593048095703, 396.255615234375, 1.0], [228.1669464111328, 412.91720581054693, 1.0], [220.35804748535162, 354.97097778320307, 1.0], [217.57955932617182, 367.3528442382813, 1.0], [214.16427612304685, 387.7547912597657, 1.0], [207.33370971679688, 402.37619018554693, 1.0]], "head_box": [[319.8971333333334, 81.3774], [398.17286666666666, 198.791]], "head_size": 117.4136, "hand_box_center": [239.09584045410162, 373.9746551513672], "is_left": 0, "is_mpii": 0}