{"mpii_body_pts": [[199.8035, 237.128, 0.116425], [380.89, 238.685, 0.7199735], [376.204, 198.791, 0.70094], [359.035, 81.3774, 0.690714], [0.0, 0.0, 0.0], [0.0, 0.0, 0.0], [0.0, 0.0, 0.0], [399.607, 474.256, 0.23285], [0.0, 0.0, 0.0], [0.0, 0.0, 0.0], [243.547, 369.355, 0.591341], [243.558, 311.5, 0.666882], [293.501, 222.278, 0.742189], [468.279, 255.092, 0.697758], [505.748, 380.292, 0.774189], [465.117, 355.366, 0.684955]], "hand_pts": [[451.7434387207031, 353.4968566894531, 1.0], [436.88250732421875, 348.9652709960937, 1.0], [411.40661621093744, 362.5599670410156, 1.0], [401.3982543945313, 378.57150268554693, 1.0], [398.668701171875, 388.5409240722656, 1.0], [409.5869140624999, 368.29995727539057, 1.0], [398.668701171875, 384.6135864257813, 1.0], [396.84896850585943, 392.16616821289057, 1.0], [396.24240112304705, 400.32299804687494, 1.0], [412.6197509765625, 377.66516113281256, 1.0], [399.27526855468744, 394.8851013183594, 1.0], [391.08657836914057, 407.573486328125, 1.0], [385.32418823242193, 416.6366271972656, 1.0], [423.5379943847657, 387.6346130371094, 1.0], [413.83288574218744, 404.8545532226563, 1.0], [407.16064453125006, 415.1260986328125, 1.0], [401.70153808593744, 423.2828979492187, 1.0], [436.57922363281256, 390.0514526367188, 1.0], [436.2759399414062, 402.43771362304693, 1.0], [435.6693725585937, 411.50085449218744, 1.0], [435.06280517578136, 419.35556030273443, 1.0]], "head_box": [[319.8971333333334, 81.3774], [398.17286666666666, 198.791]], "head_size": 117.4136, "hand_box_center": [418.5338134765625, 386.1240844726562], "is_left": 1, "is_mpii": 0}