{"mpii_body_pts": [[0.0, 0.0, 0.0], [381.6305, 264.553, 0.655971], [380.835, 241.06, 0.643761], [352.791, 95.5071, 0.616697], [0.0, 0.0, 0.0], [0.0, 0.0, 0.0], [0.0, 0.0, 0.0], [0.0, 0.0, 0.0], [0.0, 0.0, 0.0], [0.0, 0.0, 0.0], [284.099, 419.53, 0.634585], [218.577, 414.745, 0.722571], [277.815, 259.817, 0.66013], [485.446, 269.289, 0.651812], [483.925, 441.355, 0.731304], [407.443, 319.376, 0.755983]], "hand_pts": [[292.0, 418.0, 1.0], [318.46820068359375, 430.1441650390626, 1.0], [325.60101318359375, 444.3473205566406, 1.0], [325.60101318359375, 462.8903198242187, 1.0], [325.60101318359375, 474.3317565917969, 1.0], [329.563690185547, 461.31219482421875, 1.0], [334.71514892578125, 481.0387878417969, 1.0], [339.0740966796875, 497.609130859375, 1.0], [342.6405029296875, 510.6286926269532, 1.0], [316.0, 462.0, 1.0], [320.0, 486.0, 1.0], [327.58233642578125, 505.10522460937506, 1.0], [334.71514892578125, 521.6755981445312, 1.0], [303.41003417968744, 466.4411010742187, 1.0], [308.165252685547, 487.35128784179693, 1.0], [314.9017944335937, 507.472412109375, 1.0], [320.84579467773443, 519.3084106445312, 1.0], [287.9555969238281, 469.5973510742187, 1.0], [294.29586791992193, 484.9841003417969, 1.0], [299.8436279296875, 496.820068359375, 1.0], [306.5801696777344, 509.0505676269532, 1.0]], "head_box": [[304.2733666666667, 95.5071], [401.3086333333333, 241.06]], "head_size": 145.55290000000002, "hand_box_center": [315.2980499267578, 469.8377990722656], "is_left": 0, "is_mpii": 0}