{"mpii_body_pts": [[203.719, 245.7415, 0.132858], [349.6805, 245.7055, 0.7161325000000001], [349.631, 197.215, 0.718448], [335.628, 86.1148, 0.635885], [0.0, 0.0, 0.0], [0.0, 0.0, 0.0], [0.0, 0.0, 0.0], [407.438, 491.483, 0.265716], [0.0, 0.0, 0.0], [0.0, 0.0, 0.0], [280.927, 356.82, 0.83765], [209.201, 380.325, 0.796091], [256.008, 248.848, 0.713517], [443.353, 242.563, 0.718748], [480.81, 380.277, 0.838378], [407.404, 297.371, 0.645774]], "hand_pts": [[297.86431884765625, 351.94586181640636, 1.0], [291.876953125, 348.0893249511718, 1.0], [283.776397705078, 344.9339904785155, 1.0], [278.8456115722656, 350.1928710937501, 1.0], [272.8582153320313, 365.6189575195313, 1.0], [296.80773925781244, 365.26837158203125, 1.0], [311.9522705078125, 372.63082885742193, 1.0], [320.05282592773443, 376.8379516601563, 1.0], [325.68801879882807, 382.09683227539057, 1.0], [309.839080810547, 361.411865234375, 1.0], [319.7006530761719, 367.72253417968744, 1.0], [330.26660156249994, 372.9814147949219, 1.0], [336.2539672851563, 378.9414978027344, 1.0], [317.5874633789063, 356.8541564941406, 1.0], [328.8578186035157, 364.21661376953125, 1.0], [337.31057739257807, 366.6707458496094, 1.0], [344.7067565917969, 371.22845458984375, 1.0], [322.8704223632813, 353.6988220214844, 1.0], [329.56219482421875, 357.5553283691406, 1.0], [336.9583740234375, 359.65890502929693, 1.0], [341.88916015625, 362.46362304687494, 1.0]], "head_box": [[298.5946, 86.1148], [372.66139999999996, 197.215]], "head_size": 111.1002, "hand_box_center": [308.78248596191406, 363.515411376953], "is_left": 0, "is_mpii": 0}