{"mpii_body_pts": [[0.0, 0.0, 0.0], [312.988, 258.2465, 0.6962915000000001], [304.333, 241.067, 0.674631], [295.003, 107.988, 0.694792], [0.0, 0.0, 0.0], [0.0, 0.0, 0.0], [0.0, 0.0, 0.0], [0.0, 0.0, 0.0], [0.0, 0.0, 0.0], [0.0, 0.0, 0.0], [315.268, 289.583, 0.693705], [240.385, 388.177, 0.739686], [220.105, 277.047, 0.725399], [405.871, 239.446, 0.667184], [471.417, 356.909, 0.824022], [396.495, 380.376, 0.745072]], "hand_pts": [[324.3076171875, 287.3349609375, 1.0], [343.3728332519531, 280.16262817382824, 1.0], [354.1936340332031, 275.03955078124994, 1.0], [369.1366271972656, 271.9656982421874, 1.0], [385.11016845703125, 269.1479797363282, 1.0], [353.6783447265625, 258.9018249511718, 1.0], [361.6651306152344, 248.91178894042974, 1.0], [370.9400939941406, 239.6902313232422, 1.0], [377.38104248046875, 230.72482299804685, 1.0], [347.4950256347657, 258.9018249511718, 1.0], [358.3158264160156, 243.53254699707034, 1.0], [365.5296936035157, 234.567138671875, 1.0], [372.0, 226.0, 1.0], [340.79644775390625, 260.95104980468744, 1.0], [347.4950256347657, 244.30101013183594, 1.0], [353.16305541992193, 232.5178985595703, 1.0], [356.76998901367193, 224.06480407714838, 1.0], [333.8402099609375, 261.4633483886718, 1.0], [337.1895141601563, 249.93640136718753, 1.0], [341.56936645507807, 242.7640838623047, 1.0], [344.6610107421874, 236.87252807617188, 1.0]], "head_box": [[250.64333333333332, 107.988], [339.36266666666666, 241.067]], "head_size": 133.079, "hand_box_center": [354.7088928222656, 255.6998825073242], "is_left": 0, "is_mpii": 0}