{"mpii_body_pts": [[152.9755, 241.058, 0.1149575], [336.389, 249.6005, 0.732568], [330.971, 209.715, 0.726375], [326.244, 90.7921, 0.692986], [0.0, 0.0, 0.0], [0.0, 0.0, 0.0], [305.951, 482.116, 0.229915], [0.0, 0.0, 0.0], [0.0, 0.0, 0.0], [0.0, 0.0, 0.0], [316.857, 353.732, 0.743369], [227.892, 405.313, 0.755364], [243.58, 255.072, 0.716239], [429.198, 244.129, 0.748897], [472.951, 358.43, 0.771652], [405.92, 255.087, 0.883061]], "hand_pts": [[331.3924865722656, 351.0428771972657, 1.0], [327.76416015625, 344.97100830078125, 1.0], [329.79602050781244, 345.40472412109375, 1.0], [339.0845336914063, 343.52532958984375, 1.0], [348.5181579589842, 340.48937988281244, 1.0], [354.033203125, 357.9821472167969, 1.0], [371.4248046875, 351.39990234375006, 1.0], [379.99426269531256, 348.07415771484375, 1.0], [390.97451782226557, 345.0076904296875, 1.0], [360.5383300781249, 351.2899475097657, 1.0], [378.144256591797, 345.02319335937494, 1.0], [390.31640624999994, 340.0556945800781, 1.0], [399.8188171386719, 334.8116149902343, 1.0], [365.49868774414057, 345.2601318359375, 1.0], [379.27160644531244, 341.08917236328125, 1.0], [389.2744445800781, 335.6868896484375, 1.0], [400.4046020507813, 328.39288330078136, 1.0], [366.67047119140636, 340.9397888183594, 1.0], [380.59252929687494, 337.59802246093744, 1.0], [388.4296875, 333.55010986328125, 1.0], [394.08987426757807, 328.9239501953125, 1.0]], "head_box": [[286.60303333333337, 90.7921], [365.8849666666667, 209.715]], "head_size": 118.9229, "hand_box_center": [364.0843811035156, 343.1875152587891], "is_left": 0, "is_mpii": 0}