{"mpii_body_pts": [[0.0, 0.0, 0.0], [341.0435, 264.525, 0.633467], [330.881, 239.492, 0.726999], [327.815, 81.3685, 0.565951], [0.0, 0.0, 0.0], [0.0, 0.0, 0.0], [0.0, 0.0, 0.0], [0.0, 0.0, 0.0], [0.0, 0.0, 0.0], [0.0, 0.0, 0.0], [257.575, 410.103, 0.591047], [229.466, 435.144, 0.661516], [240.383, 277.046, 0.648647], [441.704, 252.004, 0.618287], [440.181, 428.833, 0.785476], [380.913, 342.746, 0.340301]], "hand_pts": [[376.0, 325.0, 1.0], [375.65045166015636, 305.4201049804687, 1.0], [363.3421936035157, 275.5469665527344, 1.0], [350.64932250976574, 264.82327270507807, 1.0], [337.1871643066406, 258.6954345703125, 1.0], [358.34197998046875, 288.9515686035156, 1.0], [344.8798217773438, 274.01501464843744, 1.0], [332.5715942382812, 267.8871765136719, 1.0], [323.7250366210937, 262.9083251953125, 1.0], [351.80322265625, 296.611358642578, 1.0], [336.41790771484375, 280.90881347656244, 1.0], [329.879150390625, 272.10006713867193, 1.0], [320.26333618164057, 263.67428588867193, 1.0], [342.95666503906256, 307.3350524902343, 1.0], [330.64840698242193, 292.01550292968744, 1.0], [320.26333618164057, 277.8449096679688, 1.0], [314.10919189453136, 265.9722290039063, 1.0], [334.49475097656244, 314.99484252929693, 1.0], [322.57113647460926, 297.3773498535156, 1.0], [316.8016357421874, 286.2706604003906, 1.0], [313.3399353027344, 274.7809753417969, 1.0]], "head_box": [[275.10716666666667, 81.3685], [380.5228333333333, 239.492]], "head_size": 158.12349999999998, "hand_box_center": [344.6699676513672, 291.84771728515625], "is_left": 1, "is_mpii": 0}