{"mpii_body_pts": [[346.5295, 514.158, 0.340062], [298.93, 276.278, 0.629201], [301.289, 253.525, 0.594194], [293.46, 97.0768, 0.587417], [0.0, 0.0, 0.0], [0.0, 0.0, 0.0], [280.966, 510.257, 0.275071], [412.093, 518.059, 0.405053], [0.0, 0.0, 0.0], [0.0, 0.0, 0.0], [315.278, 455.415, 0.731057], [191.95, 483.642, 0.713901], [193.601, 306.791, 0.628869], [404.259, 245.765, 0.629533], [460.473, 416.331, 0.677284], [463.583, 341.213, 0.767099]], "hand_pts": [[456.2641906738282, 344.93749999999994, 1.0], [445.316650390625, 321.8374938964844, 1.0], [441.7748107910156, 305.1541748046875, 1.0], [447.2485656738282, 293.6041564941406, 1.0], [464.31384277343756, 289.1124877929688, 1.0], [454.0102844238282, 281.4125061035156, 1.0], [461.41595458984375, 263.4458312988281, 1.0], [467.85568237304705, 248.6875, 1.0], [475.5833435058594, 235.21250915527344, 1.0], [467.53369140624994, 291.0375061035156, 1.0], [471.39752197265625, 285.26251220703125, 1.0], [460.45001220703125, 301.625, 1.0], [452.07836914062494, 312.8541564941406, 1.0], [478.4812316894531, 296.4916687011718, 1.0], [482.34506225585943, 292.64166259765636, 1.0], [470.10958862304705, 305.7958374023437, 1.0], [460.77197265624994, 318.62918090820307, 1.0], [487.49682617187494, 310.6083374023437, 1.0], [492.004638671875, 301.625, 1.0], [479.76916503906256, 311.5708312988281, 1.0], [469.4656066894532, 318.62918090820307, 1.0]], "head_box": [[241.3106, 97.0768], [345.6094, 253.525]], "head_size": 156.44819999999999, "hand_box_center": [466.8897247314453, 290.0750045776367], "is_left": 1, "is_mpii": 0}