{"mpii_body_pts": [[350.4515, 501.646, 0.2615965], [374.6615, 250.42700000000002, 0.5585184999999999], [362.152, 203.492, 0.732617], [315.288, 92.4048, 0.670114], [0.0, 0.0, 0.0], [0.0, 0.0, 0.0], [291.931, 499.298, 0.310256], [408.972, 503.994, 0.212937], [0.0, 0.0, 0.0], [0.0, 0.0, 0.0], [262.229, 342.717, 0.671793], [241.983, 381.866, 0.825373], [295.037, 244.193, 0.441136], [454.286, 256.661, 0.675901], [404.316, 369.361, 0.736994], [324.699, 259.824, 0.301717]], "hand_pts": [[323.0267944335937, 256.8946838378907, 1.0], [332.85711669921875, 246.21240234375, 1.0], [334.34658813476574, 223.66090393066406, 1.0], [320.94155883789057, 211.19822692871097, 1.0], [310.21752929687494, 207.93418884277347, 1.0], [314.98376464843744, 212.08842468261724, 1.0], [312.00488281250006, 190.4271087646484, 1.0], [309.02597045898426, 175.2938690185547, 1.0], [307.23864746093744, 166.98542785644537, 1.0], [304.5576477050781, 216.24264526367185, 1.0], [296.51461791992193, 195.76824951171878, 1.0], [291.4505004882812, 181.52520751953128, 1.0], [288.4716186523437, 170.54618835449222, 1.0], [299.1956481933595, 224.25436401367188, 1.0], [292.64205932617193, 200.21920776367185, 1.0], [289.6631774902343, 188.35000610351565, 1.0], [289.0673828125, 179.15136718750003, 1.0], [297.4082946777344, 234.9366455078125, 1.0], [299.79141235351557, 219.2099456787109, 1.0], [304.8555297851563, 220.693603515625, 1.0], [308.43020629882807, 224.25436401367188, 1.0]], "head_box": [[278.25893333333335, 92.4048], [352.3170666666667, 203.492]], "head_size": 111.0872, "hand_box_center": [311.4091033935547, 211.94005584716803], "is_left": 1, "is_mpii": 0}