{"mpii_body_pts": [[326.25300000000004, 482.879, 0.287065], [325.4575, 255.1245, 0.702135], [329.376, 217.619, 0.753513], [343.449, 92.3875, 0.724772], [0.0, 0.0, 0.0], [0.0, 0.0, 0.0], [268.521, 483.641, 0.344523], [383.985, 482.117, 0.229607], [0.0, 0.0, 0.0], [0.0, 0.0, 0.0], [230.964, 442.987, 0.775602], [193.528, 380.297, 0.770013], [229.433, 255.186, 0.721598], [421.482, 255.063, 0.682672], [447.996, 380.339, 0.660353], [416.746, 372.529, 0.606974]], "hand_pts": [[398.56930541992193, 373.1873168945313, 1.0], [395.4929504394531, 365.52636718749994, 1.0], [401.03039550781244, 345.914276123047, 1.0], [400.10748291015636, 332.73739624023426, 1.0], [405.6449279785156, 322.62493896484375, 1.0], [409.0289306640625, 354.18811035156244, 1.0], [401.6456604003907, 357.25250244140625, 1.0], [392.4165954589842, 358.17181396484375, 1.0], [384.72570800781244, 357.55895996093744, 1.0], [406.87548828125, 371.96157836914057, 1.0], [387.49441528320307, 370.42938232421875, 1.0], [374.57373046874994, 369.5100708007813, 1.0], [363.1911926269531, 367.6714172363281, 1.0], [401.95330810546875, 382.38049316406256, 1.0], [376.72717285156244, 381.1547241210938, 1.0], [364.1141052246094, 376.25170898437494, 1.0], [354.57739257812494, 372.2680053710937, 1.0], [396.1082153320313, 390.6543273925781, 1.0], [386.26388549804693, 386.97705078124994, 1.0], [383.18753051757807, 383.9126892089843, 1.0], [380.72644042968744, 380.8482971191407, 1.0]], "head_box": [[301.7051666666667, 92.3875], [385.19283333333334, 217.619]], "head_size": 125.2315, "hand_box_center": [381.80316162109375, 356.63963317871094], "is_left": 1, "is_mpii": 0}