{"mpii_body_pts": [[0.0, 0.0, 0.0], [335.57, 280.947, 0.417378], [296.561, 267.664, 0.68205], [193.58, 181.58, 0.520442], [0.0, 0.0, 0.0], [0.0, 0.0, 0.0], [0.0, 0.0, 0.0], [0.0, 0.0, 0.0], [0.0, 0.0, 0.0], [0.0, 0.0, 0.0], [266.903, 305.232, 0.224774], [176.38, 338.103, 0.653884], [266.899, 314.607, 0.241712], [404.241, 247.287, 0.593044], [529.165, 344.346, 0.719039], [380.848, 369.424, 0.724742]], "hand_pts": [[382.0, 373.0, 1.0], [371.2898864746094, 393.052001953125, 1.0], [373.16748046875006, 413.61700439453136, 1.0], [365.65719604492193, 434.1819763183594, 1.0], [369.787841796875, 446.1470642089844, 1.0], [336.36712646484375, 409.13009643554693, 1.0], [335.99160766601557, 434.1819763183594, 1.0], [346.1304626464844, 449.13833618164057, 1.0], [356.2693481445313, 458.1121520996094, 1.0], [332.98748779296875, 406.5127258300781, 1.0], [331.4854431152344, 437.54718017578136, 1.0], [337.86917114257807, 454.7469787597656, 1.0], [341.9998168945313, 462.9729919433594, 1.0], [339.3712158203125, 407.2605285644531, 1.0], [337.1181335449219, 437.54718017578136, 1.0], [343.5018920898438, 453.625244140625, 1.0], [352.13870239257807, 462.9729919433594, 1.0], [347.2570190429687, 409.13009643554693, 1.0], [345.7549743652344, 432.6863403320313, 1.0], [349.8856201171875, 440.91235351562494, 1.0], [357.39590454101557, 446.52099609375006, 1.0]], "head_box": [[164.88533333333336, 181.58], [222.27466666666666, 267.664]], "head_size": 86.08399999999997, "hand_box_center": [356.7427215576172, 417.9864959716797], "is_left": 1, "is_mpii": 0}