{"mpii_body_pts": [[142.8295, 256.6975, 0.1239075], [282.5225, 265.283, 0.6456504999999999], [293.441, 241.033, 0.652209], [288.776, 93.8584, 0.563752], [0.0, 0.0, 0.0], [0.0, 0.0, 0.0], [285.659, 513.395, 0.247815], [0.0, 0.0, 0.0], [0.0, 0.0, 0.0], [0.0, 0.0, 0.0], [268.451, 444.473, 0.671306], [167.027, 464.882, 0.695302], [179.503, 294.229, 0.652975], [385.542, 236.337, 0.638326], [494.804, 369.343, 0.763483], [466.711, 255.171, 0.742248]], "hand_pts": [[463.0, 259.0, 1.0], [448.72430419921875, 248.67422485351562, 1.0], [449.1176147460937, 231.44316101074216, 1.0], [462.8829650878906, 227.13539123535153, 1.0], [474.6818237304688, 221.26116943359378, 1.0], [451.4773864746093, 208.33787536621094, 1.0], [467.60250854492193, 202.85525512695312, 1.0], [483.7276306152344, 198.93910217285153, 1.0], [495.91979980468744, 195.80618286132812, 1.0], [480.18798828125, 212.2540283203125, 1.0], [470.35559082031256, 229.09347534179688, 1.0], [464.45614624023426, 229.48509216308594, 1.0], [462.48965454101557, 225.96055603027344, 1.0], [491.20025634765625, 219.30310058593753, 1.0], [474.2885437011718, 237.70899963378906, 1.0], [468.78240966796875, 234.57608032226562, 1.0], [472.3220520019531, 230.268310546875, 1.0], [490.0203857421874, 233.00962829589838, 1.0], [481.7611694335937, 242.80000305175778, 1.0], [474.6818237304688, 242.80000305175778, 1.0], [476.2550048828125, 239.6670837402344, 1.0]], "head_box": [[239.7178, 93.8584], [337.8342, 241.033]], "head_size": 147.1746, "hand_box_center": [472.3220520019531, 227.40309143066406], "is_left": 1, "is_mpii": 0}