{"mpii_body_pts": [[351.2175, 506.34749999999997, 0.25538], [354.35400000000004, 243.4225, 0.6210815000000001], [357.475, 206.596, 0.779502], [355.875, 90.7597, 0.72029], [0.0, 0.0, 0.0], [0.0, 0.0, 0.0], [296.595, 505.55, 0.263992], [405.84, 507.145, 0.246768], [0.0, 0.0, 0.0], [0.0, 0.0, 0.0], [251.32, 305.211, 0.371866], [213.87, 381.953, 0.761703], [270.062, 244.204, 0.673612], [438.646, 242.641, 0.568551], [480.714, 358.436, 0.825657], [430.785, 244.15, 0.623683]], "hand_pts": [[428.22186279296875, 237.70097351074216, 1.0], [425.7718811035157, 221.22781372070312, 1.0], [411.0718688964844, 202.314208984375, 1.0], [402.19061279296875, 195.90797424316403, 1.0], [389.6343688964844, 188.28152465820315, 1.0], [413.82812499999994, 198.3484497070313, 1.0], [394.22811889648426, 188.5865783691406, 1.0], [382.28436279296875, 187.3663482666016, 1.0], [371.56561279296875, 187.6714019775391, 1.0], [408.0093688964844, 205.3647918701172, 1.0], [392.6968688964844, 195.6029205322266, 1.0], [379.22186279296875, 194.99279785156253, 1.0], [370.3406372070313, 195.29786682128906, 1.0], [404.3343811035157, 213.2963104248047, 1.0], [386.265625, 202.0091400146484, 1.0], [374.6281127929687, 204.75466918945312, 1.0], [367.890625, 209.33055114746094, 1.0], [399.7406311035157, 220.92276000976562, 1.0], [386.8781127929687, 218.78735351562503, 1.0], [380.14062500000006, 218.78735351562503, 1.0], [376.1593627929688, 220.6177062988281, 1.0]], "head_box": [[317.2629, 90.7597], [394.4871, 206.596]], "head_size": 115.83630000000001, "hand_box_center": [398.0562438964844, 212.53366088867188], "is_left": 1, "is_mpii": 0}