{"mpii_body_pts": [[341.85900000000004, 483.648, 0.28463700000000003], [340.3195, 263.72950000000003, 0.614403], [349.665, 244.247, 0.707674], [357.448, 118.928, 0.718231], [0.0, 0.0, 0.0], [0.0, 0.0, 0.0], [288.796, 472.684, 0.272207], [394.922, 494.612, 0.297067], [0.0, 0.0, 0.0], [0.0, 0.0, 0.0], [207.604, 356.887, 0.461523], [202.939, 397.594, 0.718679], [246.673, 261.378, 0.617278], [433.966, 266.081, 0.611528], [468.307, 406.924, 0.841212], [424.591, 349.018, 0.768716]], "hand_pts": [[214.8327178955078, 364.9096984863281, 1.0], [208.8741912841797, 349.411865234375, 1.0], [204.5708160400391, 328.9679565429687, 1.0], [204.5708160400391, 314.78909301757807, 1.0], [190.99864196777347, 305.8860778808594, 1.0], [212.84654235839844, 330.61663818359375, 1.0], [225.75666809082028, 314.12960815429693, 1.0], [233.03930664062503, 303.9076538085937, 1.0], [239.65988159179685, 295.66412353515636, 1.0], [223.77049255371094, 339.51965332031256, 1.0], [237.0, 319.0, 1.0], [245.0, 306.0, 1.0], [252.0, 294.0, 1.0], [234.0, 346.0, 1.0], [247.0, 326.0, 1.0], [255.0, 314.0, 1.0], [261.0, 303.0, 1.0], [245.0, 350.0, 1.0], [254.0, 333.0, 1.0], [258.0, 325.0, 1.0], [262.0, 315.0, 1.0]], "head_box": [[315.67499999999995, 118.928], [399.221, 244.247]], "head_size": 125.31900000000002, "hand_box_center": [226.49932098388672, 329.45484924316406], "is_left": 0, "is_mpii": 0}