{"mpii_body_pts": [[347.2975, 525.1279999999999, 0.2270305], [312.214, 285.668, 0.6269685], [309.092, 245.784, 0.630123], [327.79, 101.706, 0.60115], [0.0, 0.0, 0.0], [0.0, 0.0, 0.0], [291.895, 525.919, 0.221987], [402.7, 524.337, 0.232074], [0.0, 0.0, 0.0], [0.0, 0.0, 0.0], [277.845, 339.622, 0.601779], [188.844, 446.102, 0.7289], [206.04, 298.95, 0.610615], [418.388, 272.386, 0.643322], [494.876, 424.168, 0.640221], [443.277, 380.343, 0.536148]], "hand_pts": [[472.0, 385.0, 1.0], [461.47811889648426, 382.6632385253906, 1.0], [446.865234375, 381.1316223144532, 1.0], [421.4849853515625, 382.2803344726562, 1.0], [401.4884033203125, 376.5367431640625, 1.0], [451.09527587890625, 373.0906066894532, 1.0], [441.09698486328125, 371.55895996093744, 1.0], [437.63604736328125, 363.1350402832031, 1.0], [432.63690185546875, 353.1794738769532, 1.0], [457.63262939453136, 377.3025512695313, 1.0], [453.402587890625, 385.7265014648437, 1.0], [451.09527587890625, 391.0871887207031, 1.0], [447.63433837890625, 397.9794921875, 1.0], [474.5527954101563, 389.55554199218744, 1.0], [469.1690979003906, 399.51110839843744, 1.0], [465.3236083984375, 407.1692199707031, 1.0], [462.2472229003906, 417.8905944824219, 1.0], [481.4746704101563, 400.6598205566407, 1.0], [474.16824340820307, 416.3589782714843, 1.0], [468.3999938964844, 425.9316101074219, 1.0], [467.24633789062494, 436.2700805664063, 1.0]], "head_box": [[279.764, 101.706], [375.81600000000003, 245.784]], "head_size": 144.07799999999997, "hand_box_center": [441.4815368652344, 394.72477722167974], "is_left": 1, "is_mpii": 0}