{"mpii_body_pts": [[0.0, 0.0, 0.0], [363.7115, 284.869, 0.5673235000000001], [366.814, 217.524, 0.687021], [366.826, 81.3755, 0.655155], [0.0, 0.0, 0.0], [0.0, 0.0, 0.0], [0.0, 0.0, 0.0], [0.0, 0.0, 0.0], [0.0, 0.0, 0.0], [0.0, 0.0, 0.0], [266.86, 370.978, 0.616597], [193.536, 458.621, 0.63828], [252.89, 284.883, 0.590694], [474.533, 284.855, 0.543953], [519.802, 432.011, 0.441662], [488.59, 381.896, 0.419201]], "hand_pts": [[499.0, 385.0, 1.0], [490.5989685058594, 359.45208740234375, 1.0], [474.71868896484375, 335.1818542480469, 1.0], [471.02557373046875, 315.3243713378906, 1.0], [479.15039062500006, 303.9247131347657, 1.0], [462.1621704101563, 345.8460388183594, 1.0], [441.11151123046875, 330.03359985351557, 1.0], [429.2936096191406, 329.6658935546875, 1.0], [427.44708251953136, 335.1818542480469, 1.0], [460.31561279296875, 360.5552978515625, 1.0], [432.24810791015625, 348.0524291992188, 1.0], [420.79949951171875, 345.47830200195307, 1.0], [423.7539978027344, 349.8910827636719, 1.0], [452.9294128417969, 371.95495605468744, 1.0], [429.6629333496094, 366.8067321777344, 1.0], [420.06088256835943, 362.0262145996093, 1.0], [424.86190795898426, 356.8779907226563, 1.0], [448.49771118164057, 387.7673950195313, 1.0], [431.50949096679693, 386.6642150878906, 1.0], [426.3391418457031, 378.94186401367193, 1.0], [426.7084655761719, 370.1163024902343, 1.0]], "head_box": [[321.4431666666667, 81.3755], [412.20883333333336, 217.524]], "head_size": 136.1485, "hand_box_center": [459.5304412841797, 345.8460540771485], "is_left": 1, "is_mpii": 0}