{"mpii_body_pts": [[149.0755, 247.301, 0.108231], [345.7465, 241.0515, 0.6649105], [354.277, 200.351, 0.732781], [354.346, 84.5593, 0.707242], [0.0, 0.0, 0.0], [0.0, 0.0, 0.0], [298.151, 494.602, 0.216462], [0.0, 0.0, 0.0], [0.0, 0.0, 0.0], [0.0, 0.0, 0.0], [262.225, 378.745, 0.646271], [179.443, 366.249, 0.771032], [257.547, 247.298, 0.6975], [433.946, 234.805, 0.632321], [532.284, 317.695, 0.794439], [426.143, 258.26, 0.750824]], "hand_pts": [[421.562744140625, 260.5361938476562, 1.0], [411.04962158203136, 241.04623413085938, 1.0], [394.9879150390625, 227.95597839355472, 1.0], [382.72259521484375, 213.12034606933597, 1.0], [387.6871337890625, 203.22991943359378, 1.0], [388.8552551269532, 238.1372833251953, 1.0], [364.6166687011719, 240.17355346679682, 1.0], [350.5991821289063, 241.62802124023443, 1.0], [338.62591552734375, 242.20982360839838, 1.0], [389.4393310546874, 250.06398010253906, 1.0], [364.32464599609375, 250.3548736572266, 1.0], [346.5107421875, 251.22755432128903, 1.0], [333.9534301757813, 252.39112854003912, 1.0], [390.0233764648437, 261.99066162109375, 1.0], [363.15652465820307, 262.5724487304688, 1.0], [350.89123535156244, 262.28155517578125, 1.0], [342.71435546874994, 262.5724487304688, 1.0], [387.97915649414057, 273.044647216797, 1.0], [375.7138671875, 271.8810729980469, 1.0], [368.41308593749994, 271.2992858886719, 1.0], [364.0326232910156, 271.0083923339844, 1.0]], "head_box": [[315.74876666666665, 84.5593], [392.94323333333335, 200.351]], "head_size": 115.7917, "hand_box_center": [377.7580871582031, 238.13728332519537], "is_left": 1, "is_mpii": 0}