{"mpii_body_pts": [[152.9665, 241.041, 0.1209755], [349.6625, 256.7125, 0.7007295], [354.358, 208.171, 0.803078], [355.917, 87.6673, 0.682166], [0.0, 0.0, 0.0], [0.0, 0.0, 0.0], [305.933, 482.082, 0.241951], [0.0, 0.0, 0.0], [0.0, 0.0, 0.0], [0.0, 0.0, 0.0], [280.938, 408.586, 0.733542], [205.992, 383.51, 0.809182], [256.007, 253.579, 0.71314], [443.318, 259.846, 0.688319], [479.155, 405.376, 0.842799], [404.218, 342.759, 0.846153]], "hand_pts": [[400.98464965820307, 340.64974975585943, 1.0], [391.3116455078125, 330.722412109375, 1.0], [372.2587585449219, 322.5469360351563, 1.0], [356.43020629882807, 314.95544433593756, 1.0], [357.8958129882812, 304.15216064453136, 1.0], [354.964599609375, 329.26251220703125, 1.0], [335.91171264648426, 328.6785583496093, 1.0], [324.18685913085943, 336.27005004882807, 1.0], [318.91067504882807, 339.7738037109375, 1.0], [354.964599609375, 340.64974975585943, 1.0], [335.6185913085937, 347.3653259277344, 1.0], [323.3074951171875, 353.2049255371094, 1.0], [316.2725830078125, 357.0006713867188, 1.0], [361.4132690429687, 352.6209716796875, 1.0], [347.3434448242188, 361.3804016113282, 1.0], [334.73922729492193, 366.34408569335955, 1.0], [325.0662231445313, 369.8478393554688, 1.0], [368.7413024902343, 362.84030151367193, 1.0], [358.1889343261719, 370.72378540039057, 1.0], [353.2058715820313, 373.935577392578, 1.0], [349.1021728515625, 374.81152343749994, 1.0]], "head_box": [[315.7491, 87.6673], [396.08489999999995, 208.171]], "head_size": 120.5037, "hand_box_center": [358.6286163330078, 339.4818420410156], "is_left": 1, "is_mpii": 0}