{"mpii_body_pts": [[0.0, 0.0, 0.0], [316.1105, 292.6945, 0.619185], [305.981, 270.808, 0.683595], [288.759, 129.922, 0.688662], [0.0, 0.0, 0.0], [0.0, 0.0, 0.0], [0.0, 0.0, 0.0], [0.0, 0.0, 0.0], [0.0, 0.0, 0.0], [0.0, 0.0, 0.0], [0.0, 0.0, 0.0], [363.698, 386.607, 0.417534], [229.508, 325.572, 0.633452], [402.713, 259.817, 0.604918], [491.662, 411.641, 0.744906], [413.674, 378.745, 0.496648]], "hand_pts": [[436.9679565429687, 259.70001220703125, 1.0], [435.7311706542968, 235.11317443847653, 1.0], [439.8594055175781, 219.79347229003903, 1.0], [451.1182556152344, 219.79347229003903, 1.0], [453.74533081054693, 231.75030517578125, 1.0], [447.3652954101563, 203.3527984619141, 1.0], [471.00888061523443, 192.89056396484372, 1.0], [492.77600097656244, 183.17562866210938, 1.0], [507.03723144531244, 173.8343353271484, 1.0], [450.36767578125, 210.0785217285156, 1.0], [480.3912658691406, 210.82583618164065, 1.0], [470.25830078124994, 225.7718811035156, 1.0], [460.87591552734375, 221.66172790527347, 1.0], [454.12060546875, 219.41981506347653, 1.0], [478.89007568359375, 220.54077148437497, 1.0], [468.7571105957031, 232.87126159667972, 1.0], [459.374755859375, 230.2557067871094, 1.0], [457.4982604980469, 227.64015197753906, 1.0], [478.1394958496094, 228.387451171875, 1.0], [470.63360595703125, 238.47604370117185, 1.0], [461.62652587890625, 236.234130859375, 1.0]], "head_box": [[241.79700000000003, 129.922], [335.721, 270.808]], "head_size": 140.886, "hand_box_center": [471.38420104980463, 216.76717376708984], "is_left": 0, "is_mpii": 0}