{"mpii_body_pts": [[0.0, 0.0, 0.0], [369.17100000000005, 265.32349999999997, 0.6415015], [377.762, 253.57, 0.683753], [363.723, 106.491, 0.646249], [0.0, 0.0, 0.0], [0.0, 0.0, 0.0], [0.0, 0.0, 0.0], [0.0, 0.0, 0.0], [0.0, 0.0, 0.0], [0.0, 0.0, 0.0], [320.019, 402.269, 0.655048], [176.36, 396.045, 0.680339], [265.367, 259.823, 0.647696], [472.975, 270.824, 0.635307], [526.025, 436.702, 0.71012], [449.571, 353.692, 0.756898]], "hand_pts": [[451.23937988281244, 350.1000061035157, 1.0], [437.71597290039057, 336.3041687011719, 1.0], [414.53295898437494, 338.22915649414057, 1.0], [404.5513916015625, 347.2124938964844, 1.0], [410.99111938476557, 358.12081909179693, 1.0], [395.5357971191406, 328.6041564941406, 1.0], [375.2506713867188, 329.56668090820307, 1.0], [359.4733581542968, 329.24581909179693, 1.0], [344.6619873046875, 328.6041564941406, 1.0], [397.7897033691406, 339.51251220703125, 1.0], [376.21661376953125, 354.9125061035156, 1.0], [395.21380615234375, 354.27084350585943, 1.0], [407.77127075195307, 347.2124938964844, 1.0], [411.31311035156244, 349.4583435058594, 1.0], [388.45208740234375, 363.89584350585943, 1.0], [406.8052978515625, 363.89584350585943, 1.0], [417.1088562011719, 356.8374938964844, 1.0], [422.2606201171875, 359.40417480468744, 1.0], [404.5513916015625, 370.3125, 1.0], [421.294677734375, 373.20001220703125, 1.0], [436.75, 367.1041564941406, 1.0]], "head_box": [[314.69666666666666, 106.491], [412.74933333333337, 253.57]], "head_size": 147.079, "hand_box_center": [397.95068359375, 350.90208435058594], "is_left": 1, "is_mpii": 0}