{"mpii_body_pts": [[0.0, 0.0, 0.0], [323.9145, 237.89100000000002, 0.5489919999999999], [326.266, 245.758, 0.659032], [329.379, 101.736, 0.654031], [0.0, 0.0, 0.0], [0.0, 0.0, 0.0], [0.0, 0.0, 0.0], [0.0, 0.0, 0.0], [0.0, 0.0, 0.0], [0.0, 0.0, 0.0], [216.936, 131.507, 0.619859], [96.7997, 242.652, 0.736031], [217.018, 242.562, 0.597059], [430.811, 233.22, 0.500925], [555.665, 223.816, 0.753588], [457.407, 118.906, 0.658703]], "hand_pts": [[454.0, 115.0, 1.0], [422.99185180664057, 106.77016448974612, 1.0], [406.94970703125, 113.53293609619138, 1.0], [398.0031127929687, 123.36968994140626, 1.0], [387.2055053710937, 133.20645141601562, 1.0], [403.86468505859375, 90.17064666748045, 1.0], [388.43951416015625, 107.38496398925784, 1.0], [380.10995483398443, 115.99212646484378, 1.0], [373.0143737792969, 123.36968994140626, 1.0], [410.6517333984375, 92.01503753662107, 1.0], [397.6946105957032, 116.91432189941406, 1.0], [409.417724609375, 116.60691833496092, 1.0], [418.0558166503906, 108.30715942382812, 1.0], [421.7578430175781, 95.08901977539062, 1.0], [409.417724609375, 120.91049957275389, 1.0], [418.672821044922, 120.29570770263669, 1.0], [426.0768737792969, 111.68854522705077, 1.0], [428.2364196777343, 106.15537261962886, 1.0], [418.672821044922, 125.21408081054688, 1.0], [426.0768737792969, 121.21790313720705, 1.0], [430.39593505859364, 114.76252746582033, 1.0]], "head_box": [[281.37166666666667, 101.736], [377.38633333333337, 245.758]], "head_size": 144.022, "hand_box_center": [413.50718688964844, 111.68854904174805], "is_left": 1, "is_mpii": 0}