{"mpii_body_pts": [[0.0, 0.0, 0.0], [316.118, 268.4325, 0.617459], [316.913, 256.744, 0.656396], [316.909, 107.987, 0.615777], [0.0, 0.0, 0.0], [0.0, 0.0, 0.0], [0.0, 0.0, 0.0], [0.0, 0.0, 0.0], [0.0, 0.0, 0.0], [0.0, 0.0, 0.0], [256.005, 405.367, 0.699319], [143.589, 441.38, 0.703061], [207.635, 283.311, 0.650407], [424.601, 253.554, 0.584511], [515.145, 385.056, 0.724405], [429.234, 361.571, 0.788556]], "hand_pts": [[264.58816528320307, 401.5670166015625, 1.0], [289.80953979492193, 407.95001220703125, 1.0], [306.4812927246093, 420.29043579101557, 1.0], [316.3133544921874, 451.77978515625, 1.0], [317.5957946777344, 471.77978515625, 1.0], [318.0232849121093, 436.03509521484375, 1.0], [327.8553466796875, 461.5670166015625, 1.0], [330.8477172851563, 479.43936157226557, 1.0], [332.13015747070307, 493.05639648437494, 1.0], [307.33627319335943, 440.7159423828125, 1.0], [306.0538024902344, 473.05639648437494, 1.0], [302.20648193359375, 466.6734008789063, 1.0], [302.20648193359375, 457.3117065429687, 1.0], [294.0843505859375, 439.8648986816407, 1.0], [292.3744201660157, 465.8223266601563, 1.0], [288.527099609375, 459.43936157226557, 1.0], [288.95458984375006, 449.6521301269532, 1.0], [281.68740844726557, 443.6946716308595, 1.0], [279.1225280761719, 461.99255371093744, 1.0], [276.5576477050781, 454.33297729492193, 1.0], [276.5576477050781, 447.95001220703125, 1.0]], "head_box": [[267.3233333333333, 107.987], [366.49466666666666, 256.744]], "head_size": 148.75700000000003, "hand_box_center": [298.35916137695307, 447.31170654296875], "is_left": 0, "is_mpii": 0}