{"mpii_body_pts": [[384.0145, 514.187, 0.251604], [329.32550000000003, 273.9155, 0.6530914999999999], [324.67, 262.977, 0.686565], [285.651, 118.931, 0.604927], [0.0, 0.0, 0.0], [0.0, 0.0, 0.0], [323.124, 500.884, 0.25198], [444.905, 527.49, 0.251228], [0.0, 0.0, 0.0], [0.0, 0.0, 0.0], [330.928, 461.721, 0.764835], [226.359, 471.134, 0.672656], [230.966, 297.403, 0.716001], [427.685, 250.428, 0.590182], [466.744, 421.029, 0.811429], [343.446, 356.882, 0.816391]], "hand_pts": [[327.7222595214843, 459.4476623535157, 1.0], [354.286865234375, 454.97259521484375, 1.0], [389.8425598144532, 459.4476623535157, 1.0], [406.19000244140625, 484.26385498046875, 1.0], [411.502899169922, 503.384521484375, 1.0], [396.3815307617187, 468.80459594726557, 1.0], [413.95501708984375, 485.0774841308595, 1.0], [421.3113708496093, 493.62075805664057, 1.0], [426.2156066894532, 500.1299438476563, 1.0], [390.251220703125, 481.8229064941406, 1.0], [406.19000244140625, 499.3162841796875, 1.0], [413.137664794922, 507.4527587890625, 1.0], [419.6766357421874, 514.7755737304689, 1.0], [380.44277954101557, 492.80712890624994, 1.0], [391.885986328125, 503.7913513183593, 1.0], [398.0162658691406, 512.7414550781251, 1.0], [400.05969238281256, 517.623291015625, 1.0], [370.6343078613281, 501.35040283203136, 1.0], [380.8514404296875, 512.3345947265625, 1.0], [383.7122497558594, 514.3687133789062, 1.0], [385.34701538085943, 512.7414550781251, 1.0]], "head_box": [[237.63566666666668, 118.931], [333.66633333333334, 262.977]], "head_size": 144.046, "hand_box_center": [376.96893310546875, 486.2979431152344], "is_left": 0, "is_mpii": 0}