{"mpii_body_pts": [[0.0, 0.0, 0.0], [327.0205, 280.972, 0.3105135], [293.504, 267.699, 0.714316], [196.686, 178.4, 0.530085], [0.0, 0.0, 0.0], [0.0, 0.0, 0.0], [0.0, 0.0, 0.0], [0.0, 0.0, 0.0], [0.0, 0.0, 0.0], [0.0, 0.0, 0.0], [299.704, 294.319, 0.433487], [168.527, 341.219, 0.68849], [262.244, 317.731, 0.230943], [391.797, 244.213, 0.390084], [551.021, 190.925, 0.708715], [433.949, 106.516, 0.587329]], "hand_pts": [[306.41201782226557, 301.48413085937494, 1.0], [308.43875122070307, 327.7289428710937, 1.0], [317.55895996093744, 344.5525207519531, 1.0], [324.6524658203126, 357.001953125, 1.0], [325.04364013671886, 373.1009521484375, 1.0], [349.59939575195307, 336.8295288085937, 1.0], [353.1639404296875, 361.2733154296874, 1.0], [344.846649169922, 375.46649169921875, 1.0], [339.6978759765625, 384.9286193847656, 1.0], [351.18362426757807, 332.49270629882807, 1.0], [348.4111938476562, 361.6675720214844, 1.0], [336.92544555664057, 379.0147705078125, 1.0], [329.40029907226557, 387.2941284179687, 1.0], [346.8269653320313, 328.9444274902344, 1.0], [344.846649169922, 353.3882141113281, 1.0], [334.5491027832031, 371.1296997070313, 1.0], [327.4199829101563, 381.38031005859364, 1.0], [338.90576171875, 326.1846313476563, 1.0], [337.32150268554693, 349.4456787109375, 1.0], [334.1530151367188, 358.1192932128906, 1.0], [328.21212768554693, 367.1871337890625, 1.0]], "head_box": [[166.91966666666667, 178.4], [226.45233333333334, 267.699]], "head_size": 89.299, "hand_box_center": [329.78797912597656, 344.3891296386718], "is_left": 0, "is_mpii": 0}