{"mpii_body_pts": [[0.0, 0.0, 0.0], [355.91499999999996, 256.697, 0.6136090000000001], [357.458, 261.423, 0.692667], [338.72, 133.052, 0.331514], [0.0, 0.0, 0.0], [0.0, 0.0, 0.0], [0.0, 0.0, 0.0], [0.0, 0.0, 0.0], [0.0, 0.0, 0.0], [0.0, 0.0, 0.0], [237.246, 180.014, 0.555885], [146.738, 297.394, 0.733411], [266.974, 255.148, 0.594408], [444.856, 258.246, 0.63281], [518.27, 295.844, 0.806432], [423.029, 173.74, 0.458566]], "hand_pts": [[421.0, 169.0, 1.0], [407.9965515136718, 152.6741180419922, 1.0], [384.7300720214843, 141.27445983886716, 1.0], [359.6170349121093, 149.7322692871094, 1.0], [365.52597045898426, 151.5709228515625, 1.0], [388.42315673828114, 129.50706481933594, 1.0], [366.26458740234375, 132.44891357421875, 1.0], [352.23083496093744, 139.80352783203128, 1.0], [343.36740112304705, 145.31948852539062, 1.0], [395.07070922851557, 129.50706481933594, 1.0], [368.1111450195313, 150.8354644775391, 1.0], [376.6052551269532, 152.30638122558594, 1.0], [379.92904663085943, 148.99681091308597, 1.0], [396.17864990234375, 138.33261108398443, 1.0], [369.9576721191407, 156.7191619873047, 1.0], [379.1904296875, 157.08689880371097, 1.0], [384.7300720214843, 152.6741180419922, 1.0], [396.54794311523443, 151.5709228515625, 1.0], [376.6052551269532, 162.9705963134766, 1.0], [381.77557373046875, 165.54470825195312, 1.0], [385.46868896484375, 162.6028594970703, 1.0]], "head_box": [[295.92966666666666, 133.052], [381.5103333333334, 261.423]], "head_size": 128.371, "hand_box_center": [382.18370056152355, 149.25353240966797], "is_left": 1, "is_mpii": 0}