{"mpii_body_pts": [[351.2175, 506.34749999999997, 0.25538], [354.35400000000004, 243.4225, 0.6210815000000001], [357.475, 206.596, 0.779502], [355.875, 90.7597, 0.72029], [0.0, 0.0, 0.0], [0.0, 0.0, 0.0], [296.595, 505.55, 0.263992], [405.84, 507.145, 0.246768], [0.0, 0.0, 0.0], [0.0, 0.0, 0.0], [251.32, 305.211, 0.371866], [213.87, 381.953, 0.761703], [270.062, 244.204, 0.673612], [438.646, 242.641, 0.568551], [480.714, 358.436, 0.825657], [430.785, 244.15, 0.623683]], "hand_pts": [[253.5625, 293.29531860351557, 1.0], [255.09374999999997, 272.24630737304693, 1.0], [262.13751220703125, 249.97703552246094, 1.0], [271.32501220703125, 239.9101104736328, 1.0], [270.19073486328125, 227.73870849609378, 1.0], [279.8999938964844, 249.36692810058597, 1.0], [294.29376220703125, 235.63929748535156, 1.0], [302.8687438964844, 227.70777893066406, 1.0], [309.6062622070313, 222.21673583984372, 1.0], [287.5562438964844, 257.2984313964843, 1.0], [302.8687438964844, 244.79104614257815, 1.0], [311.75, 238.68988037109378, 1.0], [317.875, 232.89376831054688, 1.0], [294.90624999999994, 268.2805480957031, 1.0], [308.9937438964843, 256.9933776855469, 1.0], [316.9562377929687, 251.1972808837891, 1.0], [322.46874999999994, 245.09611511230472, 1.0], [298.5812377929687, 282.31323242187494, 1.0], [311.4437561035156, 271.9412536621093, 1.0], [317.26251220703125, 267.060302734375, 1.0], [319.7124938964844, 261.8743286132813, 1.0]], "head_box": [[317.2629, 90.7597], [394.4871, 206.596]], "head_size": 115.83630000000001, "hand_box_center": [288.015625, 257.75602722167963], "is_left": 0, "is_mpii": 0}