{"mpii_body_pts": [[107.7065, 259.0195, 0.109343], [261.4595, 291.1385, 0.5850835], [266.943, 289.558, 0.637749], [293.484, 145.542, 0.670502], [0.0, 0.0, 0.0], [0.0, 0.0, 0.0], [215.413, 518.039, 0.218686], [0.0, 0.0, 0.0], [0.0, 0.0, 0.0], [0.0, 0.0, 0.0], [243.483, 468.001, 0.620607], [106.141, 478.978, 0.751208], [156.111, 320.906, 0.628933], [366.808, 261.371, 0.541234], [471.439, 220.69, 0.779902], [394.965, 142.48, 0.778781]], "hand_pts": [[233.91358947753906, 469.49246215820307, 1.0], [244.69638061523443, 455.86901855468744, 1.0], [270.8238830566406, 441.419921875, 1.0], [285.75390624999994, 445.96105957031244, 1.0], [295.707244873047, 444.7225646972656, 1.0], [296.95141601562494, 454.2177124023437, 1.0], [308.14892578125, 450.9150390624999, 1.0], [317.68756103515636, 449.6765441894532, 1.0], [321.8347778320313, 448.43804931640625, 1.0], [296.1219787597656, 470.31814575195307, 1.0], [306.49005126953125, 469.49246215820307, 1.0], [317.68756103515636, 468.2539672851563, 1.0], [322.24951171875, 467.8411560058594, 1.0], [288.656982421875, 482.29025268554693, 1.0], [302.7575378417969, 486.41857910156244, 1.0], [310.6372680664063, 486.8314208984375, 1.0], [313.5403137207031, 486.00573730468744, 1.0], [280.36251831054693, 494.2623901367188, 1.0], [292.80419921875, 499.21636962890625, 1.0], [299.0250244140625, 497.9778747558594, 1.0], [298.19558715820307, 493.84954833984386, 1.0]], "head_box": [[245.47866666666664, 145.542], [341.4893333333333, 289.558]], "head_size": 144.016, "hand_box_center": [278.08155059814453, 470.3181457519531], "is_left": 0, "is_mpii": 0}