{"mpii_body_pts": [[0.0, 0.0, 0.0], [379.33050000000003, 269.2185, 0.6742049999999999], [382.458, 244.184, 0.691141], [382.448, 104.898, 0.70032], [0.0, 0.0, 0.0], [0.0, 0.0, 0.0], [0.0, 0.0, 0.0], [0.0, 0.0, 0.0], [0.0, 0.0, 0.0], [0.0, 0.0, 0.0], [274.755, 356.823, 0.774807], [182.661, 402.236, 0.687231], [274.751, 267.656, 0.670085], [483.91, 270.781, 0.678325], [532.339, 408.566, 0.745114], [493.276, 367.822, 0.643505]], "hand_pts": [[492.9555358886718, 365.79998779296875, 1.0], [480.29495239257807, 346.41558837890625, 1.0], [470.72232055664057, 325.49273681640625, 1.0], [456.208984375, 309.8005981445313, 1.0], [451.26828002929693, 295.3392333984375, 1.0], [443.5484313964844, 331.33883666992193, 1.0], [424.4031677246093, 323.0312194824218, 1.0], [410.8162231445313, 318.7235717773437, 1.0], [399.69961547851557, 315.33901977539057, 1.0], [434.5933837890625, 345.1848449707032, 1.0], [416.37451171875, 340.2618103027344, 1.0], [400.31719970703125, 336.56954956054693, 1.0], [390.43579101562494, 334.1080322265625, 1.0], [433.6669921875, 359.64620971679693, 1.0], [416.9920959472655, 359.0308532714843, 1.0], [404.0227355957031, 356.8770141601563, 1.0], [394.1412963867188, 354.4154968261719, 1.0], [439.2253112792968, 375.0306701660156, 1.0], [428.7262878417969, 379.9537048339844, 1.0], [417.30090332031256, 379.9537048339844, 1.0], [408.0370483398438, 380.26138305664057, 1.0]], "head_box": [[336.0193333333333, 104.898], [428.87666666666667, 244.184]], "head_size": 139.286, "hand_box_center": [441.6956634521484, 337.80030822753906], "is_left": 1, "is_mpii": 0}