{"mpii_body_pts": [[401.169, 499.3215, 0.3208305], [400.425, 302.8795, 0.670362], [408.996, 255.108, 0.676151], [405.888, 108.007, 0.624802], [0.0, 0.0, 0.0], [0.0, 0.0, 0.0], [355.879, 493.054, 0.294704], [446.459, 505.589, 0.346957], [0.0, 0.0, 0.0], [0.0, 0.0, 0.0], [368.352, 480.577, 0.757305], [226.347, 452.347, 0.704771], [293.485, 294.273, 0.700414], [507.365, 311.486, 0.64031], [543.25, 467.981, 0.817999], [466.669, 366.261, 0.722889]], "hand_pts": [[366.99865722656244, 474.6954956054688, 1.0], [393.6246948242188, 475.31222534179693, 1.0], [407.54623413085943, 483.0125427246094, 1.0], [412.57342529296875, 498.0281372070312, 1.0], [412.57342529296875, 515.3538208007811, 1.0], [427.26837158203125, 492.63793945312494, 1.0], [434.61584472656256, 506.1134643554688, 1.0], [439.2563781738281, 519.2039794921876, 1.0], [436.1626892089844, 523.0541381835936, 1.0], [418.3740844726563, 506.4984741210937, 1.0], [426.4949645996094, 518.4339599609375, 1.0], [433.45571899414057, 530.3694458007811, 1.0], [432.2955932617187, 538.4547729492189, 1.0], [406.38610839843744, 509.57861328124994, 1.0], [414.1202697753906, 528.059326171875, 1.0], [419.1474914550781, 536.5297241210938, 1.0], [417.6006469726563, 541.14990234375, 1.0], [393.2379760742187, 518.4339599609375, 1.0], [402.90570068359375, 538.4547729492189, 1.0], [407.15951538085943, 546.5401000976562, 1.0], [397.49179077148426, 542.3049316406251, 1.0]], "head_box": [[356.85433333333333, 108.007], [454.9216666666666, 255.108]], "head_size": 147.101, "hand_box_center": [403.1275177001953, 510.6177978515625], "is_left": 0, "is_mpii": 0}