{"mpii_body_pts": [[209.161, 262.9515, 0.114012], [348.127, 277.0485, 0.6646485], [355.889, 219.131, 0.756346], [343.383, 79.8213, 0.618224], [0.0, 0.0, 0.0], [0.0, 0.0, 0.0], [0.0, 0.0, 0.0], [418.322, 525.903, 0.228024], [0.0, 0.0, 0.0], [0.0, 0.0, 0.0], [256.065, 431.964, 0.676053], [193.619, 431.996, 0.797134], [240.413, 280.18, 0.68025], [455.841, 273.917, 0.649047], [519.816, 435.154, 0.73409], [418.292, 339.622, 0.749728]], "hand_pts": [[259.32366943359375, 431.56921386718744, 1.0], [278.9279174804687, 428.4307861328125, 1.0], [310.08468627929693, 438.5434875488281, 1.0], [328.6625061035157, 458.19335937499994, 1.0], [336.0509643554688, 479.03192138671875, 1.0], [313.88555908203125, 446.34396362304705, 1.0], [333.5881347656249, 466.77392578124994, 1.0], [339.7452087402343, 479.03192138671875, 1.0], [342.20803833007807, 486.7952880859375, 1.0], [304.0342407226563, 458.19335937499994, 1.0], [321.6844787597657, 479.4405212402343, 1.0], [331.9462585449219, 490.88128662109375, 1.0], [334.40908813476574, 493.7414855957032, 1.0], [292.5410766601563, 468.4083251953125, 1.0], [310.601776123047, 488.0210876464843, 1.0], [317.99026489257807, 494.96728515625, 1.0], [324.1473083496094, 499.87048339843756, 1.0], [288.43637084960926, 481.8921203613281, 1.0], [297.87719726562494, 491.698486328125, 1.0], [308.1389465332031, 496.60168457031256, 1.0], [311.01223754882807, 498.23608398437494, 1.0]], "head_box": [[296.9464333333333, 79.8213], [389.8195666666667, 219.131]], "head_size": 139.30970000000002, "hand_box_center": [300.76585388183594, 464.150634765625], "is_left": 0, "is_mpii": 0}