{"mpii_body_pts": [[0.0, 0.0, 0.0], [339.5145, 257.489, 0.43106350000000004], [321.54, 248.865, 0.644101], [320.005, 106.428, 0.651476], [0.0, 0.0, 0.0], [0.0, 0.0, 0.0], [0.0, 0.0, 0.0], [0.0, 0.0, 0.0], [0.0, 0.0, 0.0], [0.0, 0.0, 0.0], [220.127, 212.879, 0.485901], [128.009, 281.787, 0.742011], [246.645, 270.825, 0.385776], [432.384, 244.153, 0.476351], [543.244, 234.813, 0.789906], [466.695, 169.015, 0.671918]], "hand_pts": [[453.3999938964844, 155.9895782470703, 1.0], [442.0498962402344, 166.67076110839838, 1.0], [435.1137084960937, 189.60386657714838, 1.0], [427.5469665527344, 204.9973297119141, 1.0], [419.66494750976574, 216.93511962890625, 1.0], [432.5914611816406, 166.0424499511719, 1.0], [425.0247192382812, 175.7811737060547, 1.0], [417.7732543945313, 181.75006103515622, 1.0], [412.4134826660156, 191.1746368408203, 1.0], [441.73461914062494, 167.29907226562497, 1.0], [443.62628173828125, 175.7811737060547, 1.0], [444.57214355468744, 182.69252014160156, 1.0], [445.2026977539063, 190.8604888916016, 1.0], [457.49865722656244, 165.72830200195315, 1.0], [463.17370605468744, 172.95381164550778, 1.0], [466.6417846679688, 179.23684692382812, 1.0], [470.1098937988282, 188.9755706787109, 1.0], [470.42517089843744, 165.4141540527344, 1.0], [477.6766357421874, 176.09532165527347, 1.0], [481.77526855468744, 184.26329040527344, 1.0], [484.92810058593744, 193.0595550537109, 1.0]], "head_box": [[272.526, 106.428], [367.484, 248.865]], "head_size": 142.437, "hand_box_center": [448.67079162597656, 186.46234893798828], "is_left": 1, "is_mpii": 0}