{"mpii_body_pts": [[386.336, 506.35, 0.326515], [390.2745, 270.79100000000005, 0.6393055], [391.75, 255.144, 0.726685], [363.709, 107.987, 0.578099], [0.0, 0.0, 0.0], [0.0, 0.0, 0.0], [323.121, 494.594, 0.28899], [449.551, 518.106, 0.36404], [0.0, 0.0, 0.0], [0.0, 0.0, 0.0], [343.452, 457.056, 0.768747], [240.356, 428.847, 0.773882], [287.217, 272.345, 0.648435], [493.332, 269.237, 0.630176], [512.0, 453.878, 0.735932], [455.795, 378.763, 0.767526]], "hand_pts": [[457.35836791992193, 378.6556091308595, 1.0], [428.7300720214843, 362.7719116210937, 1.0], [410.5120849609375, 359.8545227050781, 1.0], [396.19793701171875, 373.1449279785156, 1.0], [408.2348327636719, 378.33145141601557, 1.0], [416.3678588867188, 342.9983825683593, 1.0], [410.83740234375006, 347.53656005859364, 1.0], [404.0056457519531, 352.7230834960937, 1.0], [396.5232543945313, 356.2887878417969, 1.0], [430.03137207031244, 347.53656005859364, 1.0], [417.66915893554693, 374.44155883789057, 1.0], [427.4288024902343, 367.63427734375006, 1.0], [433.28457641601557, 358.5578918457032, 1.0], [444.0201721191406, 356.2887878417969, 1.0], [428.7300720214843, 378.9797668457031, 1.0], [437.5137634277344, 370.87585449218744, 1.0], [443.3695373535156, 362.7719116210937, 1.0], [450.20129394531244, 368.6067504882812, 1.0], [444.67083740234375, 380.60055541992193, 1.0], [436.53778076171875, 384.4904174804687, 1.0], [435.2365112304687, 375.4140319824219, 1.0]], "head_box": [[314.65666666666664, 107.987], [412.76133333333337, 255.144]], "head_size": 147.157, "hand_box_center": [426.7781524658203, 363.744400024414], "is_left": 1, "is_mpii": 0}