{"mpii_body_pts": [[330.173, 477.419, 0.333544], [339.5435, 242.611, 0.6916800000000001], [343.468, 209.717, 0.790365], [330.955, 87.6757, 0.692039], [0.0, 0.0, 0.0], [0.0, 0.0, 0.0], [279.444, 471.156, 0.255266], [380.902, 483.682, 0.411822], [0.0, 0.0, 0.0], [0.0, 0.0, 0.0], [230.964, 461.766, 0.706756], [209.204, 355.331, 0.69498], [246.664, 234.784, 0.706624], [432.423, 250.438, 0.676736], [457.369, 394.485, 0.821767], [402.758, 330.286, 0.696355]], "hand_pts": [[398.7861938476562, 326.929901123047, 1.0], [397.29095458984375, 314.71667480468744, 1.0], [400.28143310546875, 290.885986328125, 1.0], [392.8052368164063, 275.6939086914063, 1.0], [398.4871520996093, 266.1616210937501, 1.0], [391.3099975585937, 297.73730468749994, 1.0], [378.1519165039063, 293.26904296875, 1.0], [368.2833557128905, 288.502899169922, 1.0], [360.2090759277344, 285.22619628906244, 1.0], [382.3385925292969, 312.03570556640625, 1.0], [363.1995544433594, 300.71612548828114, 1.0], [352.73291015624994, 293.86480712890636, 1.0], [342.2662658691406, 286.7156066894532, 1.0], [373.6662292480469, 319.78070068359375, 1.0], [354.5271911621093, 309.3547668457032, 1.0], [344.35958862304705, 300.71612548828114, 1.0], [335.08911132812494, 294.1626892089844, 1.0], [369.77859497070307, 327.227783203125, 1.0], [362.60147094726557, 321.56799316406256, 1.0], [363.1995544433594, 316.5039672851563, 1.0], [364.39575195312494, 312.6314697265625, 1.0]], "head_box": [[290.27456666666666, 87.6757], [371.6354333333333, 209.717]], "head_size": 122.0413, "hand_box_center": [367.6852722167969, 296.69470214843756], "is_left": 1, "is_mpii": 0}