{"mpii_body_pts": [[0.0, 0.0, 0.0], [383.1975, 293.5095, 0.6394029999999999], [391.762, 281.799, 0.634769], [337.148, 140.887, 0.585168], [0.0, 0.0, 0.0], [0.0, 0.0, 0.0], [0.0, 0.0, 0.0], [0.0, 0.0, 0.0], [0.0, 0.0, 0.0], [0.0, 0.0, 0.0], [254.486, 428.85, 0.68551], [218.589, 408.54, 0.743954], [274.736, 294.33, 0.657589], [491.659, 292.689, 0.621217], [530.678, 467.957, 0.809841], [443.294, 395.978, 0.75124]], "hand_pts": [[448.0, 397.0, 1.0], [424.5662841796875, 385.8766784667969, 1.0], [400.8784790039063, 383.2900390624999, 1.0], [388.547821044922, 397.5165100097656, 1.0], [396.3356018066406, 406.89306640624994, 1.0], [389.52130126953125, 377.47012329101557, 1.0], [371.02532958984375, 389.10995483398443, 1.0], [357.39672851562494, 402.0431213378906, 1.0], [350.58242797851557, 411.09634399414057, 1.0], [392.7662048339844, 389.4332885742187, 1.0], [372.97229003906256, 403.6597595214844, 1.0], [384.0049743652344, 404.62976074218744, 1.0], [393.41519165039057, 400.1031494140625, 1.0], [396.984588623047, 401.0731506347657, 1.0], [383.6804809570313, 413.3596496582031, 1.0], [391.143768310547, 413.03631591796864, 1.0], [400.5539855957032, 407.863037109375, 1.0], [404.1233825683594, 412.71298217773443, 1.0], [393.0906982421874, 420.79620361328125, 1.0], [401.52746582031256, 418.8562316894532, 1.0], [410.9376831054688, 414.3296203613282, 1.0]], "head_box": [[290.17733333333337, 140.887], [384.1186666666667, 281.799]], "head_size": 140.91199999999998, "hand_box_center": [399.2912139892578, 399.13316345214844], "is_left": 1, "is_mpii": 0}