{"mpii_body_pts": [[344.19899999999996, 500.86449999999996, 0.2448835], [361.38800000000003, 252.7885, 0.7320055], [365.217, 212.857, 0.658253], [354.322, 81.3385, 0.694623], [0.0, 0.0, 0.0], [0.0, 0.0, 0.0], [284.128, 486.78, 0.276395], [404.27, 514.949, 0.213372], [0.0, 0.0, 0.0], [0.0, 0.0, 0.0], [254.398, 405.429, 0.847879], [224.771, 345.957, 0.635558], [266.973, 239.47, 0.722317], [455.803, 266.107, 0.741694], [452.661, 411.644, 0.749793], [376.213, 325.543, 0.73571]], "hand_pts": [[371.6401062011719, 315.72973632812494, 1.0], [363.0553894042969, 304.12435913085943, 1.0], [352.01788330078136, 292.824432373047, 1.0], [333.92868041992193, 286.1055297851563, 1.0], [323.81097412109375, 285.18933105468744, 1.0], [356.9234619140625, 287.02172851562494, 1.0], [343.1265869140625, 283.3569030761719, 1.0], [332.39569091796875, 282.74609374999994, 1.0], [322.5845947265625, 283.05148315429693, 1.0], [355.6970520019531, 296.794677734375, 1.0], [340.98040771484375, 293.7406311035157, 1.0], [325.6505432128906, 292.5190124511718, 1.0], [313.38665771484375, 290.0757751464843, 1.0], [354.16406250000006, 310.84326171875006, 1.0], [339.75402832031256, 312.6756896972657, 1.0], [325.03735351562494, 309.3162231445313, 1.0], [314.6130676269532, 306.56759643554693, 1.0], [356.3102416992188, 323.3648376464844, 1.0], [342.206787109375, 324.58642578124994, 1.0], [331.16931152343756, 323.975616455078, 1.0], [323.1977844238282, 322.4486083984375, 1.0]], "head_box": [[310.4825, 81.3385], [398.1615, 212.857]], "head_size": 131.51850000000002, "hand_box_center": [342.5133819580078, 303.66625976562494], "is_left": 1, "is_mpii": 0}