{"mpii_body_pts": [[0.0, 0.0, 0.0], [296.59749999999997, 274.72749999999996, 0.611132], [288.757, 233.238, 0.689515], [277.844, 78.2161, 0.556555], [0.0, 0.0, 0.0], [0.0, 0.0, 0.0], [0.0, 0.0, 0.0], [0.0, 0.0, 0.0], [0.0, 0.0, 0.0], [0.0, 0.0, 0.0], [305.944, 316.2, 0.499508], [229.483, 417.938, 0.519709], [198.236, 292.704, 0.65663], [394.959, 256.751, 0.565634], [465.127, 403.799, 0.65549], [377.764, 428.883, 0.58025]], "hand_pts": [[304.26788330078136, 315.98184204101557, 1.0], [313.8153381347657, 298.9540100097657, 1.0], [332.91021728515625, 282.71817016601557, 1.0], [360.75689697265625, 277.17419433593756, 1.0], [373.08901977539057, 268.46228027343756, 1.0], [350.01605224609364, 274.4022216796875, 1.0], [377.4649353027344, 275.19421386718744, 1.0], [396.9576110839844, 275.19421386718744, 1.0], [409.68753051757807, 275.19421386718744, 1.0], [348.4248046875, 283.5101623535156, 1.0], [379.05615234375, 281.5301818847657, 1.0], [399.7422790527344, 278.36221313476574, 1.0], [411.2787780761718, 277.17419433593756, 1.0], [349.6182250976563, 292.6180725097657, 1.0], [376.66931152343756, 289.0541076660156, 1.0], [391.7860717773437, 287.0741271972656, 1.0], [403.72039794921864, 282.71817016601557, 1.0], [352.00509643554693, 301.7259826660156, 1.0], [367.91748046875, 299.7460021972656, 1.0], [378.26055908203125, 299.7460021972656, 1.0], [388.20581054687494, 297.37002563476574, 1.0]], "head_box": [[226.17003333333332, 78.2161], [329.51796666666667, 233.238]], "head_size": 155.02190000000002, "hand_box_center": [357.77333068847656, 292.22206115722656], "is_left": 0, "is_mpii": 0}