{"mpii_body_pts": [[0.0, 0.0, 0.0], [359.0365, 280.1445, 0.647586], [360.593, 206.662, 0.689659], [363.674, 78.2596, 0.647404], [0.0, 0.0, 0.0], [0.0, 0.0, 0.0], [0.0, 0.0, 0.0], [0.0, 0.0, 0.0], [0.0, 0.0, 0.0], [0.0, 0.0, 0.0], [293.414, 317.663, 0.692037], [193.575, 403.79, 0.684509], [254.456, 267.655, 0.694487], [463.617, 292.634, 0.600685], [469.896, 444.49, 0.650727], [394.905, 381.969, 0.540473]], "hand_pts": [[298.9758605957032, 308.1050720214844, 1.0], [323.91198730468744, 313.309783935547, 1.0], [351.6634826660157, 327.3224487304688, 1.0], [355.283233642578, 350.14306640625, 1.0], [355.283233642578, 366.9582824707031, 1.0], [360.91400146484375, 309.30615234375, 1.0], [370.9688720703125, 338.1322021484375, 1.0], [375.3930358886718, 352.5452575683594, 1.0], [381.42596435546875, 366.9582824707031, 1.0], [353.6744689941407, 312.5090637207032, 1.0], [360.10958862304705, 341.7354736328125, 1.0], [366.5447387695313, 361.75357055664057, 1.0], [370.16448974609375, 375.76623535156244, 1.0], [343.21737670898426, 320.91665649414057, 1.0], [345.2283630371093, 352.14489746093756, 1.0], [340.80419921875, 340.53439331054693, 1.0], [340.80419921875, 330.9256896972656, 1.0], [329.54272460937506, 330.9256896972656, 1.0], [333.56466674804693, 350.54342651367193, 1.0], [329.14053344726557, 342.5361938476562, 1.0], [327.5317382812499, 336.53076171875, 1.0]], "head_box": [[320.8732, 78.2596], [406.47479999999996, 206.662]], "head_size": 128.4024, "hand_box_center": [340.20091247558594, 341.93565368652344], "is_left": 0, "is_mpii": 0}