{"mpii_body_pts": [[0.0, 0.0, 0.0], [275.5265, 287.2305, 0.639792], [282.506, 231.626, 0.782652], [270.084, 93.8927, 0.656956], [0.0, 0.0, 0.0], [0.0, 0.0, 0.0], [0.0, 0.0, 0.0], [0.0, 0.0, 0.0], [0.0, 0.0, 0.0], [0.0, 0.0, 0.0], [173.29, 397.577, 0.692543], [121.782, 452.356, 0.621091], [177.965, 294.257, 0.717686], [373.088, 280.204, 0.561898], [474.539, 394.498, 0.677448], [379.34, 323.982, 0.609897]], "hand_pts": [[364.03378295898426, 308.19921874999994, 1.0], [359.025390625, 310.523651123047, 1.0], [348.79052734375, 307.1888732910156, 1.0], [343.2013549804687, 316.2821350097656, 1.0], [338.69235229492193, 330.39486694335943, 1.0], [338.3157958984375, 300.40057373046875, 1.0], [333.79736328124994, 287.27807617187494, 1.0], [337.18618774414057, 273.03076171875, 1.0], [341.32812499999994, 264.40740966796875, 1.0], [351.11810302734375, 277.15499877929693, 1.0], [353.75387573242193, 298.5259399414062, 1.0], [356.01309204101557, 312.0233764648437, 1.0], [356.76617431640625, 320.27178955078125, 1.0], [362.79077148437494, 277.90484619140636, 1.0], [365.4265441894531, 297.77606201171875, 1.0], [365.4265441894531, 313.5230712890625, 1.0], [365.0499877929688, 319.8968811035157, 1.0], [372.957305908203, 280.90426635742193, 1.0], [376.72268676757807, 295.52648925781244, 1.0], [376.72268676757807, 304.8997192382812, 1.0], [375.2165222167969, 314.6478576660157, 1.0]], "head_box": [[224.1729, 93.8927], [315.9951, 231.626]], "head_size": 137.73329999999999, "hand_box_center": [355.260025024414, 297.40113830566406], "is_left": 1, "is_mpii": 0}