{"mpii_body_pts": [[354.3285, 504.78, 0.234795], [352.0395, 281.796, 0.6615945], [360.602, 219.145, 0.695239], [366.857, 78.2626, 0.61003], [0.0, 0.0, 0.0], [0.0, 0.0, 0.0], [291.913, 494.599, 0.250056], [416.744, 514.961, 0.219534], [0.0, 0.0, 0.0], [0.0, 0.0, 0.0], [319.992, 442.959, 0.579126], [204.45, 446.094, 0.686909], [246.664, 281.798, 0.683916], [457.415, 281.794, 0.639273], [485.457, 442.959, 0.557878], [443.344, 388.157, 0.542995]], "hand_pts": [[327.783203125, 452.0376892089843, 1.0], [331.2134094238281, 434.9534912109375, 1.0], [351.8611755371093, 416.7362365722655, 1.0], [367.4954833984375, 412.8450012207032, 1.0], [383.5206604003906, 408.17547607421875, 1.0], [376.0943603515625, 435.80340576171875, 1.0], [396.809814453125, 441.6402893066407, 1.0], [415.96185302734375, 447.47717285156244, 1.0], [431.5961914062499, 453.7031860351563, 1.0], [378.8303833007813, 453.31408691406256, 1.0], [404.62698364257807, 459.92919921874994, 1.0], [424.9515991210937, 465.37698364257807, 1.0], [440.5859069824219, 470.43560791015625, 1.0], [377.2669372558593, 463.8204650878906, 1.0], [403.0635681152344, 469.26821899414057, 1.0], [417.9161682128905, 472.7703552246093, 1.0], [431.9870300292969, 476.27249145507807, 1.0], [375.7034912109375, 472.3812255859375, 1.0], [393.68295288085943, 476.6616210937501, 1.0], [404.62698364257807, 478.99636840820295, 1.0], [415.5710144042968, 479.774627685547, 1.0]], "head_box": [[319.8962, 78.2626], [413.81780000000003, 219.145]], "head_size": 140.88240000000002, "hand_box_center": [384.18455505371094, 443.97505187988287], "is_left": 0, "is_mpii": 0}