{"mpii_body_pts": [[0.0, 0.0, 0.0], [361.359, 269.1915, 0.6296725], [354.294, 211.298, 0.723858], [334.057, 70.4675, 0.538528], [0.0, 0.0, 0.0], [0.0, 0.0, 0.0], [0.0, 0.0, 0.0], [0.0, 0.0, 0.0], [0.0, 0.0, 0.0], [0.0, 0.0, 0.0], [277.832, 367.756, 0.751719], [170.151, 410.099, 0.629629], [256.044, 267.588, 0.617898], [466.674, 270.795, 0.641447], [511.988, 431.954, 0.692108], [443.335, 386.639, 0.66847]], "hand_pts": [[284.97027587890625, 366.3841857910156, 1.0], [289.19299316406256, 348.1568908691407, 1.0], [302.9168395996093, 330.98120117187494, 1.0], [317.353271484375, 326.51751708984375, 1.0], [330.8263549804687, 326.9120483398438, 1.0], [308.63537597656244, 330.4628295898438, 1.0], [338.35543823242193, 318.23233032226557, 1.0], [353.4136047363281, 317.4432678222656, 1.0], [366.88668823242193, 315.47061157226557, 1.0], [315.76818847656244, 337.9589538574219, 1.0], [339.54425048828125, 329.6737670898438, 1.0], [359.3576049804688, 330.0682983398438, 1.0], [371.2456359863281, 329.6737670898438, 1.0], [314.18313598632807, 351.76754760742193, 1.0], [335.58157348632807, 343.087860107422, 1.0], [356.583740234375, 343.087860107422, 1.0], [370.0568237304688, 343.087860107422, 1.0], [313.3905944824219, 365.18164062500006, 1.0], [332.0151672363281, 363.99804687499994, 1.0], [346.67706298828125, 361.630859375, 1.0], [358.5650634765625, 359.65820312500006, 1.0]], "head_box": [[287.11350000000004, 70.4675], [381.0005, 211.298]], "head_size": 140.8305, "hand_box_center": [328.1079559326172, 340.9273986816406], "is_left": 0, "is_mpii": 0}