{"mpii_body_pts": [[0.0, 0.0, 0.0], [351.2375, 287.991, 0.6441209999999999], [351.21, 219.096, 0.699053], [332.485, 87.6302, 0.659766], [0.0, 0.0, 0.0], [0.0, 0.0, 0.0], [0.0, 0.0, 0.0], [0.0, 0.0, 0.0], [0.0, 0.0, 0.0], [0.0, 0.0, 0.0], [276.294, 367.755, 0.65016], [231.07, 441.404, 0.569927], [248.199, 292.667, 0.61194], [454.276, 283.315, 0.676302], [501.04, 421.078, 0.654487], [441.794, 411.648, 0.484952]], "hand_pts": [[273.60549926757807, 366.5528564453125, 1.0], [284.3250427246094, 345.50466918945324, 1.0], [301.3502197265625, 332.6244201660157, 1.0], [315.8531494140625, 330.42535400390625, 1.0], [328.77966308593756, 330.42535400390625, 1.0], [322.789337158203, 324.142333984375, 1.0], [337.6075439453125, 324.142333984375, 1.0], [345.17428588867193, 327.2838439941406, 1.0], [351.16461181640636, 331.053680419922, 1.0], [328.4643859863281, 335.45181274414057, 1.0], [344.22842407226557, 339.2216186523437, 1.0], [336.34640502929693, 343.6197509765625, 1.0], [325.94213867187494, 343.6197509765625, 1.0], [331.30191040039057, 346.44714355468744, 1.0], [343.597869873047, 348.64617919921875, 1.0], [333.50888061523443, 353.9867858886718, 1.0], [324.6809997558594, 353.6726379394532, 1.0], [330.98663330078125, 362.46890258789057, 1.0], [339.1839294433594, 366.5528564453125, 1.0], [328.4643859863281, 370.63684082031256, 1.0], [317.42956542968744, 368.1236267089843, 1.0]], "head_box": [[288.6630666666667, 87.6302], [376.30693333333335, 219.096]], "head_size": 131.4658, "hand_box_center": [312.3850555419922, 347.38958740234375], "is_left": 0, "is_mpii": 0}