{"mpii_body_pts": [[0.0, 0.0, 0.0], [300.50149999999996, 278.60249999999996, 0.611316], [280.979, 231.696, 0.726052], [223.218, 101.741, 0.51197], [0.0, 0.0, 0.0], [0.0, 0.0, 0.0], [0.0, 0.0, 0.0], [0.0, 0.0, 0.0], [0.0, 0.0, 0.0], [0.0, 0.0, 0.0], [318.399, 281.708, 0.382778], [280.927, 381.942, 0.540148], [199.825, 303.647, 0.643507], [401.178, 253.558, 0.579125], [483.904, 367.812, 0.56363], [448.0, 370.941, 0.419455]], "hand_pts": [[446.3287658691406, 373.4447937011719, 1.0], [440.56445312500006, 354.02270507812494, 1.0], [421.4263305664062, 351.03347778320307, 1.0], [405.29025268554693, 363.36404418945324, 1.0], [388.40368652343756, 364.8586730957032, 1.0], [425.9294128417969, 368.9688415527344, 1.0], [404.53973388671875, 374.57363891601557, 1.0], [390.655242919922, 373.4526977539063, 1.0], [376.39544677734375, 377.1892395019531, 1.0], [432.30877685546875, 381.673065185547, 1.0], [403.7892456054688, 386.1569213867188, 1.0], [383.52532958984375, 389.51980590820307, 1.0], [369.64080810546886, 389.51980590820307, 1.0], [430.43249511718744, 395.8719177246093, 1.0], [403.03872680664057, 398.48748779296875, 1.0], [385.02636718749994, 398.1138305664063, 1.0], [370.0160827636719, 398.8611450195313, 1.0], [422.55209350585943, 405.2132568359375, 1.0], [404.16448974609375, 406.334228515625, 1.0], [394.4078063964844, 405.9605712890625, 1.0], [384.2758483886719, 406.7078552246094, 1.0]], "head_box": [[179.89966666666666, 101.741], [266.53633333333335, 231.696]], "head_size": 129.95499999999998, "hand_box_center": [407.98478698730474, 378.87066650390625], "is_left": 1, "is_mpii": 0}