{"mpii_body_pts": [[0.0, 0.0, 0.0], [347.298, 282.5345, 0.6503255], [343.489, 214.447, 0.779789], [337.152, 79.8022, 0.658293], [0.0, 0.0, 0.0], [0.0, 0.0, 0.0], [0.0, 0.0, 0.0], [0.0, 0.0, 0.0], [0.0, 0.0, 0.0], [0.0, 0.0, 0.0], [265.335, 371.0, 0.357469], [232.57, 444.543, 0.491735], [241.943, 284.874, 0.639499], [452.653, 280.195, 0.661152], [490.083, 419.464, 0.264043], [454.24, 450.781, 0.216058]], "hand_pts": [[267.2250061035156, 372.95117187499994, 1.0], [263.7250061035156, 350.63833618164057, 1.0], [261.92254638671875, 319.40301513671875, 1.0], [272.29168701171875, 299.55075073242193, 1.0], [275.48220825195307, 286.0511779785155, 1.0], [277.4762573242187, 316.6237182617187, 1.0], [296.2204895019531, 293.9920959472655, 1.0], [308.58367919921875, 286.4482421875, 1.0], [318.5540161132813, 281.68368530273443, 1.0], [288.24420166015636, 328.53509521484375, 1.0], [304.5955505371093, 312.2561950683593, 1.0], [315.7623291015625, 302.72711181640625, 1.0], [316.55993652343756, 306.6975708007813, 1.0], [299.809783935547, 338.0641784667969, 1.0], [317.35757446289057, 320.9912109374999, 1.0], [325.7326354980469, 312.65325927734375, 1.0], [321.74450683593756, 314.24142456054693, 1.0], [306.589599609375, 351.1666870117188, 1.0], [319.7504577636719, 340.843505859375, 1.0], [332.512451171875, 329.72622680664057, 1.0], [336.101776123047, 322.18234252929693, 1.0]], "head_box": [[292.2704, 79.8022], [382.0336, 214.447]], "head_size": 134.6448, "hand_box_center": [299.01216125488287, 327.3174285888672], "is_left": 0, "is_mpii": 0}