{"mpii_body_pts": [[0.0, 0.0, 0.0], [342.62850000000003, 273.921, 0.499468], [343.435, 239.473, 0.781861], [335.596, 100.189, 0.574988], [0.0, 0.0, 0.0], [0.0, 0.0, 0.0], [0.0, 0.0, 0.0], [0.0, 0.0, 0.0], [0.0, 0.0, 0.0], [0.0, 0.0, 0.0], [227.894, 245.727, 0.238293], [206.045, 341.223, 0.519548], [255.966, 275.486, 0.532586], [429.291, 272.356, 0.46635], [502.604, 378.76, 0.658763], [443.296, 255.165, 0.523407]], "hand_pts": [[445.0, 256.0, 1.0], [451.58499145507807, 231.17578124999997, 1.0], [451.58499145507807, 216.9284973144532, 1.0], [447.8196105957032, 200.80654907226565, 1.0], [450.83190917968744, 185.43447875976562, 1.0], [438.40615844726545, 204.93077087402344, 1.0], [420.7088623046875, 181.3102569580078, 1.0], [413.1781005859375, 171.5621032714844, 1.0], [406.7769775390625, 160.68917846679688, 1.0], [427.1100158691406, 205.30569458007812, 1.0], [411.6719665527344, 184.3096923828125, 1.0], [403.76467895507807, 172.68688964843753, 1.0], [397.363525390625, 161.43902587890625, 1.0], [415.060791015625, 208.30513000488278, 1.0], [405.2708129882812, 193.68290710449222, 1.0], [396.98696899414057, 180.93533325195315, 1.0], [391.33889770507807, 170.43731689453128, 1.0], [406.40042114257807, 213.5541381835938, 1.0], [399.6227416992188, 202.3062744140625, 1.0], [394.72775268554693, 196.30740356445315, 1.0], [391.33889770507807, 188.80883789062506, 1.0]], "head_box": [[289.168, 100.189], [382.024, 239.473]], "head_size": 139.28400000000002, "hand_box_center": [421.46194458007807, 208.34458923339844], "is_left": 1, "is_mpii": 0}