{"mpii_body_pts": [[152.992, 249.652, 0.1013585], [342.6515, 283.297, 0.6583319999999999], [341.862, 220.677, 0.721684], [320.045, 81.3747, 0.546689], [0.0, 0.0, 0.0], [0.0, 0.0, 0.0], [305.984, 499.304, 0.202717], [0.0, 0.0, 0.0], [0.0, 0.0, 0.0], [0.0, 0.0, 0.0], [293.406, 272.337, 0.59482], [265.332, 394.437, 0.593432], [240.386, 286.462, 0.691668], [444.917, 280.132, 0.624996], [479.167, 441.372, 0.727483], [407.427, 392.902, 0.763287]], "hand_pts": [[293.8293762207031, 277.5453796386719, 1.0], [308.3585205078125, 264.01242065429693, 1.0], [308.6743469238282, 245.75863647460943, 1.0], [312.7804260253906, 230.02261352539062, 1.0], [318.78158569335943, 213.02772521972656, 1.0], [272.9831848144531, 233.79927062988273, 1.0], [266.66616821289057, 216.80436706542974, 1.0], [257.8223571777344, 198.2358703613281, 1.0], [250.55776977539062, 188.47953796386716, 1.0], [267.92956542968744, 233.79927062988273, 1.0], [261.9284057617187, 217.11907958984372, 1.0], [251.5053253173828, 196.97698974609378, 1.0], [242.66149902343753, 183.44401550292972, 1.0], [276.7734069824219, 230.96678161621094, 1.0], [274.24658203125, 216.1749267578125, 1.0], [268.2454223632813, 198.2358703613281, 1.0], [260.98086547851557, 180.61152648925778, 1.0], [288.7757568359375, 231.28149414062503, 1.0], [292.2501220703125, 216.80436706542974, 1.0], [295.7244567871093, 205.4744415283203, 1.0], [296.9878845214844, 194.77394104003906, 1.0]], "head_box": [[273.6109, 81.3747], [366.4791, 220.677]], "head_size": 139.3023, "hand_box_center": [280.7215423583985, 229.07845306396484], "is_left": 0, "is_mpii": 0}