{"mpii_body_pts": [[0.0, 0.0, 0.0], [294.267, 289.546, 0.6009515], [293.433, 242.618, 0.749617], [280.947, 90.8068, 0.594305], [0.0, 0.0, 0.0], [0.0, 0.0, 0.0], [0.0, 0.0, 0.0], [0.0, 0.0, 0.0], [0.0, 0.0, 0.0], [0.0, 0.0, 0.0], [293.436, 392.807, 0.723193], [209.195, 478.962, 0.676219], [193.628, 313.034, 0.577838], [394.906, 266.058, 0.624065], [457.374, 399.144, 0.715331], [388.674, 425.723, 0.676051]], "hand_pts": [[299.2222290039063, 390.0713806152344, 1.0], [309.40740966796875, 371.87936401367193, 1.0], [321.6998596191407, 351.23843383789057, 1.0], [326.6168518066406, 347.3901062011718, 1.0], [340.0318603515625, 347.4161682128905, 1.0], [292.67437744140625, 340.0374755859375, 1.0], [317.79443359375006, 332.6588134765625, 1.0], [316.97082519531256, 341.2672729492187, 1.0], [308.7347412109375, 344.136749267578, 1.0], [288.9681396484374, 350.69558715820307, 1.0], [318.2062377929687, 342.90698242187494, 1.0], [314.5, 355.61468505859375, 1.0], [305.44030761718744, 357.66433715820307, 1.0], [291.43896484375, 361.7635803222656, 1.0], [318.53894042968744, 355.78643798828114, 1.0], [314.5, 365.04299926757807, 1.0], [306.6757202148438, 367.5025634765625, 1.0], [294.3215942382812, 374.4713134765624, 1.0], [318.61804199218744, 371.19189453125, 1.0], [315.3236083984375, 378.980499267578, 1.0], [309.97015380859364, 380.21029663085943, 1.0]], "head_box": [[230.34326666666666, 90.8068], [331.5507333333333, 242.618]], "head_size": 151.81119999999999, "hand_box_center": [314.49999999999994, 361.36509704589844], "is_left": 0, "is_mpii": 0}