{"mpii_body_pts": [[0.0, 0.0, 0.0], [337.9925, 280.2, 0.6411294999999999], [330.997, 223.819, 0.739129], [324.707, 79.8835, 0.616432], [0.0, 0.0, 0.0], [0.0, 0.0, 0.0], [0.0, 0.0, 0.0], [0.0, 0.0, 0.0], [0.0, 0.0, 0.0], [0.0, 0.0, 0.0], [293.509, 356.852, 0.82293], [215.418, 444.567, 0.624033], [234.18, 291.147, 0.601189], [441.805, 269.253, 0.68107], [480.77, 414.804, 0.691539], [396.511, 417.932, 0.680182]], "hand_pts": [[293.14868164062506, 361.76287841796875, 1.0], [309.14108276367193, 343.97320556640625, 1.0], [302.48846435546875, 315.3054809570313, 1.0], [300.4637756347657, 301.3317565917969, 1.0], [298.55282592773443, 288.74200439453136, 1.0], [277.32223510742193, 313.72283935546875, 1.0], [290.4465942382812, 289.1263122558593, 1.0], [305.81478881835943, 291.1035766601563, 1.0], [308.9751281738281, 301.42456054687494, 1.0], [278.4802551269531, 317.1817016601563, 1.0], [307.260986328125, 305.50946044921875, 1.0], [316.51678466796875, 315.7376708984375, 1.0], [309.43032836914057, 322.0762634277344, 1.0], [283.1123962402343, 324.48379516601557, 1.0], [309.7471618652344, 315.2601013183594, 1.0], [315.2151794433593, 325.24554443359375, 1.0], [308.20312499999994, 332.1701965332031, 1.0], [289.76177978515625, 331.29602050781244, 1.0], [309.7471618652344, 328.3269958496093, 1.0], [313.9932861328125, 332.9388427734375, 1.0], [311.45501708984375, 338.06680297851557, 1.0]], "head_box": [[276.7285, 79.8835], [372.6855, 223.819]], "head_size": 143.9355, "hand_box_center": [296.9195098876953, 325.25244140625006], "is_left": 0, "is_mpii": 0}