{"mpii_body_pts": [[0.0, 0.0, 0.0], [323.129, 280.96349999999995, 0.666634], [324.656, 216.019, 0.742614], [316.907, 76.6963, 0.644398], [0.0, 0.0, 0.0], [0.0, 0.0, 0.0], [0.0, 0.0, 0.0], [0.0, 0.0, 0.0], [0.0, 0.0, 0.0], [0.0, 0.0, 0.0], [268.506, 424.181, 0.630471], [170.141, 442.93, 0.738329], [215.367, 281.787, 0.691315], [430.891, 280.14, 0.641953], [468.294, 427.28, 0.63434], [379.248, 471.106, 0.673281]], "hand_pts": [[385.0, 475.0, 1.0], [363.6555786132813, 461.73846435546875, 1.0], [334.8143920898438, 455.6358947753906, 1.0], [314.9860534667968, 465.6871643066406, 1.0], [302.728546142578, 474.66152954101557, 1.0], [329.7671813964844, 477.5333251953125, 1.0], [305.25213623046875, 485.4307556152343, 1.0], [313.1834716796875, 478.25128173828125, 1.0], [323.6383972167969, 474.66152954101557, 1.0], [331.209228515625, 494.4051208496093, 1.0], [311.3808898925781, 495.84103393554693, 1.0], [319.31222534179693, 490.0974426269532, 1.0], [327.964599609375, 489.73846435546875, 1.0], [338.78002929687494, 505.5333251953125, 1.0], [321.11480712890636, 504.0974426269532, 1.0], [325.0804748535156, 501.5846252441406, 1.0], [330.127685546875, 501.22564697265625, 1.0], [345.9903564453124, 511.27691650390625, 1.0], [331.9302673339844, 510.9179382324219, 1.0], [335.1748962402344, 508.76409912109375, 1.0], [339.1405639648438, 509.12307739257807, 1.0]], "head_box": [[270.4661, 76.6963], [363.3479, 216.019]], "head_size": 139.3227, "hand_box_center": [343.864273071289, 483.45640563964844], "is_left": 1, "is_mpii": 0}