{"mpii_body_pts": [[0.0, 0.0, 0.0], [343.4045, 278.592, 0.6213124999999999], [330.887, 237.901, 0.722908], [268.512, 101.721, 0.570758], [0.0, 0.0, 0.0], [0.0, 0.0, 0.0], [0.0, 0.0, 0.0], [0.0, 0.0, 0.0], [0.0, 0.0, 0.0], [0.0, 0.0, 0.0], [146.743, 406.981, 0.69686], [209.199, 403.801, 0.636387], [234.157, 277.042, 0.625467], [452.652, 280.142, 0.617158], [510.439, 405.389, 0.329028], [493.257, 417.872, 0.273421]], "hand_pts": [[143.9477233886719, 405.7904663085937, 1.0], [128.55224609375003, 395.5740356445313, 1.0], [101.0793533325195, 390.100830078125, 1.0], [85.51137542724611, 390.7850036621093, 1.0], [69.58687591552733, 388.3207702636719, 1.0], [92.37960052490234, 413.8180236816406, 1.0], [74.75115966796878, 419.2912292480468, 1.0], [63.07518005371094, 419.7473449707031, 1.0], [51.857082366943345, 419.7473449707031, 1.0], [100.62146759033203, 427.72909545898426, 1.0], [82.53514862060547, 435.93887329101557, 1.0], [69.9434051513672, 436.6230163574219, 1.0], [61.930477142333984, 434.57058715820307, 1.0], [107.94757080078125, 435.4827880859375, 1.0], [97.18735504150389, 440.95599365234375, 1.0], [92.1506576538086, 436.6230163574219, 1.0], [93.06642150878905, 427.72909545898426, 1.0], [119.39461517333984, 437.07913208007807, 1.0], [113.44215393066406, 435.02667236328125, 1.0], [111.32716369628906, 430.2480163574219, 1.0], [110.27488708496094, 426.7540893554688, 1.0]], "head_box": [[223.11866666666666, 101.721], [313.9053333333333, 237.901]], "head_size": 136.18, "hand_box_center": [97.90240287780762, 414.6383819580078], "is_left": 0, "is_mpii": 0}