{"mpii_body_pts": [[113.171, 204.2645, 0.1169785], [279.418, 264.525, 0.4147955], [276.301, 231.641, 0.679346], [273.195, 90.8013, 0.517711], [0.0, 0.0, 0.0], [0.0, 0.0, 0.0], [226.342, 408.529, 0.233957], [0.0, 0.0, 0.0], [0.0, 0.0, 0.0], [0.0, 0.0, 0.0], [293.444, 223.825, 0.424228], [231.081, 327.138, 0.543454], [229.458, 261.404, 0.465733], [329.378, 267.646, 0.363858], [0.0, 0.0, 0.0], [0.0, 0.0, 0.0]], "hand_pts": [[398.37548828125, 323.3372192382812, 1.0], [388.2232971191406, 305.55282592773443, 1.0], [370.0193481445313, 296.8349609375, 1.0], [364.06805419921875, 309.73739624023426, 1.0], [361.26745605468744, 317.0603637695313, 1.0], [375.62054443359375, 278.0044250488281, 1.0], [368.6190490722656, 303.4605407714843, 1.0], [373.5201110839843, 307.29638671874994, 1.0], [379.12130737304693, 309.0399475097657, 1.0], [385.42266845703125, 279.39929199218744, 1.0], [378.771240234375, 306.5989685058594, 1.0], [379.4714050292969, 309.388671875, 1.0], [386.1228332519531, 308.342529296875, 1.0], [396.2750244140625, 281.84027099609375, 1.0], [385.7727661132813, 311.1322326660156, 1.0], [392.4241943359375, 310.78350830078125, 1.0], [393.12435913085943, 305.20410156249994, 1.0], [407.12738037109375, 288.11712646484375, 1.0], [397.6753540039063, 300.3221130371093, 1.0], [398.37548828125, 313.22451782226557, 1.0], [402.57641601562494, 311.48095703124994, 1.0]], "head_box": [[226.24843333333334, 90.8013], [320.1415666666667, 231.641]], "head_size": 140.8397, "hand_box_center": [384.1974182128906, 300.6708221435547], "is_left": 1, "is_mpii": 0}