{"mpii_body_pts": [[0.0, 0.0, 0.0], [348.8515, 277.039, 0.6453885], [343.362, 217.561, 0.760836], [326.213, 79.7967, 0.604622], [0.0, 0.0, 0.0], [0.0, 0.0, 0.0], [0.0, 0.0, 0.0], [0.0, 0.0, 0.0], [0.0, 0.0, 0.0], [0.0, 0.0, 0.0], [202.888, 194.09, 0.557602], [181.061, 328.686, 0.535569], [243.513, 272.347, 0.626658], [454.19, 281.731, 0.664119], [476.114, 432.06, 0.650872], [413.648, 356.88, 0.557903]], "hand_pts": [[412.0, 358.0, 1.0], [419.6813659667969, 334.69573974609364, 1.0], [423.38833618164057, 313.28717041015625, 1.0], [420.05206298828125, 295.2006530761719, 1.0], [423.0176391601563, 281.9125671386719, 1.0], [403.3706970214844, 307.75048828125, 1.0], [387.43072509765625, 289.2948303222656, 1.0], [377.0512084960937, 277.1141052246094, 1.0], [368.52517700195307, 266.7789611816406, 1.0], [390.76699829101557, 316.2400817871094, 1.0], [373.34423828125, 291.1404113769532, 1.0], [365.1889038085937, 277.8523254394532, 1.0], [355.92147827148426, 264.56427001953136, 1.0], [378.53399658203125, 320.6694335937501, 1.0], [367.78378295898426, 299.99911499023426, 1.0], [358.5163574218749, 285.6036987304688, 1.0], [352.21450805664057, 274.8994445800781, 1.0], [368.89587402343756, 325.4678955078125, 1.0], [362.9647216796875, 311.81072998046875, 1.0], [355.92147827148426, 299.99911499023426, 1.0], [349.9903259277343, 290.4021606445313, 1.0]], "head_box": [[280.2915666666667, 79.7967], [372.13443333333333, 217.561]], "head_size": 137.7643, "hand_box_center": [386.68933105468744, 311.2821350097657], "is_left": 1, "is_mpii": 0}