{"mpii_body_pts": [[0.0, 0.0, 0.0], [359.0365, 280.1445, 0.647586], [360.593, 206.662, 0.689659], [363.674, 78.2596, 0.647404], [0.0, 0.0, 0.0], [0.0, 0.0, 0.0], [0.0, 0.0, 0.0], [0.0, 0.0, 0.0], [0.0, 0.0, 0.0], [0.0, 0.0, 0.0], [293.414, 317.663, 0.692037], [193.575, 403.79, 0.684509], [254.456, 267.655, 0.694487], [463.617, 292.634, 0.600685], [469.896, 444.49, 0.650727], [394.905, 381.969, 0.540473]], "hand_pts": [[406.0, 403.0, 1.0], [407.2601318359375, 390.6209716796875, 1.0], [409.8982543945313, 376.7360534667968, 1.0], [415.5514526367188, 368.85543823242193, 1.0], [421.2046203613282, 365.102752685547, 1.0], [388.7930603027344, 382.74035644531244, 1.0], [381.25549316406256, 390.2456970214844, 1.0], [376.7329406738282, 395.12420654296875, 1.0], [371.8335266113281, 401.1284790039063, 1.0], [377.10983276367193, 384.24142456054693, 1.0], [367.31097412109375, 392.8725891113282, 1.0], [358.64276123046886, 390.99624633789057, 1.0], [351.10519409179693, 396.62527465820307, 1.0], [374.0947875976563, 382.3650817871094, 1.0], [363.542205810547, 388.369384765625, 1.0], [352.23583984375, 386.86828613281256, 1.0], [343.19073486328125, 389.87045288085943, 1.0], [369.57226562500006, 381.2392883300781, 1.0], [359.01965332031256, 383.8661499023437, 1.0], [352.6127014160156, 385.36721801757807, 1.0], [345.0751342773437, 387.2435607910156, 1.0]], "head_box": [[320.8732, 78.2596], [406.47479999999996, 206.662]], "head_size": 128.4024, "hand_box_center": [382.1976776123047, 384.0513763427735], "is_left": 1, "is_mpii": 0}