{"mpii_body_pts": [[0.0, 0.0, 0.0], [332.498, 279.395, 0.560996], [313.739, 233.231, 0.688944], [266.97, 93.9234, 0.592822], [0.0, 0.0, 0.0], [0.0, 0.0, 0.0], [0.0, 0.0, 0.0], [0.0, 0.0, 0.0], [0.0, 0.0, 0.0], [0.0, 0.0, 0.0], [237.292, 325.56, 0.597269], [212.297, 444.501, 0.512388], [240.395, 278.629, 0.446298], [424.601, 280.161, 0.675694], [463.579, 433.614, 0.69872], [407.467, 366.25, 0.72108]], "hand_pts": [[405.25, 357.894775390625, 1.0], [391.56838989257807, 347.31481933593756, 1.0], [383.4607849121093, 331.1929321289063, 1.0], [383.4607849121093, 324.6434326171875, 1.0], [381.5926208496094, 313.9744567871093, 1.0], [405.25, 321.45263671875, 1.0], [406.00103759765625, 298.2702941894532, 1.0], [392.48254394531244, 304.62673950195307, 1.0], [385.7232971191406, 312.4788208007813, 1.0], [415.01336669921875, 321.45263671875, 1.0], [421.7726135253906, 302.3832702636719, 1.0], [417.64196777343756, 305.0006408691407, 1.0], [410.88272094726557, 307.9919128417968, 1.0], [420.6460571289063, 329.67864990234375, 1.0], [430.0339050292969, 314.72229003906256, 1.0], [424.0256958007813, 315.0961914062499, 1.0], [418.01745605468744, 315.0961914062499, 1.0], [424.7767028808594, 337.9046325683594, 1.0], [431.53594970703125, 325.565643310547, 1.0], [425.9032592773437, 325.9395446777344, 1.0], [420.6460571289063, 327.4351806640625, 1.0]], "head_box": [[220.53413333333336, 93.9234], [313.40586666666667, 233.231]], "head_size": 139.30759999999998, "hand_box_center": [406.5642852783203, 328.08253479003906], "is_left": 1, "is_mpii": 0}