{"mpii_body_pts": [[0.0, 0.0, 0.0], [327.785, 287.98400000000004, 0.660883], [320.014, 244.143, 0.727337], [321.592, 82.963, 0.462067], [0.0, 0.0, 0.0], [0.0, 0.0, 0.0], [0.0, 0.0, 0.0], [0.0, 0.0, 0.0], [0.0, 0.0, 0.0], [0.0, 0.0, 0.0], [262.216, 383.473, 0.497257], [217.014, 457.03, 0.650348], [224.782, 306.776, 0.647611], [430.788, 269.192, 0.674155], [477.618, 431.948, 0.526871], [468.283, 369.452, 0.677751]], "hand_pts": [[264.0, 384.0, 1.0], [260.0, 364.0, 1.0], [270.0, 342.0, 1.0], [285.0, 332.0, 1.0], [297.0, 331.0, 1.0], [285.0, 332.0, 1.0], [296.0, 317.0, 1.0], [304.0, 307.0, 1.0], [312.0, 296.0, 1.0], [297.0, 343.0, 1.0], [315.0, 325.0, 1.0], [327.2788696289063, 311.2703857421874, 1.0], [337.70117187499994, 298.97213745117176, 1.0], [304.0, 354.0, 1.0], [320.0, 341.0, 1.0], [314.0, 344.0, 1.0], [306.0, 349.0, 1.0], [309.0, 365.0, 1.0], [317.0, 359.0, 1.0], [311.0, 357.0, 1.0], [305.0, 361.0, 1.0]], "head_box": [[267.8653333333333, 82.963], [375.3186666666667, 244.143]], "head_size": 161.18, "hand_box_center": [298.8505859375, 340.0], "is_left": 0, "is_mpii": 0}