{"mpii_body_pts": [[127.2165, 258.251, 0.160499], [334.0605, 295.831, 0.6530705], [334.05, 222.265, 0.701096], [320.039, 90.7431, 0.639], [0.0, 0.0, 0.0], [0.0, 0.0, 0.0], [254.433, 516.502, 0.320998], [0.0, 0.0, 0.0], [0.0, 0.0, 0.0], [0.0, 0.0, 0.0], [284.084, 482.065, 0.675104], [184.188, 436.721, 0.657715], [226.308, 298.945, 0.65511], [441.813, 292.717, 0.651031], [487.045, 432.027, 0.669678], [388.7, 458.654, 0.604574]], "hand_pts": [[286.580108642578, 485.24038696289057, 1.0], [299.9487609863281, 470.55795288085943, 1.0], [317.7736206054688, 459.972930908203, 1.0], [335.5984802246094, 451.77807617187494, 1.0], [352.2288208007813, 445.8400268554688, 1.0], [325.70190429687494, 484.6488342285156, 1.0], [356.64999389648443, 489.8500061035157, 1.0], [370.31536865234375, 487.84954833984386, 1.0], [379.9615173339843, 484.2487182617187, 1.0], [320.8788452148438, 501.45263671875, 1.0], [351.42498779296875, 506.2537231445313, 1.0], [366.69805908203125, 500.2523498535156, 1.0], [373.53076171875, 494.25100708007807, 1.0], [321.28076171875, 511.05480957031256, 1.0], [344.19036865234375, 511.05480957031256, 1.0], [358.2576904296875, 505.45352172851557, 1.0], [364.2865295410155, 500.65243530273443, 1.0], [316.4577026367188, 516.2559814453125, 1.0], [335.34808349609375, 511.85498046875006, 1.0], [344.19036865234375, 508.254150390625, 1.0], [349.8172912597657, 505.0534362792969, 1.0]], "head_box": [[276.19836666666663, 90.7431], [363.87963333333335, 222.265]], "head_size": 131.5219, "hand_box_center": [333.27081298828114, 481.0480041503906], "is_left": 0, "is_mpii": 0}