{"mpii_body_pts": [[0.0, 0.0, 0.0], [350.451, 281.755, 0.676199], [354.312, 223.83, 0.751671], [335.607, 81.4091, 0.575144], [0.0, 0.0, 0.0], [0.0, 0.0, 0.0], [0.0, 0.0, 0.0], [0.0, 0.0, 0.0], [0.0, 0.0, 0.0], [0.0, 0.0, 0.0], [218.496, 369.355, 0.572663], [191.964, 442.974, 0.694567], [241.977, 283.288, 0.65611], [458.925, 280.222, 0.696288], [493.331, 444.531, 0.668857], [466.734, 405.378, 0.696987]], "hand_pts": [[455.1363220214843, 392.09039306640625, 1.0], [448.2578125, 373.0741271972656, 1.0], [430.5565185546874, 362.5737609863281, 1.0], [414.3617248535156, 358.4486083984375, 1.0], [401.5565185546874, 365.9488830566406, 1.0], [440.3487243652344, 358.0736083984375, 1.0], [418.1279602050781, 380.1994018554688, 1.0], [411.3487243652344, 393.69989013671886, 1.0], [407.2058715820313, 403.45025634765625, 1.0], [452.4006652832031, 364.4488220214844, 1.0], [427.16690063476574, 386.19961547851557, 1.0], [424.15393066406256, 393.32489013671886, 1.0], [427.9201354980468, 391.0747985839844, 1.0], [459.9331054687499, 374.94921874999994, 1.0], [440.72534179687494, 395.574951171875, 1.0], [430.5565185546874, 401.57516479492193, 1.0], [433.9461059570312, 398.2000427246094, 1.0], [467.46557617187494, 386.19961547851557, 1.0], [454.28378295898426, 399.3251037597656, 1.0], [445.2448120117188, 405.32531738281244, 1.0], [442.9850769042968, 405.32531738281244, 1.0]], "head_box": [[288.1333666666667, 81.4091], [383.08063333333337, 223.83]], "head_size": 142.42090000000002, "hand_box_center": [434.51104736328114, 381.699462890625], "is_left": 1, "is_mpii": 0}