{"mpii_body_pts": [[0.0, 0.0, 0.0], [344.205, 286.4435, 0.5539005], [355.86, 225.419, 0.767375], [349.653, 86.1, 0.528143], [0.0, 0.0, 0.0], [0.0, 0.0, 0.0], [0.0, 0.0, 0.0], [0.0, 0.0, 0.0], [0.0, 0.0, 0.0], [0.0, 0.0, 0.0], [265.372, 361.58, 0.509534], [241.964, 435.155, 0.513064], [245.111, 291.099, 0.571991], [443.299, 281.788, 0.53581], [466.781, 367.826, 0.214875], [0.0, 0.0, 0.0]], "hand_pts": [[469.0, 370.0, 1.0], [481.4898071289063, 352.0955505371093, 1.0], [495.49710083007807, 327.8710021972656, 1.0], [503.60659790039057, 304.01351928710926, 1.0], [511.3475036621094, 295.5716552734375, 1.0], [470.06277465820307, 303.64648437500006, 1.0], [458.26715087890625, 290.4331054687499, 1.0], [447.3152770996094, 291.4999389648437, 1.0], [444.2958374023437, 293.50509643554693, 1.0], [450.52624511718744, 301.8113098144531, 1.0], [437.6247863769532, 284.56048583984386, 1.0], [434.23095703124994, 287.48965454101557, 1.0], [432.8889465332031, 292.50253295898426, 1.0], [437.99340820312494, 309.5191040039063, 1.0], [425.4605407714843, 296.3057250976563, 1.0], [419.194091796875, 291.16717529296875, 1.0], [419.1336364746093, 297.515380859375, 1.0], [425.4605407714843, 322.36544799804693, 1.0], [411.4532165527343, 315.0246887207032, 1.0], [404.08096313476574, 309.5191040039063, 1.0], [398.18313598632807, 305.1146545410156, 1.0]], "head_box": [[303.21333333333337, 86.1], [396.0926666666667, 225.419]], "head_size": 139.31900000000002, "hand_box_center": [454.76531982421875, 327.28024291992193], "is_left": 1, "is_mpii": 0}