{"mpii_body_pts": [[0.0, 0.0, 0.0], [361.39, 288.00800000000004, 0.692777], [362.119, 219.094, 0.73836], [352.79, 84.5157, 0.632599], [0.0, 0.0, 0.0], [0.0, 0.0, 0.0], [0.0, 0.0, 0.0], [0.0, 0.0, 0.0], [0.0, 0.0, 0.0], [0.0, 0.0, 0.0], [254.486, 342.713, 0.768103], [218.542, 435.155, 0.646594], [256.0, 283.303, 0.680048], [466.78, 292.713, 0.705506], [502.646, 452.348, 0.652804], [468.317, 385.019, 0.72359]], "hand_pts": [[254.88958740234378, 344.34066772460943, 1.0], [266.4395751953125, 322.28930664062494, 1.0], [284.7270812988281, 309.8255004882812, 1.0], [298.84375, 309.8255004882812, 1.0], [311.14474487304705, 317.1557312011719, 1.0], [285.47192382812494, 297.16146850585943, 1.0], [305.24291992187494, 302.74807739257807, 1.0], [320.8826904296875, 306.86456298828125, 1.0], [336.2273559570312, 308.6287536621093, 1.0], [278.3897705078125, 307.45263671875, 1.0], [301.99694824218733, 316.86169433593756, 1.0], [319.9974365234375, 324.2125244140625, 1.0], [333.5715637207031, 328.91705322265625, 1.0], [273.9634094238281, 319.5079956054688, 1.0], [296.3902282714843, 327.7409362792969, 1.0], [311.7349243164063, 336.2679138183594, 1.0], [325.6041259765625, 344.206787109375, 1.0], [271.01251220703125, 332.1514282226563, 1.0], [285.47192382812494, 338.0321044921874, 1.0], [297.2755126953125, 343.0306701660156, 1.0], [308.7840270996094, 348.0292358398438, 1.0]], "head_box": [[307.93056666666666, 84.5157], [397.6494333333334, 219.094]], "head_size": 134.5783, "hand_box_center": [295.5584716796875, 322.5953521728516], "is_left": 0, "is_mpii": 0}