{"mpii_body_pts": [[0.0, 0.0, 0.0], [372.2935, 272.38599999999997, 0.625013], [368.461, 220.747, 0.734823], [332.475, 84.5136, 0.608949], [0.0, 0.0, 0.0], [0.0, 0.0, 0.0], [0.0, 0.0, 0.0], [0.0, 0.0, 0.0], [0.0, 0.0, 0.0], [0.0, 0.0, 0.0], [220.092, 319.283, 0.695297], [221.681, 406.982, 0.665404], [266.936, 262.979, 0.602425], [477.651, 281.793, 0.647601], [479.27, 417.942, 0.735543], [416.739, 306.843, 0.761376]], "hand_pts": [[408.7803649902343, 307.8808898925781, 1.0], [391.7757873535156, 293.3576965332032, 1.0], [386.61367797851557, 273.99343872070307, 1.0], [386.00634765624994, 255.83944702148443, 1.0], [381.45153808593744, 241.92138671875003, 1.0], [410.602294921875, 238.89572143554688, 1.0], [414.8534545898438, 223.46482849121094, 1.0], [420.31921386718744, 214.08526611328128, 1.0], [424.5703735351563, 204.70568847656247, 1.0], [416.06805419921875, 245.5521850585938, 1.0], [420.01556396484375, 229.21359252929682, 1.0], [425.17767333984386, 216.20323181152344, 1.0], [433.67999267578136, 199.25949096679688, 1.0], [423.35574340820307, 252.5112152099609, 1.0], [423.96307373046875, 234.35722351074222, 1.0], [426.08862304687494, 222.55712890625003, 1.0], [430.6434326171875, 209.54675292968747, 1.0], [430.0361328124999, 259.4702453613281, 1.0], [430.3397827148438, 247.3675842285156, 1.0], [429.7324829101563, 238.29058837890625, 1.0], [430.3397827148438, 226.49049377441406, 1.0]], "head_box": [[287.0638666666667, 84.5136], [377.88613333333336, 220.747]], "head_size": 136.23340000000002, "hand_box_center": [407.5657653808594, 253.5701904296875], "is_left": 1, "is_mpii": 0}