{"mpii_body_pts": [[0.0, 0.0, 0.0], [343.4045, 288.7455, 0.6078410000000001], [345.033, 217.536, 0.731291], [334.064, 82.9704, 0.605251], [0.0, 0.0, 0.0], [0.0, 0.0, 0.0], [0.0, 0.0, 0.0], [0.0, 0.0, 0.0], [0.0, 0.0, 0.0], [0.0, 0.0, 0.0], [220.124, 314.625, 0.249796], [207.607, 422.611, 0.510764], [234.13, 292.644, 0.591581], [452.679, 284.847, 0.624101], [494.849, 419.476, 0.610462], [460.508, 391.301, 0.503711]], "hand_pts": [[232.49583435058597, 302.9876708984375, 1.0], [253.79837036132812, 287.17715454101557, 1.0], [276.6501770019531, 297.20333862304693, 1.0], [293.69219970703125, 307.22952270507807, 1.0], [313.4454650878906, 314.1707458496094, 1.0], [284.00924682617193, 271.36663818359375, 1.0], [311.1215515136719, 282.16406250000006, 1.0], [312.67083740234375, 297.20333862304693, 1.0], [301.43859863281244, 302.2164306640625, 1.0], [275.48822021484375, 275.9941101074219, 1.0], [300.6639404296875, 293.73272705078125, 1.0], [302.2132263183594, 309.5432739257813, 1.0], [288.269744873047, 306.4582824707031, 1.0], [267.3545227050781, 283.3209228515625, 1.0], [289.81903076171875, 298.74581909179693, 1.0], [294.8541564941406, 312.2426147460937, 1.0], [286.7204895019531, 318.7981872558593, 1.0], [254.96032714843756, 291.41900634765625, 1.0], [270.8403930664063, 301.83081054687494, 1.0], [282.0726623535157, 314.9419860839844, 1.0], [276.26287841796875, 313.01385498046875, 1.0]], "head_box": [[289.2088, 82.9704], [378.91920000000005, 217.536]], "head_size": 134.56560000000002, "hand_box_center": [272.9706497192383, 295.08241271972656], "is_left": 0, "is_mpii": 0}