{"mpii_body_pts": [[146.716, 242.624, 0.106593], [348.08950000000004, 284.899, 0.6500645], [349.66, 208.187, 0.715806], [338.732, 79.7535, 0.648679], [0.0, 0.0, 0.0], [0.0, 0.0, 0.0], [293.432, 485.248, 0.213186], [0.0, 0.0, 0.0], [0.0, 0.0, 0.0], [0.0, 0.0, 0.0], [290.368, 453.908, 0.745929], [202.908, 441.371, 0.645917], [238.836, 287.989, 0.641598], [457.343, 281.809, 0.658531], [496.409, 428.871, 0.685967], [415.209, 455.432, 0.61535]], "hand_pts": [[292.9808959960937, 452.4756774902343, 1.0], [313.5233154296874, 441.9402465820313, 1.0], [332.8573303222656, 438.9301147460936, 1.0], [361.55630493164057, 444.3483581542969, 1.0], [376.0568237304688, 434.1139221191407, 1.0], [342.2222595214843, 452.4756774902343, 1.0], [355.8164978027344, 464.5162048339844, 1.0], [365.7856140136719, 470.8374633789063, 1.0], [370.3170471191407, 478.0617980957031, 1.0], [330.4405822753906, 462.10809326171875, 1.0], [347.35787963867193, 476.2557067871093, 1.0], [360.34793090820307, 484.68405151367193, 1.0], [375.1505432128906, 485.2861022949219, 1.0], [318.65890502929693, 471.43951416015625, 1.0], [332.5552368164063, 487.6941833496094, 1.0], [343.4306335449219, 495.52053833007807, 1.0], [359.7437438964844, 497.9286193847656, 1.0], [307.4814147949219, 482.27597045898426, 1.0], [318.35681152343756, 493.7144470214844, 1.0], [330.1384887695313, 502.14282226562506, 1.0], [342.2222595214843, 504.24990844726557, 1.0]], "head_box": [[295.92083333333335, 79.7535], [381.5431666666667, 208.187]], "head_size": 128.4335, "hand_box_center": [334.51885986328125, 469.1819152832031], "is_left": 0, "is_mpii": 0}