{"mpii_body_pts": [[0.0, 0.0, 0.0], [295.7995, 289.57399999999996, 0.5857895], [293.532, 245.732, 0.711141], [293.471, 93.8677, 0.637607], [0.0, 0.0, 0.0], [0.0, 0.0, 0.0], [0.0, 0.0, 0.0], [0.0, 0.0, 0.0], [0.0, 0.0, 0.0], [0.0, 0.0, 0.0], [291.912, 358.449, 0.638456], [215.378, 449.221, 0.505394], [193.54, 308.354, 0.565787], [398.059, 270.794, 0.605792], [455.849, 411.675, 0.737548], [379.273, 431.957, 0.683199]], "hand_pts": [[284.84228515625006, 364.3191528320313, 1.0], [296.7536926269532, 343.87588500976574, 1.0], [321.80868530273443, 329.9744873046875, 1.0], [352.614013671875, 338.5606384277344, 1.0], [361.23950195312494, 343.87588500976574, 1.0], [317.29058837890625, 320.57058715820307, 1.0], [345.6314697265625, 325.06808471679693, 1.0], [349.7388610839844, 335.6985778808594, 1.0], [341.52410888671875, 334.47198486328125, 1.0], [318.52279663085943, 332.4276733398438, 1.0], [346.042205810547, 337.3340454101563, 1.0], [344.8099975585937, 344.6936340332031, 1.0], [337.4167175292968, 343.0581665039063, 1.0], [319.7550048828125, 344.6936340332031, 1.0], [344.8099975585937, 350.417724609375, 1.0], [337.8274536132813, 351.6443176269532, 1.0], [329.6127014160156, 349.6000061035157, 1.0], [315.2368774414062, 355.3240966796875, 1.0], [334.9523010253906, 360.230499267578, 1.0], [330.8449096679688, 363.9102783203125, 1.0], [324.68386840820307, 363.0925598144531, 1.0]], "head_box": [[242.84956666666668, 93.8677], [344.09243333333336, 245.732]], "head_size": 151.86430000000001, "hand_box_center": [323.0408935546875, 342.4448699951172], "is_left": 0, "is_mpii": 0}