{"mpii_body_pts": [[0.0, 0.0, 0.0], [333.26599999999996, 287.222, 0.548897], [324.704, 219.186, 0.747745], [306.021, 90.7531, 0.665689], [0.0, 0.0, 0.0], [0.0, 0.0, 0.0], [0.0, 0.0, 0.0], [0.0, 0.0, 0.0], [0.0, 0.0, 0.0], [0.0, 0.0, 0.0], [179.547, 339.676, 0.708545], [210.747, 457.081, 0.530607], [231.005, 297.384, 0.459331], [435.527, 277.06, 0.638463], [487.011, 417.964, 0.669249], [451.122, 427.285, 0.324165]], "hand_pts": [[180.86990356445312, 340.42752075195307, 1.0], [171.61468505859375, 327.1109008789063, 1.0], [183.26939392089838, 314.47717285156244, 1.0], [200.02691650390628, 301.744842529297, 1.0], [206.45768737792977, 290.5422973632813, 1.0], [166.6673126220703, 292.5427551269532, 1.0], [185.15576171874997, 271.3379516601563, 1.0], [196.0076904296875, 260.53552246093744, 1.0], [204.84999084472656, 255.73443603515625, 1.0], [169.07884216308594, 309.7466430664063, 1.0], [191.1846160888672, 287.7416687011719, 1.0], [208.46730041503912, 274.5386962890625, 1.0], [218.515380859375, 267.7371520996093, 1.0], [175.50961303710938, 313.74755859375006, 1.0], [204.4480743408203, 299.744384765625, 1.0], [198.01730346679688, 306.9460144042968, 1.0], [188.77307128906244, 312.14718627929693, 1.0], [182.7442321777344, 323.3497314453125, 1.0], [206.05577087402344, 311.7471008300781, 1.0], [201.63461303710938, 318.1485595703125, 1.0], [196.40960693359378, 319.74890136718744, 1.0]], "head_box": [[263.21003333333334, 90.7531], [348.8319666666667, 219.186]], "head_size": 128.43290000000002, "hand_box_center": [192.59134674072266, 298.0809783935547], "is_left": 0, "is_mpii": 0}