{"mpii_body_pts": [[0.0, 0.0, 0.0], [343.4045, 278.592, 0.6213124999999999], [330.887, 237.901, 0.722908], [268.512, 101.721, 0.570758], [0.0, 0.0, 0.0], [0.0, 0.0, 0.0], [0.0, 0.0, 0.0], [0.0, 0.0, 0.0], [0.0, 0.0, 0.0], [0.0, 0.0, 0.0], [146.743, 406.981, 0.69686], [209.199, 403.801, 0.636387], [234.157, 277.042, 0.625467], [452.652, 280.142, 0.617158], [510.439, 405.389, 0.329028], [493.257, 417.872, 0.273421]], "hand_pts": [[453.4677124023437, 403.64468383789074, 1.0], [452.7662048339844, 386.87377929687494, 1.0], [458.72909545898426, 376.3919677734375, 1.0], [465.0427551269532, 369.4040832519531, 1.0], [469.1592712402344, 362.0444335937501, 1.0], [478.40847778320307, 395.0457153320313, 1.0], [493.45422363281256, 395.25924682617193, 1.0], [496.6110534667969, 397.0062255859375, 1.0], [500.3753051757813, 401.1855163574219, 1.0], [478.0230712890625, 408.86022949218744, 1.0], [491.34967041015636, 415.17468261718756, 1.0], [493.45422363281256, 421.81317138671875, 1.0], [494.59454345703125, 428.4307556152343, 1.0], [473.8117370605469, 419.71682739257807, 1.0], [481.5284118652343, 426.0059204101563, 1.0], [480.4761352539062, 430.89743041992193, 1.0], [481.1061401367188, 435.72174072265625, 1.0], [466.0950317382812, 430.19863891601557, 1.0], [471.0056457519531, 435.78894042968744, 1.0], [469.2518615722656, 441.7286376953125, 1.0], [466.07620239257807, 445.6988830566406, 1.0]], "head_box": [[223.11866666666666, 101.721], [313.9053333333333, 237.901]], "head_size": 136.18, "hand_box_center": [476.5707550048828, 403.87165832519537], "is_left": 1, "is_mpii": 0}