{"mpii_body_pts": [[0.0, 0.0, 0.0], [359.7955, 284.873, 0.6688780000000001], [359.062, 217.617, 0.74568], [352.784, 81.4068, 0.684929], [0.0, 0.0, 0.0], [0.0, 0.0, 0.0], [0.0, 0.0, 0.0], [0.0, 0.0, 0.0], [0.0, 0.0, 0.0], [0.0, 0.0, 0.0], [304.435, 446.096, 0.640025], [204.474, 444.557, 0.732132], [252.86, 286.417, 0.668973], [466.731, 283.329, 0.668783], [507.347, 431.975, 0.718893], [407.444, 444.532, 0.60897]], "hand_pts": [[418.74740600585943, 450.2396850585937, 1.0], [404.69635009765625, 432.8295593261719, 1.0], [380.7067565917969, 423.6124572753906, 1.0], [365.284881591797, 427.7089538574219, 1.0], [354.31823730468744, 420.5400695800781, 1.0], [372.82449340820307, 441.0225830078125, 1.0], [344.72238159179693, 440.33981323242193, 1.0], [332.04217529296875, 440.6811828613281, 1.0], [321.418243408203, 440.6811828613281, 1.0], [373.85260009765636, 451.60519409179693, 1.0], [345.0650939941406, 453.65344238281256, 1.0], [331.0140686035157, 455.36032104492193, 1.0], [321.76092529296875, 454.6775512695313, 1.0], [372.4817810058594, 462.18780517578136, 1.0], [349.1776123046875, 464.2360534667968, 1.0], [335.4692687988281, 465.6015625, 1.0], [325.8734436035157, 464.9187927246093, 1.0], [374.19531249999994, 470.3807983398438, 1.0], [353.6328125, 472.7704162597656, 1.0], [343.69427490234375, 474.13592529296875, 1.0], [334.7838439941406, 474.8186645507813, 1.0]], "head_box": [[307.3806, 81.4068], [398.18739999999997, 217.617]], "head_size": 136.2102, "hand_box_center": [370.08282470703125, 447.6793670654297], "is_left": 1, "is_mpii": 0}