{"mpii_body_pts": [[0.0, 0.0, 0.0], [341.848, 290.3465, 0.646239], [343.483, 215.991, 0.767014], [340.272, 84.5136, 0.659584], [0.0, 0.0, 0.0], [0.0, 0.0, 0.0], [0.0, 0.0, 0.0], [0.0, 0.0, 0.0], [0.0, 0.0, 0.0], [0.0, 0.0, 0.0], [154.48, 419.448, 0.623963], [190.435, 464.831, 0.622662], [235.714, 291.128, 0.654692], [447.982, 289.565, 0.637786], [477.654, 410.117, 0.562668], [516.665, 430.434, 0.368175]], "hand_pts": [[524.6616210937498, 440.6966857910156, 1.0], [510.560791015625, 432.0015869140625, 1.0], [500.48880004882807, 425.3130493164063, 1.0], [491.0882568359375, 421.29992675781244, 1.0], [480.34478759765636, 413.60809326171875, 1.0], [536.0765380859374, 409.2605285644531, 1.0], [539.4338989257812, 397.2211608886718, 1.0], [546.4843139648439, 389.86376953125, 1.0], [552.1917724609376, 381.8374938964844, 1.0], [548.8344116210938, 418.29006958007807, 1.0], [562.2637939453126, 405.9162597656249, 1.0], [571.3285522460939, 397.2211608886718, 1.0], [579.0504150390625, 388.52606201171875, 1.0], [552.5274658203124, 428.99172973632807, 1.0], [565.9568481445311, 420.29663085937494, 1.0], [574.350158691406, 413.9425048828125, 1.0], [581.4005737304688, 408.2572631835938, 1.0], [554.2061767578126, 440.6966857910156, 1.0], [565.9568481445311, 440.6966857910156, 1.0], [575.6931152343751, 438.69012451171875, 1.0], [585.4293823242188, 436.01470947265625, 1.0]], "head_box": [[296.4462, 84.5136], [384.0978, 215.991]], "head_size": 131.47740000000002, "hand_box_center": [532.8870849609375, 411.26708984375], "is_left": 1, "is_mpii": 0}