{"mpii_body_pts": [[0.0, 0.0, 0.0], [340.31100000000004, 279.4145, 0.5837155], [340.322, 217.588, 0.779945], [335.639, 82.9909, 0.615171], [0.0, 0.0, 0.0], [0.0, 0.0, 0.0], [0.0, 0.0, 0.0], [0.0, 0.0, 0.0], [0.0, 0.0, 0.0], [0.0, 0.0, 0.0], [193.599, 234.771, 0.405154], [188.859, 374.108, 0.578595], [238.832, 270.836, 0.617993], [441.79, 287.993, 0.549438], [466.732, 430.438, 0.670196], [404.302, 341.195, 0.535957]], "hand_pts": [[400.0, 343.0, 1.0], [415.1657104492187, 323.011474609375, 1.0], [419.9577026367188, 307.59585571289057, 1.0], [417.00878906249994, 291.4461669921874, 1.0], [420.6949157714843, 277.49871826171864, 1.0], [400.78979492187494, 304.29251098632807, 1.0], [384.202178955078, 283.37133789062494, 1.0], [373.5123901367188, 271.6260986328125, 1.0], [366.50872802734375, 263.1842346191407, 1.0], [387.15109252929693, 315.30364990234375, 1.0], [368.351806640625, 286.3076477050781, 1.0], [361.34814453125, 273.46130371093744, 1.0], [354.34448242187506, 262.45016479492193, 1.0], [378.67297363281256, 320.44219970703125, 1.0], [362.08535766601557, 295.11654663085943, 1.0], [354.34448242187506, 279.70095825195307, 1.0], [348.4466552734375, 267.95571899414057, 1.0], [367.9831848144531, 325.9477844238282, 1.0], [358.39923095703125, 305.02658081054693, 1.0], [351.7641906738282, 292.914337158203, 1.0], [347.70944213867193, 283.37133789062494, 1.0]], "head_box": [[290.7733, 82.9909], [380.5047, 217.588]], "head_size": 134.5971, "hand_box_center": [384.2021789550781, 302.72508239746094], "is_left": 1, "is_mpii": 0}