{"mpii_body_pts": [[0.0, 0.0, 0.0], [344.9675, 293.4805, 0.6410899999999999], [341.908, 256.649, 0.694929], [279.432, 117.382, 0.561573], [0.0, 0.0, 0.0], [0.0, 0.0, 0.0], [0.0, 0.0, 0.0], [0.0, 0.0, 0.0], [0.0, 0.0, 0.0], [0.0, 0.0, 0.0], [0.0, 0.0, 0.0], [204.443, 347.482, 0.248309], [240.387, 280.217, 0.678208], [449.548, 306.744, 0.603972], [457.403, 466.451, 0.708634], [379.353, 414.762, 0.772652]], "hand_pts": [[201.9994354248047, 389.0385437011718, 1.0], [192.16778564453122, 383.18063354492193, 1.0], [197.45155334472656, 370.6383056640625, 1.0], [204.36109924316406, 347.1720275878906, 1.0], [202.32888793945318, 327.7516479492187, 1.0], [183.22601318359378, 359.71435546874994, 1.0], [205.1739959716797, 352.83630371093744, 1.0], [222.24464416503903, 351.6225280761719, 1.0], [232.81219482421875, 354.4546508789063, 1.0], [184.85177612304688, 370.6383056640625, 1.0], [207.20620727539062, 365.37863159179693, 1.0], [222.65109252929688, 364.5694274902344, 1.0], [231.1864166259766, 365.37863159179693, 1.0], [186.47755432128903, 378.7301330566405, 1.0], [205.1739959716797, 373.4704284667969, 1.0], [221.43176269531247, 371.4474792480469, 1.0], [230.77998352050773, 371.8520812988282, 1.0], [194.1999969482422, 386.41735839843744, 1.0], [207.20620727539062, 383.9898071289063, 1.0], [216.55442810058597, 382.37145996093744, 1.0], [223.87042236328128, 381.96685791015625, 1.0]], "head_box": [[233.00966666666667, 117.382], [325.85433333333333, 256.649]], "head_size": 139.267, "hand_box_center": [208.01910400390625, 358.39509582519526], "is_left": 0, "is_mpii": 0}