{"mpii_body_pts": [[0.0, 0.0, 0.0], [338.776, 284.8535, 0.668912], [337.175, 220.703, 0.658044], [332.476, 82.9468, 0.67179], [0.0, 0.0, 0.0], [0.0, 0.0, 0.0], [0.0, 0.0, 0.0], [0.0, 0.0, 0.0], [0.0, 0.0, 0.0], [0.0, 0.0, 0.0], [377.742, 369.356, 0.697876], [251.313, 419.492, 0.557693], [232.639, 286.426, 0.685389], [444.913, 283.281, 0.652435], [491.703, 435.155, 0.650654], [401.171, 430.402, 0.648505]], "hand_pts": [[402.4186401367188, 422.97845458984375, 1.0], [384.9365844726562, 415.46649169921875, 1.0], [349.972412109375, 418.5395812988281, 1.0], [334.5470275878906, 437.66088867187506, 1.0], [336.260986328125, 453.7091369628905, 1.0], [354.4286193847656, 422.29553222656244, 1.0], [336.260986328125, 438.6852416992188, 1.0], [345.8589782714843, 445.1728515625, 1.0], [352.3719177246093, 442.09976196289057, 1.0], [359.91320800781244, 429.4660339355469, 1.0], [344.4878234863281, 446.88009643554693, 1.0], [355.79977416992193, 447.56298828125, 1.0], [360.94155883789057, 443.1241149902343, 1.0], [367.11169433593756, 435.27072143554693, 1.0], [351.0007629394532, 455.7578430175781, 1.0], [361.62713623046875, 454.3920288085937, 1.0], [367.79727172851557, 449.6117248535156, 1.0], [375.68133544921864, 440.39251708984375, 1.0], [363.341064453125, 459.85528564453136, 1.0], [370.8823547363281, 454.3920288085937, 1.0], [374.65298461914074, 450.9775085449219, 1.0]], "head_box": [[286.5572666666667, 82.9468], [378.3947333333333, 220.703]], "head_size": 137.7562, "hand_box_center": [368.4828338623047, 437.66088867187506], "is_left": 1, "is_mpii": 0}