{"mpii_body_pts": [[0.0, 0.0, 0.0], [326.257, 282.4895, 0.6398995], [321.586, 230.127, 0.760268], [282.56, 92.2808, 0.589037], [0.0, 0.0, 0.0], [0.0, 0.0, 0.0], [0.0, 0.0, 0.0], [0.0, 0.0, 0.0], [0.0, 0.0, 0.0], [0.0, 0.0, 0.0], [301.242, 405.437, 0.8033], [185.757, 441.397, 0.645651], [221.679, 280.106, 0.675271], [430.835, 284.873, 0.604528], [458.961, 433.59, 0.716513], [387.137, 392.866, 0.488998]], "hand_pts": [[304.64257812500006, 407.93731689453125, 1.0], [335.49737548828114, 375.6777954101563, 1.0], [354.8572692871094, 374.17034912109375, 1.0], [363.93222045898426, 372.3613891601563, 1.0], [369.07467651367193, 365.1256103515625, 1.0], [345.7823181152343, 388.94338989257807, 1.0], [374.2171325683593, 388.94338989257807, 1.0], [390.2495422363282, 389.84786987304705, 1.0], [402.65197753906256, 389.84786987304705, 1.0], [346.0848083496094, 401.60601806640625, 1.0], [374.82214355468744, 406.4298706054688, 1.0], [390.5520324707031, 407.6358337402343, 1.0], [397.50949096679693, 405.525390625, 1.0], [345.7823181152343, 415.7760925292969, 1.0], [369.67968750000006, 423.0118713378906, 1.0], [383.8970947265625, 422.4089050292969, 1.0], [390.8545532226563, 420.90142822265625, 1.0], [342.454833984375, 427.5342407226563, 1.0], [351.52978515625, 429.3431701660156, 1.0], [356.67224121093756, 430.2476501464844, 1.0], [357.5797424316406, 429.9461669921874, 1.0]], "head_box": [[236.61126666666667, 92.2808], [328.50873333333334, 230.127]], "head_size": 137.8462, "hand_box_center": [353.6472778320313, 397.68663024902344], "is_left": 0, "is_mpii": 0}