{"mpii_body_pts": [[0.0, 0.0, 0.0], [362.95799999999997, 280.961, 0.633011], [357.479, 217.617, 0.732471], [329.374, 78.2868, 0.567821], [0.0, 0.0, 0.0], [0.0, 0.0, 0.0], [0.0, 0.0, 0.0], [0.0, 0.0, 0.0], [0.0, 0.0, 0.0], [0.0, 0.0, 0.0], [0.0, 0.0, 0.0], [170.125, 411.655, 0.200454], [257.601, 281.791, 0.62539], [468.315, 280.131, 0.640632], [488.598, 430.425, 0.677329], [410.537, 406.968, 0.496098]], "hand_pts": [[75.69683837890624, 346.49911499023426, 1.0], [81.22467041015625, 334.4540405273438, 1.0], [80.53369140625, 309.6755676269532, 1.0], [62.568233489990234, 305.54583740234375, 1.0], [54.62197494506836, 292.46832275390625, 1.0], [71.55096435546875, 297.97463989257807, 1.0], [66.36862182617188, 276.29348754882807, 1.0], [61.87725448608398, 262.871826171875, 1.0], [56.69491195678711, 249.10600280761722, 1.0], [56.69491195678711, 307.2665710449219, 1.0], [50.476097106933594, 300.0395202636719, 1.0], [61.87725448608398, 314.14947509765636, 1.0], [68.09606933593751, 321.72067260742193, 1.0], [48.403160095214844, 314.83776855468744, 1.0], [40.80239105224609, 312.0845947265625, 1.0], [56.00393295288087, 324.4738159179687, 1.0], [65.33215332031251, 332.38916015625, 1.0], [43.91179656982421, 325.162109375, 1.0], [39.0, 323.0, 1.0], [45.0, 329.0, 1.0], [52.0, 333.0, 1.0]], "head_box": [[282.9306, 78.2868], [375.8174, 217.617]], "head_size": 139.3302, "hand_box_center": [60.112335205078125, 297.8025588989257], "is_left": 0, "is_mpii": 0}