{"mpii_body_pts": [[195.1085, 225.3945, 0.113913], [276.29449999999997, 279.40749999999997, 0.5809375], [256.012, 255.184, 0.738595], [234.14, 97.05, 0.479714], [0.0, 0.0, 0.0], [0.0, 0.0, 0.0], [0.0, 0.0, 0.0], [390.217, 450.789, 0.227826], [0.0, 0.0, 0.0], [0.0, 0.0, 0.0], [318.496, 297.409, 0.421244], [243.515, 431.976, 0.534235], [181.087, 317.768, 0.696981], [371.502, 241.047, 0.464894], [452.643, 345.915, 0.627004], [441.707, 377.203, 0.613284]], "hand_pts": [[319.9340515136719, 310.3905334472655, 1.0], [311.21066284179693, 291.96893310546875, 1.0], [312.60641479492193, 263.4676208496094, 1.0], [321.32980346679693, 249.91209411621094, 1.0], [333.6351928710937, 243.7973937988281, 1.0], [336.41839599609364, 262.79760742187494, 1.0], [346.35836791992193, 243.0057220458984, 1.0], [337.6111755371093, 238.25567626953122, 1.0], [330.05679321289057, 243.0057220458984, 1.0], [354.3103637695313, 267.1518249511719, 1.0], [365.44314575195307, 251.71415710449216, 1.0], [375.38314819335943, 234.29730224609378, 1.0], [379.7567443847657, 223.60968017578122, 1.0], [363.05755615234375, 275.4644165039063, 1.0], [378.1663208007813, 260.4225769042968, 1.0], [386.5159301757813, 248.5474548339844, 1.0], [389.69671630859364, 238.25567626953122, 1.0], [365.0455627441406, 284.96450805664057, 1.0], [377.7687377929687, 279.0269470214843, 1.0], [384.5279235839844, 272.2976989746093, 1.0], [390.4919128417968, 265.96429443359375, 1.0]], "head_box": [[181.42866666666666, 97.05], [286.85133333333334, 255.184]], "head_size": 158.13400000000001, "hand_box_center": [350.8512878417969, 267.0001068115234], "is_left": 0, "is_mpii": 0}