{"mpii_body_pts": [[0.0, 0.0, 0.0], [313.778, 281.7325, 0.6398555], [318.441, 226.938, 0.711954], [324.663, 79.7975, 0.592176], [0.0, 0.0, 0.0], [0.0, 0.0, 0.0], [0.0, 0.0, 0.0], [0.0, 0.0, 0.0], [0.0, 0.0, 0.0], [0.0, 0.0, 0.0], [277.816, 394.435, 0.716363], [170.177, 449.193, 0.706839], [207.634, 286.454, 0.651024], [419.922, 277.011, 0.628687], [465.146, 416.357, 0.691677], [379.236, 472.684, 0.62511]], "hand_pts": [[388.0, 469.0, 1.0], [365.2214355468749, 464.34954833984386, 1.0], [334.3383483886718, 459.474365234375, 1.0], [315.88381958007807, 468.84970092773443, 1.0], [306.09161376953125, 478.9750671386719, 1.0], [334.3383483886718, 477.4750061035156, 1.0], [309.1045837402344, 490.60049438476574, 1.0], [314.753936767578, 481.97518920898426, 1.0], [323.4162597656249, 478.60006713867193, 1.0], [337.72793579101557, 494.72564697265625, 1.0], [314.753936767578, 500.350830078125, 1.0], [324.1695251464844, 491.35052490234375, 1.0], [333.9617309570312, 488.7254333496093, 1.0], [345.6370239257813, 506.72607421874994, 1.0], [326.805877685547, 505.9760437011718, 1.0], [331.7019653320313, 501.4758911132813, 1.0], [340.36431884765625, 500.7258605957032, 1.0], [353.9227294921874, 508.97616577148426, 1.0], [336.9747009277344, 512.7263183593751, 1.0], [340.7409362792969, 509.72619628906244, 1.0], [345.6370239257813, 508.2261352539062, 1.0]], "head_box": [[275.6161666666667, 79.7975], [373.70983333333334, 226.938]], "head_size": 147.14049999999997, "hand_box_center": [347.0458068847656, 486.10034179687506], "is_left": 1, "is_mpii": 0}