{"mpii_body_pts": [[0.0, 0.0, 0.0], [348.8395, 268.435, 0.641042], [338.741, 206.605, 0.70903], [305.913, 68.8773, 0.626188], [0.0, 0.0, 0.0], [0.0, 0.0, 0.0], [0.0, 0.0, 0.0], [0.0, 0.0, 0.0], [0.0, 0.0, 0.0], [0.0, 0.0, 0.0], [277.813, 453.875, 0.718753], [206.126, 427.286, 0.700713], [241.899, 278.574, 0.660993], [455.78, 258.296, 0.621091], [493.25, 416.369, 0.730736], [380.899, 422.639, 0.485682]], "hand_pts": [[394.0, 424.0, 1.0], [375.57214355468744, 412.5035095214843, 1.0], [344.4479064941406, 411.04507446289057, 1.0], [326.5056762695313, 417.60794067382824, 1.0], [312.59130859375, 417.97253417968744, 1.0], [347.743408203125, 416.8787231445313, 1.0], [323.9425048828125, 427.45220947265625, 1.0], [311.49279785156244, 429.63983154296875, 1.0], [304.1694335937501, 432.92126464843744, 1.0], [351.771240234375, 435.10888671875006, 1.0], [329.4350280761718, 443.85934448242193, 1.0], [311.8589782714843, 444.2239685058594, 1.0], [303.80328369140636, 444.2239685058594, 1.0], [357.6299438476563, 454.06823730468744, 1.0], [331.99819946289045, 458.07885742187494, 1.0], [319.5484924316406, 456.98504638671875, 1.0], [309.2958068847657, 454.7974243164063, 1.0], [356.53143310546875, 462.8186950683594, 1.0], [334.92755126953125, 466.829345703125, 1.0], [326.1394958496094, 465.7355346679687, 1.0], [319.18231201171875, 464.64172363281256, 1.0]], "head_box": [[260.0037666666667, 68.8773], [351.8222333333333, 206.605]], "head_size": 137.72769999999997, "hand_box_center": [348.9016418457032, 438.9372100830078], "is_left": 1, "is_mpii": 0}