{"mpii_body_pts": [[0.0, 0.0, 0.0], [329.3795, 283.30449999999996, 0.677937], [327.829, 219.13, 0.704139], [318.417, 82.9398, 0.631933], [0.0, 0.0, 0.0], [0.0, 0.0, 0.0], [0.0, 0.0, 0.0], [0.0, 0.0, 0.0], [0.0, 0.0, 0.0], [0.0, 0.0, 0.0], [257.606, 361.571, 0.612283], [210.732, 455.487, 0.58784], [227.887, 294.258, 0.682986], [430.872, 272.351, 0.672888], [486.99, 405.438, 0.638267], [455.832, 385.052, 0.595795]], "hand_pts": [[258.2246704101563, 365.0155944824219, 1.0], [277.4842224121093, 341.4349365234375, 1.0], [296.7732849121093, 323.01754760742193, 1.0], [323.1481018066406, 324.976837158203, 1.0], [333.77676391601557, 331.63845825195307, 1.0], [283.78268432617193, 318.7070922851563, 1.0], [313.70040893554693, 318.3152465820313, 1.0], [323.1481018066406, 328.50357055664057, 1.0], [326.6909790039063, 336.34075927734375, 1.0], [280.2398071289063, 332.030303955078, 1.0], [314.0940551757813, 329.28729248046875, 1.0], [328.65924072265636, 340.25933837890625, 1.0], [323.54174804687494, 339.475616455078, 1.0], [276.69692993164057, 343.39422607421875, 1.0], [310.15753173828125, 342.6105041503906, 1.0], [318.4242553710937, 348.88024902343756, 1.0], [314.8813781738281, 349.27212524414057, 1.0], [275.90960693359375, 357.5011596679687, 1.0], [301.89077758789057, 357.1092834472656, 1.0], [309.3702087402343, 357.8930053710937, 1.0], [308.1892395019531, 358.284881591797, 1.0]], "head_box": [[273.02026666666666, 82.9398], [363.8137333333333, 219.13]], "head_size": 136.1902, "hand_box_center": [296.00071716308594, 341.66542053222656], "is_left": 0, "is_mpii": 0}