{"mpii_body_pts": [[0.0, 0.0, 0.0], [305.926, 291.134, 0.6525365000000001], [293.454, 231.623, 0.722663], [268.515, 93.9471, 0.66475], [0.0, 0.0, 0.0], [0.0, 0.0, 0.0], [0.0, 0.0, 0.0], [0.0, 0.0, 0.0], [0.0, 0.0, 0.0], [0.0, 0.0, 0.0], [0.0, 0.0, 0.0], [177.911, 416.358, 0.20238], [204.458, 303.645, 0.629075], [407.394, 278.623, 0.675998], [430.899, 444.569, 0.736975], [405.875, 383.487, 0.563034]], "hand_pts": [[253.70362854003906, 321.2007446289063, 1.0], [260.19866943359375, 285.0639038085937, 1.0], [267.83987426757807, 272.51110839843744, 1.0], [275.86315917968744, 269.4680175781249, 1.0], [284.26849365234375, 267.18569946289057, 1.0], [277.3914184570312, 264.5229797363281, 1.0], [287.70706176757807, 254.2525177001953, 1.0], [293.055908203125, 248.1663055419922, 1.0], [298.4047546386719, 244.36242675781256, 1.0], [286.1788024902344, 274.79345703124994, 1.0], [300.6971130371093, 261.4798889160156, 1.0], [307.57421874999994, 255.3936767578125, 1.0], [312.92306518554693, 249.30747985839847, 1.0], [294.20208740234375, 283.9227600097657, 1.0], [308.3383483886718, 274.4130554199219, 1.0], [315.97955322265625, 268.32684326171875, 1.0], [319.8001708984375, 262.62103271484375, 1.0], [298.78680419921875, 295.7147521972656, 1.0], [306.04595947265625, 294.5736083984375, 1.0], [309.48452758789057, 293.8128356933595, 1.0], [310.6307067871093, 293.05206298828125, 1.0]], "head_box": [[222.62303333333332, 93.9471], [314.4069666666667, 231.623]], "head_size": 137.67589999999998, "hand_box_center": [286.7518997192383, 282.78158569335943], "is_left": 0, "is_mpii": 0}