{"mpii_body_pts": [[0.0, 0.0, 0.0], [348.8515, 277.039, 0.6453885], [343.362, 217.561, 0.760836], [326.213, 79.7967, 0.604622], [0.0, 0.0, 0.0], [0.0, 0.0, 0.0], [0.0, 0.0, 0.0], [0.0, 0.0, 0.0], [0.0, 0.0, 0.0], [0.0, 0.0, 0.0], [202.888, 194.09, 0.557602], [181.061, 328.686, 0.535569], [243.513, 272.347, 0.626658], [454.19, 281.731, 0.664119], [476.114, 432.06, 0.650872], [413.648, 356.88, 0.557903]], "hand_pts": [[204.41912841796878, 197.6188812255859, 1.0], [194.6347503662109, 183.83963012695312, 1.0], [182.53318786621094, 173.31393432617185, 1.0], [180.61094665527347, 149.9665985107422, 1.0], [170.2308807373047, 147.28738403320315, 1.0], [193.6821441650391, 153.02853393554688, 1.0], [194.83547973632812, 133.5086212158203, 1.0], [194.83547973632812, 113.22322845458983, 1.0], [195.21992492675773, 99.06172180175781, 1.0], [202.5244293212891, 151.88031005859384, 1.0], [204.44665527343747, 128.1502227783203, 1.0], [205.60000610351562, 112.84048461914062, 1.0], [207.13778686523443, 99.82720947265625, 1.0], [210.9822540283203, 151.88031005859384, 1.0], [213.67338562011713, 128.91571044921875, 1.0], [214.82672119140625, 112.45774078369139, 1.0], [214.4422760009766, 100.20995330810548, 1.0], [221.36231994628912, 154.55950927734375, 1.0], [225.9756927490234, 140.78074645996097, 1.0], [227.89791870117188, 131.21215820312497, 1.0], [229.82015991210943, 118.58163452148438, 1.0]], "head_box": [[280.2915666666667, 79.7967], [372.13443333333333, 217.561]], "head_size": 137.7643, "hand_box_center": [200.02552032470706, 148.34030151367188], "is_left": 0, "is_mpii": 0}