{"mpii_body_pts": [[0.0, 0.0, 0.0], [343.418, 277.0605, 0.5592235000000001], [341.83, 228.492, 0.772608], [316.848, 86.0605, 0.636171], [0.0, 0.0, 0.0], [0.0, 0.0, 0.0], [0.0, 0.0, 0.0], [0.0, 0.0, 0.0], [0.0, 0.0, 0.0], [0.0, 0.0, 0.0], [166.997, 394.479, 0.503002], [204.453, 425.727, 0.50759], [241.916, 272.347, 0.514565], [444.92, 281.774, 0.603882], [451.106, 432.032, 0.687246], [340.271, 367.839, 0.728323]], "hand_pts": [[328.429718017578, 366.1117248535156, 1.0], [316.1596984863282, 374.5664978027344, 1.0], [297.668212890625, 377.6306457519531, 1.0], [287.35513305664057, 375.4165954589842, 1.0], [271.637451171875, 374.6124572753906, 1.0], [297.45251464843744, 353.8952026367188, 1.0], [290.13183593749994, 345.83850097656244, 1.0], [283.5817260742187, 336.6307983398438, 1.0], [281.26992797851557, 327.0394897460937, 1.0], [308.24090576171875, 341.61831665039057, 1.0], [296.29663085937494, 366.17208862304705, 1.0], [305.1585083007813, 375.763427734375, 1.0], [307.08502197265625, 368.85766601562506, 1.0], [315.9468994140625, 345.0711669921874, 1.0], [308.626220703125, 370.7759399414062, 1.0], [312.864501953125, 377.2980346679687, 1.0], [315.9468994140625, 370.3922729492187, 1.0], [327.5058898925781, 350.05868530273443, 1.0], [322.11169433593756, 373.07785034179693, 1.0], [325.194091796875, 378.0653381347657, 1.0], [327.5058898925781, 371.9269104003905, 1.0]], "head_box": [[269.37083333333334, 86.0605], [364.3251666666667, 228.492]], "head_size": 142.43149999999997, "hand_box_center": [300.0335845947265, 352.5524139404297], "is_left": 1, "is_mpii": 0}