{"mpii_body_pts": [[0.0, 0.0, 0.0], [348.9045, 284.8585, 0.684781], [345.025, 219.125, 0.745629], [329.356, 81.4372, 0.636039], [0.0, 0.0, 0.0], [0.0, 0.0, 0.0], [0.0, 0.0, 0.0], [0.0, 0.0, 0.0], [0.0, 0.0, 0.0], [0.0, 0.0, 0.0], [243.496, 383.472, 0.607472], [227.88, 457.019, 0.635217], [241.992, 292.651, 0.658203], [455.817, 277.066, 0.711359], [491.765, 360.015, 0.734511], [457.373, 392.866, 0.510753]], "hand_pts": [[249.82962036132812, 386.8208312988281, 1.0], [235.48341369628906, 383.3424377441406, 1.0], [215.9405212402344, 367.3882751464843, 1.0], [201.47877502441403, 347.54284667968756, 1.0], [188.1896057128906, 342.0950927734375, 1.0], [231.57482910156247, 363.10787963867193, 1.0], [226.10281372070312, 342.87335205078125, 1.0], [222.19424438476562, 334.31256103515636, 1.0], [219.45823669433597, 324.19531249999994, 1.0], [244.86399841308597, 363.10787963867193, 1.0], [246.42742919921878, 346.76458740234375, 1.0], [247.20913696289062, 333.53433227539057, 1.0], [248.7725677490234, 320.3040466308595, 1.0], [257.7622985839844, 362.3296203613282, 1.0], [262.0617370605469, 346.76458740234375, 1.0], [264.01602172851557, 335.4799499511718, 1.0], [264.7977600097657, 323.0279235839844, 1.0], [270.66061401367193, 365.8317565917969, 1.0], [280.04119873046875, 349.099365234375, 1.0], [284.7315063476562, 340.14947509765636, 1.0], [287.4674987792969, 329.64306640625, 1.0]], "head_box": [[283.46006666666665, 81.4372], [375.25193333333334, 219.125]], "head_size": 137.68779999999998, "hand_box_center": [237.82855224609375, 353.5624389648438], "is_left": 0, "is_mpii": 0}