{"mpii_body_pts": [[0.0, 0.0, 0.0], [380.861, 269.1855, 0.6886730000000001], [365.249, 219.132, 0.734762], [330.903, 81.397, 0.682393], [0.0, 0.0, 0.0], [0.0, 0.0, 0.0], [0.0, 0.0, 0.0], [0.0, 0.0, 0.0], [0.0, 0.0, 0.0], [0.0, 0.0, 0.0], [301.284, 275.495, 0.659226], [259.134, 375.626, 0.635366], [282.548, 256.668, 0.702288], [479.174, 281.703, 0.675058], [491.685, 435.12, 0.648838], [404.225, 433.551, 0.646971]], "hand_pts": [[390.7186584472655, 433.6957702636719, 1.0], [380.69839477539057, 427.76754760742193, 1.0], [367.23364257812494, 420.59124755859364, 1.0], [355.3345642089843, 415.5990600585937, 1.0], [343.7485961914063, 405.9266662597656, 1.0], [388.83987426757807, 399.99841308593744, 1.0], [366.29421997070307, 402.8065185546874, 1.0], [353.45574951171875, 409.04678344726557, 1.0], [342.80920410156256, 415.9110717773437, 1.0], [393.8500061035157, 413.7269592285155, 1.0], [367.54678344726557, 414.66302490234375, 1.0], [354.3951416015625, 422.77532958984375, 1.0], [360.97094726562494, 422.46331787109364, 1.0], [396.04193115234375, 425.2714538574219, 1.0], [366.92050170898426, 429.63961791992193, 1.0], [361.28408813476574, 431.19967651367193, 1.0], [367.54678344726557, 434.63183593749994, 1.0], [395.72879028320307, 438.68798828125, 1.0], [370.6781005859375, 442.4321289062499, 1.0], [367.54678344726557, 439.0, 1.0], [375.3751220703125, 435.5678710937501, 1.0]], "head_box": [[284.99133333333333, 81.397], [376.8146666666667, 219.132]], "head_size": 137.735, "hand_box_center": [369.4255676269531, 421.21527099609364], "is_left": 1, "is_mpii": 0}