{"mpii_body_pts": [[0.0, 0.0, 0.0], [346.5285, 271.573, 0.578354], [352.734, 230.038, 0.696767], [363.717, 89.2344, 0.59454], [0.0, 0.0, 0.0], [0.0, 0.0, 0.0], [0.0, 0.0, 0.0], [0.0, 0.0, 0.0], [0.0, 0.0, 0.0], [0.0, 0.0, 0.0], [0.0, 0.0, 0.0], [168.541, 330.218, 0.395578], [257.55, 273.912, 0.538795], [435.507, 269.234, 0.617913], [530.716, 342.778, 0.403414], [0.0, 0.0, 0.0]], "hand_pts": [[256.0, 209.0, 1.0], [256.28268432617193, 192.7256774902344, 1.0], [255.52439880371097, 182.15631103515625, 1.0], [261.21145629882807, 168.18963623046875, 1.0], [258.0, 158.0, 1.0], [284.3388671875, 167.81216430664062, 1.0], [295.7130126953125, 156.48783874511722, 1.0], [307.08715820312494, 144.0310821533203, 1.0], [312.77423095703125, 138.74639892578125, 1.0], [293.05905151367193, 170.07702636718753, 1.0], [305.5706176757813, 157.62026977539062, 1.0], [315.4281921386718, 142.89865112304685, 1.0], [319.97784423828125, 129.6869354248047, 1.0], [296.8504333496094, 173.85180664062506, 1.0], [312.0, 161.0, 1.0], [320.0, 151.0, 1.0], [324.90664672851557, 139.50134277343753, 1.0], [301.0, 182.0, 1.0], [314.0, 172.0, 1.0], [321.0, 165.0, 1.0], [325.0, 159.0, 1.0]], "head_box": [[316.78246666666666, 89.2344], [410.6515333333333, 230.038]], "head_size": 140.80360000000002, "hand_box_center": [290.26219940185547, 169.34346771240234], "is_left": 0, "is_mpii": 0}