{"mpii_body_pts": [[0.0, 0.0, 0.0], [336.346, 287.9975, 0.6733825], [332.468, 228.519, 0.798443], [330.99, 90.7459, 0.651693], [0.0, 0.0, 0.0], [0.0, 0.0, 0.0], [0.0, 0.0, 0.0], [0.0, 0.0, 0.0], [0.0, 0.0, 0.0], [0.0, 0.0, 0.0], [266.869, 342.748, 0.756711], [206.052, 430.421, 0.586609], [230.982, 291.115, 0.717116], [441.71, 284.88, 0.629649], [471.395, 428.873, 0.695417], [405.803, 350.616, 0.54838]], "hand_pts": [[278.6427001953126, 325.7596130371094, 1.0], [289.37603759765625, 322.7525939941406, 1.0], [301.7864685058594, 314.0657043457031, 1.0], [306.69915771484375, 328.1202087402343, 1.0], [320.46405029296875, 339.08190917968744, 1.0], [301.9797668457031, 314.4180908203125, 1.0], [301.9797668457031, 299.9329833984375, 1.0], [300.79992675781244, 287.7968139648437, 1.0], [297.65365600585943, 276.443603515625, 1.0], [284.6753540039063, 297.19256591796875, 1.0], [296.4738159179687, 320.29043579101557, 1.0], [300.79992675781244, 332.4266052246093, 1.0], [303.9461975097656, 340.6478576660157, 1.0], [273.2701416015625, 306.5882873535156, 1.0], [283.8887634277344, 326.55426025390636, 1.0], [289.00146484375006, 335.1670227050781, 1.0], [292.147705078125, 341.8223266601563, 1.0], [265.01123046874994, 313.6351013183594, 1.0], [274.0567321777344, 329.68615722656244, 1.0], [277.5962524414062, 336.3414916992188, 1.0], [282.7089233398438, 341.0393676757813, 1.0]], "head_box": [[285.0656333333333, 90.7459], [376.9143666666667, 228.519]], "head_size": 137.7731, "hand_box_center": [292.7376403808594, 309.1329650878906], "is_left": 0, "is_mpii": 0}