{"mpii_body_pts": [[0.0, 0.0, 0.0], [347.326, 285.6625, 0.6680685], [327.779, 220.68, 0.729202], [305.898, 93.9114, 0.726322], [0.0, 0.0, 0.0], [0.0, 0.0, 0.0], [0.0, 0.0, 0.0], [0.0, 0.0, 0.0], [0.0, 0.0, 0.0], [0.0, 0.0, 0.0], [215.415, 320.848, 0.685888], [229.519, 458.608, 0.584981], [254.436, 294.268, 0.679192], [440.216, 277.057, 0.656945], [488.552, 430.405, 0.708783], [416.702, 380.28, 0.613771]], "hand_pts": [[412.0, 379.0, 1.0], [401.7548217773438, 361.1219177246093, 1.0], [378.1139526367188, 352.06814575195307, 1.0], [358.11016845703125, 350.6195373535156, 1.0], [344.2893676757813, 352.43029785156244, 1.0], [367.5664978027344, 343.0143737792969, 1.0], [346.10787963867193, 346.9980163574218, 1.0], [335.5604248046875, 350.2573852539063, 1.0], [326.83148193359375, 351.70599365234375, 1.0], [379.56878662109375, 345.91156005859364, 1.0], [357.01904296875, 348.08447265625, 1.0], [341.0159912109375, 349.53308105468744, 1.0], [329.01373291015625, 353.15460205078136, 1.0], [389.0251159667968, 355.3274841308595, 1.0], [366.11169433593756, 353.87890624999994, 1.0], [351.92718505859364, 355.3274841308595, 1.0], [339.1974792480469, 355.6896362304688, 1.0], [391.5710754394531, 365.82989501953136, 1.0], [374.1132202148438, 362.93267822265625, 1.0], [363.929443359375, 363.656982421875, 1.0], [356.29162597656244, 362.93267822265625, 1.0]], "head_box": [[263.64180000000005, 93.9114], [348.1542, 220.68]], "head_size": 126.7686, "hand_box_center": [369.4157409667969, 361.00718688964844], "is_left": 1, "is_mpii": 0}