{"mpii_body_pts": [[0.0, 0.0, 0.0], [333.26599999999996, 287.222, 0.548897], [324.704, 219.186, 0.747745], [306.021, 90.7531, 0.665689], [0.0, 0.0, 0.0], [0.0, 0.0, 0.0], [0.0, 0.0, 0.0], [0.0, 0.0, 0.0], [0.0, 0.0, 0.0], [0.0, 0.0, 0.0], [179.547, 339.676, 0.708545], [210.747, 457.081, 0.530607], [231.005, 297.384, 0.459331], [435.527, 277.06, 0.638463], [487.011, 417.964, 0.669249], [451.122, 427.285, 0.324165]], "hand_pts": [[378.9574584960937, 412.34637451171875, 1.0], [385.1276245117188, 405.8587646484375, 1.0], [402.2669067382812, 396.29812622070307, 1.0], [393.01168823242193, 396.63958740234375, 1.0], [392.1753234863281, 389.5741271972656, 1.0], [363.9285888671874, 421.4502868652344, 1.0], [353.38314819335943, 431.5756530761719, 1.0], [347.73379516601557, 437.95089721679693, 1.0], [342.46105957031244, 445.82617187499994, 1.0], [351.50003051757807, 422.20031738281244, 1.0], [340.9545593261719, 430.8256530761719, 1.0], [331.53900146484375, 434.2007751464843, 1.0], [319.86367797851557, 439.075927734375, 1.0], [348.8636474609375, 419.5752258300781, 1.0], [334.55197143554693, 424.82540893554693, 1.0], [325.1364135742187, 427.4505310058594, 1.0], [315.72082519531256, 433.4507446289063, 1.0], [346.6039123535156, 417.32516479492193, 1.0], [335.6818542480469, 421.82531738281244, 1.0], [329.6558837890626, 422.20031738281244, 1.0], [322.1234130859375, 422.20031738281244, 1.0]], "head_box": [[263.21003333333334, 90.7531], [348.8319666666667, 219.186]], "head_size": 128.43290000000002, "hand_box_center": [358.9938659667969, 417.7001495361328], "is_left": 1, "is_mpii": 0}