{"mpii_body_pts": [[0.0, 0.0, 0.0], [348.847, 275.483, 0.6546514999999999], [354.344, 211.314, 0.710928], [354.304, 81.3723, 0.6551], [0.0, 0.0, 0.0], [0.0, 0.0, 0.0], [0.0, 0.0, 0.0], [0.0, 0.0, 0.0], [0.0, 0.0, 0.0], [0.0, 0.0, 0.0], [280.955, 303.622, 0.707058], [193.61, 399.134, 0.563671], [243.458, 270.758, 0.652902], [454.236, 280.208, 0.656401], [474.553, 436.685, 0.668402], [405.841, 377.233, 0.591298]], "hand_pts": [[282.7588500976563, 300.10131835937494, 1.0], [309.2901306152343, 297.6421203613282, 1.0], [332.1193542480469, 301.94570922851557, 1.0], [342.9169311523437, 317.00823974609364, 1.0], [349.0870056152344, 333.3003540039063, 1.0], [343.22546386718744, 281.6574096679688, 1.0], [355.5655822753906, 301.94570922851557, 1.0], [367.2886962890625, 318.2378234863281, 1.0], [377.16076660156256, 332.9929504394531, 1.0], [338.28939819335943, 287.1905822753906, 1.0], [350.3210144042968, 311.782470703125, 1.0], [362.35263061523443, 330.22637939453125, 1.0], [370.0652160644531, 343.1371154785155, 1.0], [330.57681274414057, 293.33853149414057, 1.0], [337.0553894042969, 324.6932067871093, 1.0], [328.41729736328125, 320.38961791992193, 1.0], [321.0132446289063, 311.1676635742188, 1.0], [319.7792358398438, 300.10131835937494, 1.0], [324.7152709960937, 324.078399658203, 1.0], [316.077178955078, 316.7008361816406, 1.0], [312.066650390625, 309.6306762695313, 1.0]], "head_box": [[310.9901, 81.3723], [397.61789999999996, 211.314]], "head_size": 129.9417, "hand_box_center": [329.95980834960943, 312.3972625732422], "is_left": 0, "is_mpii": 0}