{"mpii_body_pts": [[152.992, 249.652, 0.1013585], [342.6515, 283.297, 0.6583319999999999], [341.862, 220.677, 0.721684], [320.045, 81.3747, 0.546689], [0.0, 0.0, 0.0], [0.0, 0.0, 0.0], [305.984, 499.304, 0.202717], [0.0, 0.0, 0.0], [0.0, 0.0, 0.0], [0.0, 0.0, 0.0], [293.406, 272.337, 0.59482], [265.332, 394.437, 0.593432], [240.386, 286.462, 0.691668], [444.917, 280.132, 0.624996], [479.167, 441.372, 0.727483], [407.427, 392.902, 0.763287]], "hand_pts": [[412.0, 403.0, 1.0], [394.62661743164057, 374.0841979980469, 1.0], [371.6110534667969, 375.962646484375, 1.0], [363.68768310546886, 390.2389221191406, 1.0], [372.3656616210938, 389.86325073242193, 1.0], [381.04367065429693, 353.4211425781249, 1.0], [362.5557556152344, 361.6863708496093, 1.0], [350.85931396484375, 371.0786437988281, 1.0], [343.31323242187494, 377.8410949707031, 1.0], [392.7400817871094, 359.43222045898426, 1.0], [368.969940185547, 368.82449340820307, 1.0], [355.386962890625, 375.962646484375, 1.0], [342.55862426757807, 381.59802246093744, 1.0], [398.7769470214843, 366.94604492187494, 1.0], [376.8933105468749, 387.60910034179693, 1.0], [376.51602172851557, 400.3825988769531, 1.0], [378.0252380371093, 398.504150390625, 1.0], [406.3230285644531, 380.47094726562494, 1.0], [388.5897521972656, 391.3659973144532, 1.0], [385.9486083984375, 398.1284484863281, 1.0], [385.1940002441406, 402.2610778808594, 1.0]], "head_box": [[273.6109, 81.3747], [366.4791, 220.677]], "head_size": 139.3023, "hand_box_center": [377.27931213378906, 378.21057128906244], "is_left": 1, "is_mpii": 0}