{"mpii_body_pts": [[0.0, 0.0, 0.0], [294.267, 289.546, 0.6009515], [293.433, 242.618, 0.749617], [280.947, 90.8068, 0.594305], [0.0, 0.0, 0.0], [0.0, 0.0, 0.0], [0.0, 0.0, 0.0], [0.0, 0.0, 0.0], [0.0, 0.0, 0.0], [0.0, 0.0, 0.0], [293.436, 392.807, 0.723193], [209.195, 478.962, 0.676219], [193.628, 313.034, 0.577838], [394.906, 266.058, 0.624065], [457.374, 399.144, 0.715331], [388.674, 425.723, 0.676051]], "hand_pts": [[391.0, 421.0, 1.0], [368.8800048828125, 413.07299804687494, 1.0], [336.851776123047, 418.0680236816406, 1.0], [322.18823242187494, 426.90539550781244, 1.0], [317.5576477050781, 438.0481567382812, 1.0], [350.7435302734375, 413.457244873047, 1.0], [329.90588378906256, 432.6688842773438, 1.0], [327.5906066894532, 439.2008666992188, 1.0], [331.06353759765625, 437.2796936035157, 1.0], [358.8470764160156, 425.36846923828125, 1.0], [334.5364685058594, 444.58013916015625, 1.0], [338.0094299316406, 444.58013916015625, 1.0], [342.25411987304693, 441.5062561035156, 1.0], [366.95059204101557, 438.4324035644531, 1.0], [343.41177368164057, 454.1859436035157, 1.0], [346.8847045898438, 453.80172729492193, 1.0], [350.35766601562506, 449.9593811035157, 1.0], [372.3529357910156, 445.348602294922, 1.0], [353.8305969238281, 460.33367919921875, 1.0], [354.9882507324219, 459.5652160644531, 1.0], [357.689422607422, 457.25982666015636, 1.0]], "head_box": [[230.34326666666666, 90.8068], [331.5507333333333, 242.618]], "head_size": 151.81119999999999, "hand_box_center": [354.27882385253906, 436.7033386230469], "is_left": 1, "is_mpii": 0}