{"mpii_body_pts": [[0.0, 0.0, 0.0], [326.257, 282.4895, 0.6398995], [321.586, 230.127, 0.760268], [282.56, 92.2808, 0.589037], [0.0, 0.0, 0.0], [0.0, 0.0, 0.0], [0.0, 0.0, 0.0], [0.0, 0.0, 0.0], [0.0, 0.0, 0.0], [0.0, 0.0, 0.0], [301.242, 405.437, 0.8033], [185.757, 441.397, 0.645651], [221.679, 280.106, 0.675271], [430.835, 284.873, 0.604528], [458.961, 433.59, 0.716513], [387.137, 392.866, 0.488998]], "hand_pts": [[406.0, 406.0, 1.0], [391.7434997558594, 380.9282836914063, 1.0], [371.9240417480469, 370.09350585937494, 1.0], [350.16149902343756, 366.22393798828114, 1.0], [337.33712768554693, 363.9021911621093, 1.0], [376.97607421874994, 380.5413208007813, 1.0], [347.441162109375, 381.3152160644531, 1.0], [334.2281799316405, 383.636962890625, 1.0], [324.901397705078, 386.73260498046875, 1.0], [379.6963806152344, 398.34130859375006, 1.0], [348.21841430664057, 397.954345703125, 1.0], [329.56478881835943, 397.954345703125, 1.0], [320.6265869140625, 397.5673828125, 1.0], [379.6963806152344, 414.5934753417969, 1.0], [348.21841430664057, 412.65869140625, 1.0], [335.39404296875, 410.72390747070307, 1.0], [326.0672302246094, 408.4021606445313, 1.0], [373.47851562499994, 426.20214843749994, 1.0], [354.0476684570313, 425.0412902832031, 1.0], [345.10946655273443, 423.10650634765625, 1.0], [336.1712646484375, 421.1717224121093, 1.0]], "head_box": [[236.61126666666667, 92.2808], [328.50873333333334, 230.127]], "head_size": 137.8462, "hand_box_center": [363.31329345703125, 395.05216979980463], "is_left": 1, "is_mpii": 0}