{"mpii_body_pts": [[0.0, 0.0, 0.0], [348.08299999999997, 286.42100000000005, 0.6906935], [343.449, 222.262, 0.751842], [334.042, 79.8401, 0.612359], [0.0, 0.0, 0.0], [0.0, 0.0, 0.0], [0.0, 0.0, 0.0], [0.0, 0.0, 0.0], [0.0, 0.0, 0.0], [0.0, 0.0, 0.0], [0.0, 0.0, 0.0], [216.916, 385.055, 0.288682], [240.374, 292.682, 0.698433], [455.792, 280.16, 0.682954], [494.814, 414.802, 0.726611], [441.71, 452.368, 0.678185]], "hand_pts": [[267.5272521972656, 432.3462219238282, 1.0], [252.04821777343753, 421.41665649414057, 1.0], [237.2368621826172, 412.1124877929688, 1.0], [232.0850830078125, 399.6000061035157, 1.0], [221.45954895019534, 404.73333740234364, 1.0], [259.1319274902343, 397.0333251953125, 1.0], [260.097869873047, 388.0499877929688, 1.0], [259.77587890624994, 377.7833251953125, 1.0], [260.097869873047, 369.76251220703125, 1.0], [273.2992858886719, 396.0708312988281, 1.0], [277.8070983886719, 382.91665649414057, 1.0], [279.73901367187494, 370.40417480468744, 1.0], [284.246826171875, 359.495849609375, 1.0], [287.46667480468744, 397.0333251953125, 1.0], [291.9744873046875, 383.87918090820307, 1.0], [295.83831787109364, 370.40417480468744, 1.0], [298.7362060546874, 361.4208374023437, 1.0], [298.7362060546874, 399.27917480468744, 1.0], [306.1418762207032, 386.4458312988281, 1.0], [310.0057067871093, 376.1791687011719, 1.0], [312.90359497070307, 365.9125061035156, 1.0]], "head_box": [[286.5680333333333, 79.8401], [381.51596666666666, 222.262]], "head_size": 142.4219, "hand_box_center": [267.1815719604492, 395.92103576660156], "is_left": 0, "is_mpii": 0}