{"mpii_body_pts": [[0.0, 0.0, 0.0], [336.337, 277.0475, 0.6824505000000001], [338.753, 231.644, 0.73732], [355.957, 82.9604, 0.566001], [0.0, 0.0, 0.0], [0.0, 0.0, 0.0], [0.0, 0.0, 0.0], [0.0, 0.0, 0.0], [0.0, 0.0, 0.0], [0.0, 0.0, 0.0], [348.085, 331.889, 0.567435], [255.975, 431.994, 0.645957], [230.979, 284.893, 0.667128], [441.695, 269.202, 0.697773], [482.349, 416.337, 0.679386], [440.143, 391.309, 0.474665]], "hand_pts": [[353.2995300292969, 329.1030578613281, 1.0], [346.5658874511719, 319.3772583007813, 1.0], [339.6553649902344, 292.76461791992193, 1.0], [350.6060791015625, 275.4434814453125, 1.0], [362.05328369140636, 268.73602294921864, 1.0], [349.0376281738282, 301.068603515625, 1.0], [373.98571777343744, 283.5808715820313, 1.0], [363.8216857910156, 292.32473754882807, 1.0], [357.12088012695324, 296.57034301757807, 1.0], [359.6636657714844, 311.4231872558593, 1.0], [382.7733764648437, 293.30828857421875, 1.0], [372.83071899414057, 302.44921874999994, 1.0], [367.0556945800781, 306.13082885742193, 1.0], [369.6742248535157, 320.76382446289057, 1.0], [387.1397399902343, 306.3564758300781, 1.0], [379.52972412109375, 313.49407958984375, 1.0], [375.8337097167969, 316.25531005859364, 1.0], [373.83715820312494, 332.79214477539057, 1.0], [380.57080078125, 324.4078369140625, 1.0], [380.31726074218744, 321.9870910644531, 1.0], [378.40698242187494, 322.2589416503906, 1.0]], "head_box": [[306.3958, 82.9604], [405.5182, 231.644]], "head_size": 148.6836, "hand_box_center": [363.3975524902344, 300.7640838623046], "is_left": 0, "is_mpii": 0}