{"mpii_body_pts": [[0.0, 0.0, 0.0], [350.496, 287.19, 0.6982630000000001], [355.839, 228.48, 0.728651], [337.181, 84.5437, 0.590302], [0.0, 0.0, 0.0], [0.0, 0.0, 0.0], [0.0, 0.0, 0.0], [0.0, 0.0, 0.0], [0.0, 0.0, 0.0], [0.0, 0.0, 0.0], [284.124, 380.278, 0.651436], [212.289, 447.633, 0.620161], [245.121, 292.673, 0.677533], [455.871, 281.707, 0.718993], [491.713, 388.186, 0.341995], [0.0, 0.0, 0.0]], "hand_pts": [[289.42120361328125, 381.0043334960937, 1.0], [290.121826171875, 362.85943603515636, 1.0], [296.3775634765625, 343.70101928710926, 1.0], [309.5875854492187, 335.6749572753906, 1.0], [312.487335205078, 325.40161132812494, 1.0], [322.4754028320313, 334.7118225097657, 1.0], [331.17468261718756, 329.25411987304693, 1.0], [336.6520080566406, 326.3647460937501, 1.0], [342.773712158203, 325.72265624999994, 1.0], [330.53027343749994, 344.3430786132813, 1.0], [343.4180908203125, 337.2801513671874, 1.0], [333.1078491210938, 336.63809204101557, 1.0], [324.73077392578125, 340.4906005859375, 1.0], [335.3632202148438, 356.542694091797, 1.0], [345.35128784179693, 350.1218566894532, 1.0], [334.3966369628905, 351.0849609375, 1.0], [326.01956176757807, 353.974365234375, 1.0], [337.9407958984375, 366.49499511718744, 1.0], [332.46347045898426, 362.6424865722657, 1.0], [327.9527282714843, 362.3214416503906, 1.0], [323.4419860839844, 362.3214416503906, 1.0]], "head_box": [[289.2022333333333, 84.5437], [385.15976666666666, 228.48]], "head_size": 143.9363, "hand_box_center": [317.38624572753906, 353.2029724121093], "is_left": 0, "is_mpii": 0}