{"mpii_body_pts": [[0.0, 0.0, 0.0], [316.911, 282.5055, 0.623754], [316.876, 231.636, 0.724615], [332.499, 78.213, 0.504324], [0.0, 0.0, 0.0], [0.0, 0.0, 0.0], [0.0, 0.0, 0.0], [0.0, 0.0, 0.0], [0.0, 0.0, 0.0], [0.0, 0.0, 0.0], [284.11, 352.159, 0.572244], [187.341, 442.934, 0.611319], [207.657, 286.435, 0.626174], [426.165, 278.576, 0.621334], [465.122, 413.233, 0.668829], [377.729, 469.586, 0.61771]], "hand_pts": [[291.71969604492193, 352.7001037597656, 1.0], [285.41421508789057, 334.2062377929687, 1.0], [287.86633300781244, 310.8272399902343, 1.0], [295.92333984374994, 293.3801879882812, 1.0], [295.45504760742193, 279.12930297851557, 1.0], [324.5936584472655, 306.9466247558594, 1.0], [338.1650695800781, 295.8197021484375, 1.0], [347.34573364257807, 289.8588256835938, 1.0], [356.92553710937494, 282.70581054687494, 1.0], [333.37515258789057, 314.4970397949219, 1.0], [350.9381713867187, 300.5883789062499, 1.0], [359.7196655273438, 293.435333251953, 1.0], [367.70285034179693, 286.2823181152343, 1.0], [336.9675903320313, 328.40570068359375, 1.0], [352.9339599609374, 313.30487060546886, 1.0], [362.1146240234376, 305.7544555664063, 1.0], [369.69863891601557, 298.6014099121093, 1.0], [341.75750732421875, 339.5326232910156, 1.0], [351.73648071289057, 331.5848083496094, 1.0], [359.7196655273438, 325.62396240234375, 1.0], [366.106201171875, 320.06048583984386, 1.0]], "head_box": [[281.358, 78.213], [383.64000000000004, 231.636]], "head_size": 153.423, "hand_box_center": [327.55642700195307, 315.9147033691406], "is_left": 0, "is_mpii": 0}