{"mpii_body_pts": [[0.0, 0.0, 0.0], [336.4035, 287.22749999999996, 0.7079055000000001], [329.382, 242.551, 0.772627], [304.387, 98.6201, 0.577904], [0.0, 0.0, 0.0], [0.0, 0.0, 0.0], [0.0, 0.0, 0.0], [0.0, 0.0, 0.0], [0.0, 0.0, 0.0], [0.0, 0.0, 0.0], [359.051, 352.186, 0.529948], [257.567, 430.389, 0.635843], [231.047, 294.329, 0.749066], [441.76, 280.126, 0.666745], [471.444, 358.435, 0.503921], [479.267, 419.514, 0.714277]], "hand_pts": [[358.8277893066406, 356.9210815429687, 1.0], [363.28939819335943, 336.28063964843744, 1.0], [371.89395141601557, 309.9243469238281, 1.0], [392.28985595703125, 301.35061645507807, 1.0], [409.1802368164063, 294.9997253417969, 1.0], [402.8065185546874, 311.5120849609375, 1.0], [423.83981323242193, 301.35061645507807, 1.0], [437.86203002929693, 296.9049987792969, 1.0], [451.8842163085937, 293.72952270507807, 1.0], [410.1363220214843, 326.4367370605468, 1.0], [429.57617187499994, 317.2279052734375, 1.0], [413.00448608398443, 315.9577331542969, 1.0], [399.93835449218733, 324.84899902343756, 1.0], [413.64184570312506, 341.361358642578, 1.0], [428.9388122558593, 328.65954589843756, 1.0], [412.685791015625, 331.51745605468744, 1.0], [400.2570190429687, 338.8209838867188, 1.0], [413.64184570312506, 351.5228271484375, 1.0], [412.36712646484375, 347.077178955078, 1.0], [407.5868225097657, 346.7596435546875, 1.0], [402.8065185546874, 348.0298156738282, 1.0]], "head_box": [[256.41003333333333, 98.6201], [352.36396666666667, 242.551]], "head_size": 143.9309, "hand_box_center": [405.3560028076172, 325.3253021240234], "is_left": 0, "is_mpii": 0}