{"mpii_body_pts": [[0.0, 0.0, 0.0], [348.847, 275.483, 0.6546514999999999], [354.344, 211.314, 0.710928], [354.304, 81.3723, 0.6551], [0.0, 0.0, 0.0], [0.0, 0.0, 0.0], [0.0, 0.0, 0.0], [0.0, 0.0, 0.0], [0.0, 0.0, 0.0], [0.0, 0.0, 0.0], [280.955, 303.622, 0.707058], [193.61, 399.134, 0.563671], [243.458, 270.758, 0.652902], [454.236, 280.208, 0.656401], [474.553, 436.685, 0.668402], [405.841, 377.233, 0.591298]], "hand_pts": [[403.0, 364.0, 1.0], [408.70220947265625, 358.6212158203125, 1.0], [412.01895141601557, 342.8423156738282, 1.0], [410.17633056640625, 331.46679687499994, 1.0], [412.38748168945324, 324.1277770996094, 1.0], [399.12054443359375, 350.18133544921864, 1.0], [393.22412109375006, 353.48391723632807, 1.0], [386.95916748046875, 356.0525512695313, 1.0], [378.48303222656244, 357.1534118652344, 1.0], [383.64242553710943, 351.2821960449219, 1.0], [374.4292602539063, 357.5203552246093, 1.0], [370.0069274902343, 363.024658203125, 1.0], [363.7419738769531, 365.9602661132813, 1.0], [370.0069274902343, 358.2542724609375, 1.0], [360.79376220703125, 363.75854492187494, 1.0], [353.79177856445307, 364.49246215820307, 1.0], [344.94714355468744, 363.75854492187494, 1.0], [368.5328369140625, 356.4195251464843, 1.0], [357.47705078124994, 358.6212158203125, 1.0], [347.5268249511718, 357.5203552246093, 1.0], [340.1562805175781, 359.35513305664057, 1.0]], "head_box": [[310.9901, 81.3723], [397.61789999999996, 211.314]], "head_size": 129.9417, "hand_box_center": [376.2718811035157, 345.0440216064453], "is_left": 1, "is_mpii": 0}