{"mpii_body_pts": [[0.0, 0.0, 0.0], [349.6515, 280.214, 0.6947224999999999], [343.446, 215.969, 0.7463], [337.152, 78.2196, 0.625416], [0.0, 0.0, 0.0], [0.0, 0.0, 0.0], [0.0, 0.0, 0.0], [0.0, 0.0, 0.0], [0.0, 0.0, 0.0], [0.0, 0.0, 0.0], [324.668, 291.15, 0.589964], [257.57, 432.045, 0.69736], [243.549, 280.224, 0.720753], [455.754, 280.204, 0.668692], [480.756, 438.263, 0.706207], [412.121, 394.393, 0.707725]], "hand_pts": [[403.8980712890625, 395.21002197265625, 1.0], [392.5657043457031, 383.23757934570307, 1.0], [379.4433288574219, 378.60354614257807, 1.0], [380.9525451660156, 357.18911743164057, 1.0], [380.9525451660156, 339.9072875976563, 1.0], [401.7042541503906, 343.2885131835937, 1.0], [382.08444213867193, 342.912841796875, 1.0], [371.89721679687494, 347.04544067382824, 1.0], [363.21923828124994, 349.67529296875, 1.0], [411.8914794921874, 351.55374145507807, 1.0], [385.85748291015636, 350.80236816406256, 1.0], [374.91567993164057, 352.6808166503906, 1.0], [363.5965270996093, 356.43774414062494, 1.0], [414.909912109375, 362.82449340820307, 1.0], [390.762451171875, 370.71401977539057, 1.0], [374.91567993164057, 376.3493957519531, 1.0], [363.21923828124994, 381.98477172851557, 1.0], [413.7779846191407, 374.0952453613281, 1.0], [393.40356445312494, 380.1063232421874, 1.0], [383.5936584472655, 385.74169921875, 1.0], [374.16107177734375, 391.37707519531256, 1.0]], "head_box": [[291.2355333333333, 78.2196], [383.06846666666667, 215.969]], "head_size": 137.74939999999998, "hand_box_center": [389.0645751953125, 367.55865478515625], "is_left": 1, "is_mpii": 0}