{"mpii_body_pts": [[0.0, 0.0, 0.0], [349.675, 286.42650000000003, 0.6778925], [343.468, 244.157, 0.756224], [337.159, 92.3673, 0.556055], [0.0, 0.0, 0.0], [0.0, 0.0, 0.0], [0.0, 0.0, 0.0], [0.0, 0.0, 0.0], [0.0, 0.0, 0.0], [0.0, 0.0, 0.0], [274.76, 380.344, 0.63246], [215.421, 444.491, 0.648366], [245.108, 291.119, 0.672055], [454.242, 281.734, 0.68373], [483.886, 403.794, 0.503001], [515.105, 416.338, 0.545738]], "hand_pts": [[496.0, 433.0, 1.0], [504.60888671875006, 411.50100708007807, 1.0], [520.7915039062501, 406.129852294922, 1.0], [537.7446899414062, 405.362548828125, 1.0], [556.2390747070314, 402.67697143554693, 1.0], [524.2591552734375, 417.2557983398438, 1.0], [534.6622924804685, 423.0105895996094, 1.0], [543.524169921875, 421.4759826660156, 1.0], [550.8448486328125, 423.0105895996094, 1.0], [516.5531616210938, 419.9413757324219, 1.0], [515.3972778320311, 433.7528686523438, 1.0], [521.1767578125, 429.9163513183593, 1.0], [524.6444702148439, 424.1615600585937, 1.0], [500.7558898925781, 421.4759826660156, 1.0], [504.22360229492193, 430.6836547851563, 1.0], [507.6912841796875, 427.23077392578125, 1.0], [510.773681640625, 420.70867919921875, 1.0], [493.0498962402344, 424.1615600585937, 1.0], [494.59109497070307, 429.9163513183593, 1.0], [495.74700927734375, 436.4384460449219, 1.0], [487.6557006835938, 430.29998779296875, 1.0]], "head_box": [[286.56243333333333, 92.3673], [387.75556666666665, 244.157]], "head_size": 151.7897, "hand_box_center": [521.9473876953126, 419.5577087402344], "is_left": 1, "is_mpii": 0}