{"mpii_body_pts": [[202.138, 256.7055, 0.112275], [342.66249999999997, 292.66700000000003, 0.6401049999999999], [346.537, 215.992, 0.703209], [349.661, 81.4423, 0.65098], [0.0, 0.0, 0.0], [0.0, 0.0, 0.0], [0.0, 0.0, 0.0], [404.276, 513.411, 0.22455], [0.0, 0.0, 0.0], [0.0, 0.0, 0.0], [327.761, 505.545, 0.727215], [204.528, 442.95, 0.704396], [234.182, 292.661, 0.653497], [451.143, 292.673, 0.626713], [476.081, 435.125, 0.661592], [404.248, 493.059, 0.481779]], "hand_pts": [[318.41543579101557, 505.2484436035157, 1.0], [341.4822692871093, 494.53164672851557, 1.0], [364.9335327148437, 486.4940185546874, 1.0], [387.61590576171875, 491.08694458007807, 1.0], [402.2248840332032, 489.93872070312494, 1.0], [377.23583984375, 516.3480224609374, 1.0], [393.7670593261719, 532.4232177734374, 1.0], [387.61590576171875, 532.0404663085938, 1.0], [383.00253295898426, 527.4475708007811, 1.0], [369.546875, 529.7440185546876, 1.0], [385.6936645507813, 543.9055175781251, 1.0], [378.38916015625, 543.9055175781251, 1.0], [373.00689697265625, 539.3126220703124, 1.0], [358.78237915039057, 540.843566894531, 1.0], [376.8513793945313, 550.0294189453125, 1.0], [369.16244506835943, 550.4121704101562, 1.0], [363.7801818847657, 546.9674682617186, 1.0], [351.4778747558594, 548.1157226562501, 1.0], [365.3179626464844, 554.2396240234374, 1.0], [364.549072265625, 552.3258666992186, 1.0], [361.08905029296875, 549.263916015625, 1.0]], "head_box": [[304.8111, 81.4423], [394.5109, 215.992]], "head_size": 134.54969999999997, "hand_box_center": [360.3201599121094, 520.3668212890624], "is_left": 0, "is_mpii": 0}