{"mpii_body_pts": [[0.0, 0.0, 0.0], [379.3405, 265.3325, 0.6225609999999999], [355.939, 234.766, 0.685293], [280.982, 106.379, 0.590958], [0.0, 0.0, 0.0], [0.0, 0.0, 0.0], [0.0, 0.0, 0.0], [0.0, 0.0, 0.0], [0.0, 0.0, 0.0], [0.0, 0.0, 0.0], [193.607, 430.483, 0.753597], [254.41, 380.347, 0.673018], [279.452, 256.738, 0.640801], [479.229, 273.927, 0.604321], [502.591, 430.459, 0.686245], [430.876, 447.656, 0.628734]], "hand_pts": [[190.33366394042972, 433.2983093261718, 1.0], [180.79313659667972, 420.22378540039057, 1.0], [169.06828308105472, 411.46435546874994, 1.0], [155.8778228759766, 406.7196655273438, 1.0], [144.88577270507812, 402.33996582031256, 1.0], [159.46214294433597, 429.4841918945313, 1.0], [147.25712585449222, 430.55691528320307, 1.0], [139.59906005859378, 431.51043701171875, 1.0], [131.46238708496097, 429.4841918945313, 1.0], [166.88087463378906, 441.28414916992193, 1.0], [155.15447998046878, 443.66796875, 1.0], [147.7357482910156, 443.9063415527343, 1.0], [140.8285064697266, 441.7984313964843, 1.0], [175.49618530273443, 450.8194580078125, 1.0], [166.16293334960943, 455.11035156249994, 1.0], [159.94076538085938, 456.0638732910156, 1.0], [153.35963439941406, 453.7992553710937, 1.0], [186.26533508300778, 456.3022766113282, 1.0], [176.69276428222656, 461.54669189453136, 1.0], [170.48060607910156, 462.2227783203125, 1.0], [164.0091094970703, 460.9507446289063, 1.0]], "head_box": [[238.18633333333335, 106.379], [323.7776666666667, 234.766]], "head_size": 128.387, "hand_box_center": [160.89802551269534, 432.2813720703125], "is_left": 0, "is_mpii": 0}