{"mpii_body_pts": [[0.0, 0.0, 0.0], [352.0055, 282.53549999999996, 0.5960015000000001], [360.592, 219.084, 0.760662], [352.756, 79.7894, 0.628884], [0.0, 0.0, 0.0], [0.0, 0.0, 0.0], [0.0, 0.0, 0.0], [0.0, 0.0, 0.0], [0.0, 0.0, 0.0], [0.0, 0.0, 0.0], [257.58, 350.622, 0.278888], [229.454, 425.729, 0.349215], [248.212, 281.767, 0.608676], [455.799, 283.304, 0.583327], [483.899, 435.153, 0.617475], [0.0, 0.0, 0.0]], "hand_pts": [[484.0, 355.0, 1.0], [487.6887512207031, 327.1753540039063, 1.0], [481.4178771972656, 296.6896057128906, 1.0], [471.0893859863281, 280.5285034179687, 1.0], [458.17877197265625, 268.4076538085937, 1.0], [467.03176879882807, 295.95501708984375, 1.0], [440.8416748046875, 280.5285034179687, 1.0], [431.6198120117188, 285.30337524414057, 1.0], [424.9800720214843, 293.3839416503906, 1.0], [459.285400390625, 311.0142517089843, 1.0], [436.78405761718744, 294.1185302734375, 1.0], [424.6111755371093, 294.1185302734375, 1.0], [419.8158264160156, 301.09719848632807, 1.0], [452.6456604003907, 317.9929199218749, 1.0], [427.1932983398438, 305.13748168945324, 1.0], [409.856201171875, 306.23937988281244, 1.0], [405.79858398437494, 312.1161499023437, 1.0], [446.74365234375006, 331.21563720703125, 1.0], [422.39794921875, 323.50238037109375, 1.0], [410.593963623047, 320.9313049316405, 1.0], [404.69195556640625, 317.25833129882807, 1.0]], "head_box": [[306.32446666666664, 79.7894], [399.1875333333333, 219.084]], "head_size": 139.2946, "hand_box_center": [446.1903533935547, 311.7038269042969], "is_left": 1, "is_mpii": 0}