{"mpii_body_pts": [[211.5065, 259.031, 0.106667], [337.9315, 287.978, 0.6554854999999999], [326.217, 233.254, 0.674559], [296.577, 81.4654, 0.538806], [0.0, 0.0, 0.0], [0.0, 0.0, 0.0], [0.0, 0.0, 0.0], [423.013, 518.062, 0.213334], [0.0, 0.0, 0.0], [0.0, 0.0, 0.0], [280.94, 356.817, 0.658489], [232.62, 441.341, 0.658666], [232.582, 292.67, 0.679753], [443.281, 283.286, 0.631218], [480.825, 430.447, 0.690761], [393.385, 494.576, 0.674921]], "hand_pts": [[401.5065307617187, 498.4808959960937, 1.0], [381.410186767578, 482.9495849609375, 1.0], [354.7305908203125, 479.4981689453124, 1.0], [336.0202026367188, 490.5426635742188, 1.0], [321.46768188476574, 493.99404907226557, 1.0], [341.91052246093744, 501.24200439453136, 1.0], [323.8930969238281, 508.4899597167969, 1.0], [313.84494018554705, 511.5962219238281, 1.0], [306.22219848632807, 512.9768066406251, 1.0], [348.49380493164057, 515.0476074218749, 1.0], [327.0115051269531, 521.950439453125, 1.0], [313.4984436035156, 523.3309936523438, 1.0], [305.18273925781244, 523.3309936523438, 1.0], [356.4630126953125, 525.7469482421876, 1.0], [329.43692016601557, 532.9949340820312, 1.0], [315.57739257812494, 534.0303344726564, 1.0], [307.26165771484375, 534.7206420898438, 1.0], [360.62088012695324, 532.9949340820312, 1.0], [339.1386108398438, 539.8977050781251, 1.0], [330.47637939453125, 540.9331665039061, 1.0], [323.2001342773437, 542.313720703125, 1.0]], "head_box": [[245.98080000000002, 81.4654], [347.1732, 233.254]], "head_size": 151.78859999999997, "hand_box_center": [353.34463500976557, 510.9059448242187], "is_left": 1, "is_mpii": 0}