{"mpii_body_pts": [[0.0, 0.0, 0.0], [305.926, 291.134, 0.6525365000000001], [293.454, 231.623, 0.722663], [268.515, 93.9471, 0.66475], [0.0, 0.0, 0.0], [0.0, 0.0, 0.0], [0.0, 0.0, 0.0], [0.0, 0.0, 0.0], [0.0, 0.0, 0.0], [0.0, 0.0, 0.0], [0.0, 0.0, 0.0], [177.911, 416.358, 0.20238], [204.458, 303.645, 0.629075], [407.394, 278.623, 0.675998], [430.899, 444.569, 0.736975], [405.875, 383.487, 0.563034]], "hand_pts": [[405.8848876953126, 384.4985656738281, 1.0], [391.8002624511719, 366.4940185546874, 1.0], [395.3214111328125, 345.9888610839844, 1.0], [403.87280273437506, 337.9868469238281, 1.0], [410.26385498046875, 325.29418945312494, 1.0], [420.47253417968744, 337.9868469238281, 1.0], [428.8022155761719, 322.60150146484375, 1.0], [431.6084899902344, 315.97491455078125, 1.0], [431.51168823242193, 308.5912780761718, 1.0], [431.25772094726557, 341.95800781249994, 1.0], [441.78128051757807, 330.0999450683594, 1.0], [442.48284912109375, 324.17092895507807, 1.0], [442.132080078125, 316.14932250976574, 1.0], [438.9670715332031, 347.9359436035156, 1.0], [444.1858215332032, 341.62594604492193, 1.0], [445.67691040039057, 337.9141845703125, 1.0], [443.0675048828125, 333.8312377929687, 1.0], [446.79519653320307, 361.66946411132824, 1.0], [451.26843261718744, 356.101806640625, 1.0], [452.759521484375, 352.3900451660156, 1.0], [443.4402770996094, 351.2765197753905, 1.0]], "head_box": [[222.62303333333332, 93.9471], [314.4069666666667, 231.623]], "head_size": 137.67589999999998, "hand_box_center": [422.27989196777344, 346.544921875], "is_left": 1, "is_mpii": 0}