{"mpii_body_pts": [[0.0, 0.0, 0.0], [348.88, 287.233, 0.67764], [351.219, 219.147, 0.744253], [343.485, 81.4167, 0.652067], [0.0, 0.0, 0.0], [0.0, 0.0, 0.0], [0.0, 0.0, 0.0], [0.0, 0.0, 0.0], [0.0, 0.0, 0.0], [0.0, 0.0, 0.0], [285.665, 435.115, 0.647781], [193.59, 438.243, 0.725343], [241.898, 283.337, 0.687805], [455.862, 291.129, 0.667475], [490.159, 417.964, 0.695], [429.272, 428.822, 0.382287]], "hand_pts": [[287.3229064941406, 442.68850708007807, 1.0], [293.9933471679687, 427.3140563964844, 1.0], [305.4257507324219, 404.5494079589843, 1.0], [326.7136535644531, 399.83947753906256, 1.0], [330.2616271972656, 385.70968627929693, 1.0], [314.49279785156244, 419.0716857910156, 1.0], [337.7518005371094, 419.0716857910156, 1.0], [351.9437561035156, 418.2866821289063, 1.0], [364.1645812988282, 417.89419555664057, 1.0], [316.46389770507807, 435.1639099121093, 1.0], [338.540252685547, 435.9489135742187, 1.0], [355.88595581054693, 435.1639099121093, 1.0], [369.6836547851563, 434.378936767578, 1.0], [315.28124999999994, 449.68618774414057, 1.0], [338.1460266113282, 454.39611816406244, 1.0], [358.25128173828125, 454.00363159179693, 1.0], [371.65475463867193, 453.2186584472655, 1.0], [312.1274719238282, 461.853515625, 1.0], [333.0211791992187, 467.3484191894532, 1.0], [351.54953002929693, 467.74090576171875, 1.0], [364.9530334472655, 466.17092895507807, 1.0]], "head_box": [[297.5749, 81.4167], [389.3951, 219.147]], "head_size": 137.7303, "hand_box_center": [329.48883056640625, 426.7252960205078], "is_left": 0, "is_mpii": 0}