{"mpii_body_pts": [[0.0, 0.0, 0.0], [337.18, 289.5855, 0.6728645], [332.537, 208.207, 0.746062], [324.697, 82.9673, 0.704988], [0.0, 0.0, 0.0], [0.0, 0.0, 0.0], [0.0, 0.0, 0.0], [0.0, 0.0, 0.0], [0.0, 0.0, 0.0], [0.0, 0.0, 0.0], [291.909, 480.549, 0.715449], [188.886, 430.453, 0.661572], [229.479, 286.462, 0.69652], [444.881, 292.709, 0.649209], [482.314, 433.578, 0.688236], [380.915, 471.165, 0.469048]], "hand_pts": [[386.73727416992193, 478.8651733398438, 1.0], [366.64093017578136, 463.3338623046875, 1.0], [341.1178283691407, 463.2593688964844, 1.0], [321.25094604492193, 470.9269409179687, 1.0], [306.69842529296875, 474.37832641601557, 1.0], [327.1412658691407, 481.62628173828125, 1.0], [309.12384033203136, 488.87423706054693, 1.0], [299.4356384277343, 488.75985717773443, 1.0], [292.21511840820295, 485.8174743652344, 1.0], [331.2716369628905, 493.99072265624994, 1.0], [314.53314208984375, 496.93307495117176, 1.0], [302.0613098144531, 498.5677185058594, 1.0], [293.19973754882807, 494.317626953125, 1.0], [337.5075378417969, 503.47164916992193, 1.0], [318.7998046875, 506.7409362792969, 1.0], [302.7177124023437, 506.08709716796875, 1.0], [295.8253784179687, 501.5100708007813, 1.0], [343.74346923828125, 509.35638427734375, 1.0], [324.37930297851557, 514.5872192382812, 1.0], [314.2049255371094, 514.2603149414062, 1.0], [307.3125915527344, 510.99102783203125, 1.0]], "head_box": [[282.9504333333333, 82.9673], [366.4435666666667, 208.207]], "head_size": 125.2397, "hand_box_center": [339.47619628906244, 488.9232940673828], "is_left": 1, "is_mpii": 0}