{"mpii_body_pts": [[0.0, 0.0, 0.0], [296.59749999999997, 274.72749999999996, 0.611132], [288.757, 233.238, 0.689515], [277.844, 78.2161, 0.556555], [0.0, 0.0, 0.0], [0.0, 0.0, 0.0], [0.0, 0.0, 0.0], [0.0, 0.0, 0.0], [0.0, 0.0, 0.0], [0.0, 0.0, 0.0], [305.944, 316.2, 0.499508], [229.483, 417.938, 0.519709], [198.236, 292.704, 0.65663], [394.959, 256.751, 0.565634], [465.127, 403.799, 0.65549], [377.764, 428.883, 0.58025]], "hand_pts": [[362.21536254882807, 431.79943847656244, 1.0], [354.1670227050781, 420.7966613769531, 1.0], [352.657958984375, 406.7931518554687, 1.0], [349.46063232421875, 407.69650268554693, 1.0], [348.3423156738282, 401.3865051269531, 1.0], [361.761993408203, 417.3470764160156, 1.0], [338.27755737304693, 426.6264953613281, 1.0], [333.058807373047, 426.25531005859364, 1.0], [340.88693237304693, 421.8011779785155, 1.0], [365.7365417480468, 431.2993164062499, 1.0], [337.5320129394531, 439.24645996093744, 1.0], [334.54986572265636, 435.5346984863281, 1.0], [339.7686462402343, 433.3076477050781, 1.0], [366.6080017089843, 445.18527221679693, 1.0], [339.02310180664057, 450.3817443847657, 1.0], [334.54986572265636, 444.0717468261719, 1.0], [340.51416015625, 443.32940673828125, 1.0], [365.116943359375, 455.20703124999994, 1.0], [342.75079345703125, 458.9187927246093, 1.0], [345.36016845703125, 455.9493713378906, 1.0], [349.83340454101557, 455.5782165527343, 1.0]], "head_box": [[226.17003333333332, 78.2161], [329.51796666666667, 233.238]], "head_size": 155.02190000000002, "hand_box_center": [349.8334045410156, 430.15264892578125], "is_left": 1, "is_mpii": 0}