{"mpii_body_pts": [[0.0, 0.0, 0.0], [339.509, 282.4925, 0.649868], [337.145, 220.675, 0.709628], [310.622, 79.8465, 0.585366], [0.0, 0.0, 0.0], [0.0, 0.0, 0.0], [0.0, 0.0, 0.0], [0.0, 0.0, 0.0], [0.0, 0.0, 0.0], [0.0, 0.0, 0.0], [295.004, 383.463, 0.780781], [213.834, 447.655, 0.58685], [234.161, 292.648, 0.658331], [444.857, 272.337, 0.641405], [479.242, 427.273, 0.711155], [399.586, 394.395, 0.702444]], "hand_pts": [[384.9471130371093, 396.27139282226557, 1.0], [362.0464477539063, 376.6666259765625, 1.0], [358.1759338378906, 360.9185180664062, 1.0], [358.1759338378906, 349.669891357422, 1.0], [351.7250366210937, 340.34960937500006, 1.0], [385.26965332031256, 340.34960937500006, 1.0], [367.2071533203125, 334.885986328125, 1.0], [361.0788269042969, 338.42126464843744, 1.0], [355.2730407714843, 345.81323242187494, 1.0], [394.6234436035157, 341.6351623535156, 1.0], [375.59332275390625, 342.2779235839844, 1.0], [365.2719116210937, 352.88378906249994, 1.0], [358.1759338378906, 362.52548217773443, 1.0], [404.29977416992193, 348.38433837890625, 1.0], [384.6245422363282, 348.0629577636719, 1.0], [376.2384033203125, 362.20410156249994, 1.0], [376.5609436035157, 373.4527282714843, 1.0], [408.81536865234375, 356.09768676757807, 1.0], [397.848876953125, 357.06185913085943, 1.0], [388.1725463867188, 364.7752075195313, 1.0], [387.8500061035157, 372.16717529296875, 1.0]], "head_box": [[263.6791666666667, 79.8465], [357.56483333333335, 220.675]], "head_size": 140.82850000000002, "hand_box_center": [380.27020263671875, 365.5786895751953], "is_left": 1, "is_mpii": 0}