{"mpii_body_pts": [[0.0, 0.0, 0.0], [348.8405, 283.299, 0.6122745], [340.292, 217.601, 0.725805], [337.159, 82.9942, 0.610655], [0.0, 0.0, 0.0], [0.0, 0.0, 0.0], [0.0, 0.0, 0.0], [0.0, 0.0, 0.0], [0.0, 0.0, 0.0], [0.0, 0.0, 0.0], [216.953, 341.163, 0.660594], [237.292, 466.426, 0.534974], [254.411, 292.695, 0.564392], [443.27, 273.903, 0.660157], [485.455, 430.372, 0.734677], [415.229, 381.899, 0.562387]], "hand_pts": [[402.71081542968744, 371.9376831054688, 1.0], [410.7907409667969, 365.00616455078125, 1.0], [415.9549865722656, 343.3355712890625, 1.0], [411.5285034179687, 334.5204162597656, 1.0], [414.4794921875, 324.23608398437494, 1.0], [414.4794921875, 360.59860229492193, 1.0], [404.88873291015625, 361.7005004882812, 1.0], [397.5112609863281, 364.63888549804693, 1.0], [387.5516357421874, 364.2715759277343, 1.0], [388.28939819335943, 369.0464477539063, 1.0], [385.3383789062499, 377.49432373046875, 1.0], [375.0098876953126, 371.9848327636719, 1.0], [365.4191589355469, 365.37347412109375, 1.0], [383.86288452148443, 369.7810668945313, 1.0], [368.00128173828125, 376.0251159667968, 1.0], [362.46817016601557, 371.250244140625, 1.0], [355.4595336914063, 363.90426635742193, 1.0], [381.28076171875, 370.51565551757807, 1.0], [371.69003295898426, 371.6175537109375, 1.0], [363.2059020996094, 370.8829345703125, 1.0], [355.4595336914063, 369.4137573242187, 1.0]], "head_box": [[292.2900666666667, 82.9942], [382.0279333333333, 217.601]], "head_size": 134.6068, "hand_box_center": [385.70726013183594, 350.8652038574219], "is_left": 1, "is_mpii": 0}