{"mpii_body_pts": [[0.0, 0.0, 0.0], [342.62850000000003, 273.921, 0.499468], [343.435, 239.473, 0.781861], [335.596, 100.189, 0.574988], [0.0, 0.0, 0.0], [0.0, 0.0, 0.0], [0.0, 0.0, 0.0], [0.0, 0.0, 0.0], [0.0, 0.0, 0.0], [0.0, 0.0, 0.0], [227.894, 245.727, 0.238293], [206.045, 341.223, 0.519548], [255.966, 275.486, 0.532586], [429.291, 272.356, 0.46635], [502.604, 378.76, 0.658763], [443.296, 255.165, 0.523407]], "hand_pts": [[238.5171813964844, 234.12554931640628, 1.0], [233.3765563964844, 218.4223022460938, 1.0], [231.66302490234375, 200.6708221435547, 1.0], [233.0943603515625, 182.21388244628903, 1.0], [228.01780700683594, 170.5506591796875, 1.0], [256.524627685547, 184.54652404785153, 1.0], [267.458740234375, 166.27415466308588, 1.0], [273.7068176269531, 154.99971008300778, 1.0], [278.78338623046875, 146.83544921875003, 1.0], [263.1632080078125, 188.43426513671872, 1.0], [273.31631469726557, 170.5506591796875, 1.0], [283.4694213867188, 155.38847351074222, 1.0], [291.6700439453125, 145.66912841796878, 1.0], [269.8017883300781, 192.32200622558597, 1.0], [279.17388916015636, 175.9934997558594, 1.0], [288.155487060547, 162.77519226074213, 1.0], [295.1845703125, 151.11196899414057, 1.0], [274.87832641601557, 200.48626708984378, 1.0], [282.68841552734375, 187.26794433593753, 1.0], [288.9364929199219, 179.10369873046872, 1.0], [296.74658203125, 169.77311706542972, 1.0]], "head_box": [[289.168, 100.189], [382.024, 239.473]], "head_size": 139.28400000000002, "hand_box_center": [262.38219451904297, 189.89733886718753], "is_left": 0, "is_mpii": 0}