{"mpii_body_pts": [[191.231, 235.56, 0.1104975], [297.3775, 277.0205, 0.58919], [291.838, 242.624, 0.741749], [298.131, 81.347, 0.479187], [0.0, 0.0, 0.0], [0.0, 0.0, 0.0], [0.0, 0.0, 0.0], [382.462, 471.12, 0.220995], [0.0, 0.0, 0.0], [0.0, 0.0, 0.0], [305.949, 394.418, 0.703116], [216.944, 457.094, 0.569472], [196.685, 303.612, 0.611424], [398.07, 250.429, 0.566956], [465.171, 381.871, 0.737608], [396.464, 419.49, 0.730812]], "hand_pts": [[382.1764526367188, 432.97592163085943, 1.0], [378.54324340820307, 421.62298583984386, 1.0], [368.6912841796875, 412.3026123046875, 1.0], [363.69107055664057, 419.1964111328125, 1.0], [358.30621337890625, 428.3881530761718, 1.0], [386.3843994140625, 428.3881530761718, 1.0], [374.4607849121093, 443.32473754882807, 1.0], [362.53717041015625, 439.1118469238282, 1.0], [364.84497070312506, 431.8350524902343, 1.0], [394.0770568847657, 442.9417419433594, 1.0], [371.76837158203125, 453.282440185547, 1.0], [362.1525268554688, 447.15463256835943, 1.0], [360.22937011718744, 440.643798828125, 1.0], [393.3078002929688, 452.5164794921874, 1.0], [367.5373840332031, 460.9422302246094, 1.0], [359.0754699707031, 452.1334838867188, 1.0], [360.22937011718744, 444.47369384765625, 1.0], [387.9229431152344, 461.3252258300781, 1.0], [369.075927734375, 467.0700378417969, 1.0], [365.22961425781244, 461.3252258300781, 1.0], [363.69107055664057, 459.0272827148438, 1.0]], "head_box": [[244.37199999999999, 81.347], [351.89, 242.624]], "head_size": 161.277, "hand_box_center": [376.19163513183594, 439.6863250732422], "is_left": 1, "is_mpii": 0}