{"mpii_body_pts": [[158.4395, 247.3115, 0.1156285], [348.85450000000003, 273.90999999999997, 0.6506675], [332.522, 225.391, 0.726063], [299.702, 84.51, 0.577451], [0.0, 0.0, 0.0], [0.0, 0.0, 0.0], [316.879, 494.623, 0.231257], [0.0, 0.0, 0.0], [0.0, 0.0, 0.0], [0.0, 0.0, 0.0], [229.517, 190.941, 0.603393], [201.367, 308.344, 0.403307], [254.388, 267.608, 0.605479], [443.321, 280.212, 0.695856], [482.334, 431.973, 0.704573], [380.852, 444.511, 0.74839]], "hand_pts": [[235.25178527832028, 186.92623901367193, 1.0], [251.93838500976562, 180.3468170166016, 1.0], [263.2620849609375, 170.83451843261722, 1.0], [273.45236206054693, 156.2274017333984, 1.0], [288.53399658203125, 146.89508056640625, 1.0], [240.0282135009766, 139.99728393554688, 1.0], [265.30014038085943, 139.59152221679688, 1.0], [268.96862792968744, 152.16987609863278, 1.0], [269.3762512207031, 159.87918090820315, 1.0], [229.43031311035156, 140.80879211425778, 1.0], [260.00119018554693, 141.21453857421872, 1.0], [263.2620849609375, 160.28494262695312, 1.0], [256.7402954101563, 157.85041809082034, 1.0], [227.39225769042974, 148.11235046386716, 1.0], [256.7402954101563, 149.73535156249997, 1.0], [256.7402954101563, 163.93672180175778, 1.0], [250.21850585937497, 170.02301025390625, 1.0], [224.94659423828122, 156.2274017333984, 1.0], [247.36521911621097, 158.66192626953125, 1.0], [253.88700866699222, 168.8057556152344, 1.0], [250.62611389160156, 174.48629760742193, 1.0]], "head_box": [[252.74166666666667, 84.51], [346.6623333333333, 225.391]], "head_size": 140.88099999999997, "hand_box_center": [256.74029541015625, 163.2588806152344], "is_left": 0, "is_mpii": 0}