{"mpii_body_pts": [[0.0, 0.0, 0.0], [341.083, 286.4515, 0.6325625], [344.983, 217.554, 0.749568], [341.824, 86.107, 0.664044], [0.0, 0.0, 0.0], [0.0, 0.0, 0.0], [0.0, 0.0, 0.0], [0.0, 0.0, 0.0], [0.0, 0.0, 0.0], [0.0, 0.0, 0.0], [252.899, 331.873, 0.484812], [202.895, 442.967, 0.570365], [234.184, 292.717, 0.623812], [447.982, 280.186, 0.641313], [505.755, 432.066, 0.680781], [441.74, 391.298, 0.679593]], "hand_pts": [[442.931915283203, 395.8809204101563, 1.0], [434.9732666015625, 377.0880126953125, 1.0], [419.17626953125, 364.41989135742193, 1.0], [411.43536376953125, 364.0528564453125, 1.0], [400.7455749511718, 357.07913208007807, 1.0], [425.44268798828125, 377.6332702636719, 1.0], [414.01565551757807, 386.44219970703125, 1.0], [406.64340209960943, 390.47961425781244, 1.0], [398.9024963378906, 398.18740844726557, 1.0], [428.0229797363281, 395.25112915039057, 1.0], [408.6102905273438, 403.7937316894531, 1.0], [397.05944824218744, 408.83154296874994, 1.0], [386.7382507324219, 415.4382324218749, 1.0], [427.6543579101563, 408.0974426269532, 1.0], [411.06677246093744, 414.70413208007807, 1.0], [398.5339050292969, 418.74157714843744, 1.0], [383.4207458496093, 423.88009643554693, 1.0], [423.9682312011718, 418.0074768066406, 1.0], [408.8550720214844, 424.6141662597657, 1.0], [397.7966613769531, 428.651611328125, 1.0], [391.69818115234375, 429.51037597656244, 1.0]], "head_box": [[298.0083333333333, 86.107], [385.6396666666667, 217.554]], "head_size": 131.447, "hand_box_center": [413.17633056640614, 393.29475402832026], "is_left": 1, "is_mpii": 0}