{"mpii_body_pts": [[0.0, 0.0, 0.0], [371.528, 280.16499999999996, 0.5368875], [379.323, 223.858, 0.722909], [385.552, 90.7849, 0.583579], [0.0, 0.0, 0.0], [0.0, 0.0, 0.0], [0.0, 0.0, 0.0], [0.0, 0.0, 0.0], [0.0, 0.0, 0.0], [0.0, 0.0, 0.0], [0.0, 0.0, 0.0], [198.246, 378.734, 0.275775], [282.543, 266.073, 0.504137], [460.513, 294.257, 0.569638], [518.312, 442.95, 0.711871], [0.0, 0.0, 0.0]], "hand_pts": [[259.0, 242.0, 1.0], [248.46630859375, 223.30000305175778, 1.0], [236.42332458496094, 208.838623046875, 1.0], [237.3497009277344, 191.60803222656247, 1.0], [226.0, 177.0, 1.0], [264.5236206054688, 186.6850128173828, 1.0], [274.0962524414062, 171.60824584960943, 1.0], [284.2864685058594, 157.76225280761722, 1.0], [291.6975402832031, 149.7623291015625, 1.0], [278.110565185547, 192.83879089355472, 1.0], [287.06561279296875, 178.6851043701172, 1.0], [298.7998046875, 161.76220703125, 1.0], [305.2844848632813, 149.45465087890625, 1.0], [291.38873291015625, 198.99256896972656, 1.0], [299.41738891601557, 184.2234954833984, 1.0], [306.51965332031256, 171.60824584960943, 1.0], [311.46035766601557, 160.22375488281247, 1.0], [297.8734130859375, 208.22323608398443, 1.0], [304.35809326171875, 199.6079559326172, 1.0], [308.68121337890625, 192.53109741210943, 1.0], [313.93072509765625, 183.91581726074216, 1.0]], "head_box": [[341.1943, 90.7849], [429.90970000000004, 223.858]], "head_size": 133.0731, "hand_box_center": [269.9653625488281, 195.72732543945312], "is_left": 0, "is_mpii": 0}