{"mpii_body_pts": [[0.0, 0.0, 0.0], [349.623, 282.496, 0.6428475], [343.459, 219.204, 0.736481], [329.346, 82.9546, 0.5865], [0.0, 0.0, 0.0], [0.0, 0.0, 0.0], [0.0, 0.0, 0.0], [0.0, 0.0, 0.0], [0.0, 0.0, 0.0], [0.0, 0.0, 0.0], [291.856, 269.19, 0.580789], [262.229, 389.755, 0.585847], [245.067, 284.886, 0.639205], [454.179, 280.106, 0.64649], [480.805, 433.616, 0.745819], [407.44, 381.935, 0.758504]], "hand_pts": [[297.9821472167969, 262.2276000976563, 1.0], [309.65792846679693, 251.28138732910156, 1.0], [313.14825439453136, 238.1127777099609, 1.0], [318.67153930664057, 225.72436523437494, 1.0], [328.61340332031256, 214.4371337890625, 1.0], [271.7238159179687, 223.24667358398438, 1.0], [265.6482238769532, 207.2793884277344, 1.0], [261.2296447753906, 193.2391815185547, 1.0], [257.91567993164057, 184.42964172363278, 1.0], [266.20056152343756, 226.27494812011716, 1.0], [258.46798706054693, 207.00408935546878, 1.0], [250.73544311523443, 192.96388244628906, 1.0], [241.89822387695318, 180.02487182617185, 1.0], [274.4854431152344, 223.7972717285156, 1.0], [268.409881591797, 206.45349121093753, 1.0], [262.3342895507813, 191.03678894042974, 1.0], [257.3633422851563, 178.37307739257812, 1.0], [284.42730712890625, 229.57853698730474, 1.0], [288.2936096191406, 210.85826110839844, 1.0], [291.6075439453125, 198.74514770507812, 1.0], [292.15988159179705, 185.25553894042974, 1.0]], "head_box": [[283.9295333333333, 82.9546], [374.7624666666667, 219.204]], "head_size": 136.2494, "hand_box_center": [285.25581359863287, 220.30033874511722], "is_left": 0, "is_mpii": 0}