{"mpii_body_pts": [[0.0, 0.0, 0.0], [341.8835, 274.66150000000005, 0.6436580000000001], [343.428, 212.847, 0.750893], [343.477, 81.3593, 0.688117], [0.0, 0.0, 0.0], [0.0, 0.0, 0.0], [0.0, 0.0, 0.0], [0.0, 0.0, 0.0], [0.0, 0.0, 0.0], [0.0, 0.0, 0.0], [285.66, 298.94, 0.622733], [193.56, 361.574, 0.484297], [240.406, 267.634, 0.626945], [443.361, 281.689, 0.660371], [452.696, 442.917, 0.700277], [349.656, 374.083, 0.610447]], "hand_pts": [[373.08020019531256, 360.6484375, 1.0], [379.24896240234375, 355.1864318847657, 1.0], [391.58645629882807, 353.13818359375006, 1.0], [395.3562622070313, 351.77270507812494, 1.0], [399.81146240234375, 349.7244567871093, 1.0], [369.65313720703125, 369.5242004394532, 1.0], [353.20312499999994, 374.98617553710926, 1.0], [344.29269409179693, 378.3999328613281, 1.0], [335.0395812988281, 381.47232055664057, 1.0], [363.82708740234375, 368.50006103515636, 1.0], [342.92187499999994, 374.3034362792969, 1.0], [326.81457519531256, 378.05856323242193, 1.0], [314.8197937011719, 378.7413024902343, 1.0], [355.9447937011719, 368.84143066406256, 1.0], [337.4385375976562, 372.93792724609364, 1.0], [320.6458435058595, 373.6206970214844, 1.0], [311.39270019531256, 373.6206970214844, 1.0], [353.88854980468744, 367.47595214843744, 1.0], [336.410430908203, 369.1828002929688, 1.0], [324.0729064941406, 368.50006103515636, 1.0], [316.5333251953125, 367.47595214843744, 1.0]], "head_box": [[299.64776666666666, 81.3593], [387.3062333333333, 212.847]], "head_size": 131.48770000000002, "hand_box_center": [355.6020812988281, 365.59838867187494], "is_left": 1, "is_mpii": 0}