{"mpii_body_pts": [[0.0, 0.0, 0.0], [316.8685, 278.579, 0.6339905], [298.14, 228.535, 0.693103], [270.053, 79.8256, 0.521472], [0.0, 0.0, 0.0], [0.0, 0.0, 0.0], [0.0, 0.0, 0.0], [0.0, 0.0, 0.0], [0.0, 0.0, 0.0], [0.0, 0.0, 0.0], [279.456, 406.979, 0.744901], [196.719, 457.07, 0.641367], [216.915, 303.63, 0.622027], [416.822, 253.528, 0.645954], [512.011, 400.674, 0.335636], [504.166, 358.421, 0.454767]], "hand_pts": [[293.62707519531256, 403.82647705078125, 1.0], [308.34301757812494, 393.00695800781244, 1.0], [320.2559204101563, 370.66992187500006, 1.0], [326.9131469726562, 353.21911621093744, 1.0], [329.9068908691406, 338.09951782226557, 1.0], [296.6299133300781, 354.8666076660156, 1.0], [304.8464660644532, 333.60101318359375, 1.0], [309.36553955078125, 320.10556030273443, 1.0], [311.8305053710937, 311.51751708984375, 1.0], [287.59173583984375, 356.9113769531249, 1.0], [309.77636718749994, 352.82183837890625, 1.0], [325.79861450195307, 356.5024108886719, 1.0], [336.4801025390625, 360.18301391601557, 1.0], [286.7700805664063, 365.9083557128905, 1.0], [308.9547119140625, 361.40985107421875, 1.0], [324.15530395507807, 364.2725524902343, 1.0], [335.658447265625, 369.17999267578136, 1.0], [294.16494750976574, 380.6306762695313, 1.0], [310.59802246093744, 381.03964233398443, 1.0], [319.2254028320313, 383.4933776855469, 1.0], [328.6744079589843, 385.94708251953136, 1.0]], "head_box": [[220.48319999999998, 79.8256], [319.6228, 228.535]], "head_size": 148.70940000000002, "hand_box_center": [311.6250915527344, 357.6719970703125], "is_left": 0, "is_mpii": 0}