{"mpii_body_pts": [[0.0, 0.0, 0.0], [350.4715, 277.061, 0.6594629999999999], [351.214, 217.514, 0.727795], [332.5, 81.4454, 0.612196], [0.0, 0.0, 0.0], [0.0, 0.0, 0.0], [0.0, 0.0, 0.0], [0.0, 0.0, 0.0], [0.0, 0.0, 0.0], [0.0, 0.0, 0.0], [257.602, 331.769, 0.725479], [218.571, 432.06, 0.647276], [245.074, 281.782, 0.665171], [455.869, 272.34, 0.653755], [501.092, 428.846, 0.648394], [440.219, 372.519, 0.658148]], "hand_pts": [[429.7447814941407, 368.03103637695307, 1.0], [413.9766235351563, 369.73828124999994, 1.0], [401.0699157714843, 385.6148376464844, 1.0], [398.07980346679693, 416.87698364257807, 1.0], [393.59460449218744, 432.25991821289057, 1.0], [399.83120727539057, 388.37515258789057, 1.0], [398.7013244628905, 408.62588500976574, 1.0], [397.5714416503906, 420.2513122558593, 1.0], [396.0649719238282, 430.3766784667969, 1.0], [413.0130004882812, 387.6251220703125, 1.0], [416.7792358398438, 411.62600708007807, 1.0], [419.41558837890625, 421.3763427734375, 1.0], [420.922088623047, 431.12670898437494, 1.0], [427.70129394531244, 389.5001831054688, 1.0], [432.597412109375, 412.00100708007807, 1.0], [429.2077941894532, 410.12594604492193, 1.0], [428.07794189453136, 405.2507629394532, 1.0], [443.1428527832032, 389.5001831054688, 1.0], [445.7792053222656, 406.7508239746094, 1.0], [444.2727355957031, 404.50073242187494, 1.0], [443.5194702148438, 401.5006408691407, 1.0]], "head_box": [[287.1438, 81.4454], [377.8562, 217.514]], "head_size": 136.0686, "hand_box_center": [419.68690490722656, 400.1454772949218], "is_left": 1, "is_mpii": 0}