{"mpii_body_pts": [[0.0, 0.0, 0.0], [329.3795, 283.30449999999996, 0.677937], [327.829, 219.13, 0.704139], [318.417, 82.9398, 0.631933], [0.0, 0.0, 0.0], [0.0, 0.0, 0.0], [0.0, 0.0, 0.0], [0.0, 0.0, 0.0], [0.0, 0.0, 0.0], [0.0, 0.0, 0.0], [257.606, 361.571, 0.612283], [210.732, 455.487, 0.58784], [227.887, 294.258, 0.682986], [430.872, 272.351, 0.672888], [486.99, 405.438, 0.638267], [455.832, 385.052, 0.595795]], "hand_pts": [[454.36065673828125, 377.72128295898426, 1.0], [446.34701538085943, 372.50048828125, 1.0], [422.7390441894532, 371.39859008789057, 1.0], [420.5257873535156, 385.7232360839843, 1.0], [428.6410217285156, 394.53839111328125, 1.0], [439.707275390625, 345.687713623047, 1.0], [419.4191589355469, 353.03369140624994, 1.0], [408.3529357910156, 357.80856323242193, 1.0], [396.5489196777344, 364.0526428222657, 1.0], [449.29800415039057, 356.70666503906256, 1.0], [429.7476501464844, 366.2564086914063, 1.0], [420.5257873535156, 371.76589965820307, 1.0], [410.566162109375, 376.90808105468744, 1.0], [455.5688781738282, 370.2966918945313, 1.0], [430.8542785644532, 384.25402832031256, 1.0], [432.3297729492187, 385.7232360839843, 1.0], [438.2317810058594, 383.1521301269532, 1.0], [457.7821350097656, 381.315643310547, 1.0], [437.4940185546874, 391.2326965332031, 1.0], [433.80526733398443, 393.4364929199219, 1.0], [437.12515258789057, 393.0691833496094, 1.0]], "head_box": [[273.02026666666666, 82.9398], [363.8137333333333, 219.13]], "head_size": 136.1902, "hand_box_center": [427.16552734375, 370.1130523681641], "is_left": 1, "is_mpii": 0}