{"mpii_body_pts": [[0.0, 0.0, 0.0], [94.4305, 148.688, 0.2858985], [268.516, 244.149, 0.641449], [235.715, 101.709, 0.554088], [0.0, 0.0, 0.0], [0.0, 0.0, 0.0], [0.0, 0.0, 0.0], [0.0, 0.0, 0.0], [0.0, 0.0, 0.0], [0.0, 0.0, 0.0], [316.89, 222.288, 0.221457], [270.022, 334.974, 0.384354], [188.861, 297.376, 0.571797], [0.0, 0.0, 0.0], [0.0, 0.0, 0.0], [0.0, 0.0, 0.0]], "hand_pts": [[463.88409423828125, 186.13284301757815, 1.0], [445.74972534179693, 168.77740478515622, 1.0], [436.5047302246094, 145.7548828125, 1.0], [428.68206787109375, 137.25425720214838, 1.0], [416.59246826171875, 129.46202087402347, 1.0], [437.57147216796875, 147.52584838867193, 1.0], [426.5486145019531, 133.358139038086, 1.0], [414.1034240722656, 123.79493713378903, 1.0], [398.81365966796875, 120.60720825195311, 1.0], [442.1939697265625, 145.40069580078125, 1.0], [428.68206787109375, 130.52459716796875, 1.0], [415.8813171386718, 120.25301361083984, 1.0], [405.92517089843744, 117.41947174072266, 1.0], [445.74972534179693, 145.04649353027344, 1.0], [433.66012573242193, 130.52459716796875, 1.0], [425.1263122558593, 122.0239791870117, 1.0], [411.25881958007807, 115.2943115234375, 1.0], [445.03857421874994, 142.92134094238284, 1.0], [437.92703247070307, 133.00395202636713, 1.0], [429.0376281738282, 126.62847900390624, 1.0], [421.21496582031256, 122.73236083984375, 1.0]], "head_box": [[188.235, 101.709], [283.195, 244.149]], "head_size": 142.44, "hand_box_center": [431.348876953125, 150.7135772705078], "is_left": 1, "is_mpii": 0}