{"mpii_body_pts": [[0.0, 0.0, 0.0], [342.6375, 285.64750000000004, 0.627345], [341.796, 225.407, 0.690495], [337.148, 79.8736, 0.573696], [0.0, 0.0, 0.0], [0.0, 0.0, 0.0], [0.0, 0.0, 0.0], [0.0, 0.0, 0.0], [0.0, 0.0, 0.0], [0.0, 0.0, 0.0], [376.188, 356.819, 0.717821], [273.182, 421.033, 0.630446], [237.269, 284.869, 0.693544], [448.006, 286.426, 0.561146], [491.658, 427.333, 0.681842], [405.851, 442.958, 0.689014]], "hand_pts": [[409.0, 439.0, 1.0], [390.8973999023437, 424.074432373047, 1.0], [357.3779602050781, 420.3243103027344, 1.0], [344.9493713378906, 427.4495544433594, 1.0], [332.1441955566406, 431.94973754882807, 1.0], [359.6376953125, 432.32473754882807, 1.0], [337.0403137207031, 447.7002868652344, 1.0], [331.3909606933595, 451.07540893554693, 1.0], [335.53381347656244, 451.45043945312494, 1.0], [366.7935180664062, 445.4502258300781, 1.0], [344.9493713378906, 462.3258361816406, 1.0], [338.54678344726557, 463.0758666992188, 1.0], [341.9364013671874, 460.8257751464843, 1.0], [374.3259887695313, 455.57559204101557, 1.0], [351.3519897460937, 470.5761413574219, 1.0], [343.8195190429687, 472.07617187499994, 1.0], [347.2091369628905, 469.82611083984375, 1.0], [376.5857238769531, 469.82611083984375, 1.0], [360.01431274414057, 477.7013854980469, 1.0], [361.5208129882812, 476.2013244628905, 1.0], [363.7805480957031, 474.70129394531244, 1.0]], "head_box": [[288.63686666666666, 79.8736], [385.6591333333334, 225.407]], "head_size": 145.53340000000003, "hand_box_center": [370.19548034667974, 449.0128479003906], "is_left": 1, "is_mpii": 0}