{"mpii_body_pts": [[0.0, 0.0, 0.0], [336.4085, 288.0135, 0.700423], [332.504, 233.252, 0.738023], [296.591, 92.3446, 0.567356], [0.0, 0.0, 0.0], [0.0, 0.0, 0.0], [0.0, 0.0, 0.0], [0.0, 0.0, 0.0], [0.0, 0.0, 0.0], [0.0, 0.0, 0.0], [263.779, 453.872, 0.693727], [192.059, 435.124, 0.696066], [229.489, 283.305, 0.734537], [443.328, 292.722, 0.666309], [472.956, 446.113, 0.649975], [379.274, 457.109, 0.681334]], "hand_pts": [[253.40751647949222, 453.33816528320307, 1.0], [273.55908203125006, 442.9057922363281, 1.0], [304.9955444335937, 436.0845947265625, 1.0], [327.96835327148426, 436.8870849609375, 1.0], [343.2835693359375, 433.67712402343756, 1.0], [307.81677246093744, 452.53567504882807, 1.0], [331.5956420898438, 467.3817749023437, 1.0], [345.70175170898426, 470.99298095703125, 1.0], [356.5836181640625, 472.5979614257813, 1.0], [303.3834228515625, 469.3880004882812, 1.0], [328.77441406249994, 486.6415405273438, 1.0], [343.2835693359375, 490.2527770996094, 1.0], [354.5684509277344, 490.654022216797, 1.0], [294.9197692871093, 481.02410888671875, 1.0], [314.6683044433594, 495.0677185058594, 1.0], [326.3562316894532, 497.07394409179693, 1.0], [336.8350524902343, 497.07394409179693, 1.0], [291.695526123047, 489.4502868652344, 1.0], [304.1894836425781, 498.2776794433594, 1.0], [311.84710693359375, 498.67892456054693, 1.0], [318.2955932617187, 497.07394409179693, 1.0]], "head_box": [[249.62186666666668, 92.3446], [343.56013333333334, 233.252]], "head_size": 140.9074, "hand_box_center": [304.99556732177734, 466.17802429199224], "is_left": 0, "is_mpii": 0}