{"mpii_body_pts": [[0.0, 0.0, 0.0], [352.0055, 282.53549999999996, 0.5960015000000001], [360.592, 219.084, 0.760662], [352.756, 79.7894, 0.628884], [0.0, 0.0, 0.0], [0.0, 0.0, 0.0], [0.0, 0.0, 0.0], [0.0, 0.0, 0.0], [0.0, 0.0, 0.0], [0.0, 0.0, 0.0], [257.58, 350.622, 0.278888], [229.454, 425.729, 0.349215], [248.212, 281.767, 0.608676], [455.799, 283.304, 0.583327], [483.899, 435.153, 0.617475], [0.0, 0.0, 0.0]], "hand_pts": [[252.64639282226562, 359.61560058593756, 1.0], [245.12133789062506, 332.5194091796875, 1.0], [242.34219360351562, 312.8273315429687, 1.0], [246.9741058349609, 289.7506408691407, 1.0], [232.4607696533203, 275.9046325683594, 1.0], [260.5610656738282, 301.75051879882807, 1.0], [276.61837768554693, 286.98144531249994, 1.0], [290.82293701171875, 281.13534545898426, 1.0], [305.6450500488281, 283.59686279296875, 1.0], [275.38320922851557, 309.1350402832031, 1.0], [291.7492980957032, 294.6736755371094, 1.0], [306.26263427734375, 294.05828857421875, 1.0], [317.6880493164063, 294.6736755371094, 1.0], [284.64703369140636, 316.8272705078125, 1.0], [302.86590576171875, 304.2120361328125, 1.0], [312.4385375976562, 298.3659362792969, 1.0], [320.1583862304688, 294.6736755371094, 1.0], [291.7492980957032, 332.2117309570312, 1.0], [311.20336914062494, 324.827178955078, 1.0], [322.6287536621093, 318.6734008789063, 1.0], [333.745361328125, 314.3657531738282, 1.0]], "head_box": [[306.32446666666664, 79.7894], [399.1875333333333, 219.084]], "head_size": 139.2946, "hand_box_center": [283.10306549072266, 317.76011657714844], "is_left": 0, "is_mpii": 0}