{"mpii_body_pts": [[0.0, 0.0, 0.0], [343.444, 280.17449999999997, 0.646011], [334.038, 222.277, 0.683989], [323.142, 81.3896, 0.595001], [0.0, 0.0, 0.0], [0.0, 0.0, 0.0], [0.0, 0.0, 0.0], [0.0, 0.0, 0.0], [0.0, 0.0, 0.0], [0.0, 0.0, 0.0], [193.624, 328.706, 0.527393], [209.173, 439.814, 0.563448], [243.58, 278.57, 0.629833], [443.308, 281.779, 0.662189], [457.393, 442.961, 0.456633], [457.378, 360.018, 0.332983]], "hand_pts": [[208.06417846679688, 334.3228454589843, 1.0], [193.66717529296872, 323.39636230468744, 1.0], [171.3860931396484, 307.3481140136719, 1.0], [162.13087463378903, 291.9827880859375, 1.0], [147.78929138183594, 286.33596801757807, 1.0], [184.50502014160156, 303.8347473144532, 1.0], [183.72383117675776, 281.6696166992188, 1.0], [183.72383117675776, 262.61538696289057, 1.0], [186.84858703613278, 249.0052032470703, 1.0], [197.00399780273443, 306.1679077148438, 1.0], [199.7381439208984, 278.1698608398439, 1.0], [202.4722900390625, 257.9490356445313, 1.0], [205.20643615722662, 242.00569152832028, 1.0], [209.50296020507812, 308.5010986328125, 1.0], [212.6277008056641, 280.1141662597657, 1.0], [214.9712677001953, 263.3930969238281, 1.0], [216.53363037109378, 247.838623046875, 1.0], [223.95489501953125, 308.8899536132813, 1.0], [227.86082458496094, 287.8914184570312, 1.0], [229.0326080322266, 273.8923645019531, 1.0], [229.4232025146484, 261.4487915039063, 1.0]], "head_box": [[276.1795333333333, 81.3896], [370.10446666666667, 222.277]], "head_size": 140.88739999999999, "hand_box_center": [188.6062469482422, 288.1642684936523], "is_left": 0, "is_mpii": 0}