{"mpii_body_pts": [[0.0, 0.0, 0.0], [350.496, 287.19, 0.6982630000000001], [355.839, 228.48, 0.728651], [337.181, 84.5437, 0.590302], [0.0, 0.0, 0.0], [0.0, 0.0, 0.0], [0.0, 0.0, 0.0], [0.0, 0.0, 0.0], [0.0, 0.0, 0.0], [0.0, 0.0, 0.0], [284.124, 380.278, 0.651436], [212.289, 447.633, 0.620161], [245.121, 292.673, 0.677533], [455.871, 281.707, 0.718993], [491.713, 388.186, 0.341995], [0.0, 0.0, 0.0]], "hand_pts": [[469.6484680175781, 371.4793395996093, 1.0], [483.66061401367193, 365.19842529296875, 1.0], [493.1188354492187, 366.59417724609364, 1.0], [495.2206420898438, 357.87066650390636, 1.0], [495.6476440429688, 341.0827331542969, 1.0], [486.410430908203, 383.6221923828125, 1.0], [494.49298095703125, 375.95742797851557, 1.0], [490.6441650390626, 366.7597045898438, 1.0], [486.79531860351557, 355.6457824707032, 1.0], [477.1732482910156, 388.2210388183593, 1.0], [477.1732482910156, 373.6579895019532, 1.0], [474.09417724609364, 354.11285400390636, 1.0], [472.1697692871094, 344.14865112304705, 1.0], [461.3930358886718, 386.6880798339844, 1.0], [462.93258666992193, 372.5082702636719, 1.0], [461.7779235839844, 353.34637451171875, 1.0], [459.853515625, 341.46597290039057, 1.0], [451.7709655761719, 382.855712890625, 1.0], [451.3860778808594, 372.12503051757807, 1.0], [450.6163024902343, 358.3284606933595, 1.0], [450.23144531249994, 346.83129882812494, 1.0]], "head_box": [[289.2022333333333, 84.5437], [385.15976666666666, 228.48]], "head_size": 143.9363, "hand_box_center": [472.9395446777344, 364.6518859863281], "is_left": 1, "is_mpii": 0}