{"mpii_body_pts": [[0.0, 0.0, 0.0], [346.534, 280.9665, 0.619391], [345.021, 220.677, 0.762382], [343.414, 79.8135, 0.653916], [0.0, 0.0, 0.0], [0.0, 0.0, 0.0], [0.0, 0.0, 0.0], [0.0, 0.0, 0.0], [0.0, 0.0, 0.0], [0.0, 0.0, 0.0], [281.035, 394.444, 0.851953], [182.693, 438.255, 0.639641], [240.368, 281.816, 0.670969], [452.7, 280.117, 0.567813], [518.258, 416.349, 0.705535], [479.247, 369.43, 0.465179]], "hand_pts": [[279.3904724121093, 397.9051818847657, 1.0], [294.0555725097657, 371.00881958007807, 1.0], [304.4755249023437, 353.3340759277344, 1.0], [322.6139221191407, 343.7282409667969, 1.0], [324.9294738769531, 329.89584350585943, 1.0], [317.98284912109375, 356.7921752929687, 1.0], [340.36642456054693, 349.87597656249994, 1.0], [348.8567504882812, 347.95480346679693, 1.0], [351.9441223144532, 349.1075134277344, 1.0], [322.9998474121093, 369.0876770019531, 1.0], [344.22564697265625, 364.861083984375, 1.0], [338.05087280273443, 374.8511657714843, 1.0], [328.0168762207031, 378.30926513671886, 1.0], [327.6309509277344, 381.38314819335943, 1.0], [346.9271240234375, 377.92504882812494, 1.0], [337.66494750976574, 387.14663696289057, 1.0], [326.0872497558594, 390.2205200195313, 1.0], [328.0168762207031, 395.9840087890625, 1.0], [343.0679016113282, 392.5259094238281, 1.0], [335.7353515624999, 397.9051818847657, 1.0], [327.24502563476574, 400.2105712890625, 1.0]], "head_box": [[296.4595, 79.8135], [390.3685, 220.677]], "head_size": 140.8635, "hand_box_center": [315.66729736328125, 365.05320739746094], "is_left": 0, "is_mpii": 0}