{"mpii_body_pts": [[0.0, 0.0, 0.0], [346.5285, 271.573, 0.578354], [352.734, 230.038, 0.696767], [363.717, 89.2344, 0.59454], [0.0, 0.0, 0.0], [0.0, 0.0, 0.0], [0.0, 0.0, 0.0], [0.0, 0.0, 0.0], [0.0, 0.0, 0.0], [0.0, 0.0, 0.0], [0.0, 0.0, 0.0], [168.541, 330.218, 0.395578], [257.55, 273.912, 0.538795], [435.507, 269.234, 0.617913], [530.716, 342.778, 0.403414], [0.0, 0.0, 0.0]], "hand_pts": [[463.0, 217.0, 1.0], [461.81784057617193, 199.94168090820315, 1.0], [459.59832763671875, 188.89158630371097, 1.0], [455.52926635742193, 177.1048278808594, 1.0], [455.89916992187494, 169.73809814453125, 1.0], [445.91140747070307, 176.3681640625, 1.0], [434.4439697265625, 163.1080474853516, 1.0], [425.5659790039063, 151.68962097167972, 1.0], [419.277374267578, 141.37620544433594, 1.0], [441.8423156738282, 177.8415069580078, 1.0], [427.7854614257813, 162.00303649902344, 1.0], [419.64727783203136, 150.95295715332034, 1.0], [412.98876953124994, 139.16619873046875, 1.0], [437.7732238769531, 181.89320373535153, 1.0], [421.126953125, 162.3713836669922, 1.0], [413.3587036132813, 150.95295715332034, 1.0], [407.44003295898426, 141.00787353515622, 1.0], [430.3748779296875, 185.20823669433594, 1.0], [421.126953125, 174.15814208984378, 1.0], [413.7286071777344, 163.8447265625, 1.0], [408.91970825195307, 155.37298583984375, 1.0]], "head_box": [[316.78246666666666, 89.2344], [410.6515333333333, 230.038]], "head_size": 140.80360000000002, "hand_box_center": [435.22001647949213, 178.08309936523438], "is_left": 1, "is_mpii": 0}