{"mpii_body_pts": [[0.0, 0.0, 0.0], [350.453, 286.436, 0.6193385], [346.55, 220.735, 0.717393], [321.597, 86.0818, 0.583389], [0.0, 0.0, 0.0], [0.0, 0.0, 0.0], [0.0, 0.0, 0.0], [0.0, 0.0, 0.0], [0.0, 0.0, 0.0], [0.0, 0.0, 0.0], [240.379, 352.174, 0.630154], [230.985, 443.007, 0.656287], [245.118, 291.092, 0.660763], [455.788, 281.78, 0.577914], [496.402, 441.362, 0.571319], [487.011, 345.923, 0.522547]], "hand_pts": [[480.63305664062494, 341.203155517578, 1.0], [470.388427734375, 331.01751708984375, 1.0], [458.6583862304688, 318.1687927246094, 1.0], [451.05358886718744, 324.83239746093744, 1.0], [443.4487915039063, 331.19311523437494, 1.0], [467.15087890625, 299.5385131835937, 1.0], [449.3099670410156, 302.18429565429693, 1.0], [438.1026611328126, 305.3089294433594, 1.0], [426.6712036132813, 308.6567687988281, 1.0], [477.7765502929687, 306.87127685546875, 1.0], [461.1897277832031, 305.97851562499994, 1.0], [450.43069458007807, 307.0944519042969, 1.0], [441.0165710449219, 310.2190856933595, 1.0], [483.8284912109375, 316.24517822265625, 1.0], [461.8621520996094, 328.52053833007807, 1.0], [451.9997253417969, 343.25097656249994, 1.0], [451.35778808593756, 349.6695251464844, 1.0], [488.1649780273438, 327.861328125, 1.0], [470.5218811035157, 339.6741027832031, 1.0], [461.0919189453124, 346.0348205566406, 1.0], [458.3541870117188, 350.5781860351563, 1.0]], "head_box": [[276.71259999999995, 86.0818], [366.4814, 220.735]], "head_size": 134.65320000000003, "hand_box_center": [457.41809082031256, 325.058349609375], "is_left": 1, "is_mpii": 0}