{"mpii_body_pts": [[0.0, 0.0, 0.0], [323.888, 281.741, 0.6350815000000001], [316.835, 217.543, 0.710272], [305.94, 79.7551, 0.664451], [0.0, 0.0, 0.0], [0.0, 0.0, 0.0], [0.0, 0.0, 0.0], [0.0, 0.0, 0.0], [0.0, 0.0, 0.0], [0.0, 0.0, 0.0], [241.952, 406.901, 0.637935], [167.041, 441.39, 0.664014], [216.939, 286.453, 0.629668], [430.837, 277.029, 0.640495], [474.552, 428.828, 0.668412], [360.594, 430.43, 0.665457]], "hand_pts": [[243.8317413330078, 409.68450927734375, 1.0], [264.75006103515636, 396.5774230957032, 1.0], [295.3280944824219, 396.2090759277344, 1.0], [314.9349060058594, 403.8639526367188, 1.0], [326.0838623046875, 396.59182739257807, 1.0], [295.71255493164057, 402.7156982421874, 1.0], [315.31936645507807, 414.58074951171875, 1.0], [324.54608154296875, 422.61837768554693, 1.0], [333.00390624999994, 431.42144775390625, 1.0], [288.79251098632807, 413.8152770996094, 1.0], [310.32153320312494, 426.44580078125, 1.0], [325.3149719238282, 436.39712524414057, 1.0], [333.77279663085943, 441.37280273437506, 1.0], [276.4902038574219, 424.5320739746093, 1.0], [302.6325988769531, 437.54534912109375, 1.0], [317.24157714843744, 444.8174743652344, 1.0], [324.1616210937501, 447.4966735839843, 1.0], [271.10794067382824, 435.24890136718744, 1.0], [288.79251098632807, 444.43472290039057, 1.0], [300.325927734375, 448.6449279785156, 1.0], [308.7837524414062, 450.55862426757807, 1.0]], "head_box": [[260.0107, 79.7551], [351.8693, 217.543]], "head_size": 137.7879, "hand_box_center": [288.8022689819336, 423.38385009765625], "is_left": 0, "is_mpii": 0}