{"mpii_body_pts": [[0.0, 0.0, 0.0], [348.8395, 268.435, 0.641042], [338.741, 206.605, 0.70903], [305.913, 68.8773, 0.626188], [0.0, 0.0, 0.0], [0.0, 0.0, 0.0], [0.0, 0.0, 0.0], [0.0, 0.0, 0.0], [0.0, 0.0, 0.0], [0.0, 0.0, 0.0], [277.813, 453.875, 0.718753], [206.126, 427.286, 0.700713], [241.899, 278.574, 0.660993], [455.78, 258.296, 0.621091], [493.25, 416.369, 0.730736], [380.899, 422.639, 0.485682]], "hand_pts": [[284.2823181152343, 456.8801879882812, 1.0], [296.800994873047, 438.03460693359375, 1.0], [307.6619567871093, 416.4710693359375, 1.0], [327.65518188476574, 407.71539306640625, 1.0], [335.1137390136719, 393.55853271484375, 1.0], [321.74417114257807, 435.87814331054693, 1.0], [348.75811767578125, 425.845947265625, 1.0], [360.2413940429687, 423.783233642578, 1.0], [366.8301696777344, 421.7205505371093, 1.0], [321.08529663085943, 449.75448608398443, 1.0], [350.64062500000006, 450.0357666015625, 1.0], [365.32415771484375, 445.1603088378906, 1.0], [375.31573486328125, 439.0452270507813, 1.0], [320.8611755371093, 463.5115051269531, 1.0], [351.5818786621093, 464.005859375, 1.0], [368.9950561523437, 457.7239990234375, 1.0], [376.52505493164057, 452.47351074218733, 1.0], [320.08377075195307, 472.80413818359375, 1.0], [345.1813659667969, 473.66302490234375, 1.0], [350.0758666992188, 471.694091796875, 1.0], [353.02319335937494, 469.74948120117193, 1.0]], "head_box": [[260.0037666666667, 68.8773], [351.8222333333333, 206.605]], "head_size": 137.72769999999997, "hand_box_center": [330.40368652343744, 433.61077880859375], "is_left": 0, "is_mpii": 0}