{"mpii_body_pts": [[135.0255, 259.042, 0.123692], [355.9155, 294.22950000000003, 0.6833745], [355.962, 217.586, 0.763784], [345.0, 81.3587, 0.653557], [0.0, 0.0, 0.0], [0.0, 0.0, 0.0], [270.051, 518.084, 0.247384], [0.0, 0.0, 0.0], [0.0, 0.0, 0.0], [0.0, 0.0, 0.0], [327.796, 457.02, 0.59405], [216.906, 453.905, 0.645245], [245.106, 295.805, 0.695872], [466.725, 292.654, 0.670877], [494.853, 444.507, 0.617122], [401.159, 461.72, 0.57287]], "hand_pts": [[332.48876953124994, 459.6858520507813, 1.0], [336.0, 442.0, 1.0], [346.36111450195307, 419.474365234375, 1.0], [359.0, 411.0, 1.0], [374.0, 411.0, 1.0], [340.0, 433.0, 1.0], [370.0, 428.0, 1.0], [386.0865173339843, 427.0140075683594, 1.0], [374.1058349609375, 424.81494140625, 1.0], [342.0, 448.0, 1.0], [371.0, 442.0, 1.0], [388.0, 437.0, 1.0], [395.86022949218744, 433.61120605468744, 1.0], [345.0, 461.0, 1.0], [375.0, 455.0, 1.0], [389.0, 450.0, 1.0], [398.06719970703125, 443.6640930175781, 1.0], [349.5139465332031, 473.82269287109375, 1.0], [374.1058349609375, 472.25192260742193, 1.0], [386.0865173339843, 467.85382080078136, 1.0], [392.39215087890625, 460.3141479492187, 1.0]], "head_box": [[299.5909, 81.3587], [390.4091, 217.586]], "head_size": 136.2273, "hand_box_center": [365.2779846191406, 442.4113464355469], "is_left": 0, "is_mpii": 0}