{"mpii_body_pts": [[0.0, 0.0, 0.0], [300.50149999999996, 278.60249999999996, 0.611316], [280.979, 231.696, 0.726052], [223.218, 101.741, 0.51197], [0.0, 0.0, 0.0], [0.0, 0.0, 0.0], [0.0, 0.0, 0.0], [0.0, 0.0, 0.0], [0.0, 0.0, 0.0], [0.0, 0.0, 0.0], [318.399, 281.708, 0.382778], [280.927, 381.942, 0.540148], [199.825, 303.647, 0.643507], [401.178, 253.558, 0.579125], [483.904, 367.812, 0.56363], [448.0, 370.941, 0.419455]], "hand_pts": [[326.8537292480469, 276.4374084472655, 1.0], [313.2378845214844, 260.49185180664057, 1.0], [311.63604736328125, 227.40475463867185, 1.0], [323.64999389648443, 211.45916748046878, 1.0], [330.4579162597656, 195.91221618652347, 1.0], [332.059783935547, 222.62107849121094, 1.0], [340.87002563476574, 202.68910217285153, 1.0], [342.0714111328125, 193.5203857421875, 1.0], [340.069091796875, 187.14215087890625, 1.0], [347.27746582031256, 229.39794921875003, 1.0], [354.08538818359375, 208.2700500488281, 1.0], [353.2844543457031, 195.91221618652347, 1.0], [349.68026733398443, 185.5475921630859, 1.0], [357.28909301757807, 239.36393737792977, 1.0], [363.2960815429687, 215.445556640625, 1.0], [363.69653320312494, 201.49317932128906, 1.0], [361.69421386718744, 188.73670959472653, 1.0], [364.0970153808594, 241.35713195800784, 1.0], [368.50213623046875, 228.99931335449222, 1.0], [370.5044555664063, 221.82379150390625, 1.0], [368.902587890625, 213.45236206054688, 1.0]], "head_box": [[179.89966666666666, 101.741], [266.53633333333335, 231.696]], "head_size": 129.95499999999998, "hand_box_center": [341.07025146484375, 230.99250030517572], "is_left": 0, "is_mpii": 0}