{"mpii_body_pts": [[0.0, 0.0, 0.0], [94.4305, 148.688, 0.2858985], [268.516, 244.149, 0.641449], [235.715, 101.709, 0.554088], [0.0, 0.0, 0.0], [0.0, 0.0, 0.0], [0.0, 0.0, 0.0], [0.0, 0.0, 0.0], [0.0, 0.0, 0.0], [0.0, 0.0, 0.0], [316.89, 222.288, 0.221457], [270.022, 334.974, 0.384354], [188.861, 297.376, 0.571797], [0.0, 0.0, 0.0], [0.0, 0.0, 0.0], [0.0, 0.0, 0.0]], "hand_pts": [[321.6646423339845, 226.31121826171875, 1.0], [304.5709228515625, 212.20057678222656, 1.0], [291.6463928222656, 184.80931091308597, 1.0], [291.2294921875, 169.86862182617188, 1.0], [290.81256103515636, 157.41806030273443, 1.0], [320.83081054687494, 163.2283172607422, 1.0], [322.4984741210937, 142.8923797607422, 1.0], [324.58306884765625, 128.78173828125, 1.0], [325.8338317871093, 115.50112915039062, 1.0], [332.087646484375, 163.64334106445312, 1.0], [334.17224121093756, 141.6473236083984, 1.0], [334.17224121093756, 126.29162597656251, 1.0], [333.75531005859364, 114.25607299804688, 1.0], [344.5952453613281, 171.1136779785156, 1.0], [348.3475036621094, 149.94770812988276, 1.0], [349.1813659667969, 131.6868743896484, 1.0], [349.1813659667969, 121.72641754150389, 1.0], [357.1028442382813, 178.16900634765628, 1.0], [361.2720336914063, 163.2283172607422, 1.0], [361.68896484375006, 153.6828765869141, 1.0], [361.2720336914063, 146.21253967285153, 1.0]], "head_box": [[188.235, 101.709], [283.195, 244.149]], "head_size": 142.44, "hand_box_center": [326.25076293945324, 170.2836456298828], "is_left": 0, "is_mpii": 0}