{"mpii_body_pts": [[0.0, 0.0, 0.0], [361.3655, 283.303, 0.622989], [357.52, 212.866, 0.703735], [355.893, 79.8695, 0.682436], [0.0, 0.0, 0.0], [0.0, 0.0, 0.0], [0.0, 0.0, 0.0], [0.0, 0.0, 0.0], [0.0, 0.0, 0.0], [0.0, 0.0, 0.0], [237.282, 201.879, 0.502264], [188.871, 309.895, 0.48418], [256.045, 272.364, 0.573081], [466.686, 294.242, 0.672897], [501.079, 442.893, 0.700439], [413.673, 453.867, 0.606908]], "hand_pts": [[415.0, 457.0, 1.0], [382.88897705078125, 447.2495727539063, 1.0], [363.3045654296875, 455.49987792968744, 1.0], [347.863037109375, 465.625244140625, 1.0], [330.16174316406256, 467.5003051757813, 1.0], [356.52536010742193, 462.6251220703125, 1.0], [339.9539489746093, 481.37579345703125, 1.0], [331.66824340820307, 494.87628173828125, 1.0], [327.90200805664057, 502.7515869140625, 1.0], [365.18768310546886, 473.50051879882807, 1.0], [348.23965454101557, 492.25119018554693, 1.0], [339.2006835937501, 505.0016479492187, 1.0], [332.42147827148426, 513.2519531249999, 1.0], [374.603271484375, 483.62588500976574, 1.0], [356.9019775390625, 500.5014953613281, 1.0], [346.7331542968749, 511.3768920898438, 1.0], [341.8370666503906, 519.252197265625, 1.0], [382.1357421875, 492.25119018554693, 1.0], [368.9539184570312, 502.7515869140625, 1.0], [361.42144775390625, 510.2518615722656, 1.0], [355.7720947265625, 517.3771362304688, 1.0]], "head_box": [[311.5608333333333, 79.8695], [400.22516666666667, 212.866]], "head_size": 132.99650000000003, "hand_box_center": [371.4510040283203, 483.2508850097656], "is_left": 1, "is_mpii": 0}