{"mpii_body_pts": [[0.0, 0.0, 0.0], [361.3655, 283.303, 0.622989], [357.52, 212.866, 0.703735], [355.893, 79.8695, 0.682436], [0.0, 0.0, 0.0], [0.0, 0.0, 0.0], [0.0, 0.0, 0.0], [0.0, 0.0, 0.0], [0.0, 0.0, 0.0], [0.0, 0.0, 0.0], [237.282, 201.879, 0.502264], [188.871, 309.895, 0.48418], [256.045, 272.364, 0.573081], [466.686, 294.242, 0.672897], [501.079, 442.893, 0.700439], [413.673, 453.867, 0.606908]], "hand_pts": [[244.26943969726562, 205.52650451660156, 1.0], [258.7723693847657, 201.7566833496094, 1.0], [260.03347778320307, 192.96041870117188, 1.0], [258.7723693847657, 182.27923583984372, 1.0], [262.5557250976563, 173.48297119140625, 1.0], [243.63887023925776, 170.34146118164062, 1.0], [243.63887023925776, 158.40367126464835, 1.0], [243.95416259765625, 149.60740661621097, 1.0], [243.95416259765625, 137.35546875000003, 1.0], [236.0721282958984, 168.45654296875, 1.0], [235.4415740966797, 155.89045715332034, 1.0], [235.4415740966797, 142.06774902343753, 1.0], [235.4415740966797, 124.7893829345703, 1.0], [228.50538635253912, 167.8282318115235, 1.0], [227.24426269531244, 159.03196716308594, 1.0], [225.98313903808597, 143.6385192871094, 1.0], [225.03730773925778, 129.8158111572266, 1.0], [220.93864440917972, 169.08483886718753, 1.0], [217.78584289550778, 158.71781921386716, 1.0], [215.26359558105466, 146.15173339843753, 1.0], [217.47056579589835, 133.271484375, 1.0]], "head_box": [[311.5608333333333, 79.8695], [400.22516666666667, 212.866]], "head_size": 132.99650000000003, "hand_box_center": [238.90966033935547, 165.15794372558594], "is_left": 0, "is_mpii": 0}