{"mpii_body_pts": [[0.0, 0.0, 0.0], [334.0145, 303.63149999999996, 0.6364685], [331.012, 245.755, 0.759353], [304.405, 106.485, 0.689169], [0.0, 0.0, 0.0], [0.0, 0.0, 0.0], [0.0, 0.0, 0.0], [0.0, 0.0, 0.0], [0.0, 0.0, 0.0], [0.0, 0.0, 0.0], [245.072, 405.318, 0.65267], [173.281, 444.55, 0.669587], [229.433, 292.652, 0.68841], [438.596, 314.611, 0.584527], [447.99, 469.541, 0.723292], [340.29, 408.535, 0.398123]], "hand_pts": [[357.623046875, 414.1244506835938, 1.0], [347.08666992187494, 396.6321411132813, 1.0], [324.2578125, 392.78381347656244, 1.0], [293.7022399902343, 404.3287658691406, 1.0], [284.92193603515625, 412.375244140625, 1.0], [306.69714355468744, 391.3844299316406, 1.0], [285.659149169922, 406.18139648437494, 1.0], [292.8923034667969, 409.5929565429687, 1.0], [296.1607360839844, 407.12753295898426, 1.0], [306.21649169921875, 400.49542236328125, 1.0], [289.46606445312494, 414.5207824707031, 1.0], [296.69921874999994, 416.79519653320307, 1.0], [301.0777282714843, 413.774627685547, 1.0], [312.31655883789057, 412.025390625, 1.0], [296.69921874999994, 425.13458251953136, 1.0], [302.40957641601557, 424.7555236816406, 1.0], [305.8357849121093, 419.8276977539063, 1.0], [317.5847473144532, 421.4712524414062, 1.0], [307.3585510253906, 431.5787048339844, 1.0], [311.26290893554693, 431.6167907714843, 1.0], [316.17990112304705, 429.1678771972657, 1.0]], "head_box": [[257.9816666666666, 106.485], [350.8283333333333, 245.755]], "head_size": 139.26999999999998, "hand_box_center": [321.2724914550781, 411.5006103515625], "is_left": 1, "is_mpii": 0}