{"mpii_body_pts": [[0.0, 0.0, 0.0], [349.6845, 285.63750000000005, 0.6834884999999999], [349.681, 223.821, 0.691761], [335.628, 81.3455, 0.572269], [0.0, 0.0, 0.0], [0.0, 0.0, 0.0], [0.0, 0.0, 0.0], [0.0, 0.0, 0.0], [0.0, 0.0, 0.0], [0.0, 0.0, 0.0], [257.578, 385.033, 0.57374], [223.24, 455.464, 0.559866], [241.999, 291.095, 0.670304], [457.37, 280.18, 0.696673], [505.718, 414.77, 0.662288], [454.199, 394.458, 0.351333]], "hand_pts": [[259.8526916503907, 391.7515563964843, 1.0], [254.68305969238276, 368.7503662109375, 1.0], [260.00079345703125, 339.4633483886718, 1.0], [274.1442871093751, 323.77532958984375, 1.0], [285.0549621582031, 312.5121154785155, 1.0], [267.67871093749994, 344.29043579101557, 1.0], [283.8426818847658, 320.5572509765625, 1.0], [290.30825805664057, 314.92565917968744, 1.0], [293.5410766601563, 312.5121154785155, 1.0], [278.5893859863281, 353.1400756835938, 1.0], [296.7738647460937, 328.60241699218744, 1.0], [301.623046875, 320.9595336914063, 1.0], [301.218963623047, 319.7527465820313, 1.0], [289.90417480468744, 362.7942504882812, 1.0], [305.66406250000006, 339.4633483886718, 1.0], [310.109130859375, 328.20016479492193, 1.0], [308.49273681640625, 327.3956298828125, 1.0], [293.5410766601563, 374.8619689941406, 1.0], [305.66406250000006, 358.7716979980469, 1.0], [310.109130859375, 353.1400756835938, 1.0], [312.5337524414062, 346.30172729492193, 1.0]], "head_box": [[288.13616666666667, 81.3455], [383.1198333333333, 223.821]], "head_size": 142.4755, "hand_box_center": [283.6084060668945, 352.1318359374999], "is_left": 0, "is_mpii": 0}