{"mpii_body_pts": [[0.0, 0.0, 0.0], [343.418, 277.0605, 0.5592235000000001], [341.83, 228.492, 0.772608], [316.848, 86.0605, 0.636171], [0.0, 0.0, 0.0], [0.0, 0.0, 0.0], [0.0, 0.0, 0.0], [0.0, 0.0, 0.0], [0.0, 0.0, 0.0], [0.0, 0.0, 0.0], [166.997, 394.479, 0.503002], [204.453, 425.727, 0.50759], [241.916, 272.347, 0.514565], [444.92, 281.774, 0.603882], [451.106, 432.032, 0.687246], [340.271, 367.839, 0.728323]], "hand_pts": [[151.47634887695318, 389.0906982421874, 1.0], [150.2427978515625, 369.4439086914063, 1.0], [156.82171630859384, 345.2947692871093, 1.0], [181.90385437011716, 328.5131530761718, 1.0], [198.35115051269537, 325.2386779785155, 1.0], [165.8677368164063, 334.24346923828125, 1.0], [182.72621154785156, 316.6432189941406, 1.0], [194.23931884765628, 308.8663635253906, 1.0], [205.752426147461, 305.1826171875, 1.0], [173.68020629882812, 342.83892822265625, 1.0], [197.52877807617188, 333.8341369628905, 1.0], [190.30136108398443, 341.58074951171875, 1.0], [182.60470581054685, 344.1346130371094, 1.0], [179.43675231933594, 354.2995300292969, 1.0], [197.9399719238281, 346.9320068359375, 1.0], [192.8668975830078, 354.0662536621093, 1.0], [186.02543640136722, 356.33636474609364, 1.0], [186.4268646240234, 365.350830078125, 1.0], [200.81823730468756, 357.9833068847656, 1.0], [197.42788696289065, 363.7141418457031, 1.0], [191.15653991699222, 365.7005004882812, 1.0]], "head_box": [[269.37083333333334, 86.0605], [364.3251666666667, 228.492]], "head_size": 142.43149999999997, "hand_box_center": [177.99761199951175, 347.1366577148437], "is_left": 0, "is_mpii": 0}