{"mpii_body_pts": [[0.0, 0.0, 0.0], [351.99, 277.0215, 0.511368], [343.458, 212.876, 0.624861], [349.658, 81.3598, 0.58493], [0.0, 0.0, 0.0], [0.0, 0.0, 0.0], [0.0, 0.0, 0.0], [0.0, 0.0, 0.0], [0.0, 0.0, 0.0], [0.0, 0.0, 0.0], [296.578, 272.366, 0.533206], [256.08, 383.524, 0.672511], [252.851, 273.909, 0.64389], [451.129, 280.134, 0.378846], [469.833, 402.282, 0.700977], [412.106, 264.503, 0.366853]], "hand_pts": [[406.0, 262.0, 1.0], [418.5394287109375, 248.64379882812497, 1.0], [424.6935729980469, 233.3242340087891, 1.0], [428.155242919922, 211.1108703613281, 1.0], [435.0786437988281, 201.91914367675776, 1.0], [410.46215820312494, 228.7283782958984, 1.0], [403.5387573242187, 211.49386596679685, 1.0], [397.76925659179693, 198.855224609375, 1.0], [396.230743408203, 187.74853515624997, 1.0], [402.000213623047, 229.11135864257812, 1.0], [395.8460998535156, 211.49386596679685, 1.0], [388.9226989746093, 198.08924865722662, 1.0], [385.0763854980469, 187.36555480957028, 1.0], [392.76904296875, 233.3242340087891, 1.0], [385.4610290527343, 214.94076538085938, 1.0], [380.4607849121093, 204.9830474853516, 1.0], [374.30667114257807, 195.02532958984378, 1.0], [386.2302856445313, 240.98402404785156, 1.0], [377.76837158203125, 225.28146362304685, 1.0], [372.3835144042968, 216.47271728515625, 1.0], [366.614013671875, 205.74902343749997, 1.0]], "head_box": [[305.8192666666667, 81.3598], [393.49673333333334, 212.876]], "head_size": 131.5162, "hand_box_center": [400.84632873535156, 224.68277740478516], "is_left": 1, "is_mpii": 0}