{"mpii_body_pts": [[0.0, 0.0, 0.0], [373.836, 269.2215, 0.6250465000000001], [355.906, 231.637, 0.74742], [302.809, 93.9112, 0.621961], [0.0, 0.0, 0.0], [0.0, 0.0, 0.0], [0.0, 0.0, 0.0], [0.0, 0.0, 0.0], [0.0, 0.0, 0.0], [0.0, 0.0, 0.0], [156.129, 405.398, 0.743206], [246.634, 405.366, 0.627249], [276.274, 259.855, 0.637549], [471.398, 278.588, 0.612544], [482.382, 439.801, 0.658505], [454.289, 441.382, 0.472478]], "hand_pts": [[149.19956970214835, 399.43716430664057, 1.0], [125.20111846923831, 385.0860290527343, 1.0], [112.00196838378905, 382.0962219238281, 1.0], [99.70275115966795, 380.60128784179693, 1.0], [83.80377197265622, 377.9104614257813, 1.0], [102.70256042480469, 391.3646545410156, 1.0], [79.30406188964845, 391.9626159667969, 1.0], [67.90479278564453, 386.58093261718744, 1.0], [60.40527725219726, 377.3125, 1.0], [104.80242919921876, 400.9320678710937, 1.0], [92.8031997680664, 404.51986694335943, 1.0], [87.70352172851562, 396.74633789062494, 1.0], [108.70217895507811, 387.77685546874994, 1.0], [120.70140838623047, 404.22085571289057, 1.0], [105.70236968994142, 409.0045776367188, 1.0], [97.00292968750001, 402.72595214843744, 1.0], [110.50205993652342, 394.0554809570313, 1.0], [124.00119781494139, 411.0974426269532, 1.0], [109.00215911865233, 414.6852416992188, 1.0], [108.70217895507811, 401.53002929687494, 1.0], [118.6015396118164, 396.14834594726557, 1.0]], "head_box": [[256.90040000000005, 93.9112], [348.7176, 231.637]], "head_size": 137.7258, "hand_box_center": [104.80242347717281, 395.9988708496094], "is_left": 0, "is_mpii": 0}