{"mpii_body_pts": [[0.0, 0.0, 0.0], [344.1995, 269.21950000000004, 0.5901025], [343.478, 212.856, 0.730789], [318.398, 79.8337, 0.630247], [0.0, 0.0, 0.0], [0.0, 0.0, 0.0], [0.0, 0.0, 0.0], [0.0, 0.0, 0.0], [0.0, 0.0, 0.0], [0.0, 0.0, 0.0], [229.438, 201.91, 0.624323], [192.008, 331.869, 0.463014], [259.105, 281.779, 0.603062], [429.294, 256.66, 0.577143], [479.257, 330.287, 0.307237], [0.0, 0.0, 0.0]], "hand_pts": [[238.8331756591797, 192.77825927734375, 1.0], [250.7813720703125, 190.42149353027347, 1.0], [262.2563781738281, 181.93711853027347, 1.0], [269.94580078125, 173.57057189941403, 1.0], [277.3986206054688, 163.08293151855474, 1.0], [247.11410522460935, 149.29580688476562, 1.0], [269.5909118652343, 154.12719726562503, 1.0], [281.7756958007813, 155.3055877685547, 1.0], [295.853271484375, 156.48396301269534, 1.0], [237.84628295898443, 152.7860107421875, 1.0], [267.10662841796875, 160.136962890625, 1.0], [268.7628173828125, 173.0992126464844, 1.0], [264.7406311035157, 179.46249389648443, 1.0], [232.4178314208984, 161.57292175292974, 1.0], [258.35250854492193, 166.853759765625, 1.0], [263.6759643554688, 180.75872802734378, 1.0], [259.890380859375, 187.82904052734378, 1.0], [229.1326599121094, 172.03866577148438, 1.0], [248.88858032226565, 175.80950927734375, 1.0], [256.45971679687494, 185.11875915527344, 1.0], [258.70739746093744, 189.59661865234378, 1.0]], "head_box": [[274.05723333333333, 79.8337], [362.7387666666667, 212.856]], "head_size": 133.0223, "hand_box_center": [262.4929656982422, 171.0370330810547], "is_left": 0, "is_mpii": 0}