{"mpii_body_pts": [[196.677, 240.2635, 0.1522635], [288.0005, 282.5215, 0.5646705], [279.396, 242.607, 0.768077], [265.349, 95.5108, 0.490692], [0.0, 0.0, 0.0], [0.0, 0.0, 0.0], [0.0, 0.0, 0.0], [393.354, 480.527, 0.304527], [0.0, 0.0, 0.0], [0.0, 0.0, 0.0], [335.595, 259.825, 0.324295], [279.398, 394.388, 0.619908], [195.116, 313.057, 0.607023], [380.885, 251.986, 0.522318], [437.076, 391.29, 0.672277], [437.047, 328.703, 0.655003]], "hand_pts": [[442.0, 340.0, 1.0], [446.36251831054693, 322.93969726562494, 1.0], [433.84249877929693, 305.79821777343744, 1.0], [414.6712036132813, 293.3317260742187, 1.0], [402.9336853027344, 281.2547912597657, 1.0], [437.3637390136719, 296.05877685546875, 1.0], [425.626220703125, 292.94213867187494, 1.0], [407.6286926269532, 292.94213867187494, 1.0], [397.84744262695324, 293.3317260742187, 1.0], [438.14624023437506, 302.68161010742193, 1.0], [421.3224792480469, 303.0711975097656, 1.0], [406.063690185547, 303.850341796875, 1.0], [396.282440185547, 304.23992919921875, 1.0], [440.4937438964843, 314.3689575195313, 1.0], [427.1912231445313, 314.75854492187494, 1.0], [416.6274719238282, 312.8106384277344, 1.0], [407.23745727539057, 309.69403076171875, 1.0], [438.928741455078, 327.6146240234376, 1.0], [431.88623046874994, 327.2250671386719, 1.0], [422.49621582031244, 326.05633544921864, 1.0], [416.6274719238282, 323.7188415527344, 1.0]], "head_box": [[216.3169333333333, 95.5108], [314.38106666666664, 242.607]], "head_size": 147.0962, "hand_box_center": [421.322479248047, 310.6273956298828], "is_left": 1, "is_mpii": 0}