{"mpii_body_pts": [[0.0, 0.0, 0.0], [336.337, 277.0475, 0.6824505000000001], [338.753, 231.644, 0.73732], [355.957, 82.9604, 0.566001], [0.0, 0.0, 0.0], [0.0, 0.0, 0.0], [0.0, 0.0, 0.0], [0.0, 0.0, 0.0], [0.0, 0.0, 0.0], [0.0, 0.0, 0.0], [348.085, 331.889, 0.567435], [255.975, 431.994, 0.645957], [230.979, 284.893, 0.667128], [441.695, 269.202, 0.697773], [482.349, 416.337, 0.679386], [440.143, 391.309, 0.474665]], "hand_pts": [[429.54928588867193, 389.561553955078, 1.0], [407.5399475097657, 381.45181274414057, 1.0], [401.34658813476574, 371.2693786621093, 1.0], [406.9205932617187, 358.30990600585943, 1.0], [415.5912780761718, 348.4360351562499, 1.0], [418.3782958984375, 340.1049499511719, 1.0], [413.7332763671874, 340.4135131835937, 1.0], [407.5399475097657, 345.04190063476574, 1.0], [401.03692626953125, 347.51034545898426, 1.0], [437.8873291015625, 339.79638671874994, 1.0], [422.71362304687494, 346.2761230468749, 1.0], [414.6622924804688, 355.84143066406256, 1.0], [408.1592712402344, 367.25811767578125, 1.0], [448.41601562499994, 348.1274719238282, 1.0], [433.2423095703125, 355.5328674316406, 1.0], [423.64263916015636, 369.10946655273443, 1.0], [419.3072814941407, 381.76034545898426, 1.0], [455.22866821289057, 358.61846923828125, 1.0], [441.9129943847657, 362.9382934570312, 1.0], [434.17132568359375, 372.50360107421875, 1.0], [428.59732055664057, 379.90899658203125, 1.0]], "head_box": [[306.3958, 82.9604], [405.5182, 231.644]], "head_size": 148.6836, "hand_box_center": [428.13279724121094, 364.67897033691395], "is_left": 1, "is_mpii": 0}