{"mpii_body_pts": [[0.0, 0.0, 0.0], [344.1995, 269.21950000000004, 0.5901025], [343.478, 212.856, 0.730789], [318.398, 79.8337, 0.630247], [0.0, 0.0, 0.0], [0.0, 0.0, 0.0], [0.0, 0.0, 0.0], [0.0, 0.0, 0.0], [0.0, 0.0, 0.0], [0.0, 0.0, 0.0], [229.438, 201.91, 0.624323], [192.008, 331.869, 0.463014], [259.105, 281.779, 0.603062], [429.294, 256.66, 0.577143], [479.257, 330.287, 0.307237], [0.0, 0.0, 0.0]], "hand_pts": [[490.0, 355.0, 1.0], [457.8289184570312, 334.31561279296875, 1.0], [450.6516723632813, 313.4828186035156, 1.0], [447.5311279296874, 297.00314331054693, 1.0], [441.6020812988282, 281.7672119140625, 1.0], [463.1338500976563, 290.47344970703125, 1.0], [461.26153564453125, 269.3297119140625, 1.0], [461.26153564453125, 258.13595581054693, 1.0], [463.1338500976563, 246.32034301757818, 1.0], [472.4954833984375, 296.3812561035156, 1.0], [468.7508239746094, 269.9515991210937, 1.0], [468.4387817382812, 254.40472412109375, 1.0], [471.247283935547, 240.72346496582028, 1.0], [478.7365722656249, 302.2890625, 1.0], [476.8642578125, 282.078155517578, 1.0], [476.8642578125, 266.22033691406244, 1.0], [476.8642578125, 250.98440551757815, 1.0], [486.5379333496093, 310.3734436035157, 1.0], [484.04150390624994, 294.8265686035156, 1.0], [483.1053466796875, 284.8765869140625, 1.0], [481.54507446289057, 271.81719970703125, 1.0]], "head_box": [[274.05723333333333, 79.8337], [362.7387666666667, 212.856]], "head_size": 133.0223, "hand_box_center": [465.80104064941406, 297.86173248291016], "is_left": 1, "is_mpii": 0}