{"mpii_body_pts": [[0.0, 0.0, 0.0], [341.05899999999997, 271.608, 0.643721], [329.415, 216.023, 0.708639], [313.735, 68.8903, 0.610361], [0.0, 0.0, 0.0], [0.0, 0.0, 0.0], [0.0, 0.0, 0.0], [0.0, 0.0, 0.0], [0.0, 0.0, 0.0], [0.0, 0.0, 0.0], [295.029, 431.984, 0.307507], [201.347, 421.036, 0.671248], [230.993, 283.358, 0.670466], [451.125, 259.858, 0.616976], [491.695, 417.939, 0.734855], [379.334, 416.376, 0.672553]], "hand_pts": [[265.25250244140625, 442.7180175781249, 1.0], [271.4945983886718, 429.9369506835937, 1.0], [285.539337158203, 419.7466430664063, 1.0], [313.6287841796875, 417.8467407226563, 1.0], [330.0, 414.0, 1.0], [298.0235290527343, 424.92813110351557, 1.0], [324.7390441894532, 420.78350830078125, 1.0], [336.34310913085943, 418.5376281738282, 1.0], [347.6135864257813, 416.8104553222656, 1.0], [298.21899414062494, 440.4666442871093, 1.0], [332.5390319824219, 444.26513671874994, 1.0], [346.2323913574219, 443.40185546874994, 1.0], [352.12573242187494, 439.6033630371094, 1.0], [299.259002685547, 453.58874511718744, 1.0], [326.81903076171875, 458.07788085937506, 1.0], [334.79238891601557, 454.9700012207031, 1.0], [338.9412231445313, 451.0965576171874, 1.0], [298.0235290527343, 461.37145996093744, 1.0], [318.136993408203, 462.75317382812494, 1.0], [324.1041870117188, 460.3558654785156, 1.0], [325.4323730468749, 458.25051879882807, 1.0]], "head_box": [[264.69076666666666, 68.8903], [362.77923333333337, 216.023]], "head_size": 147.1327, "hand_box_center": [308.6891174316406, 438.3765869140625], "is_left": 0, "is_mpii": 0}