{"mpii_body_pts": [[0.0, 0.0, 0.0], [347.298, 282.5345, 0.6503255], [343.489, 214.447, 0.779789], [337.152, 79.8022, 0.658293], [0.0, 0.0, 0.0], [0.0, 0.0, 0.0], [0.0, 0.0, 0.0], [0.0, 0.0, 0.0], [0.0, 0.0, 0.0], [0.0, 0.0, 0.0], [265.335, 371.0, 0.357469], [232.57, 444.543, 0.491735], [241.943, 284.874, 0.639499], [452.653, 280.195, 0.661152], [490.083, 419.464, 0.264043], [454.24, 450.781, 0.216058]], "hand_pts": [[454.6000061035157, 375.9797668457031, 1.0], [456.14459228515636, 355.7888793945313, 1.0], [459.31823730468744, 333.54870605468744, 1.0], [451.2427062988281, 312.8717956542969, 1.0], [452.0118103027344, 299.0871887207031, 1.0], [463.93283081054693, 337.7606811523438, 1.0], [443.9362792968749, 315.1692199707031, 1.0], [426.24700927734375, 314.78631591796864, 1.0], [417.017822265625, 317.46667480468744, 1.0], [453.5499877929688, 350.013671875, 1.0], [436.2452697753906, 327.80511474609364, 1.0], [418.1714477539063, 323.97607421874994, 1.0], [413.1723327636719, 328.1880493164063, 1.0], [445.14999389648443, 359.9424133300781, 1.0], [424.32424926757807, 337.7606811523438, 1.0], [412.01867675781244, 333.54870605468744, 1.0], [407.01953124999994, 334.6974487304688, 1.0], [437.1000061035157, 368.65835571289057, 1.0], [421.6324157714843, 357.67178344726557, 1.0], [416.6332702636719, 351.1623840332032, 1.0], [419.70965576171875, 348.4820556640625, 1.0]], "head_box": [[292.2704, 79.8022], [382.0336, 214.447]], "head_size": 134.6448, "hand_box_center": [435.47618103027344, 337.5334777832031], "is_left": 1, "is_mpii": 0}