{"mpii_body_pts": [[0.0, 0.0, 0.0], [361.3905, 290.334, 0.671281], [362.162, 230.093, 0.714063], [348.122, 84.5207, 0.423699], [0.0, 0.0, 0.0], [0.0, 0.0, 0.0], [0.0, 0.0, 0.0], [0.0, 0.0, 0.0], [0.0, 0.0, 0.0], [0.0, 0.0, 0.0], [193.6, 350.612, 0.635103], [204.522, 436.674, 0.588628], [254.42, 280.132, 0.672633], [468.361, 300.536, 0.669929], [504.151, 436.704, 0.485145], [468.341, 388.16, 0.397353]], "hand_pts": [[463.99969482421875, 377.3000793457031, 1.0], [454.63027954101557, 363.41857910156244, 1.0], [437.3218078613281, 352.3119201660156, 1.0], [427.32135009765625, 363.0356140136719, 1.0], [414.2438354492187, 363.80157470703125, 1.0], [442.322021484375, 332.77944946289057, 1.0], [427.70599365234375, 337.37533569335943, 1.0], [416.1669921875, 341.5882263183594, 1.0], [408.0897216796875, 345.0351257324219, 1.0], [454.8977355957031, 342.0799865722656, 1.0], [451.74703979492193, 342.0799865722656, 1.0], [448.59634399414057, 343.82354736328125, 1.0], [444.0453796386719, 346.96197509765625, 1.0], [450.01467895507807, 367.24847412109375, 1.0], [464.24609374999994, 349.6309814453125, 1.0], [437.3218078613281, 377.97216796874994, 1.0], [435.0140075683594, 382.95101928710926, 1.0], [473.47729492187494, 359.97167968749994, 1.0], [465.015380859375, 369.9294128417969, 1.0], [458.0919799804687, 377.20620727539057, 1.0], [450.01467895507807, 382.95101928710926, 1.0]], "head_box": [[299.59790000000004, 84.5207], [396.6461, 230.093]], "head_size": 145.57229999999998, "hand_box_center": [440.78350830078125, 357.8652343749999], "is_left": 1, "is_mpii": 0}