{"mpii_body_pts": [[0.0, 0.0, 0.0], [366.0285, 281.733, 0.6066005], [355.974, 216.026, 0.670515], [343.425, 84.5414, 0.669686], [0.0, 0.0, 0.0], [0.0, 0.0, 0.0], [0.0, 0.0, 0.0], [0.0, 0.0, 0.0], [0.0, 0.0, 0.0], [0.0, 0.0, 0.0], [0.0, 0.0, 0.0], [193.568, 367.834, 0.483893], [265.347, 278.604, 0.587085], [466.71, 284.862, 0.626116], [482.335, 430.407, 0.689892], [402.722, 341.178, 0.443266]], "hand_pts": [[217.84872436523443, 221.77542114257812, 1.0], [210.29998779296872, 212.6214141845703, 1.0], [201.43841552734378, 207.06361389160153, 1.0], [199.49694824218753, 193.37364196777344, 1.0], [192.39132690429693, 184.0655975341797, 1.0], [215.57806396484372, 178.85307312011716, 1.0], [218.56990051269534, 160.23696899414057, 1.0], [220.0658111572266, 148.3226470947266, 1.0], [221.18775939941406, 138.64227294921875, 1.0], [226.4234619140625, 178.4807586669922, 1.0], [227.9193878173828, 158.3753509521484, 1.0], [228.6673431396484, 143.8547821044922, 1.0], [229.04132080078128, 130.45117187500003, 1.0], [234.27703857421875, 177.73611450195312, 1.0], [236.89489746093753, 157.6307067871094, 1.0], [237.26887512207028, 143.8547821044922, 1.0], [237.64285278320312, 130.82350158691406, 1.0], [242.87857055664062, 180.71469116210935, 1.0], [248.48826599121094, 166.56643676757815, 1.0], [251.4801025390625, 156.8860626220703, 1.0], [253.34999084472656, 148.3226470947266, 1.0]], "head_box": [[299.59680000000003, 84.5414], [387.2532, 216.026]], "head_size": 131.4846, "hand_box_center": [222.87065887451175, 176.11329650878906], "is_left": 0, "is_mpii": 0}