{"mpii_body_pts": [[152.1955, 242.614, 0.109371], [348.891, 285.661, 0.656735], [349.63, 226.959, 0.704054], [332.477, 82.9402, 0.606932], [0.0, 0.0, 0.0], [0.0, 0.0, 0.0], [304.391, 485.228, 0.218742], [0.0, 0.0, 0.0], [0.0, 0.0, 0.0], [0.0, 0.0, 0.0], [310.644, 455.42, 0.685176], [206.022, 453.927, 0.76384], [240.407, 287.987, 0.669681], [457.375, 283.335, 0.643789], [499.493, 435.128, 0.659828], [419.89, 446.072, 0.374844]], "hand_pts": [[387.05700683593756, 444.58584594726557, 1.0], [372.6339416503906, 431.9292602539063, 1.0], [366.4526672363282, 415.50991821289057, 1.0], [353.7466430664063, 409.3526611328126, 1.0], [350.99938964843744, 397.72232055664057, 1.0], [355.4636535644531, 432.61340332031256, 1.0], [333.4856872558594, 435.34994506835943, 1.0], [340.0104064941406, 428.8506469726563, 1.0], [348.25213623046875, 428.8506469726563, 1.0], [357.52410888671875, 443.5596313476563, 1.0], [335.2027282714843, 446.29617309570307, 1.0], [341.384033203125, 439.79687499999994, 1.0], [349.6257629394532, 438.4285888671874, 1.0], [363.36199951171875, 456.55825805664057, 1.0], [339.6669921875, 456.90032958984375, 1.0], [343.7878723144532, 449.7168884277344, 1.0], [350.65597534179693, 450.40103149414057, 1.0], [367.4828796386719, 468.53070068359375, 1.0], [347.5653381347657, 467.1624145507813, 1.0], [352.3730163574219, 461.0051879882812, 1.0], [358.55432128906256, 459.2948303222656, 1.0]], "head_box": [[284.4707333333333, 82.9402], [380.4832666666666, 226.959]], "head_size": 144.0188, "hand_box_center": [360.27134704589844, 433.1265106201172], "is_left": 1, "is_mpii": 0}