{"mpii_body_pts": [[0.0, 0.0, 0.0], [339.509, 282.4925, 0.649868], [337.145, 220.675, 0.709628], [310.622, 79.8465, 0.585366], [0.0, 0.0, 0.0], [0.0, 0.0, 0.0], [0.0, 0.0, 0.0], [0.0, 0.0, 0.0], [0.0, 0.0, 0.0], [0.0, 0.0, 0.0], [295.004, 383.463, 0.780781], [213.834, 447.655, 0.58685], [234.161, 292.648, 0.658331], [444.857, 272.337, 0.641405], [479.242, 427.273, 0.711155], [399.586, 394.395, 0.702444]], "hand_pts": [[306.6856689453125, 377.59033203124994, 1.0], [309.841796875, 360.1244201660157, 1.0], [309.1404418945314, 340.91189575195307, 1.0], [309.841796875, 329.3843994140625, 1.0], [309.841796875, 310.171875, 1.0], [292.65835571289057, 334.6241760253906, 1.0], [301.4254150390625, 319.603485107422, 1.0], [316.5047912597657, 318.5555114746093, 1.0], [324.5704956054688, 326.24053955078125, 1.0], [289.50219726562494, 344.4050903320313, 1.0], [317.14971923828125, 334.4614868164063, 1.0], [316.0252075195313, 349.78155517578125, 1.0], [307.29727172851557, 353.28964233398443, 1.0], [294.07263183593756, 356.0893249511718, 1.0], [320.6236877441406, 345.5843811035157, 1.0], [318.78140258789057, 356.3401794433594, 1.0], [309.90032958984375, 359.69573974609364, 1.0], [297.34436035156256, 364.72909545898426, 1.0], [320.31262207031256, 360.763427734375, 1.0], [320.15948486328136, 364.1189880371094, 1.0], [318.0355529785155, 366.3288269042969, 1.0]], "head_box": [[263.6791666666667, 79.8465], [357.56483333333335, 220.675]], "head_size": 140.82850000000002, "hand_box_center": [307.0363464355469, 343.881103515625], "is_left": 0, "is_mpii": 0}