{"mpii_body_pts": [[0.0, 0.0, 0.0], [349.6845, 285.63750000000005, 0.6834884999999999], [349.681, 223.821, 0.691761], [335.628, 81.3455, 0.572269], [0.0, 0.0, 0.0], [0.0, 0.0, 0.0], [0.0, 0.0, 0.0], [0.0, 0.0, 0.0], [0.0, 0.0, 0.0], [0.0, 0.0, 0.0], [257.578, 385.033, 0.57374], [223.24, 455.464, 0.559866], [241.999, 291.095, 0.670304], [457.37, 280.18, 0.696673], [505.718, 414.77, 0.662288], [454.199, 394.458, 0.351333]], "hand_pts": [[455.35983276367193, 405.81903076171875, 1.0], [462.1439514160156, 395.85595703125, 1.0], [463.6585998535156, 373.61035156249994, 1.0], [454.57070922851557, 363.80718994140625, 1.0], [450.40539550781244, 351.7417602539063, 1.0], [444.72546386718744, 389.8232421875, 1.0], [454.9493713378906, 396.6100463867188, 1.0], [445.4827880859375, 383.4134826660156, 1.0], [438.28820800781244, 371.34808349609375, 1.0], [434.1229248046875, 393.970733642578, 1.0], [436.01623535156244, 404.5279846191407, 1.0], [423.8990173339844, 387.56097412109375, 1.0], [420.49105834960926, 372.8562622070313, 1.0], [425.7923278808594, 393.970733642578, 1.0], [421.2483825683594, 401.13458251953136, 1.0], [412.9178161621093, 384.9216613769531, 1.0], [410.6458435058595, 371.7251281738281, 1.0], [413.67514038085943, 399.24935913085943, 1.0], [409.88851928710926, 392.839599609375, 1.0], [407.61654663085943, 383.79052734375, 1.0], [408.3738708496094, 373.98739624023426, 1.0]], "head_box": [[288.13616666666667, 81.3455], [383.1198333333333, 223.821]], "head_size": 142.4755, "hand_box_center": [435.6375732421875, 378.7803955078125], "is_left": 1, "is_mpii": 0}