{"mpii_body_pts": [[196.677, 240.2635, 0.1522635], [288.0005, 282.5215, 0.5646705], [279.396, 242.607, 0.768077], [265.349, 95.5108, 0.490692], [0.0, 0.0, 0.0], [0.0, 0.0, 0.0], [0.0, 0.0, 0.0], [393.354, 480.527, 0.304527], [0.0, 0.0, 0.0], [0.0, 0.0, 0.0], [335.595, 259.825, 0.324295], [279.398, 394.388, 0.619908], [195.116, 313.057, 0.607023], [380.885, 251.986, 0.522318], [437.076, 391.29, 0.672277], [437.047, 328.703, 0.655003]], "hand_pts": [[331.86816406249994, 275.30621337890625, 1.0], [320.2953491210937, 229.16903686523443, 1.0], [326.3862915039063, 218.24182128906247, 1.0], [333.6954650878906, 208.83226013183594, 1.0], [334.60910034179693, 194.56616210937497, 1.0], [339.48187255859364, 220.0630187988281, 1.0], [351.66378784179693, 198.51210021972656, 1.0], [353.7956237792969, 213.6888122558594, 1.0], [348.3137512207031, 222.79483032226562, 1.0], [351.3592529296875, 225.83016967773443, 1.0], [365.9775390624999, 210.3499298095703, 1.0], [365.3684387207031, 226.7407684326172, 1.0], [359.2774963378906, 235.84678649902344, 1.0], [361.40933227539057, 235.54325866699216, 1.0], [373.28671264648426, 221.8842315673828, 1.0], [369.32757568359375, 238.88212585449224, 1.0], [360.80023193359375, 246.1669464111328, 1.0], [370.8503112792969, 248.8987579345703, 1.0], [377.5503845214844, 236.75740051269537, 1.0], [367.8048400878907, 246.1669464111328, 1.0], [362.32296752929693, 253.45176696777347, 1.0]], "head_box": [[216.3169333333333, 95.5108], [314.38106666666664, 242.607]], "head_size": 147.0962, "hand_box_center": [348.92286682128906, 234.93618774414062], "is_left": 0, "is_mpii": 0}