{"mpii_body_pts": [[0.0, 0.0, 0.0], [337.206, 289.57, 0.6712739999999999], [338.75, 237.894, 0.638345], [332.507, 87.6305, 0.530018], [0.0, 0.0, 0.0], [0.0, 0.0, 0.0], [0.0, 0.0, 0.0], [0.0, 0.0, 0.0], [0.0, 0.0, 0.0], [0.0, 0.0, 0.0], [268.474, 370.928, 0.547105], [207.638, 405.419, 0.573865], [231.071, 289.554, 0.688612], [443.341, 289.586, 0.653936], [474.523, 442.894, 0.731605], [390.227, 392.873, 0.766005]], "hand_pts": [[276.9972534179687, 345.41278076171875, 1.0], [295.4644165039063, 343.3702087402343, 1.0], [313.11083984375006, 356.85107421875, 1.0], [313.5212097167969, 384.22128295898426, 1.0], [313.9316101074219, 399.7446899414063, 1.0], [315.1627502441406, 350.7234191894531, 1.0], [320.90808105468744, 377.68511962890625, 1.0], [324.1911315917969, 396.476593017578, 1.0], [325.01190185546875, 410.7744750976563, 1.0], [297.9267272949219, 352.3574523925781, 1.0], [306.955108642578, 386.26382446289057, 1.0], [303.26168823242193, 383.40426635742193, 1.0], [301.62014770507807, 373.6000061035157, 1.0], [283.97375488281244, 356.03405761718744, 1.0], [294.2332763671874, 386.6723327636719, 1.0], [290.1294555664063, 382.5872192382812, 1.0], [288.48794555664057, 374.0085144042968, 1.0], [271.6622924804688, 358.89361572265625, 1.0], [276.9972534179687, 380.9531860351563, 1.0], [279.8699340820313, 380.9531860351563, 1.0], [279.4595336914063, 377.27658081054693, 1.0]], "head_box": [[282.4191666666667, 87.6305], [382.5948333333333, 237.894]], "head_size": 150.26350000000002, "hand_box_center": [298.33709716796875, 377.0723419189453], "is_left": 0, "is_mpii": 0}