{"mpii_body_pts": [[0.0, 0.0, 0.0], [364.512, 273.913, 0.465429], [357.436, 220.668, 0.765313], [343.471, 89.2369, 0.672146], [0.0, 0.0, 0.0], [0.0, 0.0, 0.0], [0.0, 0.0, 0.0], [0.0, 0.0, 0.0], [0.0, 0.0, 0.0], [0.0, 0.0, 0.0], [230.985, 244.209, 0.448488], [154.574, 369.418, 0.520778], [259.122, 253.568, 0.260544], [469.902, 294.258, 0.670314], [480.795, 442.952, 0.585928], [380.85, 543.059, 0.629845]], "hand_pts": [[388.4889831542969, 548.6693115234375, 1.0], [368.5714416503906, 535.6706542968751, 1.0], [345.5632629394532, 534.6444702148439, 1.0], [326.33255004882807, 544.5644531249999, 1.0], [318.4342041015625, 554.1423950195312, 1.0], [334.91769409179693, 558.5892944335938, 1.0], [315.00015258789057, 566.1148681640625, 1.0], [320.1512451171875, 559.9575805664062, 1.0], [325.645721435547, 557.9051513671876, 1.0], [339.7253723144531, 567.8251953124999, 1.0], [321.52487182617193, 577.061096191406, 1.0], [325.98913574218733, 571.2459106445312, 1.0], [332.51385498046875, 568.5093383789064, 1.0], [350.3709411621094, 579.4555664062499, 1.0], [331.1402282714844, 585.9548950195312, 1.0], [334.23086547851557, 581.1658935546876, 1.0], [338.02600097656244, 580.2437133789064, 1.0], [359.64291381835943, 587.6652221679686, 1.0], [342.47262573242193, 595.8748779296877, 1.0], [342.8160095214843, 591.427978515625, 1.0], [347.6236877441406, 589.0335083007812, 1.0]], "head_box": [[299.66063333333335, 89.2369], [387.28136666666666, 220.668]], "head_size": 131.43110000000001, "hand_box_center": [351.74456787109375, 565.2596740722659], "is_left": 1, "is_mpii": 0}