{"mpii_body_pts": [[0.0, 0.0, 0.0], [350.453, 286.436, 0.6193385], [346.55, 220.735, 0.717393], [321.597, 86.0818, 0.583389], [0.0, 0.0, 0.0], [0.0, 0.0, 0.0], [0.0, 0.0, 0.0], [0.0, 0.0, 0.0], [0.0, 0.0, 0.0], [0.0, 0.0, 0.0], [240.379, 352.174, 0.630154], [230.985, 443.007, 0.656287], [245.118, 291.092, 0.660763], [455.788, 281.78, 0.577914], [496.402, 441.362, 0.571319], [487.011, 345.923, 0.522547]], "hand_pts": [[232.9867858886719, 351.3983459472655, 1.0], [244.42642211914062, 329.55087280273443, 1.0], [257.45489501953136, 322.26837158203125, 1.0], [270.4833679199219, 319.7353515624999, 1.0], [284.46514892578125, 320.3685913085937, 1.0], [269.21231079101557, 313.08612060546875, 1.0], [293.3626403808595, 315.93579101562494, 1.0], [308.6155090332031, 317.2023010253906, 1.0], [321.9617309570312, 317.8355712890625, 1.0], [266.670166015625, 324.8014221191407, 1.0], [286.3717651367188, 331.134033203125, 1.0], [301.9423828125, 334.3003234863281, 1.0], [313.6997680664063, 337.14999389648443, 1.0], [263.8102416992188, 338.7331542968749, 1.0], [280.33416748046875, 345.06576538085943, 1.0], [289.2316589355469, 347.59878540039057, 1.0], [296.5403137207031, 349.4985656738281, 1.0], [257.45489501953136, 352.03161621093744, 1.0], [270.4833679199219, 357.73095703124994, 1.0], [277.4742736816406, 358.99746704101557, 1.0], [283.194091796875, 359.63073730468744, 1.0]], "head_box": [[276.71259999999995, 86.0818], [366.4814, 220.735]], "head_size": 134.65320000000003, "hand_box_center": [277.47425842285156, 336.3584289550781], "is_left": 0, "is_mpii": 0}