{"mpii_body_pts": [[140.5, 249.6585, 0.1186855], [327.033, 285.676, 0.6703735], [318.49, 230.032, 0.743674], [313.754, 79.818, 0.578246], [0.0, 0.0, 0.0], [0.0, 0.0, 0.0], [281.0, 499.317, 0.237371], [0.0, 0.0, 0.0], [0.0, 0.0, 0.0], [0.0, 0.0, 0.0], [268.518, 466.432, 0.705923], [187.334, 446.135, 0.714248], [218.55, 291.15, 0.709988], [435.516, 280.202, 0.630759], [469.831, 428.89, 0.663727], [368.415, 469.64, 0.558962]], "hand_pts": [[378.34271240234375, 467.7244567871093, 1.0], [359.4427185058594, 455.52212524414057, 1.0], [332.49270629882807, 453.08166503906256, 1.0], [310.6614379882812, 464.4544372558594, 1.0], [299.8847045898438, 471.3527221679688, 1.0], [326.44161987304693, 475.9515991210937, 1.0], [305.657958984375, 484.3828430175781, 1.0], [309.5067749023437, 477.48455810546875, 1.0], [317.2044372558594, 473.2689208984375, 1.0], [332.98464965820307, 489.74816894531244, 1.0], [312.58584594726557, 494.7302551269531, 1.0], [314.8951416015625, 488.21520996093744, 1.0], [324.902099609375, 483.9996032714843, 1.0], [338.3730163574219, 498.5626525878906, 1.0], [318.7439575195313, 499.7123718261719, 1.0], [326.8265075683593, 495.49673461914057, 1.0], [335.29394531249994, 494.34701538085943, 1.0], [344.91601562499994, 504.3112182617187, 1.0], [329.1358032226563, 505.8441772460937, 1.0], [334.52416992187494, 503.5447387695313, 1.0], [338.3730163574219, 502.39501953124994, 1.0]], "head_box": [[263.6826666666667, 79.818], [363.82533333333333, 230.032]], "head_size": 150.214, "hand_box_center": [339.11370849609375, 479.4629211425781], "is_left": 1, "is_mpii": 0}