{"mpii_body_pts": [[146.716, 242.624, 0.106593], [348.08950000000004, 284.899, 0.6500645], [349.66, 208.187, 0.715806], [338.732, 79.7535, 0.648679], [0.0, 0.0, 0.0], [0.0, 0.0, 0.0], [293.432, 485.248, 0.213186], [0.0, 0.0, 0.0], [0.0, 0.0, 0.0], [0.0, 0.0, 0.0], [290.368, 453.908, 0.745929], [202.908, 441.371, 0.645917], [238.836, 287.989, 0.641598], [457.343, 281.809, 0.658531], [496.409, 428.871, 0.685967], [415.209, 455.432, 0.61535]], "hand_pts": [[413.6913757324219, 457.13864135742193, 1.0], [400.2249755859375, 444.70614624023426, 1.0], [376.57666015625, 441.7616271972656, 1.0], [349.31539916992193, 449.6137390136719, 1.0], [336.8343505859375, 455.1756286621094, 1.0], [364.75250244140625, 453.5397644042969, 1.0], [349.97229003906256, 460.0831909179687, 1.0], [336.8343505859375, 466.62661743164057, 1.0], [328.294677734375, 470.55267333984386, 1.0], [371.9783630371093, 466.29943847656244, 1.0], [353.9136962890625, 473.8243713378906, 1.0], [339.7903747558593, 480.0406188964844, 1.0], [331.5791625976563, 483.6394958496094, 1.0], [377.56201171875, 480.0406188964844, 1.0], [360.1542053222657, 484.2938537597656, 1.0], [349.6438598632813, 487.2383728027343, 1.0], [341.7610778808594, 489.52856445312494, 1.0], [381.8318481445313, 489.20141601562494, 1.0], [364.4240417480469, 492.1459350585937, 1.0], [357.19818115234375, 492.80029296875, 1.0], [350.95764160156256, 493.12744140625, 1.0]], "head_box": [[295.92083333333335, 79.7535], [381.5431666666667, 208.187]], "head_size": 128.4335, "hand_box_center": [370.99302673339844, 467.4445343017578], "is_left": 1, "is_mpii": 0}