{"mpii_body_pts": [[0.0, 0.0, 0.0], [341.848, 290.3465, 0.646239], [343.483, 215.991, 0.767014], [340.272, 84.5136, 0.659584], [0.0, 0.0, 0.0], [0.0, 0.0, 0.0], [0.0, 0.0, 0.0], [0.0, 0.0, 0.0], [0.0, 0.0, 0.0], [0.0, 0.0, 0.0], [154.48, 419.448, 0.623963], [190.435, 464.831, 0.622662], [235.714, 291.128, 0.654692], [447.982, 289.565, 0.637786], [477.654, 410.117, 0.562668], [516.665, 430.434, 0.368175]], "hand_pts": [[161.3250732421875, 425.08441162109375, 1.0], [172.740005493164, 411.3728942871094, 1.0], [181.8048095703125, 391.97610473632807, 1.0], [187.31153869628906, 373.0599670410156, 1.0], [195.72779846191406, 354.0168762207031, 1.0], [150.96862792968753, 379.9154968261719, 1.0], [142.55238342285156, 361.25326538085943, 1.0], [136.81402587890625, 349.8274230957032, 1.0], [130.69311523437494, 336.1163940429687, 1.0], [136.04891967773443, 385.62841796874994, 1.0], [124.9547653198242, 365.8236083984375, 1.0], [120.74663543701172, 356.30206298828125, 1.0], [116.15595245361327, 340.6867370605469, 1.0], [126.48499298095705, 395.9116821289063, 1.0], [113.47805786132811, 381.0580749511718, 1.0], [107.7397003173828, 373.0599670410156, 1.0], [100.47112274169922, 364.6810302734375, 1.0], [130.31056213378903, 410.3844299316406, 1.0], [114.62572479248044, 408.86096191406256, 1.0], [106.59203338623047, 405.05236816406256, 1.0], [98.55833435058591, 401.6246032714844, 1.0]], "head_box": [[296.4462, 84.5136], [384.0978, 215.991]], "head_size": 131.47740000000002, "hand_box_center": [147.14306640625, 380.60040283203125], "is_left": 0, "is_mpii": 0}