{"mpii_body_pts": [[0.0, 0.0, 0.0], [344.166, 288.8125, 0.6523235000000001], [341.864, 214.451, 0.70139], [330.908, 79.8428, 0.705682], [0.0, 0.0, 0.0], [0.0, 0.0, 0.0], [0.0, 0.0, 0.0], [0.0, 0.0, 0.0], [0.0, 0.0, 0.0], [0.0, 0.0, 0.0], [327.818, 466.459, 0.584468], [207.582, 458.605, 0.709434], [234.154, 292.739, 0.659162], [454.178, 284.886, 0.645485], [493.274, 435.156, 0.585745], [387.138, 455.427, 0.451846]], "hand_pts": [[319.1807250976563, 471.7705993652343, 1.0], [332.81903076171875, 451.6329650878906, 1.0], [351.0034484863281, 437.0331726074219, 1.0], [376.25958251953136, 436.0263061523437, 1.0], [390.6555786132813, 427.21609497070307, 1.0], [372.9762878417969, 452.38812255859364, 1.0], [397.22216796874994, 448.6123046875, 1.0], [414.64889526367193, 446.5985717773437, 1.0], [428.5397644042969, 445.59167480468744, 1.0], [372.7237243652343, 468.4982299804687, 1.0], [400.00033569335943, 467.4913330078124, 1.0], [382.0684814453125, 467.4913330078124, 1.0], [368.93530273437494, 468.24649047851557, 1.0], [373.0, 483.0, 1.0], [397.47473144531244, 481.084228515625, 1.0], [381.5633544921874, 481.084228515625, 1.0], [371.2083435058594, 481.33596801757807, 1.0], [370.19812011718744, 493.9219665527343, 1.0], [390.40301513671875, 493.6702575683594, 1.0], [376.76470947265625, 493.4185485839843, 1.0], [367.1673583984375, 493.4185485839843, 1.0]], "head_box": [[286.03860000000003, 79.8428], [375.7774, 214.451]], "head_size": 134.6082, "hand_box_center": [373.86024475097656, 460.5690307617187], "is_left": 0, "is_mpii": 0}