{"mpii_body_pts": [[0.0, 0.0, 0.0], [354.328, 249.6825, 0.475403], [362.132, 212.884, 0.751567], [338.744, 78.2542, 0.633522], [0.0, 0.0, 0.0], [0.0, 0.0, 0.0], [0.0, 0.0, 0.0], [0.0, 0.0, 0.0], [0.0, 0.0, 0.0], [0.0, 0.0, 0.0], [243.496, 231.694, 0.593177], [201.385, 380.335, 0.479177], [279.365, 256.752, 0.582636], [429.291, 242.613, 0.36817], [490.159, 405.322, 0.699716], [432.374, 269.214, 0.499355]], "hand_pts": [[436.0, 271.0, 1.0], [448.1459350585937, 247.1256103515625, 1.0], [449.2880249023437, 230.44679260253906, 1.0], [445.8617858886719, 211.4935760498047, 1.0], [447.7652587890625, 200.87977600097656, 1.0], [438.24798583984386, 223.24456787109375, 1.0], [425.6851501464843, 204.2913513183594, 1.0], [418.07135009765625, 191.02409362792972, 1.0], [411.5995788574219, 180.41029357910153, 1.0], [425.3044738769532, 226.6561431884766, 1.0], [415.7872009277344, 209.21917724609375, 1.0], [408.1733703613281, 198.22631835937503, 1.0], [399.03677368164057, 188.74971008300776, 1.0], [414.2644348144532, 226.27708435058594, 1.0], [402.8436889648438, 208.0819854736328, 1.0], [398.275390625, 200.50070190429688, 1.0], [393.32641601562494, 193.29847717285156, 1.0], [403.98577880859364, 231.96304321289062, 1.0], [397.13333129882807, 217.55859375, 1.0], [393.7070922851563, 211.4935760498047, 1.0], [389.90017700195307, 206.18667602539062, 1.0]], "head_box": [[293.86740000000003, 78.2542], [383.6206, 212.884]], "head_size": 134.6298, "hand_box_center": [419.5941009521484, 225.70514678955078], "is_left": 1, "is_mpii": 0}