{"mpii_body_pts": [[0.0, 0.0, 0.0], [191.873, 141.8635, 0.6523924999999999], [190.239, 110.878, 0.707373], [184.534, 36.6981, 0.689553], [0.0, 0.0, 0.0], [0.0, 0.0, 0.0], [0.0, 0.0, 0.0], [0.0, 0.0, 0.0], [0.0, 0.0, 0.0], [0.0, 0.0, 0.0], [141.464, 172.01, 0.62157], [125.978, 230.677, 0.575475], [139.03, 144.304, 0.634577], [244.716, 139.423, 0.670208], [277.241, 238.025, 0.720037], [217.891, 244.588, 0.671581]], "hand_pts": [[220.59374999999997, 247.15625, 1.0], [215.42457580566406, 238.20092773437497, 1.0], [205.65388488769534, 230.67475891113276, 1.0], [185.19073486328125, 229.20623779296875, 1.0], [175.78874206542974, 226.81990051269534, 1.0], [203.81034851074222, 226.0856475830078, 1.0], [184.63768005371094, 228.2884216308594, 1.0], [176.52615356445312, 234.71319580078122, 1.0], [170.62686157226562, 240.5872650146484, 1.0], [206.94435119628903, 230.85832214355474, 1.0], [186.2968444824219, 233.79536437988276, 1.0], [178.18533325195315, 243.89143371582034, 1.0], [175.78874206542974, 250.49977111816403, 1.0], [207.86611938476565, 238.20092773437497, 1.0], [189.43084716796878, 240.5872650146484, 1.0], [183.34719848632815, 248.84768676757812, 1.0], [180.76626586914057, 254.53819274902344, 1.0], [208.78787231445315, 245.91064453124997, 1.0], [195.88319396972656, 247.56272888183597, 1.0], [192.3804931640625, 252.88610839843756, 1.0], [191.27436828613276, 256.5574035644532, 1.0]], "head_box": [[159.80736666666667, 36.6981], [209.26063333333332, 110.878]], "head_size": 74.1799, "hand_box_center": [195.6103057861328, 241.3215255737305], "is_left": 1, "is_mpii": 0}