{"mpii_body_pts": [[0.0, 0.0, 0.0], [211.38049999999998, 139.8065, 0.4492585], [198.357, 112.489, 0.693515], [182.935, 32.6097, 0.628863], [0.0, 0.0, 0.0], [0.0, 0.0, 0.0], [0.0, 0.0, 0.0], [0.0, 0.0, 0.0], [0.0, 0.0, 0.0], [0.0, 0.0, 0.0], [117.883, 192.41, 0.418222], [107.335, 244.549, 0.565963], [165.039, 140.211, 0.290386], [257.722, 139.402, 0.608131], [297.563, 243.766, 0.695246], [243.931, 255.967, 0.525383]], "hand_pts": [[145.79100036621094, 168.88319396972656, 1.0], [147.44897460937497, 160.44204711914062, 1.0], [154.49607849121094, 150.5713653564453, 1.0], [163.84455871582028, 144.66078186035153, 1.0], [163.3123931884766, 135.52465820312497, 1.0], [168.6342620849609, 147.413330078125, 1.0], [173.0555419921875, 152.5514068603516, 1.0], [170.02958679199216, 156.84083557128906, 1.0], [164.78178405761722, 157.6767578125, 1.0], [173.42398071289062, 153.65243530273446, 1.0], [178.39791870117188, 157.87300109863278, 1.0], [177.1665954589844, 162.48335266113276, 1.0], [171.91879272460938, 163.52825927734378, 1.0], [175.08197021484375, 159.15751647949222, 1.0], [181.5296630859375, 162.8275909423828, 1.0], [179.05581665039065, 168.12586975097656, 1.0], [172.7584381103516, 169.1707763671875, 1.0], [175.4504089355469, 167.78216552734375, 1.0], [181.1549377441406, 172.3055114746094, 1.0], [177.29260253906247, 174.02127075195315, 1.0], [172.87132263183594, 174.38827514648443, 1.0]], "head_box": [[156.30856666666668, 32.6097], [209.56143333333333, 112.489]], "head_size": 79.8793, "hand_box_center": [163.66033172607422, 154.9564666748047], "is_left": 0, "is_mpii": 0}