{"mpii_body_pts": [[0.0, 0.0, 0.0], [189.4235, 144.31, 0.648351], [185.404, 112.502, 0.736206], [178.886, 35.0374, 0.634366], [0.0, 0.0, 0.0], [0.0, 0.0, 0.0], [0.0, 0.0, 0.0], [0.0, 0.0, 0.0], [0.0, 0.0, 0.0], [0.0, 0.0, 0.0], [0.0, 0.0, 0.0], [113.013, 245.371, 0.57324], [135.76, 153.28, 0.622599], [243.087, 135.34, 0.674103], [278.851, 230.706, 0.688016], [221.952, 238.05, 0.602283]], "hand_pts": [[222.15625, 237.78125, 1.0], [210.94181823730472, 234.3136444091797, 1.0], [198.05445861816406, 236.22889709472656, 1.0], [184.78240966796878, 250.59339904785156, 1.0], [172.66444396972656, 258.4459838867188, 1.0], [191.32225036621097, 236.9950103759766, 1.0], [181.51248168945315, 251.35951232910153, 1.0], [181.7048187255859, 259.21209716796875, 1.0], [183.8206634521484, 252.8917236328125, 1.0], [197.47741699218753, 242.54928588867188, 1.0], [188.43702697753912, 257.87139892578125, 1.0], [189.0140686035156, 262.4680480957031, 1.0], [190.16816711425778, 259.59515380859364, 1.0], [205.36370849609378, 245.61370849609375, 1.0], [196.32331848144534, 260.1697387695313, 1.0], [196.32331848144534, 263.4256896972656, 1.0], [198.43916320800776, 260.3612670898438, 1.0], [212.2882537841797, 249.44424438476562, 1.0], [205.17135620117185, 261.1273498535156, 1.0], [205.5560607910156, 263.8087463378906, 1.0], [207.67189025878906, 260.3612670898438, 1.0]], "head_box": [[153.06446666666668, 35.0374], [204.70753333333332, 112.502]], "head_size": 77.46459999999999, "hand_box_center": [197.41034698486328, 249.06119537353516], "is_left": 1, "is_mpii": 0}