{"mpii_body_pts": [[0.0, 0.0, 0.0], [191.8795, 143.885, 0.6601535000000001], [192.709, 110.062, 0.748691], [195.131, 30.1506, 0.515115], [0.0, 0.0, 0.0], [0.0, 0.0, 0.0], [0.0, 0.0, 0.0], [0.0, 0.0, 0.0], [0.0, 0.0, 0.0], [0.0, 0.0, 0.0], [0.0, 0.0, 0.0], [109.764, 197.264, 0.418195], [137.404, 141.03, 0.700022], [246.355, 146.74, 0.620285], [278.861, 238.027, 0.709158], [0.0, 0.0, 0.0]], "hand_pts": [[109.37380981445308, 117.65631866455077, 1.0], [116.82322692871095, 113.40193939208983, 1.0], [125.96117401123048, 106.97090148925783, 1.0], [134.40383911132812, 100.93561553955078, 1.0], [143.54179382324216, 100.93561553955078, 1.0], [117.5185012817383, 87.18309020996094, 1.0], [116.62457275390624, 75.70616149902345, 1.0], [122.98140716552734, 72.34223175048827, 1.0], [128.44430541992188, 72.34223175048827, 1.0], [113.94278717041014, 88.76611328125003, 1.0], [112.9495315551758, 76.69554901123047, 1.0], [120.0016403198242, 69.96769714355467, 1.0], [126.95442962646484, 69.37406158447266, 1.0], [110.76436614990236, 92.0311050415039, 1.0], [108.87718200683592, 74.32101440429689, 1.0], [117.71715545654298, 68.1867904663086, 1.0], [123.97466278076172, 67.79103851318358, 1.0], [107.28797149658202, 93.71306610107422, 1.0], [108.22396087646482, 79.18648529052733, 1.0], [113.87499999999999, 73.73901367187503, 1.0], [117.15625, 72.8311004638672, 1.0]], "head_box": [[168.49386666666666, 30.1506], [221.76813333333334, 110.062]], "head_size": 79.9114, "hand_box_center": [125.41488265991208, 92.72367858886717], "is_left": 0, "is_mpii": 0}