{"mpii_body_pts": [[82.112, 136.139, 0.1265275], [200.0115, 147.137, 0.592327], [197.546, 112.513, 0.690277], [190.221, 34.2118, 0.59699], [0.0, 0.0, 0.0], [0.0, 0.0, 0.0], [164.224, 272.278, 0.253055], [0.0, 0.0, 0.0], [0.0, 0.0, 0.0], [0.0, 0.0, 0.0], [170.732, 269.023, 0.420174], [112.201, 251.08, 0.605343], [139.052, 147.554, 0.661817], [260.971, 146.72, 0.522837], [290.267, 250.262, 0.725958], [236.6, 267.38, 0.650061]], "hand_pts": [[234.70111083984375, 268.5446166992188, 1.0], [229.52848815917974, 262.67944335937506, 1.0], [217.3358612060547, 255.71459960937494, 1.0], [203.95748901367193, 251.5108947753906, 1.0], [192.4507751464844, 250.7324981689453, 1.0], [205.88220214843756, 264.145751953125, 1.0], [196.27589416503903, 268.17803955078125, 1.0], [189.99484252929688, 271.47717285156244, 1.0], [185.56115722656247, 273.3100280761719, 1.0], [207.72956848144528, 271.47717285156244, 1.0], [198.12326049804685, 276.2426147460937, 1.0], [191.10327148437497, 279.9083251953125, 1.0], [185.1916961669922, 283.2074584960937, 1.0], [210.31587219238276, 279.1751708984375, 1.0], [201.44851684570318, 282.4743347167969, 1.0], [195.1674652099609, 285.04034423828125, 1.0], [189.99484252929688, 287.23974609375006, 1.0], [216.24874877929688, 285.75991821289057, 1.0], [208.09902954101562, 289.07263183593756, 1.0], [199.97062683105472, 291.2720336914063, 1.0], [191.84220886230474, 294.2046203613282, 1.0]], "head_box": [[164.1206, 34.2118], [216.3214, 112.513]], "head_size": 78.30120000000001, "hand_box_center": [209.94640350341797, 272.4685592651367], "is_left": 1, "is_mpii": 0}