{"mpii_body_pts": [[0.0, 0.0, 0.0], [198.7745, 145.929, 0.6613235], [195.112, 114.96, 0.690407], [184.549, 33.4242, 0.470851], [0.0, 0.0, 0.0], [0.0, 0.0, 0.0], [0.0, 0.0, 0.0], [0.0, 0.0, 0.0], [0.0, 0.0, 0.0], [0.0, 0.0, 0.0], [133.31, 101.1, 0.415719], [116.267, 185.044, 0.473875], [142.279, 145.094, 0.684525], [255.27, 146.764, 0.638122], [282.113, 236.416, 0.726835], [197.554, 288.574, 0.270489]], "hand_pts": [[138.42118835449224, 96.69567871093749, 1.0], [146.1584167480469, 96.32867431640622, 1.0], [156.10629272460938, 86.97001647949219, 1.0], [152.97456359863276, 80.5474090576172, 1.0], [151.86924743652347, 74.3083038330078, 1.0], [152.79034423828125, 79.26288604736328, 1.0], [156.65896606445315, 66.4176712036133, 1.0], [159.05381774902344, 57.793022155761726, 1.0], [159.7906951904297, 52.2879295349121, 1.0], [148.55328369140622, 77.79486083984376, 1.0], [152.05346679687497, 63.48162078857422, 1.0], [154.26409912109375, 55.590988159179695, 1.0], [155.36941528320315, 49.718887329101555, 1.0], [144.86888122558594, 74.85881042480467, 1.0], [148.55328369140622, 71.1887512207031, 1.0], [150.21125793457028, 77.42785644531253, 1.0], [147.63218688964844, 79.44638824462889, 1.0], [140.8160400390625, 77.61135864257811, 1.0], [144.6846618652344, 73.39078521728514, 1.0], [148.00062561035153, 73.7577896118164, 1.0], [148.92172241210943, 77.06085205078124, 1.0]], "head_box": [[157.37040000000002, 33.4242], [211.7276, 114.96]], "head_size": 81.5358, "hand_box_center": [149.10594177246097, 73.20728302001952], "is_left": 0, "is_mpii": 0}