{"mpii_body_pts": [[0.0, 0.0, 0.0], [194.7105, 146.32049999999998, 0.6806035], [196.744, 112.512, 0.719266], [198.386, 28.5573, 0.546941], [0.0, 0.0, 0.0], [0.0, 0.0, 0.0], [0.0, 0.0, 0.0], [0.0, 0.0, 0.0], [0.0, 0.0, 0.0], [0.0, 0.0, 0.0], [93.4734, 157.316, 0.477498], [103.248, 207.056, 0.599058], [139.013, 145.094, 0.705234], [250.408, 147.547, 0.655973], [283.728, 237.232, 0.698216], [223.577, 263.339, 0.529578]], "hand_pts": [[222.15625, 262.78124999999994, 1.0], [210.44538879394528, 259.94863891601557, 1.0], [197.2236328125, 262.3423156738282, 1.0], [186.40583801269537, 270.1217651367188, 1.0], [179.19396972656244, 271.5180969238281, 1.0], [196.0216522216797, 274.11123657226557, 1.0], [183.40089416503906, 282.6885986328125, 1.0], [176.38935852050778, 286.27911376953125, 1.0], [170.17913818359378, 288.872283935547, 1.0], [203.23352050781247, 279.29754638671875, 1.0], [188.20880126953122, 287.87490844726557, 1.0], [179.39430236816406, 290.26858520507807, 1.0], [170.78012084960943, 292.6622619628906, 1.0], [208.24176025390622, 285.082275390625, 1.0], [194.21868896484372, 293.0612182617187, 1.0], [185.80484008789065, 293.859130859375, 1.0], [177.59133911132815, 295.2554321289063, 1.0], [210.84603881835943, 289.0717468261719, 1.0], [200.02824401855474, 296.05331420898426, 1.0], [195.4206695556641, 297.6491088867188, 1.0], [190.61276245117185, 296.2528076171875, 1.0]], "head_box": [[170.40109999999999, 28.5573], [226.3709, 112.512]], "head_size": 83.9547, "hand_box_center": [196.16769409179688, 278.7988739013672], "is_left": 1, "is_mpii": 0}