{"mpii_body_pts": [[0.0, 0.0, 0.0], [193.089, 139.8125, 0.36936899999999995], [191.064, 113.297, 0.718995], [183.718, 30.1718, 0.521598], [0.0, 0.0, 0.0], [0.0, 0.0, 0.0], [0.0, 0.0, 0.0], [0.0, 0.0, 0.0], [0.0, 0.0, 0.0], [0.0, 0.0, 0.0], [0.0, 0.0, 0.0], [133.328, 199.738, 0.508112], [148.782, 139.389, 0.279253], [237.396, 140.236, 0.459485], [274.788, 206.25, 0.569498], [264.236, 158.98, 0.587285]], "hand_pts": [[261.93081665039057, 150.83032226562503, 1.0], [253.52902221679688, 142.6431732177734, 1.0], [250.18453979492185, 132.69262695312503, 1.0], [241.5554351806641, 122.50184631347653, 1.0], [234.73242187500003, 121.10311126708983, 1.0], [267.41021728515625, 120.81076812744138, 1.0], [271.054931640625, 108.91413116455078, 1.0], [274.66711425781244, 101.92045593261719, 1.0], [278.88134765624994, 95.52623748779297, 1.0], [274.53347778320307, 122.994010925293, 1.0], [280.68743896484375, 112.11124420166017, 1.0], [286.30639648437494, 103.9186477661133, 1.0], [290.9219665527343, 97.92406463623048, 1.0], [278.47998046875, 128.69624328613278, 1.0], [286.507080078125, 118.10581970214844, 1.0], [291.1226501464844, 111.31196594238283, 1.0], [295.93887329101557, 105.71702575683595, 1.0], [282.69421386718744, 133.4919128417969, 1.0], [288.71450805664057, 128.49642944335943, 1.0], [293.53076171875, 123.70075988769531, 1.0], [297.3436279296875, 118.90509796142578, 1.0]], "head_box": [[156.00959999999998, 30.1718], [211.4264, 113.297]], "head_size": 83.12519999999999, "hand_box_center": [266.03802490234375, 123.178279876709], "is_left": 1, "is_mpii": 0}