{"mpii_body_pts": [[0.0, 0.0, 0.0], [192.6925, 145.507, 0.6242955], [186.165, 114.96, 0.753085], [178.062, 35.0613, 0.646867], [0.0, 0.0, 0.0], [0.0, 0.0, 0.0], [0.0, 0.0, 0.0], [0.0, 0.0, 0.0], [0.0, 0.0, 0.0], [0.0, 0.0, 0.0], [160.151, 224.172, 0.780088], [114.645, 250.278, 0.56647], [142.289, 152.451, 0.587264], [243.096, 138.563, 0.661327], [280.479, 234.774, 0.710759], [224.405, 242.943, 0.481748]], "hand_pts": [[170.13299560546875, 225.90571594238278, 1.0], [172.99472045898443, 221.09536743164062, 1.0], [183.72615051269534, 211.47465515136713, 1.0], [197.1404266357422, 203.1010894775391, 1.0], [204.11585998535153, 199.00337219238276, 1.0], [179.4335784912109, 198.11256408691403, 1.0], [195.7095794677734, 203.63557434082028, 1.0], [196.60386657714838, 213.07810974121094, 1.0], [196.60386657714838, 220.73904418945312, 1.0], [172.99472045898443, 202.2102813720703, 1.0], [190.16500854492188, 207.7332763671875, 1.0], [191.4170074462891, 214.5034027099609, 1.0], [189.98614501953128, 219.13558959960938, 1.0], [168.3444366455078, 211.11833190917972, 1.0], [186.4089965820313, 212.72178649902344, 1.0], [185.3358612060547, 219.84823608398446, 1.0], [181.7587127685547, 223.58963012695312, 1.0], [166.55586242675776, 217.53213500976562, 1.0], [179.97013854980472, 218.42294311523446, 1.0], [184.26271057128906, 221.9861755371094, 1.0], [183.54728698730474, 224.83674621582034, 1.0]], "head_box": [[151.4291, 35.0613], [204.69490000000002, 114.96]], "head_size": 79.89869999999999, "hand_box_center": [185.33586120605463, 212.0091400146484], "is_left": 0, "is_mpii": 0}