{"mpii_body_pts": [[0.0, 0.0, 0.0], [191.8785, 143.05849999999998, 0.597001], [197.559, 108.436, 0.777497], [203.267, 29.3254, 0.53813], [0.0, 0.0, 0.0], [0.0, 0.0, 0.0], [0.0, 0.0, 0.0], [0.0, 0.0, 0.0], [0.0, 0.0, 0.0], [0.0, 0.0, 0.0], [0.0, 0.0, 0.0], [78.0395, 201.363, 0.564507], [133.326, 145.905, 0.588088], [250.431, 140.212, 0.605914], [315.425, 198.072, 0.561607], [264.228, 211.177, 0.577258]], "hand_pts": [[259.24551391601557, 214.53436279296872, 1.0], [254.73231506347656, 212.15431213378906, 1.0], [251.0155639648437, 221.4100341796875, 1.0], [252.07749938964844, 227.75680541992188, 1.0], [254.73231506347656, 235.82249450683597, 1.0], [253.1209716796875, 234.6255798339844, 1.0], [248.51339721679688, 248.5887145996094, 1.0], [247.7120819091797, 255.96923828125, 1.0], [247.7120819091797, 263.94818115234375, 1.0], [248.11273193359378, 237.41819763183594, 1.0], [245.7087860107422, 251.5808258056641, 1.0], [245.3081207275391, 263.3497619628906, 1.0], [245.10778808593753, 271.7276306152344, 1.0], [245.3081207275391, 237.61767578124994, 1.0], [244.70713806152344, 245.19766235351562, 1.0], [243.50515747070315, 256.36819458007807, 1.0], [243.1044921875, 264.74606323242193, 1.0], [243.70549011230472, 237.41819763183594, 1.0], [242.7038421630859, 244.3997802734375, 1.0], [242.10284423828125, 250.5834503173828, 1.0], [241.90251159667972, 255.76976013183588, 1.0]], "head_box": [[176.89679999999998, 29.3254], [229.6372, 108.436]], "head_size": 79.1106, "hand_box_center": [250.57401275634766, 241.94097137451172], "is_left": 1, "is_mpii": 0}