{"mpii_body_pts": [[0.0, 0.0, 0.0], [199.986, 145.9265, 0.54712], [195.109, 110.872, 0.658956], [187.009, 35.8631, 0.580833], [0.0, 0.0, 0.0], [0.0, 0.0, 0.0], [0.0, 0.0, 0.0], [0.0, 0.0, 0.0], [0.0, 0.0, 0.0], [0.0, 0.0, 0.0], [0.0, 0.0, 0.0], [97.56, 194.025, 0.466437], [138.991, 146.739, 0.613527], [260.981, 145.114, 0.480713], [292.692, 244.577, 0.694902], [235.777, 264.949, 0.69361]], "hand_pts": [[231.5027770996094, 266.60845947265625, 1.0], [220.08113098144534, 257.06631469726557, 1.0], [209.94905090332028, 257.24981689453136, 1.0], [198.71162414550776, 259.08483886718744, 1.0], [186.73733520507812, 260.1858520507813, 1.0], [208.65950012207028, 263.30541992187494, 1.0], [195.94833374023443, 271.7465515136719, 1.0], [190.60595703124997, 275.9671325683593, 1.0], [187.4742126464844, 279.8206787109375, 1.0], [212.89656066894528, 270.0950317382812, 1.0], [197.97474670410153, 279.4536743164063, 1.0], [191.34283447265628, 283.8577575683594, 1.0], [187.4742126464844, 286.97729492187494, 1.0], [216.76518249511716, 277.2516479492187, 1.0], [201.29071044921875, 286.6102905273438, 1.0], [194.65879821777347, 291.3813781738281, 1.0], [190.05329895019534, 294.50094604492193, 1.0], [220.63380432128903, 283.8577575683594, 1.0], [206.63308715820315, 292.6658935546875, 1.0], [200.5538330078125, 295.7854614257813, 1.0], [194.843017578125, 298.35449218750006, 1.0]], "head_box": [[162.00603333333333, 35.8631], [212.01196666666664, 110.872]], "head_size": 75.0089, "hand_box_center": [209.12005615234375, 277.7104034423828], "is_left": 1, "is_mpii": 0}