{"mpii_body_pts": [[82.92, 134.9235, 0.1215285], [200.0075, 147.16750000000002, 0.5767899999999999], [197.561, 113.281, 0.685983], [187.814, 35.041, 0.632895], [0.0, 0.0, 0.0], [0.0, 0.0, 0.0], [165.84, 269.847, 0.243057], [0.0, 0.0, 0.0], [0.0, 0.0, 0.0], [0.0, 0.0, 0.0], [171.561, 267.383, 0.344815], [112.178, 251.103, 0.614844], [139.051, 147.577, 0.629921], [260.964, 146.758, 0.523659], [290.267, 251.065, 0.725857], [235.772, 267.404, 0.6304]], "hand_pts": [[237.78125, 265.90624999999994, 1.0], [230.9154663085938, 259.6231994628905, 1.0], [214.86131286621097, 253.22898864746097, 1.0], [201.41595458984372, 249.4324340820313, 1.0], [192.78684997558597, 249.83206176757812, 1.0], [215.26266479492182, 258.82394409179693, 1.0], [201.81730651855474, 260.62231445312494, 1.0], [193.79023742675778, 263.219970703125, 1.0], [187.97061157226562, 265.817626953125, 1.0], [214.25927734375, 270.81311035156244, 1.0], [200.61325073242185, 272.6114807128906, 1.0], [192.98753356933594, 273.4107360839843, 1.0], [185.76315307617182, 273.8103942871093, 1.0], [216.46673583984375, 280.40441894531244, 1.0], [203.22204589843753, 283.20190429687494, 1.0], [193.1882019042969, 282.60244750976574, 1.0], [186.56587219238276, 281.6033325195313, 1.0], [217.87145996093753, 286.19918823242193, 1.0], [206.4328765869141, 290.59521484375, 1.0], [197.80377197265625, 291.5942993164063, 1.0], [191.9841461181641, 291.99395751953125, 1.0]], "head_box": [[161.73399999999998, 35.041], [213.894, 113.281]], "head_size": 78.24000000000001, "hand_box_center": [211.7722015380859, 270.71319580078125], "is_left": 1, "is_mpii": 0}