{"mpii_body_pts": [[0.0, 0.0, 0.0], [189.4235, 144.31, 0.648351], [185.404, 112.502, 0.736206], [178.886, 35.0374, 0.634366], [0.0, 0.0, 0.0], [0.0, 0.0, 0.0], [0.0, 0.0, 0.0], [0.0, 0.0, 0.0], [0.0, 0.0, 0.0], [0.0, 0.0, 0.0], [0.0, 0.0, 0.0], [113.013, 245.371, 0.57324], [135.76, 153.28, 0.622599], [243.087, 135.34, 0.674103], [278.851, 230.706, 0.688016], [221.952, 238.05, 0.602283]], "hand_pts": [[174.98135375976562, 234.49511718750003, 1.0], [178.83282470703128, 226.9965057373047, 1.0], [193.88861083984378, 218.2772064208984, 1.0], [209.1194763183594, 210.2554473876954, 1.0], [217.34764099121094, 204.8494720458984, 1.0], [191.78781127929688, 207.46527099609378, 1.0], [208.7693328857422, 208.33720397949222, 1.0], [214.89669799804688, 219.49790954589844, 1.0], [217.34764099121094, 226.9965057373047, 1.0], [186.36071777343753, 211.99931335449222, 1.0], [205.09292602539065, 212.87123107910156, 1.0], [209.99481201171875, 222.11370849609375, 1.0], [207.89399719238278, 230.65861511230472, 1.0], [182.68431091308597, 219.67230224609378, 1.0], [200.1910400390625, 217.75404357910153, 1.0], [203.86744689941412, 224.03195190429688, 1.0], [203.69238281250003, 230.30984497070315, 1.0], [181.10870361328125, 229.96107482910153, 1.0], [193.88861083984378, 228.21720886230472, 1.0], [197.03982543945312, 232.22808837890628, 1.0], [196.33955383300776, 234.66949462890622, 1.0]], "head_box": [[153.06446666666668, 35.0374], [204.70753333333332, 112.502]], "head_size": 77.46459999999999, "hand_box_center": [196.16449737548828, 219.75948333740232], "is_left": 0, "is_mpii": 0}