{"mpii_body_pts": [[0.0, 0.0, 0.0], [196.3275, 147.562, 0.620473], [194.306, 107.597, 0.733373], [191.877, 27.7139, 0.576757], [0.0, 0.0, 0.0], [0.0, 0.0, 0.0], [0.0, 0.0, 0.0], [0.0, 0.0, 0.0], [0.0, 0.0, 0.0], [0.0, 0.0, 0.0], [145.519, 248.623, 0.428169], [99.1671, 234.791, 0.556011], [138.992, 147.578, 0.636564], [253.663, 147.546, 0.604382], [295.095, 227.455, 0.718187], [244.717, 270.66, 0.500103]], "hand_pts": [[250.65184020996094, 270.0745239257813, 1.0], [244.8134460449219, 264.07708740234375, 1.0], [233.5015563964844, 266.2579650878906, 1.0], [223.28436279296872, 273.527587890625, 1.0], [215.80392456054685, 276.9806213378906, 1.0], [231.85951232910153, 282.61456298828125, 1.0], [215.43902587890625, 283.886749267578, 1.0], [209.23573303222656, 281.8876037597657, 1.0], [204.85693359375, 278.4345397949219, 1.0], [236.9681091308594, 290.7928771972656, 1.0], [216.71617126464835, 291.88330078124994, 1.0], [216.71617126464835, 285.5223999023437, 1.0], [221.45986938476562, 283.34152221679693, 1.0], [237.15055847167972, 292.97375488281244, 1.0], [218.3582153320313, 294.972900390625, 1.0], [218.5406799316406, 289.33895874023426, 1.0], [222.55456542968747, 287.52154541015625, 1.0], [231.85951232910153, 294.6094055175781, 1.0], [220.91252136230472, 297.1537780761719, 1.0], [220.54762268066406, 292.2467956542969, 1.0], [223.46681213378906, 291.7015686035156, 1.0]], "head_box": [[165.2493, 27.7139], [218.5047, 107.597]], "head_size": 79.8831, "hand_box_center": [227.75438690185547, 280.6154327392578], "is_left": 1, "is_mpii": 0}