{"mpii_body_pts": [[0.0, 0.0, 0.0], [185.363, 142.2625, 0.520463], [187.819, 112.502, 0.735168], [180.487, 32.6131, 0.519335], [0.0, 0.0, 0.0], [0.0, 0.0, 0.0], [0.0, 0.0, 0.0], [0.0, 0.0, 0.0], [0.0, 0.0, 0.0], [0.0, 0.0, 0.0], [0.0, 0.0, 0.0], [154.485, 220.925, 0.504349], [139.011, 144.306, 0.64409], [231.715, 140.219, 0.396836], [262.605, 204.628, 0.739687], [252.835, 151.621, 0.60996]], "hand_pts": [[228.26333618164062, 176.03123474121094, 1.0], [223.58062744140628, 165.0900726318359, 1.0], [219.931640625, 150.91436767578125, 1.0], [219.74919128417966, 148.18826293945315, 1.0], [220.84388732910153, 149.27870178222656, 1.0], [237.0819244384766, 147.6430511474609, 1.0], [249.81030273437497, 139.11466979980463, 1.0], [247.9788055419922, 139.11466979980463, 1.0], [245.8241119384766, 140.4024658203125, 1.0], [244.20808410644528, 153.28033447265628, 1.0], [236.66665649414057, 154.56811523437497, 1.0], [233.00366210937494, 156.8217468261719, 1.0], [231.6031188964844, 159.71926879882807, 1.0], [244.92726135253912, 158.54743957519534, 1.0], [237.74400329589835, 160.6851043701172, 1.0], [234.83515930175778, 162.7241058349609, 1.0], [233.97328186035153, 165.4069976806641, 1.0], [245.474609375, 165.99877929687497, 1.0], [238.35906982421875, 167.45269775390628, 1.0], [235.15837097167974, 169.37767028808594, 1.0], [234.34516906738278, 172.17793273925776, 1.0]], "head_box": [[153.85736666666668, 32.6131], [207.1166333333333, 112.502]], "head_size": 79.88889999999999, "hand_box_center": [234.77974700927732, 157.57295227050778], "is_left": 0, "is_mpii": 0}