{"mpii_body_pts": [[0.0, 0.0, 0.0], [204.909, 144.29149999999998, 0.5209205], [203.265, 119.83, 0.708912], [191.89, 34.2374, 0.589675], [0.0, 0.0, 0.0], [0.0, 0.0, 0.0], [0.0, 0.0, 0.0], [0.0, 0.0, 0.0], [0.0, 0.0, 0.0], [0.0, 0.0, 0.0], [0.0, 0.0, 0.0], [120.338, 234.788, 0.5694], [146.37, 141.837, 0.505595], [263.448, 146.746, 0.536246], [279.675, 238.027, 0.733465], [247.146, 165.504, 0.51577]], "hand_pts": [[164.58035278320315, 159.28807067871094, 1.0], [165.70268249511716, 151.8349609375, 1.0], [178.983642578125, 140.46896362304685, 1.0], [190.39402770996094, 136.74240112304685, 1.0], [194.69631958007815, 141.2142639160156, 1.0], [190.01992797851562, 133.3885040283203, 1.0], [201.80442810058597, 123.88578033447263, 1.0], [207.6031646728515, 118.66860198974611, 1.0], [211.90544128417972, 113.82407379150389, 1.0], [186.83998107910153, 138.60568237304685, 1.0], [212.97384643554688, 136.83647155761724, 1.0], [221.2081146240234, 136.3129272460938, 1.0], [227.69039916992188, 136.3129272460938, 1.0], [187.96231079101562, 145.87246704101565, 1.0], [204.42321777343753, 145.49981689453125, 1.0], [203.11383056640622, 150.5306701660156, 1.0], [199.55976867675776, 149.9716796875, 1.0], [186.65292358398443, 153.69824218750003, 1.0], [198.81153869628906, 155.5615234375, 1.0], [198.62448120117185, 158.7290954589844, 1.0], [194.5092620849609, 159.10174560546875, 1.0]], "head_box": [[163.35913333333332, 34.2374], [220.42086666666665, 119.83]], "head_size": 85.5926, "hand_box_center": [196.1353759765625, 136.55607223510742], "is_left": 0, "is_mpii": 0}