{"mpii_body_pts": [[82.92, 134.9235, 0.1215285], [200.0075, 147.16750000000002, 0.5767899999999999], [197.561, 113.281, 0.685983], [187.814, 35.041, 0.632895], [0.0, 0.0, 0.0], [0.0, 0.0, 0.0], [165.84, 269.847, 0.243057], [0.0, 0.0, 0.0], [0.0, 0.0, 0.0], [0.0, 0.0, 0.0], [171.561, 267.383, 0.344815], [112.178, 251.103, 0.614844], [139.051, 147.577, 0.629921], [260.964, 146.758, 0.523659], [290.267, 251.065, 0.725857], [235.772, 267.404, 0.6304]], "hand_pts": [[171.77383422851557, 269.23590087890625, 1.0], [179.03910827636716, 262.3865661621093, 1.0], [198.88888549804688, 255.4080352783203, 1.0], [214.40777587890625, 254.93222045898446, 1.0], [221.71366882324213, 247.83670043945315, 1.0], [200.44572448730472, 263.4204406738282, 1.0], [220.0360260009766, 265.61740112304705, 1.0], [224.96603393554688, 267.555877685547, 1.0], [229.37709045410156, 269.88204956054693, 1.0], [199.79704284667974, 269.88204956054693, 1.0], [221.7226104736328, 279.57446289062506, 1.0], [225.3552398681641, 280.9960327148437, 1.0], [229.89604187011722, 283.8391418457031, 1.0], [197.07255554199216, 278.4113769531249, 1.0], [213.85983276367188, 286.95306396484375, 1.0], [219.3873443603516, 289.39611816406244, 1.0], [224.0578765869141, 289.0084228515625, 1.0], [192.5317687988281, 284.6145324707031, 1.0], [205.50547790527347, 292.75616455078125, 1.0], [209.5273132324219, 293.01461791992193, 1.0], [212.90048217773443, 292.62692260742193, 1.0]], "head_box": [[161.73399999999998, 35.041], [213.894, 113.281]], "head_size": 78.24000000000001, "hand_box_center": [200.8349380493164, 270.42565917968756], "is_left": 0, "is_mpii": 0}