{"mpii_body_pts": [[0.0, 0.0, 0.0], [200.808, 138.583, 0.3819565], [190.245, 110.878, 0.625045], [176.418, 34.2507, 0.540924], [0.0, 0.0, 0.0], [0.0, 0.0, 0.0], [0.0, 0.0, 0.0], [0.0, 0.0, 0.0], [0.0, 0.0, 0.0], [0.0, 0.0, 0.0], [0.0, 0.0, 0.0], [126.806, 158.146, 0.385614], [157.718, 140.206, 0.224062], [243.898, 136.96, 0.539851], [263.427, 230.712, 0.483751], [224.388, 174.474, 0.482778]], "hand_pts": [[161.72563171386716, 166.0657958984375, 1.0], [169.26467895507812, 165.3505859375, 1.0], [178.2397308349609, 156.23164367675776, 1.0], [188.47129821777347, 147.11270141601562, 1.0], [193.85633850097662, 142.46383666992188, 1.0], [172.85470581054688, 139.96060180664062, 1.0], [173.57270812988276, 122.6167449951172, 1.0], [178.3294830322266, 113.31900024414062, 1.0], [179.94499206542972, 106.88211059570311, 1.0], [166.2131652832031, 138.17257690429688, 1.0], [185.5992736816406, 133.7025146484375, 1.0], [186.13778686523443, 145.6822814941406, 1.0], [186.8557891845703, 152.83439636230474, 1.0], [165.3156585693359, 143.00024414062503, 1.0], [183.2657623291015, 139.78179931640628, 1.0], [184.16326904296875, 148.3643341064453, 1.0], [180.7527465820313, 151.94038391113278, 1.0], [168.54667663574216, 148.9007415771484, 1.0], [179.67573547363278, 149.07954406738276, 1.0], [181.11175537109375, 154.2648162841797, 1.0], [178.59873962402344, 158.73487854003906, 1.0]], "head_box": [[150.87556666666669, 34.2507], [201.96043333333333, 110.878]], "head_size": 76.62729999999999, "hand_box_center": [177.79098510742188, 136.4739532470703], "is_left": 0, "is_mpii": 0}