{"mpii_body_pts": [[0.0, 0.0, 0.0], [205.68599999999998, 140.2115, 0.654093], [192.711, 116.583, 0.720305], [185.366, 35.8507, 0.583886], [0.0, 0.0, 0.0], [0.0, 0.0, 0.0], [0.0, 0.0, 0.0], [0.0, 0.0, 0.0], [0.0, 0.0, 0.0], [0.0, 0.0, 0.0], [0.0, 0.0, 0.0], [105.7, 211.126, 0.653313], [150.403, 133.699, 0.700092], [260.969, 146.724, 0.608094], [278.052, 247.831, 0.708693], [224.386, 187.512, 0.594265]], "hand_pts": [[221.9902496337891, 188.3303375244141, 1.0], [213.48037719726565, 184.1821441650391, 1.0], [203.88414001464844, 176.9678649902344, 1.0], [198.63336181640625, 172.81967163085935, 1.0], [193.56365966796872, 166.50718688964844, 1.0], [212.0318908691406, 160.01434326171872, 1.0], [205.8758087158203, 146.12689208984375, 1.0], [203.34095764160156, 137.2894134521484, 1.0], [202.4356536865234, 128.63229370117185, 1.0], [216.01524353027344, 160.73577880859378, 1.0], [201.89247131347662, 158.9322052001953, 1.0], [200.2629241943359, 165.06433105468753, 1.0], [201.1682281494141, 170.47503662109378, 1.0], [217.64479064941403, 168.13040161132812, 1.0], [202.25459289550776, 169.21253967285153, 1.0], [203.88414001464844, 176.06608581542974, 1.0], [207.86749267578128, 178.59107971191406, 1.0], [217.64479064941403, 175.88572692871097, 1.0], [204.60838317871094, 176.60716247558594, 1.0], [196.6416931152344, 178.9517974853516, 1.0], [189.39924621582034, 181.47679138183594, 1.0]], "head_box": [[158.45523333333335, 35.8507], [212.27676666666667, 116.583]], "head_size": 80.7323, "hand_box_center": [205.69474792480472, 158.48131561279297], "is_left": 1, "is_mpii": 0}