{"mpii_body_pts": [[82.112, 136.139, 0.1265275], [200.0115, 147.137, 0.592327], [197.546, 112.513, 0.690277], [190.221, 34.2118, 0.59699], [0.0, 0.0, 0.0], [0.0, 0.0, 0.0], [164.224, 272.278, 0.253055], [0.0, 0.0, 0.0], [0.0, 0.0, 0.0], [0.0, 0.0, 0.0], [170.732, 269.023, 0.420174], [112.201, 251.08, 0.605343], [139.052, 147.554, 0.661817], [260.971, 146.72, 0.522837], [290.267, 250.262, 0.725958], [236.6, 267.38, 0.650061]], "hand_pts": [[174.17327880859378, 270.4622497558594, 1.0], [182.74284362792972, 264.83197021484375, 1.0], [196.05302429199216, 257.93032836914057, 1.0], [210.45718383789065, 256.2957458496093, 1.0], [220.14373779296872, 252.43957519531244, 1.0], [199.99099731445318, 263.40206909179693, 1.0], [216.1962890625, 266.50466918945324, 1.0], [224.7144622802734, 270.4346008300781, 1.0], [231.36279296875, 272.70983886718744, 1.0], [198.5366668701172, 272.29617309570307, 1.0], [216.8195648193359, 280.5697631835938, 1.0], [225.33773803710943, 283.87918090820307, 1.0], [229.49295043945315, 285.7407531738282, 1.0], [195.4202728271484, 281.1902770996094, 1.0], [210.5867614746094, 288.6365051269531, 1.0], [219.93597412109375, 291.1185607910156, 1.0], [224.92222595214844, 290.70489501953136, 1.0], [192.71939086914057, 287.39544677734375, 1.0], [202.89964294433594, 294.01431274414057, 1.0], [208.50917053222656, 294.42800903320307, 1.0], [213.9109344482422, 293.8074951171875, 1.0]], "head_box": [[164.1206, 34.2118], [216.3214, 112.513]], "head_size": 78.30120000000001, "hand_box_center": [202.76803588867188, 273.43379211425776], "is_left": 0, "is_mpii": 0}