{"mpii_body_pts": [[0.0, 0.0, 0.0], [199.18650000000002, 143.8785, 0.5671094999999999], [196.745, 110.052, 0.636326], [186.985, 35.0274, 0.644694], [0.0, 0.0, 0.0], [0.0, 0.0, 0.0], [0.0, 0.0, 0.0], [0.0, 0.0, 0.0], [0.0, 0.0, 0.0], [0.0, 0.0, 0.0], [145.517, 202.168, 0.512574], [106.528, 236.407, 0.49758], [138.205, 145.086, 0.591159], [260.168, 142.671, 0.54306], [297.562, 243.775, 0.713883], [247.152, 246.214, 0.414278]], "hand_pts": [[248.41186523437494, 249.64303588867188, 1.0], [242.74124145507815, 242.17234802246097, 1.0], [227.19273376464838, 241.26129150390625, 1.0], [216.21733093261722, 246.1809997558594, 1.0], [207.80284118652347, 245.08773803710943, 1.0], [226.46104431152347, 252.01177978515622, 1.0], [213.83932495117188, 261.6690063476563, 1.0], [207.61991882324216, 267.4997863769531, 1.0], [199.38836669921878, 274.423828125, 1.0], [228.29028320312497, 258.75363159179693, 1.0], [215.66856384277344, 268.4108276367188, 1.0], [206.88822937011724, 273.6949768066406, 1.0], [197.01036071777344, 279.8901672363281, 1.0], [233.77798461914057, 265.13104248046875, 1.0], [216.76609802246094, 274.78823852539057, 1.0], [207.2540740966797, 279.8901672363281, 1.0], [200.30297851562506, 283.3522033691407, 1.0], [235.05845642089844, 269.3218994140625, 1.0], [222.0708770751953, 276.2459411621094, 1.0], [214.75393676757812, 280.25460815429693, 1.0], [207.61991882324216, 282.8055725097657, 1.0]], "head_box": [[161.97680000000003, 35.0274], [211.9932, 110.052]], "head_size": 75.0246, "hand_box_center": [222.7111129760742, 262.30674743652344], "is_left": 1, "is_mpii": 0}