{"mpii_body_pts": [[0.0, 0.0, 0.0], [196.3275, 147.562, 0.620473], [194.306, 107.597, 0.733373], [191.877, 27.7139, 0.576757], [0.0, 0.0, 0.0], [0.0, 0.0, 0.0], [0.0, 0.0, 0.0], [0.0, 0.0, 0.0], [0.0, 0.0, 0.0], [0.0, 0.0, 0.0], [145.519, 248.623, 0.428169], [99.1671, 234.791, 0.556011], [138.992, 147.578, 0.636564], [253.663, 147.546, 0.604382], [295.095, 227.455, 0.718187], [244.717, 270.66, 0.500103]], "hand_pts": [[145.00900268554685, 251.77505493164057, 1.0], [147.9281921386719, 245.05068969726562, 1.0], [153.94903564453122, 238.32630920410156, 1.0], [160.8821411132813, 237.0541229248047, 1.0], [166.5380859375, 231.42018127441406, 1.0], [160.51724243164062, 247.95852661132815, 1.0], [173.1062774658203, 242.6880645751953, 1.0], [178.39732360839844, 238.32630920410156, 1.0], [182.4112091064453, 235.23672485351562, 1.0], [161.7943878173828, 255.40985107421872, 1.0], [174.56587219238276, 249.04896545410153, 1.0], [168.90992736816406, 245.59590148925778, 1.0], [164.53112792968753, 247.2315673828125, 1.0], [160.51724243164062, 260.1351013183594, 1.0], [174.20097351074216, 254.8646392822266, 1.0], [168.18013000488278, 252.32028198242193, 1.0], [164.16622924804688, 253.77420043945312, 1.0], [160.15232849121097, 265.0420837402344, 1.0], [168.36257934570318, 261.4072875976563, 1.0], [167.08543395996097, 259.044647216797, 1.0], [163.9837799072266, 259.22640991210926, 1.0]], "head_box": [[165.2493, 27.7139], [218.5047, 107.597]], "head_size": 79.8831, "hand_box_center": [163.7101058959961, 248.23113250732422], "is_left": 0, "is_mpii": 0}