{"mpii_body_pts": [[0.0, 0.0, 0.0], [200.808, 136.551, 0.494805], [198.399, 107.599, 0.676754], [191.041, 32.6071, 0.646896], [0.0, 0.0, 0.0], [0.0, 0.0, 0.0], [0.0, 0.0, 0.0], [0.0, 0.0, 0.0], [0.0, 0.0, 0.0], [0.0, 0.0, 0.0], [0.0, 0.0, 0.0], [65.8497, 139.37, 0.649041], [139.017, 129.624, 0.3681], [262.599, 143.478, 0.62151], [290.271, 250.274, 0.730056], [241.459, 258.438, 0.589075]], "hand_pts": [[239.6258087158203, 257.79721069335943, 1.0], [234.2275390625, 252.5991668701172, 1.0], [214.07397460937494, 261.38204956054693, 1.0], [207.41610717773443, 269.08947753906256, 1.0], [203.63731384277347, 275.7214355468749, 1.0], [215.33357238769534, 261.2027893066406, 1.0], [204.53701782226565, 271.7781066894531, 1.0], [198.95880126953125, 278.76855468749994, 1.0], [194.28030395507815, 284.86279296875, 1.0], [220.37196350097656, 269.08947753906256, 1.0], [208.3158111572266, 279.66476440429693, 1.0], [202.37771606445315, 285.4005126953125, 1.0], [198.77886962890622, 288.8061218261719, 1.0], [224.8705291748047, 274.64596557617193, 1.0], [213.17427062988273, 285.4005126953125, 1.0], [208.6757049560547, 289.16461181640636, 1.0], [205.97656249999997, 290.0608215332032, 1.0], [229.18914794921878, 280.0232543945313, 1.0], [220.37196350097656, 288.2684020996094, 1.0], [218.93241882324222, 289.8815612792969, 1.0], [216.05334472656247, 291.1362609863281, 1.0]], "head_box": [[166.0437, 32.6071], [216.0383, 107.599]], "head_size": 74.9919, "hand_box_center": [216.95305633544922, 271.86771392822266], "is_left": 1, "is_mpii": 0}