{"mpii_body_pts": [[0.0, 0.0, 0.0], [200.808, 138.583, 0.3819565], [190.245, 110.878, 0.625045], [176.418, 34.2507, 0.540924], [0.0, 0.0, 0.0], [0.0, 0.0, 0.0], [0.0, 0.0, 0.0], [0.0, 0.0, 0.0], [0.0, 0.0, 0.0], [0.0, 0.0, 0.0], [0.0, 0.0, 0.0], [126.806, 158.146, 0.385614], [157.718, 140.206, 0.224062], [243.898, 136.96, 0.539851], [263.427, 230.712, 0.483751], [224.388, 174.474, 0.482778]], "hand_pts": [[226.84374999999997, 176.84374999999997, 1.0], [227.09820556640625, 157.49150085449222, 1.0], [233.0148010253906, 144.13784790039065, 1.0], [241.29804992675778, 136.47914123535153, 1.0], [248.9896240234375, 129.21318054199216, 1.0], [234.7897796630859, 147.2798919677734, 1.0], [243.27024841308597, 141.97770690917972, 1.0], [246.8202056884766, 136.87188720703128, 1.0], [250.17295837402344, 131.76608276367185, 1.0], [234.59255981445315, 155.33135986328128, 1.0], [238.5369720458984, 146.29800415039062, 1.0], [239.52307128906247, 136.47914123535153, 1.0], [239.12863159179688, 129.4095458984375, 1.0], [233.80368041992188, 158.8661499023438, 1.0], [237.15641784667977, 152.3856964111328, 1.0], [237.94529724121094, 144.92335510253906, 1.0], [237.94529724121094, 138.63928222656244, 1.0], [226.30931091308597, 166.13211059570315, 1.0], [231.04260253906247, 161.22267150878906, 1.0], [232.42314147949222, 156.70599365234375, 1.0], [232.22592163085938, 152.3856964111328, 1.0]], "head_box": [[150.87556666666669, 34.2507], [201.96043333333333, 110.878]], "head_size": 76.62729999999999, "hand_box_center": [238.2411346435547, 153.02846527099607], "is_left": 1, "is_mpii": 0}