{"mpii_body_pts": [[0.0, 0.0, 0.0], [191.873, 141.8635, 0.6523924999999999], [190.239, 110.878, 0.707373], [184.534, 36.6981, 0.689553], [0.0, 0.0, 0.0], [0.0, 0.0, 0.0], [0.0, 0.0, 0.0], [0.0, 0.0, 0.0], [0.0, 0.0, 0.0], [0.0, 0.0, 0.0], [141.464, 172.01, 0.62157], [125.978, 230.677, 0.575475], [139.03, 144.304, 0.634577], [244.716, 139.423, 0.670208], [277.241, 238.025, 0.720037], [217.891, 244.588, 0.671581]], "hand_pts": [[149.86131286621097, 163.07167053222656, 1.0], [156.06953430175776, 158.7261047363281, 1.0], [164.4590301513672, 147.5279388427735, 1.0], [168.65376281738278, 136.83117675781253, 1.0], [173.18409729003906, 128.97573852539062, 1.0], [154.22384643554688, 138.50254821777347, 1.0], [155.56616210937497, 129.14288330078125, 1.0], [159.0897521972656, 122.95881652832031, 1.0], [164.29122924804688, 113.93342590332033, 1.0], [145.1631927490234, 139.33822631835946, 1.0], [155.39837646484378, 132.81988525390622, 1.0], [161.60659790039062, 144.18519592285153, 1.0], [161.10322570800776, 151.03781127929688, 1.0], [140.46508789062503, 140.67532348632812, 1.0], [150.1968994140625, 137.83399963378906, 1.0], [155.23059082031247, 146.02371215820315, 1.0], [155.06278991699222, 152.37490844726565, 1.0], [135.7669677734375, 148.53076171874997, 1.0], [144.99540710449222, 147.19366455078122, 1.0], [150.532470703125, 149.86785888671878, 1.0], [152.04257202148438, 154.88195800781253, 1.0]], "head_box": [[159.80736666666667, 36.6981], [209.26063333333332, 110.878]], "head_size": 74.1799, "hand_box_center": [154.47553253173828, 138.50254821777344], "is_left": 0, "is_mpii": 0}