{"mpii_body_pts": [[82.9295, 134.923, 0.114737], [200.4085, 145.941, 0.6014995], [198.354, 112.494, 0.66875], [191.87, 34.2191, 0.619161], [0.0, 0.0, 0.0], [0.0, 0.0, 0.0], [165.859, 269.846, 0.229474], [0.0, 0.0, 0.0], [0.0, 0.0, 0.0], [0.0, 0.0, 0.0], [170.723, 264.931, 0.39234], [112.205, 250.283, 0.578457], [139.84, 145.949, 0.660183], [260.977, 145.933, 0.542816], [291.062, 250.239, 0.719404], [236.6, 264.956, 0.683207]], "hand_pts": [[240.90625, 265.90624999999994, 1.0], [232.3024597167969, 257.8424682617188, 1.0], [216.4764251708984, 251.85827636718756, 1.0], [202.2530212402344, 248.86616516113276, 1.0], [192.63720703125, 248.06828308105472, 1.0], [216.07577514648438, 257.64300537109375, 1.0], [198.8474273681641, 258.041961669922, 1.0], [191.63555908203125, 259.6377258300781, 1.0], [186.42698669433594, 261.03405761718744, 1.0], [213.67181396484372, 269.2124633789063, 1.0], [197.8457794189453, 270.80825805664057, 1.0], [188.83094787597662, 270.80825805664057, 1.0], [183.22172546386716, 271.20721435546875, 1.0], [212.87049865722662, 279.7845458984375, 1.0], [202.6536865234375, 283.7740173339844, 1.0], [194.84083557128906, 283.97351074218733, 1.0], [188.83094787597662, 283.1755981445313, 1.0], [217.47807312011716, 284.57192993164057, 1.0], [207.66192626953125, 289.5587463378906, 1.0], [198.4467620849609, 290.755615234375, 1.0], [192.03622436523443, 290.5561218261719, 1.0]], "head_box": [[165.77836666666667, 34.2191], [217.96163333333334, 112.494]], "head_size": 78.2749, "hand_box_center": [212.0639877319336, 269.41194915771484], "is_left": 1, "is_mpii": 0}