{"mpii_body_pts": [[0.0, 0.0, 0.0], [200.7975, 145.92950000000002, 0.5914495], [197.558, 108.418, 0.743973], [191.034, 30.1522, 0.594015], [0.0, 0.0, 0.0], [0.0, 0.0, 0.0], [0.0, 0.0, 0.0], [0.0, 0.0, 0.0], [0.0, 0.0, 0.0], [0.0, 0.0, 0.0], [155.289, 179.321, 0.435823], [113.001, 204.611, 0.309767], [146.332, 145.116, 0.544352], [255.263, 146.743, 0.638547], [282.901, 237.2, 0.702202], [0.0, 0.0, 0.0]], "hand_pts": [[156.9128570556641, 181.92634582519534, 1.0], [162.3863525390625, 175.5654449462891, 1.0], [169.0, 174.0, 1.0], [177.34724426269534, 169.20454406738276, 1.0], [178.8068389892578, 159.93580627441406, 1.0], [181.5435943603515, 176.11067199707028, 1.0], [196.86936950683594, 175.5654449462891, 1.0], [205.6269683837891, 174.83848571777347, 1.0], [212.37760925292974, 174.29327392578122, 1.0], [183.00318908691406, 181.3811187744141, 1.0], [199.42367553710938, 180.83590698242193, 1.0], [210.37066650390625, 179.38198852539065, 1.0], [217.66865539550776, 177.9280700683594, 1.0], [182.45584106445315, 186.83332824707034, 1.0], [198.87632751464844, 186.83332824707034, 1.0], [208.36370849609378, 184.28895568847656, 1.0], [214.01965332031244, 181.92634582519534, 1.0], [181.17868041992188, 192.83073425292974, 1.0], [193.76773071289062, 193.5576934814453, 1.0], [199.9710235595703, 193.5576934814453, 1.0], [205.44451904296875, 193.73944091796878, 1.0]], "head_box": [[164.94539999999998, 30.1522], [217.1226, 108.418]], "head_size": 78.26580000000001, "hand_box_center": [187.29075622558594, 176.8376235961914], "is_left": 0, "is_mpii": 0}