{"mpii_body_pts": [[0.0, 0.0, 0.0], [195.9385, 147.549, 0.610368], [198.34, 113.285, 0.732216], [191.874, 31.7944, 0.540872], [0.0, 0.0, 0.0], [0.0, 0.0, 0.0], [0.0, 0.0, 0.0], [0.0, 0.0, 0.0], [0.0, 0.0, 0.0], [0.0, 0.0, 0.0], [0.0, 0.0, 0.0], [101.639, 163.857, 0.21785], [136.589, 146.721, 0.597928], [255.288, 148.377, 0.622808], [282.134, 238.877, 0.727863], [0.0, 0.0, 0.0]], "hand_pts": [[230.92466735839844, 297.2332458496093, 1.0], [220.67364501953122, 295.06240844726557, 1.0], [206.81521606445315, 299.96231079101557, 1.0], [197.13490295410153, 306.87588500976574, 1.0], [190.92489624023443, 308.69525146484375, 1.0], [206.99786376953122, 308.69525146484375, 1.0], [193.629150390625, 317.80236816406256, 1.0], [186.61761474609375, 321.39288330078136, 1.0], [180.40739440917972, 323.9860534667968, 1.0], [212.65992736816406, 313.9714050292969, 1.0], [198.4370574951172, 322.9886779785155, 1.0], [189.62255859374997, 325.3823547363281, 1.0], [181.9751739501953, 327.07086181640636, 1.0], [217.59141540527347, 319.065643310547, 1.0], [203.89286804199222, 326.52505493164057, 1.0], [195.49108886718753, 328.7082824707031, 1.0], [187.63725280761722, 329.6179809570313, 1.0], [219.96583557128906, 323.2501831054688, 1.0], [209.18963623046875, 330.5276489257813, 1.0], [205.17138671875, 331.8012084960937, 1.0], [200.84101867675778, 331.36657714843744, 1.0]], "head_box": [[164.71046666666666, 31.7944], [219.03753333333333, 113.285]], "head_size": 81.4906, "hand_box_center": [205.66603088378906, 313.43180847167963], "is_left": 1, "is_mpii": 0}