{"mpii_body_pts": [[0.0, 0.0, 0.0], [182.933, 138.1945, 0.4889195], [186.174, 113.289, 0.763066], [182.923, 30.9886, 0.458058], [0.0, 0.0, 0.0], [0.0, 0.0, 0.0], [0.0, 0.0, 0.0], [0.0, 0.0, 0.0], [0.0, 0.0, 0.0], [0.0, 0.0, 0.0], [0.0, 0.0, 0.0], [143.909, 198.085, 0.683974], [139.032, 142.668, 0.62693], [226.834, 133.721, 0.350909], [264.257, 210.342, 0.651685], [254.472, 161.424, 0.559617]], "hand_pts": [[207.40419006347656, 126.30416870117189, 1.0], [217.82519531250003, 128.15782165527347, 1.0], [228.2462005615234, 122.59686279296875, 1.0], [239.41156005859378, 122.22613525390625, 1.0], [246.66905212402338, 120.18711853027344, 1.0], [229.73492431640625, 109.6212921142578, 1.0], [241.45855712890625, 100.16765594482422, 1.0], [246.29687499999997, 94.60669708251952, 1.0], [250.76301574707028, 88.11891174316405, 1.0], [228.06011962890625, 107.21154022216798, 1.0], [243.50553894042974, 114.25542449951172, 1.0], [234.94541931152347, 125.19197845458982, 1.0], [229.92100524902344, 130.38220214843756, 1.0], [228.06011962890625, 112.03104400634767, 1.0], [244.0637969970703, 120.37248229980466, 1.0], [240.71418762207028, 128.52854919433594, 1.0], [239.03938293457028, 135.2017059326172, 1.0], [228.43229675292977, 117.7773666381836, 1.0], [240.52810668945318, 123.15296173095702, 1.0], [244.43597412109375, 126.11880493164061, 1.0], [248.52995300292972, 130.7529449462891, 1.0]], "head_box": [[155.48953333333333, 30.9886], [210.35646666666668, 113.289]], "head_size": 82.3004, "hand_box_center": [229.08360290527344, 111.66030883789062], "is_left": 0, "is_mpii": 0}