{"mpii_body_pts": [[0.0, 0.0, 0.0], [199.1825, 136.127, 0.6083295], [197.555, 111.689, 0.634649], [185.385, 32.6156, 0.579301], [0.0, 0.0, 0.0], [0.0, 0.0, 0.0], [0.0, 0.0, 0.0], [0.0, 0.0, 0.0], [0.0, 0.0, 0.0], [0.0, 0.0, 0.0], [141.47, 212.781, 0.273679], [90.2354, 220.917, 0.395536], [138.213, 139.401, 0.630247], [260.152, 132.853, 0.586412], [328.464, 217.658, 0.724628], [269.921, 211.929, 0.659403]], "hand_pts": [[140.9458312988281, 219.07110595703128, 1.0], [148.78758239746094, 212.56173706054688, 1.0], [160.73692321777344, 207.72621154785156, 1.0], [176.6071319580078, 211.44584655761724, 1.0], [178.10079956054685, 206.7962951660156, 1.0], [165.9647521972656, 221.30288696289065, 1.0], [178.6609344482422, 234.50761413574216, 1.0], [183.70205688476562, 241.3889465332032, 1.0], [188.5564727783203, 250.13009643554688, 1.0], [163.16412353515622, 228.18421936035156, 1.0], [177.3539733886719, 241.01698303222656, 1.0], [185.19572448730472, 250.13009643554688, 1.0], [190.98368835449222, 259.24319458007807, 1.0], [162.79071044921875, 233.3917236328125, 1.0], [174.3666381835938, 241.7609100341797, 1.0], [182.76850891113278, 249.57214355468753, 1.0], [188.36976623535153, 255.7095489501953, 1.0], [165.59133911132815, 235.25154113769534, 1.0], [177.72738647460943, 242.50483703613278, 1.0], [184.44889831542977, 245.10858154296875, 1.0], [190.42355346679685, 247.15437316894528, 1.0]], "head_box": [[159.0272, 32.6156], [211.7428, 111.689]], "head_size": 79.07339999999999, "hand_box_center": [165.96475982666016, 233.01974487304682], "is_left": 0, "is_mpii": 0}