{"mpii_body_pts": [[0.0, 0.0, 0.0], [182.51999999999998, 141.0325, 0.568978], [191.075, 108.449, 0.818184], [187.814, 30.1881, 0.499534], [0.0, 0.0, 0.0], [0.0, 0.0, 0.0], [0.0, 0.0, 0.0], [0.0, 0.0, 0.0], [0.0, 0.0, 0.0], [0.0, 0.0, 0.0], [0.0, 0.0, 0.0], [117.062, 217.66, 0.479841], [134.134, 144.283, 0.670936], [230.906, 137.782, 0.46702], [270.732, 224.207, 0.541267], [256.107, 172.855, 0.613829]], "hand_pts": [[249.84237670898443, 166.09117126464838, 1.0], [245.18917846679688, 158.3042144775391, 1.0], [240.7220916748047, 145.32594299316406, 1.0], [236.441146850586, 136.42654418945315, 1.0], [232.34632873535156, 131.42063903808597, 1.0], [251.88978576660153, 143.65730285644534, 1.0], [253.00656127929685, 133.2746887207031, 1.0], [251.14527893066406, 125.6731185913086, 1.0], [247.6088409423828, 121.40882873535155, 1.0], [255.61235046386716, 146.6237640380859, 1.0], [257.2875061035156, 136.9827575683594, 1.0], [255.98460388183594, 131.0498352050781, 1.0], [253.93719482421875, 126.60014343261719, 1.0], [258.40426635742193, 151.07345581054685, 1.0], [260.82394409179693, 144.2135162353515, 1.0], [260.82394409179693, 138.09518432617185, 1.0], [259.1487731933595, 130.6790313720703, 1.0], [260.26556396484375, 157.00637817382812, 1.0], [263.4297485351563, 149.59022521972656, 1.0], [262.87133789062494, 145.32594299316406, 1.0], [262.12683105468744, 139.94921875, 1.0]], "head_box": [[161.72703333333334, 30.1881], [213.90096666666665, 108.449]], "head_size": 78.26089999999999, "hand_box_center": [247.88803863525393, 143.74999999999997], "is_left": 1, "is_mpii": 0}