{"mpii_body_pts": [[0.0, 0.0, 0.0], [195.933, 143.885, 0.593899], [187.818, 111.678, 0.69532], [178.017, 35.0147, 0.632], [0.0, 0.0, 0.0], [0.0, 0.0, 0.0], [0.0, 0.0, 0.0], [0.0, 0.0, 0.0], [0.0, 0.0, 0.0], [0.0, 0.0, 0.0], [128.453, 141.057, 0.515618], [110.573, 229.89, 0.483469], [145.523, 147.581, 0.558843], [246.343, 140.189, 0.628955], [275.629, 237.217, 0.702705], [205.697, 226.649, 0.518218]], "hand_pts": [[137.52606201171875, 137.1102600097656, 1.0], [143.86320495605472, 130.4370574951172, 1.0], [146.0359344482422, 120.6977996826172, 1.0], [154.54580688476562, 111.86032104492188, 1.0], [159.79658508300776, 107.35140991210938, 1.0], [145.6738128662109, 105.18712615966797, 1.0], [154.00262451171875, 99.956787109375, 1.0], [161.06401062011716, 95.80857849121094, 1.0], [166.85797119140625, 92.38180541992188, 1.0], [140.78515625, 107.35140991210938, 1.0], [154.36474609375, 108.0728302001953, 1.0], [157.08065795898443, 117.99244689941405, 1.0], [156.89959716796875, 126.10849761962888, 1.0], [134.99119567871094, 111.49961090087892, 1.0], [148.20866394042972, 110.59782409667969, 1.0], [150.01927185058594, 119.9763717651367, 1.0], [148.20866394042972, 127.91206359863283, 1.0], [131.73210144042974, 117.99244689941405, 1.0], [142.9578857421875, 116.18888092041014, 1.0], [147.66548156738278, 121.23886871337889, 1.0], [149.83821105957034, 126.28885650634766, 1.0]], "head_box": [[152.46256666666667, 35.0147], [203.57143333333332, 111.678]], "head_size": 76.66329999999999, "hand_box_center": [149.295036315918, 114.74603271484374], "is_left": 0, "is_mpii": 0}