{"mpii_body_pts": [[0.0, 0.0, 0.0], [185.363, 142.2625, 0.520463], [187.819, 112.502, 0.735168], [180.487, 32.6131, 0.519335], [0.0, 0.0, 0.0], [0.0, 0.0, 0.0], [0.0, 0.0, 0.0], [0.0, 0.0, 0.0], [0.0, 0.0, 0.0], [0.0, 0.0, 0.0], [0.0, 0.0, 0.0], [154.485, 220.925, 0.504349], [139.011, 144.306, 0.64409], [231.715, 140.219, 0.396836], [262.605, 204.628, 0.739687], [252.835, 151.621, 0.60996]], "hand_pts": [[248.13067626953122, 145.4303894042969, 1.0], [242.2922821044922, 140.70513916015622, 1.0], [242.37489318847656, 130.81274414062503, 1.0], [243.17672729492185, 123.82662963867189, 1.0], [242.37489318847656, 120.03417205810547, 1.0], [255.20433044433594, 119.0361557006836, 1.0], [259.4139709472655, 108.25757598876953, 1.0], [262.8218078613281, 100.87226104736328, 1.0], [265.62823486328125, 93.48693847656249, 1.0], [260.2158203125, 122.03020477294922, 1.0], [268.6351318359375, 110.65281677246091, 1.0], [274.0475463867188, 103.26750183105467, 1.0], [280.2618103027344, 96.88019561767578, 1.0], [263.22271728515625, 127.21988677978516, 1.0], [271.64202880859375, 117.04012298583986, 1.0], [277.8562927246094, 110.45321655273438, 1.0], [282.0659484863281, 104.86432647705078, 1.0], [265.62823486328125, 133.4075927734375, 1.0], [272.04296875, 127.21988677978516, 1.0], [276.05215454101557, 122.82861328125001, 1.0], [279.259521484375, 118.63694763183594, 1.0]], "head_box": [[153.85736666666668, 32.6131], [207.1166333333333, 112.502]], "head_size": 79.88889999999999, "hand_box_center": [262.17911529541016, 119.45866394042969], "is_left": 1, "is_mpii": 0}