{"mpii_body_pts": [[0.0, 0.0, 0.0], [198.76850000000002, 138.5995, 0.6632635], [188.61, 119.019, 0.699807], [177.233, 35.9043, 0.549079], [0.0, 0.0, 0.0], [0.0, 0.0, 0.0], [0.0, 0.0, 0.0], [0.0, 0.0, 0.0], [0.0, 0.0, 0.0], [0.0, 0.0, 0.0], [0.0, 0.0, 0.0], [100.847, 213.585, 0.612496], [141.458, 132.9, 0.695255], [256.079, 144.299, 0.631272], [273.167, 244.577, 0.737623], [217.876, 185.079, 0.620758]], "hand_pts": [[218.71319580078122, 183.89324951171878, 1.0], [208.71765136718747, 182.44500732421875, 1.0], [198.90385437011716, 178.46234130859384, 1.0], [191.99784851074222, 171.04013061523443, 1.0], [187.27268981933594, 163.25584411621094, 1.0], [206.3550720214844, 157.6439208984375, 1.0], [200.53948974609378, 144.79080200195312, 1.0], [198.35864257812503, 136.10136413574216, 1.0], [197.6316986083984, 125.78266143798828, 1.0], [210.89849853515628, 159.99729919433594, 1.0], [196.17779541015622, 156.0146484375, 1.0], [194.36042785644537, 162.35069274902344, 1.0], [196.35954284667974, 168.3246765136719, 1.0], [209.62634277343753, 165.2471618652344, 1.0], [195.45085144042974, 165.6092224121094, 1.0], [197.0864868164063, 172.48835754394534, 1.0], [199.44906616210938, 179.18646240234378, 1.0], [209.98980712890625, 172.85041809082034, 1.0], [194.36042785644537, 173.21247863769534, 1.0], [189.9987487792969, 176.65205383300778, 1.0], [183.0927429199219, 179.91058349609375, 1.0]], "head_box": [[149.5281, 35.9043], [204.9379, 119.019]], "head_size": 83.1147, "hand_box_center": [200.90296936035156, 154.83795547485352], "is_left": 1, "is_mpii": 0}