{"mpii_body_pts": [[0.0, 0.0, 0.0], [188.20749999999998, 147.965, 0.641506], [186.173, 113.319, 0.73532], [178.027, 35.0199, 0.65084], [0.0, 0.0, 0.0], [0.0, 0.0, 0.0], [0.0, 0.0, 0.0], [0.0, 0.0, 0.0], [0.0, 0.0, 0.0], [0.0, 0.0, 0.0], [159.374, 196.467, 0.61027], [125.195, 246.19, 0.558141], [132.509, 157.333, 0.633306], [243.906, 138.597, 0.649706], [260.149, 227.456, 0.592858], [222.764, 172.826, 0.627148]], "hand_pts": [[222.15625, 167.46875, 1.0], [214.42546081542977, 159.83567810058594, 1.0], [212.1745452880859, 148.2216796875, 1.0], [217.9041595458984, 134.36636352539062, 1.0], [219.54119873046875, 125.1974105834961, 1.0], [223.8383941650391, 126.62369537353514, 1.0], [225.88468933105472, 117.8622512817383, 1.0], [227.31709289550778, 108.28578948974611, 1.0], [227.9309844970703, 101.35813903808592, 1.0], [224.04302978515622, 130.90254211425778, 1.0], [226.70320129394526, 120.51106262207033, 1.0], [227.9309844970703, 109.30455780029297, 1.0], [229.15875244140625, 99.5243453979492, 1.0], [224.04302978515622, 135.99639892578128, 1.0], [231.00041198730474, 126.01242828369139, 1.0], [233.4559631347656, 114.60218048095703, 1.0], [236.32077026367188, 105.63697814941403, 1.0], [224.04302978515622, 143.73907470703122, 1.0], [230.18190002441406, 136.60766601562503, 1.0], [234.27447509765622, 126.62369537353514, 1.0], [238.57168579101557, 118.67726898193361, 1.0]], "head_box": [[151.92729999999997, 35.0199], [204.1267, 113.319]], "head_size": 78.29910000000001, "hand_box_center": [225.37311553955072, 133.4965476989746], "is_left": 1, "is_mpii": 0}