{"mpii_body_pts": [[0.0, 0.0, 0.0], [197.983, 145.51850000000002, 0.567327], [192.706, 114.944, 0.771926], [193.495, 29.3265, 0.478177], [0.0, 0.0, 0.0], [0.0, 0.0, 0.0], [0.0, 0.0, 0.0], [0.0, 0.0, 0.0], [0.0, 0.0, 0.0], [0.0, 0.0, 0.0], [126.82, 119.82, 0.520308], [121.95, 205.472, 0.559308], [146.37, 145.109, 0.490771], [249.596, 145.928, 0.643883], [276.408, 235.604, 0.628133], [0.0, 0.0, 0.0]], "hand_pts": [[130.90649414062503, 120.52027130126952, 1.0], [136.55876159667972, 114.70837402343749, 1.0], [139.47494506835938, 100.10411834716797, 1.0], [136.5221862792969, 95.3653869628906, 1.0], [137.50643920898443, 88.9925994873047, 1.0], [133.24131774902344, 102.71858978271484, 1.0], [130.4525909423828, 91.4436721801758, 1.0], [128.15599060058594, 84.25386810302733, 1.0], [127.99194335937503, 78.20789337158203, 1.0], [127.99194335937503, 103.53561401367188, 1.0], [128.32003784179693, 91.28026580810548, 1.0], [133.56941223144528, 98.63347625732419, 1.0], [135.5379180908203, 104.18923187255857, 1.0], [124.05491638183595, 105.00625610351561, 1.0], [125.03916931152344, 94.22154998779298, 1.0], [129.79641723632812, 102.39178466796876, 1.0], [131.1087646484375, 109.7449951171875, 1.0], [116.86698150634766, 106.17214965820311, 1.0], [120.6100082397461, 99.77731323242186, 1.0], [126.84364318847656, 98.14326477050783, 1.0], [131.9289703369141, 98.63347625732419, 1.0]], "head_box": [[164.95583333333335, 29.3265], [222.03416666666666, 114.944]], "head_size": 85.6175, "hand_box_center": [128.17096328735352, 99.36408233642578], "is_left": 0, "is_mpii": 0}