{"mpii_body_pts": [[0.0, 0.0, 0.0], [197.55599999999998, 143.8845, 0.52188], [191.901, 120.637, 0.70278], [178.047, 35.8432, 0.587724], [0.0, 0.0, 0.0], [0.0, 0.0, 0.0], [0.0, 0.0, 0.0], [0.0, 0.0, 0.0], [0.0, 0.0, 0.0], [0.0, 0.0, 0.0], [94.2814, 128.813, 0.348485], [93.5033, 185.031, 0.711182], [137.397, 147.554, 0.482893], [257.715, 140.215, 0.560867], [295.927, 239.679, 0.734531], [234.152, 263.339, 0.683269]], "hand_pts": [[108.05731964111331, 87.49082946777347, 1.0], [114.94692993164064, 85.45053863525389, 1.0], [124.62962341308594, 75.0635986328125, 1.0], [119.6020736694336, 66.34598541259764, 1.0], [122.58135986328125, 58.741260528564446, 1.0], [119.97447967529298, 57.07192993164062, 1.0], [122.95377349853516, 43.16084671020508, 1.0], [122.95377349853516, 33.701313018798835, 1.0], [121.65033721923827, 25.35466194152832, 1.0], [113.64349365234376, 56.51548767089843, 1.0], [116.80899047851561, 40.93507385253906, 1.0], [117.55381011962888, 32.4029426574707, 1.0], [117.7400131225586, 23.1288890838623, 1.0], [106.94008636474611, 60.22510910034181, 1.0], [106.7538833618164, 47.98335647583007, 1.0], [109.54696655273438, 57.62837219238282, 1.0], [109.73316955566406, 65.97502136230467, 1.0], [97.81600952148438, 65.4185791015625, 1.0], [98.18842315673827, 57.07192993164062, 1.0], [102.84356689453125, 60.781551361083984, 1.0], [105.8228530883789, 66.16049957275388, 1.0]], "head_box": [[149.7824, 35.8432], [206.3116, 120.637]], "head_size": 84.7938, "hand_box_center": [111.22281646728516, 55.309859275817885], "is_left": 0, "is_mpii": 0}