{"mpii_body_pts": [[0.0, 0.0, 0.0], [182.91899999999998, 147.1575, 0.626277], [179.675, 126.346, 0.704112], [176.427, 41.5446, 0.595279], [0.0, 0.0, 0.0], [0.0, 0.0, 0.0], [0.0, 0.0, 0.0], [0.0, 0.0, 0.0], [0.0, 0.0, 0.0], [0.0, 0.0, 0.0], [0.0, 0.0, 0.0], [123.589, 263.312, 0.584716], [128.457, 155.715, 0.641038], [237.381, 138.6, 0.611516], [265.027, 197.274, 0.330419], [295.108, 190.771, 0.275578]], "hand_pts": [[265.9190673828125, 193.4114532470703, 1.0], [273.72930908203125, 185.06233215332034, 1.0], [290.8737487792969, 181.0775299072266, 1.0], [300.20794677734375, 179.1800079345703, 1.0], [311.41070556640625, 173.78909301757812, 1.0], [300.58892822265625, 191.70367431640622, 1.0], [309.10842895507807, 193.17060852050776, 1.0], [313.2944030761719, 190.46136474609378, 1.0], [316.85244750976574, 187.75212097167974, 1.0], [296.3980712890625, 194.1704559326172, 1.0], [304.017822265625, 197.20649719238278, 1.0], [311.82806396484375, 193.03195190429688, 1.0], [318.5268249511718, 188.5857391357422, 1.0], [289.5403137207031, 196.44749450683594, 1.0], [300.5272216796875, 197.75549316406247, 1.0], [304.50387573242193, 194.42103576660156, 1.0], [308.6898498535157, 190.66976928710938, 1.0], [283.4444885253907, 198.91427612304685, 1.0], [287.4448547363282, 199.1040344238281, 1.0], [292.58819580078125, 199.67329406738276, 1.0], [296.58856201171875, 199.48353576660153, 1.0]], "head_box": [[148.15986666666666, 41.5446], [204.69413333333333, 126.346]], "head_size": 84.8014, "hand_box_center": [292.2229461669922, 186.73119354248044], "is_left": 1, "is_mpii": 0}