{"mpii_body_pts": [[0.0, 0.0, 0.0], [193.0805, 143.89249999999998, 0.6273965], [190.259, 112.489, 0.716031], [178.896, 35.8974, 0.65335], [0.0, 0.0, 0.0], [0.0, 0.0, 0.0], [0.0, 0.0, 0.0], [0.0, 0.0, 0.0], [0.0, 0.0, 0.0], [0.0, 0.0, 0.0], [108.123, 189.136, 0.29424], [99.9877, 241.297, 0.559283], [139.81, 147.549, 0.644513], [246.351, 140.236, 0.61028], [273.993, 236.4, 0.619377], [0.0, 0.0, 0.0]], "hand_pts": [[120.9330368041992, 167.80070495605472, 1.0], [127.2029113769531, 171.54798889160156, 1.0], [137.59298706054688, 179.0425567626953, 1.0], [143.68371582031247, 184.93115234375, 1.0], [150.49099731445318, 185.10958862304682, 1.0], [128.81517028808594, 182.07608032226562, 1.0], [127.56118774414062, 189.03532409667972, 1.0], [126.1280746459961, 194.56703186035156, 1.0], [126.1280746459961, 199.92028808593756, 1.0], [120.39562225341797, 181.71919250488273, 1.0], [118.06681060791017, 188.1431121826172, 1.0], [117.70853424072266, 193.31793212890625, 1.0], [117.35025787353514, 198.84963989257812, 1.0], [113.5883331298828, 179.93476867675776, 1.0], [109.46813201904297, 187.2509002685547, 1.0], [108.93071746826172, 191.71195983886716, 1.0], [108.93071746826172, 197.60054016113276, 1.0], [108.03501892089844, 177.43658447265625, 1.0], [104.81051635742186, 181.89764404296878, 1.0], [102.12342834472653, 185.8233642578125, 1.0], [101.40686798095705, 189.74908447265622, 1.0]], "head_box": [[153.36546666666666, 35.8974], [204.4265333333333, 112.489]], "head_size": 76.5916, "hand_box_center": [125.9489326477051, 183.86049652099615], "is_left": 0, "is_mpii": 0}