{"mpii_body_pts": [[0.0, 0.0, 0.0], [200.808, 136.551, 0.494805], [198.399, 107.599, 0.676754], [191.041, 32.6071, 0.646896], [0.0, 0.0, 0.0], [0.0, 0.0, 0.0], [0.0, 0.0, 0.0], [0.0, 0.0, 0.0], [0.0, 0.0, 0.0], [0.0, 0.0, 0.0], [0.0, 0.0, 0.0], [65.8497, 139.37, 0.649041], [139.017, 129.624, 0.3681], [262.599, 143.478, 0.62151], [290.271, 250.274, 0.730056], [241.459, 258.438, 0.589075]], "hand_pts": [[93.70720672607422, 49.3369483947754, 1.0], [102.34444427490236, 49.51619338989257, 1.0], [109.0023193359375, 45.035133361816406, 1.0], [116.3799591064453, 38.403167724609375, 1.0], [125.1971435546875, 36.07301712036133, 1.0], [96.2423629760742, 33.31052780151366, 1.0], [90.99700164794923, 31.278602600097653, 1.0], [87.79150390625001, 30.552913665771484, 1.0], [82.6918487548828, 28.375850677490234, 1.0], [89.68566131591797, 34.47162628173827, 1.0], [85.1688232421875, 30.98832702636718, 1.0], [80.65198516845702, 27.214752197265625, 1.0], [78.32071685791014, 24.021726608276364, 1.0], [82.98325347900392, 34.18135070800781, 1.0], [78.17501068115234, 27.650163650512695, 1.0], [76.7179641723633, 23.441175460815433, 1.0], [75.98944091796875, 17.345399856567376, 1.0], [77.15249633789058, 36.07301712036133, 1.0], [71.47260284423828, 29.682088851928707, 1.0], [68.69519805908202, 24.959993362426758, 1.0], [65.35301971435547, 19.377325057983402, 1.0]], "head_box": [[166.0437, 32.6071], [216.0383, 107.599]], "head_size": 74.9919, "hand_box_center": [95.27508163452148, 33.43079662322997], "is_left": 0, "is_mpii": 0}