{"mpii_body_pts": [[0.0, 0.0, 0.0], [194.3105, 146.73, 0.6472], [197.578, 112.485, 0.756422], [195.128, 29.3391, 0.505014], [0.0, 0.0, 0.0], [0.0, 0.0, 0.0], [0.0, 0.0, 0.0], [0.0, 0.0, 0.0], [0.0, 0.0, 0.0], [0.0, 0.0, 0.0], [0.0, 0.0, 0.0], [113.829, 204.621, 0.512447], [137.41, 146.712, 0.6571], [251.211, 146.748, 0.6373], [282.113, 233.163, 0.69737], [191.054, 297.555, 0.204452]], "hand_pts": [[220.92361450195312, 288.18777465820307, 1.0], [208.11682128906247, 285.3738708496094, 1.0], [199.64173889160156, 287.625, 1.0], [188.7182922363281, 297.0046997070313, 1.0], [181.3732147216797, 298.880615234375, 1.0], [196.44003295898443, 301.5069274902343, 1.0], [191.16665649414057, 308.8230895996094, 1.0], [187.77661132812497, 313.32534790039057, 1.0], [184.19824218750003, 316.5144348144532, 1.0], [202.27842712402344, 303.75805664062494, 1.0], [197.0050506591797, 311.636993408203, 1.0], [192.29666137695312, 317.07720947265625, 1.0], [188.52995300292972, 321.3918762207031, 1.0], [207.7401580810547, 306.7595520019531, 1.0], [202.09008789062503, 314.2633056640625, 1.0], [198.88839721679693, 318.76556396484375, 1.0], [195.31002807617188, 322.70501708984375, 1.0], [212.26019287109378, 308.0727233886719, 1.0], [207.7401580810547, 315.013671875, 1.0], [204.35011291503912, 318.5779724121093, 1.0], [201.3367614746094, 322.1422424316407, 1.0]], "head_box": [[167.41269999999997, 29.3391], [222.8433, 112.485]], "head_size": 83.1459, "hand_box_center": [201.1484146118164, 304.03944396972656], "is_left": 1, "is_mpii": 0}