{"mpii_body_pts": [[0.0, 0.0, 0.0], [194.29950000000002, 146.329, 0.603974], [188.615, 112.496, 0.717371], [178.064, 35.8803, 0.701545], [0.0, 0.0, 0.0], [0.0, 0.0, 0.0], [0.0, 0.0, 0.0], [0.0, 0.0, 0.0], [0.0, 0.0, 0.0], [0.0, 0.0, 0.0], [195.127, 193.226, 0.256179], [101.628, 238.059, 0.447685], [144.698, 153.264, 0.573998], [243.901, 139.394, 0.63395], [273.167, 237.229, 0.606247], [0.0, 0.0, 0.0]], "hand_pts": [[164.4231719970703, 216.2810821533203, 1.0], [179.2683258056641, 222.33856201171875, 1.0], [191.60946655273443, 220.02246093750003, 1.0], [201.98318481445315, 213.7868194580078, 1.0], [211.28375244140622, 209.33279418945315, 1.0], [197.8694610595703, 206.66036987304688, 1.0], [209.67404174804685, 199.3557586669922, 1.0], [219.33232116699222, 196.86151123046875, 1.0], [226.12890625000003, 196.50518798828128, 1.0], [195.36546325683594, 202.9189910888672, 1.0], [208.77975463867182, 194.54541015625, 1.0], [218.79576110839838, 192.407470703125, 1.0], [225.77117919921872, 191.6948394775391, 1.0], [190.17860412597653, 199.3557586669922, 1.0], [200.0157470703125, 189.91322326660153, 1.0], [210.56832885742196, 187.9534454345703, 1.0], [219.33232116699222, 186.70631408691406, 1.0], [183.5608978271484, 196.14886474609375, 1.0], [191.25175476074213, 187.06263732910156, 1.0], [196.43861389160156, 184.03390502929685, 1.0], [200.5523223876954, 179.2235412597656, 1.0]], "head_box": [[152.52543333333332, 35.8803], [203.60256666666666, 112.496]], "head_size": 76.6157, "hand_box_center": [195.27603912353516, 200.7810516357422], "is_left": 0, "is_mpii": 0}