{"mpii_body_pts": [[0.0, 0.0, 0.0], [191.8785, 143.05849999999998, 0.597001], [197.559, 108.436, 0.777497], [203.267, 29.3254, 0.53813], [0.0, 0.0, 0.0], [0.0, 0.0, 0.0], [0.0, 0.0, 0.0], [0.0, 0.0, 0.0], [0.0, 0.0, 0.0], [0.0, 0.0, 0.0], [0.0, 0.0, 0.0], [78.0395, 201.363, 0.564507], [133.326, 145.905, 0.588088], [250.431, 140.212, 0.605914], [315.425, 198.072, 0.561607], [264.228, 211.177, 0.577258]], "hand_pts": [[137.54556274414054, 219.74505615234375, 1.0], [140.09820556640625, 212.84342956542974, 1.0], [141.92152404785156, 219.56343078613278, 1.0], [142.65084838867193, 226.28343200683594, 1.0], [142.65084838867193, 231.55046081542977, 1.0], [146.11514282226562, 237.36236572265625, 1.0], [148.6677703857422, 248.07804870605472, 1.0], [151.22041320800778, 255.88778686523446, 1.0], [152.67906188964838, 263.15264892578136, 1.0], [149.39709472656247, 237.90722656250003, 1.0], [152.67906188964838, 249.712646484375, 1.0], [155.59635925292974, 260.2467041015625, 1.0], [157.9666595458984, 267.5115661621093, 1.0], [151.58506774902344, 237.72560119628903, 1.0], [155.4140319824219, 248.9861602783203, 1.0], [158.3313293457032, 256.79589843749994, 1.0], [160.1546478271484, 262.60778808593756, 1.0], [153.04371643066406, 235.72776794433594, 1.0], [157.41967773437494, 243.9007415771484, 1.0], [159.78997802734375, 247.71479797363278, 1.0], [161.61329650878906, 251.5288543701172, 1.0]], "head_box": [[176.89679999999998, 29.3254], [229.6372, 108.436]], "head_size": 79.1106, "hand_box_center": [149.5794296264648, 240.17749786376953], "is_left": 0, "is_mpii": 0}