{"mpii_body_pts": [[0.0, 0.0, 0.0], [199.18650000000002, 143.8785, 0.5671094999999999], [196.745, 110.052, 0.636326], [186.985, 35.0274, 0.644694], [0.0, 0.0, 0.0], [0.0, 0.0, 0.0], [0.0, 0.0, 0.0], [0.0, 0.0, 0.0], [0.0, 0.0, 0.0], [0.0, 0.0, 0.0], [145.517, 202.168, 0.512574], [106.528, 236.407, 0.49758], [138.205, 145.086, 0.591159], [260.168, 142.671, 0.54306], [297.562, 243.775, 0.713883], [247.152, 246.214, 0.414278]], "hand_pts": [[144.04850769042972, 203.93678283691406, 1.0], [149.7191467285156, 194.64398193359375, 1.0], [160.69454956054685, 184.62234497070318, 1.0], [176.24305725097653, 175.51174926757812, 1.0], [177.88935852050778, 165.85452270507812, 1.0], [170.26492309570312, 186.31069946289062, 1.0], [185.68913269042972, 186.31069946289062, 1.0], [194.8602752685547, 188.17829895019534, 1.0], [201.73863220214838, 191.49847412109378, 1.0], [170.05648803710943, 195.2336883544922, 1.0], [187.77348327636713, 193.57359313964835, 1.0], [195.2771453857422, 196.06373596191403, 1.0], [199.65428161621094, 198.96888732910156, 1.0], [169.63961791992188, 202.9116058349609, 1.0], [182.56260681152347, 202.9116058349609, 1.0], [190.48313903808597, 203.1191253662109, 1.0], [184.64695739746094, 206.4393005371094, 1.0], [167.7637023925781, 210.79704284667974, 1.0], [176.93486022949216, 210.3820190429688, 1.0], [181.9373016357422, 209.96699523925776, 1.0], [185.89756774902344, 207.6843719482422, 1.0]], "head_box": [[161.97680000000003, 35.0274], [211.9932, 110.052]], "head_size": 75.0246, "hand_box_center": [172.89356994628906, 188.32578277587893], "is_left": 0, "is_mpii": 0}