{"mpii_body_pts": [[0.0, 0.0, 0.0], [186.5745, 148.36599999999999, 0.6297475], [185.347, 114.941, 0.739938], [179.679, 35.0646, 0.635271], [0.0, 0.0, 0.0], [0.0, 0.0, 0.0], [0.0, 0.0, 0.0], [0.0, 0.0, 0.0], [0.0, 0.0, 0.0], [0.0, 0.0, 0.0], [0.0, 0.0, 0.0], [113.86, 252.713, 0.606884], [130.894, 157.331, 0.626463], [242.255, 139.401, 0.633032], [269.11, 232.347, 0.604339], [230.879, 297.566, 0.254763]], "hand_pts": [[175.5534362792969, 279.54608154296875, 1.0], [184.66999816894528, 272.462860107422, 1.0], [203.45011901855474, 268.8304138183594, 1.0], [214.38999938964844, 270.8282470703125, 1.0], [224.0, 270.0, 1.0], [203.45011901855474, 276.64013671875, 1.0], [224.2358703613281, 280.09097290039057, 1.0], [229.3411560058594, 282.8152770996094, 1.0], [230.25280761718753, 286.4477233886719, 1.0], [202.9031219482422, 284.44989013671886, 1.0], [221.31857299804685, 288.082305908203, 1.0], [225.14753723144528, 290.62503051757807, 1.0], [224.41821289062503, 291.89636230468744, 1.0], [201.44447326660153, 292.2596130371094, 1.0], [218.94827270507812, 296.8001708984375, 1.0], [220.7715911865234, 298.4347534179687, 1.0], [218.94827270507812, 299.1612548828125, 1.0], [197.79785156249997, 298.25314331054693, 1.0], [203.99711608886722, 302.2488098144532, 1.0], [207.82606506347656, 303.5201721191406, 1.0], [210.92570495605472, 304.6098937988282, 1.0]], "head_box": [[153.05353333333335, 35.0646], [206.30446666666666, 114.941]], "head_size": 79.8764, "hand_box_center": [202.90312194824222, 286.72015380859375], "is_left": 0, "is_mpii": 0}