{"mpii_body_pts": [[0.0, 0.0, 0.0], [188.2215, 145.519, 0.6458955], [184.582, 113.328, 0.728288], [175.613, 35.0737, 0.66643], [0.0, 0.0, 0.0], [0.0, 0.0, 0.0], [0.0, 0.0, 0.0], [0.0, 0.0, 0.0], [0.0, 0.0, 0.0], [0.0, 0.0, 0.0], [150.398, 191.582, 0.583573], [106.521, 241.291, 0.584873], [134.162, 152.47, 0.674805], [242.281, 138.568, 0.616986], [268.285, 229.076, 0.477804], [0.0, 0.0, 0.0]], "hand_pts": [[142.0, 201.0, 1.0], [149.817138671875, 193.28706359863278, 1.0], [165.07473754882812, 187.74418640136716, 1.0], [181.40934753417972, 187.3865814208984, 1.0], [188.05088806152344, 184.70454406738276, 1.0], [166.5107421875, 181.486083984375, 1.0], [181.22984313964838, 180.59207153320315, 1.0], [188.94839477539062, 181.12847900390628, 1.0], [195.58993530273443, 180.77087402343747, 1.0], [159.33070373535153, 184.5257415771484, 1.0], [175.66529846191406, 185.77735900878906, 1.0], [184.81986999511716, 193.6446685791015, 1.0], [190.20489501953122, 198.47235107421875, 1.0], [154.6636810302734, 188.45939636230474, 1.0], [169.56227111816406, 190.6050262451172, 1.0], [177.46031188964844, 198.11474609374997, 1.0], [180.87083435058597, 203.1212158203125, 1.0], [151.9711608886719, 196.14790344238278, 1.0], [159.68971252441403, 197.0419158935547, 1.0], [164.3567352294922, 198.65115356445312, 1.0], [168.48526000976562, 201.33319091796878, 1.0]], "head_box": [[149.52823333333333, 35.0737], [201.69776666666667, 113.328]], "head_size": 78.2543, "hand_box_center": [168.79496765136722, 191.8566436767578], "is_left": 0, "is_mpii": 0}