{"mpii_body_pts": [[0.0, 0.0, 0.0], [199.1825, 136.127, 0.6083295], [197.555, 111.689, 0.634649], [185.385, 32.6156, 0.579301], [0.0, 0.0, 0.0], [0.0, 0.0, 0.0], [0.0, 0.0, 0.0], [0.0, 0.0, 0.0], [0.0, 0.0, 0.0], [0.0, 0.0, 0.0], [141.47, 212.781, 0.273679], [90.2354, 220.917, 0.395536], [138.213, 139.401, 0.630247], [260.152, 132.853, 0.586412], [328.464, 217.658, 0.724628], [269.921, 211.929, 0.659403]], "hand_pts": [[262.7947692871093, 216.5784759521484, 1.0], [258.60681152343756, 208.8718414306641, 1.0], [253.0055541992187, 209.05781555175778, 1.0], [247.96443176269534, 213.14941406249997, 1.0], [242.36317443847656, 215.7531585693359, 1.0], [250.0182189941406, 224.8662872314453, 1.0], [243.85684204101565, 236.58314514160156, 1.0], [241.80305480957028, 246.62615966796875, 1.0], [239.18913269042972, 256.11123657226557, 1.0], [253.0055541992187, 229.88778686523446, 1.0], [242.54988098144528, 241.97662353515622, 1.0], [239.002426147461, 253.50749206542974, 1.0], [236.76193237304688, 265.4103393554687, 1.0], [252.81884765625003, 234.72332763671875, 1.0], [243.67013549804685, 247.74205017089838, 1.0], [238.25559997558594, 255.92526245117188, 1.0], [233.77459716796872, 264.2944641113282, 1.0], [250.57835388183594, 234.16537475585938, 1.0], [243.67013549804685, 240.8607330322266, 1.0], [236.57521057128906, 249.60188293457028, 1.0], [231.5340881347656, 256.2972412109375, 1.0]], "head_box": [[159.0272, 32.6156], [211.7428, 111.689]], "head_size": 79.07339999999999, "hand_box_center": [247.16442871093744, 237.1410903930664], "is_left": 1, "is_mpii": 0}