{"mpii_body_pts": [[0.0, 0.0, 0.0], [193.5035, 143.8875, 0.6106065], [186.191, 115.77, 0.75513], [178.86, 35.0485, 0.63918], [0.0, 0.0, 0.0], [0.0, 0.0, 0.0], [0.0, 0.0, 0.0], [0.0, 0.0, 0.0], [0.0, 0.0, 0.0], [0.0, 0.0, 0.0], [0.0, 0.0, 0.0], [113.009, 249.464, 0.547654], [143.096, 151.641, 0.572875], [243.911, 136.134, 0.648338], [269.934, 232.363, 0.679176], [229.262, 197.264, 0.497001]], "hand_pts": [[175.06596374511716, 232.70262145996094, 1.0], [177.80270385742193, 227.06869506835938, 1.0], [190.20928955078125, 219.98083496093753, 1.0], [204.07548522949216, 221.43475341796875, 1.0], [214.1102294921875, 222.1617126464844, 1.0], [194.5880889892578, 211.07557678222656, 1.0], [205.35263061523446, 197.08160400390625, 1.0], [212.46817016601562, 188.72157287597656, 1.0], [217.02941894531253, 183.99633789062506, 1.0], [192.94604492187497, 213.61993408203125, 1.0], [207.35957336425776, 195.62768554687497, 1.0], [212.83306884765628, 188.53982543945312, 1.0], [218.85391235351565, 181.45196533203128, 1.0], [192.58114624023446, 220.52604675292977, 1.0], [207.90692138671878, 214.89212036132815, 1.0], [208.8191833496094, 222.70693969726562, 1.0], [207.35957336425776, 227.06869506835938, 1.0], [194.40563964843753, 226.70521545410153, 1.0], [206.08242797851568, 225.4330291748047, 1.0], [212.2857208251953, 228.70434570312497, 1.0], [217.02941894531253, 231.0669708251953, 1.0]], "head_box": [[151.95283333333336, 35.0485], [205.76716666666667, 115.77]], "head_size": 80.72149999999999, "hand_box_center": [196.9599380493164, 207.0772933959961], "is_left": 0, "is_mpii": 0}