{"mpii_body_pts": [[0.0, 0.0, 0.0], [183.34, 143.8795, 0.568546], [185.337, 113.34, 0.748007], [181.294, 35.8997, 0.62899], [0.0, 0.0, 0.0], [0.0, 0.0, 0.0], [0.0, 0.0, 0.0], [0.0, 0.0, 0.0], [0.0, 0.0, 0.0], [0.0, 0.0, 0.0], [0.0, 0.0, 0.0], [87.8274, 173.634, 0.353124], [128.46, 151.619, 0.559254], [238.22, 136.14, 0.577838], [0.0, 0.0, 0.0], [0.0, 0.0, 0.0]], "hand_pts": [[73.43666076660156, 83.4957275390625, 1.0], [83.34555053710938, 80.76240539550781, 1.0], [92.03488159179688, 71.72725677490236, 1.0], [101.86754608154298, 66.86801910400389, 1.0], [109.56599426269531, 65.8050537109375, 1.0], [78.8484344482422, 56.84583282470703, 1.0], [97.52288055419919, 53.9606590270996, 1.0], [105.06888580322264, 58.89582443237305, 1.0], [110.40444183349608, 62.843955993652344, 1.0], [78.16243743896482, 55.631019592285156, 1.0], [96.45577239990233, 53.12547683715821, 1.0], [105.29754638671876, 58.13656616210938, 1.0], [109.56599426269531, 61.477294921875, 1.0], [79.76310729980469, 57.60508728027344, 1.0], [96.76065826416017, 56.31435394287111, 1.0], [103.84932708740234, 58.97174835205078, 1.0], [110.09954833984375, 62.54025650024413, 1.0], [83.95532989501953, 60.49026107788085, 1.0], [96.76065826416017, 59.579154968261726, 1.0], [102.09621429443361, 60.41433715820312, 1.0], [106.66954803466795, 61.780998229980476, 1.0]], "head_box": [[155.48056666666668, 35.8997], [207.10743333333335, 113.34]], "head_size": 77.44030000000001, "hand_box_center": [91.92055130004883, 68.31060218811035], "is_left": 0, "is_mpii": 0}