{"mpii_body_pts": [[0.0, 0.0, 0.0], [193.087, 137.788, 0.6560965000000001], [191.078, 106.775, 0.777265], [183.75, 28.502, 0.580808], [0.0, 0.0, 0.0], [0.0, 0.0, 0.0], [0.0, 0.0, 0.0], [0.0, 0.0, 0.0], [0.0, 0.0, 0.0], [0.0, 0.0, 0.0], [107.321, 242.926, 0.28743], [133.323, 224.991, 0.304049], [139.823, 149.194, 0.657251], [246.351, 126.382, 0.654942], [282.901, 224.189, 0.746795], [246.347, 187.509, 0.770264]], "hand_pts": [[245.44125366210938, 184.6259002685547, 1.0], [239.86248779296878, 183.51890563964838, 1.0], [218.66316223144526, 190.71435546874994, 1.0], [213.3633270263672, 197.90979003906247, 1.0], [208.6213836669922, 204.82849121093756, 1.0], [213.34823608398446, 185.27845764160156, 1.0], [204.71623229980466, 195.14231872558594, 1.0], [198.57958984374997, 204.82849121093756, 1.0], [193.83764648437503, 212.02392578124997, 1.0], [218.4144134521484, 187.41087341308594, 1.0], [203.87942504882812, 203.7214965820313, 1.0], [198.3006591796875, 210.64019775390625, 1.0], [193.0008239746094, 216.7286376953125, 1.0], [225.47637939453125, 190.45718383789065, 1.0], [212.9868316650391, 195.0321502685547, 1.0], [203.87942504882812, 199.01678466796872, 1.0], [196.90596008300778, 201.78425598144528, 1.0], [229.0073547363281, 193.04653930664062, 1.0], [220.71722412109375, 198.5298767089844, 1.0], [223.12617492675776, 199.01678466796872, 1.0], [224.79980468749997, 198.46328735351565, 1.0]], "head_box": [[157.659, 28.502], [209.841, 106.775]], "head_size": 78.27300000000001, "hand_box_center": [219.22103881835938, 200.12377166748044], "is_left": 1, "is_mpii": 0}