{"mpii_body_pts": [[0.0, 0.0, 0.0], [199.195, 152.8455, 0.6439254999999999], [199.999, 119.832, 0.658826], [197.546, 35.8546, 0.582143], [0.0, 0.0, 0.0], [0.0, 0.0, 0.0], [0.0, 0.0, 0.0], [0.0, 0.0, 0.0], [0.0, 0.0, 0.0], [0.0, 0.0, 0.0], [0.0, 0.0, 0.0], [145.498, 233.961, 0.463033], [147.143, 152.42, 0.621883], [251.247, 153.271, 0.665968], [288.637, 246.193, 0.313643], [227.653, 255.985, 0.381406]], "hand_pts": [[185.9439392089844, 161.3708953857422, 1.0], [180.2461853027344, 156.6412353515625, 1.0], [176.25776672363278, 139.04693603515625, 1.0], [183.2849884033203, 131.29029846191406, 1.0], [190.12229919433594, 129.58763122558594, 1.0], [185.37417602539062, 135.45239257812503, 1.0], [189.7424468994141, 123.53366851806639, 1.0], [191.26185607910153, 118.23645782470703, 1.0], [192.40139770507815, 114.0743637084961, 1.0], [192.78125, 138.4793701171875, 1.0], [197.52937316894528, 125.23634338378905, 1.0], [198.66893005371097, 118.99320220947267, 1.0], [198.85885620117188, 113.88517761230466, 1.0], [197.71929931640625, 141.12797546386716, 1.0], [202.84727478027344, 129.58763122558594, 1.0], [200.75810241699222, 135.0740203857422, 1.0], [199.61856079101557, 137.72262573242188, 1.0], [201.70773315429688, 145.85763549804688, 1.0], [204.5566101074219, 136.20913696289062, 1.0], [204.5566101074219, 137.34425354003906, 1.0], [204.5566101074219, 140.37123107910156, 1.0]], "head_box": [[169.55353333333332, 35.8546], [225.53846666666666, 119.832]], "head_size": 83.97739999999999, "hand_box_center": [190.40718841552734, 137.62803649902344], "is_left": 0, "is_mpii": 0}