{"mpii_body_pts": [[0.0, 0.0, 0.0], [196.7525, 136.535, 0.6229475], [189.444, 107.588, 0.651781], [178.891, 28.5274, 0.645597], [0.0, 0.0, 0.0], [0.0, 0.0, 0.0], [0.0, 0.0, 0.0], [0.0, 0.0, 0.0], [0.0, 0.0, 0.0], [0.0, 0.0, 0.0], [0.0, 0.0, 0.0], [135.781, 199.741, 0.57125], [149.589, 146.75, 0.569047], [243.916, 126.32, 0.676848], [281.277, 218.483, 0.668761], [226.027, 259.248, 0.623851]], "hand_pts": [[137.0, 108.0, 1.0], [130.0, 100.0, 1.0], [128.0, 95.0, 1.0], [124.28983306884767, 88.53706359863283, 1.0], [118.31481170654297, 84.929931640625, 1.0], [128.09211730957034, 84.38886260986328, 1.0], [133.0424041748047, 78.19818115234374, 1.0], [138.05215454101562, 76.0085754394531, 1.0], [142.03950500488273, 75.44844818115234, 1.0], [132.88905334472656, 82.27185058593751, 1.0], [135.8777465820313, 77.53530883789058, 1.0], [138.95578002929688, 75.91210174560548, 1.0], [144.7497406005859, 75.190673828125, 1.0], [137.18310546874997, 81.50804138183594, 1.0], [146.74252319335935, 74.88832092285153, 1.0], [149.34963989257812, 74.27726745605467, 1.0], [152.89749145507818, 73.74781799316406, 1.0], [143.41973876953122, 80.89698791503905, 1.0], [148.55203247070318, 72.84603881835936, 1.0], [151.08688354492188, 70.68175506591798, 1.0], [153.98385620117185, 68.33712005615234, 1.0]], "head_box": [[152.53746666666666, 28.5274], [205.24453333333332, 107.588]], "head_size": 79.0606, "hand_box_center": [136.14933395385742, 88.16856002807617], "is_left": 0, "is_mpii": 0}