{"mpii_body_pts": [[0.0, 0.0, 0.0], [201.6215, 154.8995, 0.5737835], [199.211, 119.82, 0.725589], [189.438, 35.8639, 0.577408], [0.0, 0.0, 0.0], [0.0, 0.0, 0.0], [0.0, 0.0, 0.0], [0.0, 0.0, 0.0], [0.0, 0.0, 0.0], [0.0, 0.0, 0.0], [127.66, 209.497, 0.426262], [132.495, 256.803, 0.4851], [145.507, 155.713, 0.602309], [257.736, 154.086, 0.545258], [283.755, 249.467, 0.627428], [275.622, 202.179, 0.653946]], "hand_pts": [[133.69834899902347, 197.47019958496094, 1.0], [134.84335327148438, 187.01515197753906, 1.0], [134.46168518066406, 177.7006683349609, 1.0], [134.46168518066406, 167.24562072753903, 1.0], [127.78249359130861, 161.352783203125, 1.0], [119.57662200927736, 172.37809753417972, 1.0], [115.37826538085938, 163.2536926269531, 1.0], [121.67579650878902, 162.11314392089838, 1.0], [127.01915740966798, 165.53479003906247, 1.0], [115.37826538085938, 175.22946166992185, 1.0], [104.50071716308592, 167.4357147216797, 1.0], [102.97404479980469, 157.55094909667974, 1.0], [103.92821502685547, 149.75718688964844, 1.0], [112.1340866088867, 181.69258117675776, 1.0], [98.58485412597656, 173.32855224609378, 1.0], [94.3865051269531, 165.1546173095703, 1.0], [94.19567108154297, 156.98066711425778, 1.0], [111.94325256347656, 189.10615539550776, 1.0], [100.49319458007814, 186.82505798339844, 1.0], [95.91317749023439, 184.54396057128903, 1.0], [92.85982513427734, 179.9817657470703, 1.0]], "head_box": [[161.45263333333332, 35.8639], [217.42336666666665, 119.82]], "head_size": 83.95609999999999, "hand_box_center": [113.85158920288086, 173.6136932373047], "is_left": 0, "is_mpii": 0}