{"mpii_body_pts": [[0.0, 0.0, 0.0], [197.565, 134.5035, 0.6498035], [192.71, 100.261, 0.724141], [182.12, 24.4587, 0.621744], [0.0, 0.0, 0.0], [0.0, 0.0, 0.0], [0.0, 0.0, 0.0], [0.0, 0.0, 0.0], [0.0, 0.0, 0.0], [0.0, 0.0, 0.0], [0.0, 0.0, 0.0], [0.0, 0.0, 0.0], [145.534, 141.845, 0.625839], [249.596, 127.162, 0.673768], [286.183, 219.297, 0.70781], [221.126, 252.732, 0.608022]], "hand_pts": [[215.83819580078128, 253.57487487792972, 1.0], [210.45326232910153, 253.0649719238281, 1.0], [198.91410827636716, 253.0649719238281, 1.0], [188.14424133300778, 263.51788330078136, 1.0], [182.50286865234378, 267.0871887207031, 1.0], [190.9649200439453, 257.39910888671875, 1.0], [180.4514617919922, 269.89160156249994, 1.0], [179.68218994140628, 275.50048828125, 1.0], [182.75929260253906, 276.5202941894532, 1.0], [195.58058166503906, 265.0475769042969, 1.0], [186.86210632324222, 277.79504394531244, 1.0], [190.70849609375, 277.2851257324219, 1.0], [194.04202270507812, 275.24554443359375, 1.0], [201.2219390869141, 270.1465759277344, 1.0], [194.2984466552735, 280.8544311523438, 1.0], [198.65768432617185, 279.57968139648443, 1.0], [201.2219390869141, 277.5401000976563, 1.0], [209.171142578125, 272.9509887695313, 1.0], [202.760498046875, 279.32473754882807, 1.0], [205.32475280761722, 278.304931640625, 1.0], [206.35044860839847, 276.7752380371093, 1.0]], "head_box": [[156.85256666666666, 24.4587], [207.38743333333335, 100.261]], "head_size": 75.8023, "hand_box_center": [197.76019287109378, 266.95970153808594], "is_left": 1, "is_mpii": 0}