{"mpii_body_pts": [[0.0, 0.0, 0.0], [191.483, 133.30450000000002, 0.6950605000000001], [191.05, 103.537, 0.691219], [178.86, 27.7165, 0.61739], [0.0, 0.0, 0.0], [0.0, 0.0, 0.0], [0.0, 0.0, 0.0], [0.0, 0.0, 0.0], [0.0, 0.0, 0.0], [0.0, 0.0, 0.0], [165.036, 145.93, 0.59541], [139.029, 222.548, 0.574186], [139.053, 139.43, 0.722435], [243.913, 127.179, 0.667686], [267.481, 220.107, 0.662936], [212.186, 192.375, 0.718634]], "hand_pts": [[169.279541015625, 141.87985229492182, 1.0], [176.97721862792974, 139.14138793945315, 1.0], [182.91407775878906, 127.25516510009766, 1.0], [185.5318908691406, 118.03173828125, 1.0], [186.53874206542974, 107.80576324462889, 1.0], [171.83874511718753, 111.2144241333008, 1.0], [177.2757263183594, 98.38182830810547, 1.0], [187.94833374023443, 98.98336029052734, 1.0], [193.38531494140628, 102.79302978515628, 1.0], [170.6305236816406, 113.82104492187501, 1.0], [188.35107421875, 108.80831146240233, 1.0], [189.55928039550778, 115.02409362792969, 1.0], [187.5455932617187, 119.435302734375, 1.0], [170.42915344238278, 120.03682708740234, 1.0], [187.94833374023443, 113.42002105712889, 1.0], [189.96202087402347, 119.63581085205075, 1.0], [186.13600158691406, 123.64599609374999, 1.0], [172.0401153564453, 125.65108489990234, 1.0], [186.53874206542974, 121.44039154052734, 1.0], [187.94833374023443, 126.2526168823242, 1.0], [184.72640991210943, 129.4607696533203, 1.0]], "head_box": [[153.5865, 27.7165], [204.13350000000003, 103.537]], "head_size": 75.82050000000001, "hand_box_center": [181.33242797851562, 120.13084030151364], "is_left": 0, "is_mpii": 0}