{"mpii_body_pts": [[0.0, 0.0, 0.0], [213.404, 151.64, 0.6469805], [203.249, 119.858, 0.739016], [196.746, 40.7517, 0.463801], [0.0, 0.0, 0.0], [0.0, 0.0, 0.0], [0.0, 0.0, 0.0], [0.0, 0.0, 0.0], [0.0, 0.0, 0.0], [0.0, 0.0, 0.0], [144.695, 147.582, 0.609754], [152.815, 200.547, 0.505109], [165.828, 145.947, 0.653049], [260.98, 157.333, 0.640912], [291.061, 251.908, 0.534505], [225.194, 261.673, 0.51564]], "hand_pts": [[152.0, 206.0, 1.0], [148.0, 187.0, 1.0], [141.1685333251953, 164.82006835937503, 1.0], [143.03097534179688, 153.31784057617188, 1.0], [148.4320678710938, 147.01017761230472, 1.0], [146.1971282958984, 167.4173431396484, 1.0], [143.21722412109375, 149.9784851074219, 1.0], [140.98228454589844, 139.03282165527347, 1.0], [139.49232482910156, 130.4989166259766, 1.0], [156.44056701660156, 169.64356994628903, 1.0], [153.64689636230472, 146.82466125488276, 1.0], [152.71568298339838, 137.3631591796875, 1.0], [152.15695190429688, 129.75685119628903, 1.0], [163.8903503417969, 172.61189270019528, 1.0], [162.95912170410153, 157.7703094482422, 1.0], [159.2342376708984, 163.33590698242193, 1.0], [160.91043090820318, 167.2318115234375, 1.0], [169.47767639160156, 174.83811950683597, 1.0], [167.8014678955078, 160.73863220214838, 1.0], [165.0078125, 164.63453674316403, 1.0], [165.3802947998047, 168.7159729003906, 1.0]], "head_box": [[170.37723333333335, 40.7517], [223.11476666666667, 119.858]], "head_size": 79.1063, "hand_box_center": [154.48500061035156, 167.87842559814453], "is_left": 0, "is_mpii": 0}