{"mpii_body_pts": [[0.0, 0.0, 0.0], [192.704, 138.989, 0.654889], [190.226, 108.447, 0.677903], [174.808, 28.5101, 0.584855], [0.0, 0.0, 0.0], [0.0, 0.0, 0.0], [0.0, 0.0, 0.0], [0.0, 0.0, 0.0], [0.0, 0.0, 0.0], [0.0, 0.0, 0.0], [80.4629, 252.723, 0.63569], [138.226, 249.466, 0.556791], [139.869, 152.437, 0.672204], [245.539, 125.541, 0.637574], [282.956, 218.504, 0.677231], [228.449, 263.294, 0.560798]], "hand_pts": [[79.66709136962889, 255.69721984863284, 1.0], [72.13497161865233, 251.1223297119141, 1.0], [59.091537475585945, 251.6713104248047, 1.0], [53.21281051635742, 245.81546020507812, 1.0], [60.010089874267564, 246.54743957519534, 1.0], [57.07072448730468, 263.2000427246094, 1.0], [40.72050857543945, 264.11499023437506, 1.0], [28.963050842285153, 263.7490234375, 1.0], [20.696086883544922, 263.5660095214843, 1.0], [59.826381683349595, 264.8469848632813, 1.0], [45.68068695068359, 259.90609741210926, 1.0], [36.12775039672852, 252.03730773925778, 1.0], [29.514181137084964, 247.2794189453125, 1.0], [66.99108123779297, 263.383026123047, 1.0], [53.94765090942383, 246.54743957519534, 1.0], [63.1331672668457, 247.09642028808597, 1.0], [66.43994903564453, 250.93933105468753, 1.0], [70.48157501220703, 257.5271606445313, 1.0], [63.68429565429687, 247.46241760253912, 1.0], [66.43994903564453, 244.16850280761722, 1.0], [70.29786682128906, 242.52154541015625, 1.0]], "head_box": [[148.16236666666666, 28.5101], [201.45363333333333, 108.447]], "head_size": 79.93690000000001, "hand_box_center": [50.18158912658691, 253.68426513671878], "is_left": 0, "is_mpii": 0}