{"mpii_body_pts": [[0.0, 0.0, 0.0], [193.494, 136.57600000000002, 0.674283], [191.878, 101.893, 0.770812], [183.745, 26.8918, 0.6443], [0.0, 0.0, 0.0], [0.0, 0.0, 0.0], [0.0, 0.0, 0.0], [0.0, 0.0, 0.0], [0.0, 0.0, 0.0], [0.0, 0.0, 0.0], [182.935, 271.474, 0.428825], [126.016, 240.485, 0.670011], [138.221, 145.943, 0.680185], [248.767, 127.209, 0.668381], [275.625, 221.731, 0.705782], [226.005, 270.633, 0.48194]], "hand_pts": [[181.9776153564453, 268.68469238281256, 1.0], [192.6536865234375, 262.3851623535156, 1.0], [208.4700927734375, 258.2510986328125, 1.0], [218.15763854980472, 253.92018127441406, 1.0], [226.4612579345703, 248.9986877441406, 1.0], [218.15763854980472, 268.8815612792969, 1.0], [234.17175292968747, 276.7559814453125, 1.0], [236.54420471191403, 281.8743286132813, 1.0], [230.21765136718747, 283.44921874999994, 1.0], [215.19206237792974, 277.14968872070324, 1.0], [232.39241027832034, 286.0083923339844, 1.0], [226.85665893554688, 288.7644348144532, 1.0], [222.90255737304688, 286.5989685058594, 1.0], [210.44714355468753, 284.03979492187494, 1.0], [226.85665893554688, 291.7173461914063, 1.0], [222.90255737304688, 293.6859436035157, 1.0], [219.14616394042972, 290.3393249511718, 1.0], [209.85403442382812, 292.7016296386719, 1.0], [218.15763854980472, 297.22943115234375, 1.0], [221.9140319824219, 296.4419860839844, 1.0], [218.94845581054688, 292.5047912597657, 1.0]], "head_box": [[158.7446, 26.8918], [208.74540000000002, 101.893]], "head_size": 75.0012, "hand_box_center": [209.2609100341797, 273.1140594482422], "is_left": 0, "is_mpii": 0}