{"mpii_body_pts": [[0.0, 0.0, 0.0], [188.6265, 137.7655, 0.6868669999999999], [186.197, 102.707, 0.722625], [179.68, 27.7304, 0.605402], [0.0, 0.0, 0.0], [0.0, 0.0, 0.0], [0.0, 0.0, 0.0], [0.0, 0.0, 0.0], [0.0, 0.0, 0.0], [0.0, 0.0, 0.0], [183.743, 276.352, 0.317425], [120.293, 237.225, 0.738349], [134.153, 145.919, 0.684672], [243.1, 129.612, 0.689062], [269.909, 220.104, 0.695699], [222.753, 273.115, 0.472567]], "hand_pts": [[177.65206909179688, 272.8982543945313, 1.0], [190.5984802246094, 267.23397827148426, 1.0], [205.31033325195315, 260.98376464843744, 1.0], [216.09901428222656, 256.2960815429687, 1.0], [224.33764648437503, 252.78033447265628, 1.0], [215.51054382324216, 272.3122863769532, 1.0], [230.61470031738278, 281.49230957031244, 1.0], [228.45695495605472, 285.789337158203, 1.0], [224.33764648437503, 283.2501831054688, 1.0], [212.76432800292974, 281.1016540527344, 1.0], [227.08384704589844, 290.28167724609364, 1.0], [222.96453857421875, 291.25830078124994, 1.0], [219.4337005615234, 288.71914672851557, 1.0], [208.44885253906247, 286.7659301757813, 1.0], [222.37606811523443, 295.7506408691407, 1.0], [216.88363647460943, 295.7506408691407, 1.0], [213.7451171875, 293.40679931640625, 1.0], [201.38717651367193, 293.2114868164063, 1.0], [210.01811218261722, 298.8757629394532, 1.0], [214.72590637207034, 301.0242614746094, 1.0], [214.13743591308597, 295.9459533691406, 1.0]], "head_box": [[154.6878, 27.7304], [204.6722, 102.707]], "head_size": 74.97659999999999, "hand_box_center": [204.13338470458984, 276.9022979736328], "is_left": 0, "is_mpii": 0}