{"mpii_body_pts": [[0.0, 0.0, 0.0], [205.2625, 154.8905, 0.6475635], [203.255, 119.824, 0.733179], [195.944, 35.8665, 0.488438], [0.0, 0.0, 0.0], [0.0, 0.0, 0.0], [0.0, 0.0, 0.0], [0.0, 0.0, 0.0], [0.0, 0.0, 0.0], [0.0, 0.0, 0.0], [184.534, 263.32, 0.640803], [118.674, 252.738, 0.696144], [147.96, 154.072, 0.666356], [262.565, 155.709, 0.628771], [295.088, 251.908, 0.679292], [229.252, 260.041, 0.662517]], "hand_pts": [[221.86799621582034, 262.4997253417969, 1.0], [220.19284057617188, 256.9375915527343, 1.0], [214.60899353027344, 262.87051391601557, 1.0], [206.41935729980466, 267.13479614257807, 1.0], [200.46325683593753, 269.3596496582031, 1.0], [211.44480895996094, 277.33203124999994, 1.0], [194.6932830810547, 273.4385375976562, 1.0], [196.18229675292977, 267.505615234375, 1.0], [197.48519897460943, 264.35375976562494, 1.0], [208.83901977539062, 274.1801452636719, 1.0], [196.55456542968747, 270.2866821289063, 1.0], [198.04357910156244, 263.79754638671875, 1.0], [200.09098815917972, 259.5332641601563, 1.0], [207.16386413574213, 271.5845031738282, 1.0], [199.7187347412109, 265.4661865234375, 1.0], [200.27713012695312, 259.7186584472655, 1.0], [201.3938903808594, 255.82516479492185, 1.0], [206.60548400878906, 267.32022094726557, 1.0], [199.5326080322266, 263.9829406738282, 1.0], [198.97422790527347, 260.0894470214844, 1.0], [200.83551025390625, 256.1959838867188, 1.0]], "head_box": [[167.95816666666667, 35.8665], [223.9298333333333, 119.824]], "head_size": 83.9575, "hand_box_center": [208.2806396484375, 266.5785980224609], "is_left": 1, "is_mpii": 0}