{"mpii_body_pts": [[0.0, 0.0, 0.0], [208.14049999999997, 150.0015, 0.578086], [203.25, 117.4, 0.689314], [203.258, 36.7103, 0.572574], [0.0, 0.0, 0.0], [0.0, 0.0, 0.0], [0.0, 0.0, 0.0], [0.0, 0.0, 0.0], [0.0, 0.0, 0.0], [0.0, 0.0, 0.0], [139.858, 102.722, 0.27032], [139.832, 109.233, 0.344457], [159.338, 145.119, 0.496108], [256.943, 154.884, 0.660064], [289.459, 251.101, 0.48443], [223.585, 251.911, 0.563973]], "hand_pts": [[156.19876098632812, 165.9170837402344, 1.0], [147.97962951660156, 157.54800415039062, 1.0], [145.7878570556641, 144.99436950683594, 1.0], [151.81521606445315, 135.35173034667977, 1.0], [159.85169982910156, 128.62007141113278, 1.0], [145.05726623535156, 139.53627014160156, 1.0], [141.76960754394528, 122.9800338745117, 1.0], [141.0390319824219, 113.7012634277344, 1.0], [141.0390319824219, 104.9683074951172, 1.0], [153.09374999999997, 140.80982971191406, 1.0], [155.83346557617185, 122.07035064697266, 1.0], [158.0252227783203, 112.97351837158202, 1.0], [159.48640441894534, 104.9683074951172, 1.0], [160.76493835449222, 144.63049316406247, 1.0], [162.95671081542977, 135.35173034667977, 1.0], [160.5822906494141, 141.1737060546875, 1.0], [160.5822906494141, 145.35824584960946, 1.0], [167.1575927734375, 147.35954284667974, 1.0], [168.61877441406247, 137.89884948730477, 1.0], [166.79229736328128, 141.1737060546875, 1.0], [166.79229736328128, 144.44856262207028, 1.0]], "head_box": [[176.36143333333334, 36.7103], [230.15456666666668, 117.4]], "head_size": 80.68970000000002, "hand_box_center": [154.8289031982422, 135.4426956176758], "is_left": 0, "is_mpii": 0}