{"mpii_body_pts": [[0.0, 0.0, 0.0], [201.63049999999998, 155.314, 0.63597], [204.043, 119.009, 0.715608], [199.194, 39.1224, 0.396862], [0.0, 0.0, 0.0], [0.0, 0.0, 0.0], [0.0, 0.0, 0.0], [0.0, 0.0, 0.0], [0.0, 0.0, 0.0], [0.0, 0.0, 0.0], [178.045, 256.766, 0.522211], [111.375, 251.093, 0.702703], [144.715, 156.535, 0.628318], [258.546, 154.093, 0.643622], [294.294, 250.244, 0.649164], [226.02, 251.894, 0.587395]], "hand_pts": [[182.3497772216797, 259.6022338867188, 1.0], [185.97483825683594, 253.90075683593753, 1.0], [198.37632751464844, 246.2987518310547, 1.0], [207.53436279296872, 246.86891174316406, 1.0], [213.44891357421875, 250.4798583984375, 1.0], [199.22683715820318, 237.29855346679685, 1.0], [215.1316986083984, 244.57458496093747, 1.0], [214.40287780761724, 252.76045227050776, 1.0], [211.9225769042969, 256.37139892578125, 1.0], [200.09346008300778, 236.2261199951172, 1.0], [215.73841857910156, 244.01815795898443, 1.0], [213.63970947265625, 254.47090148925778, 1.0], [211.15940856933594, 258.0818481445313, 1.0], [199.6980895996094, 240.11508178710938, 1.0], [213.0673370361328, 245.53855895996094, 1.0], [210.77783203124997, 254.85099792480472, 1.0], [208.48832702636722, 258.2719116210937, 1.0], [199.22683715820318, 244.69194030761724, 1.0], [208.48832702636722, 245.91865539550776, 1.0], [211.47946166992185, 248.79937744140625, 1.0], [212.30416870117185, 251.96797180175778, 1.0]], "head_box": [[172.56513333333334, 39.1224], [225.82286666666664, 119.009]], "head_size": 79.8866, "hand_box_center": [199.04409790039062, 247.914176940918], "is_left": 0, "is_mpii": 0}