{"mpii_body_pts": [[0.0, 0.0, 0.0], [205.6925, 155.688, 0.659887], [204.889, 119.824, 0.781858], [199.192, 34.2407, 0.551648], [0.0, 0.0, 0.0], [0.0, 0.0, 0.0], [0.0, 0.0, 0.0], [0.0, 0.0, 0.0], [0.0, 0.0, 0.0], [0.0, 0.0, 0.0], [145.499, 217.663, 0.302276], [133.317, 206.252, 0.25919], [147.982, 153.233, 0.666488], [263.403, 158.143, 0.653286], [295.912, 252.71, 0.658841], [230.865, 256.78, 0.696498]], "hand_pts": [[231.9039001464844, 260.49472045898426, 1.0], [228.7540740966797, 255.01635742187497, 1.0], [219.99365234374997, 252.1793518066406, 1.0], [208.6739807128906, 256.09246826171875, 1.0], [197.74804687500003, 256.8750915527344, 1.0], [211.33164978027347, 269.00573730468744, 1.0], [195.58255004882812, 262.0599670410156, 1.0], [203.6539611816406, 257.7555236816406, 1.0], [210.83949279785153, 257.2663879394531, 1.0], [212.11909484863278, 275.16891479492193, 1.0], [195.9762878417969, 265.48394775390625, 1.0], [206.90220642089844, 260.9838562011718, 1.0], [211.82380676269534, 260.5925598144531, 1.0], [211.33164978027347, 273.31018066406256, 1.0], [199.81512451171875, 267.8318176269531, 1.0], [207.09907531738278, 262.64694213867193, 1.0], [212.51283264160156, 262.45129394531244, 1.0], [210.44575500488273, 271.157958984375, 1.0], [201.98062133789065, 266.7557067871093, 1.0], [207.3943786621094, 263.91870117187494, 1.0], [213.30027770996094, 264.01654052734375, 1.0]], "head_box": [[170.66423333333333, 34.2407], [227.7197666666667, 119.824]], "head_size": 85.58330000000001, "hand_box_center": [213.74322509765625, 263.67413330078125], "is_left": 1, "is_mpii": 0}