{"mpii_body_pts": [[89.0215, 132.4785, 0.107329], [199.1945, 129.613, 0.5238784999999999], [194.306, 105.169, 0.650157], [187.011, 27.6936, 0.576675], [0.0, 0.0, 0.0], [0.0, 0.0, 0.0], [178.043, 264.957, 0.214658], [0.0, 0.0, 0.0], [0.0, 0.0, 0.0], [0.0, 0.0, 0.0], [165.053, 90.4851, 0.427055], [147.164, 206.271, 0.478466], [152.853, 134.507, 0.434808], [245.536, 124.719, 0.612949], [282.114, 218.48, 0.711675], [214.638, 256.806, 0.719122]], "hand_pts": [[157.86616516113276, 120.20331573486328, 1.0], [166.0852966308594, 118.92975616455077, 1.0], [171.93002319335938, 108.19549560546875, 1.0], [172.62176513671872, 99.26928710937501, 1.0], [171.21589660644528, 93.97595977783203, 1.0], [164.34283447265628, 89.30538177490233, 1.0], [164.9676513671875, 79.96421813964845, 1.0], [165.59248352050778, 73.42539978027345, 1.0], [165.74868774414057, 66.108154296875, 1.0], [163.87420654296878, 91.4849853515625, 1.0], [174.02761840820318, 88.37126159667967, 1.0], [174.1838226318359, 100.51477813720702, 1.0], [174.3400268554688, 107.5206527709961, 1.0], [165.43627929687497, 92.8861618041992, 1.0], [176.2145080566406, 88.83832550048827, 1.0], [176.52691650390628, 99.11360168457033, 1.0], [176.83932495117188, 108.45477294921876, 1.0], [170.12246704101565, 96.46694183349608, 1.0], [178.24517822265622, 94.75439453125, 1.0], [178.24517822265622, 101.76026916503908, 1.0], [178.55760192871094, 107.98770904541017, 1.0]], "head_box": [[161.18586666666667, 27.6936], [212.83613333333332, 105.169]], "head_size": 77.4754, "hand_box_center": [168.21188354492185, 93.15573501586914], "is_left": 0, "is_mpii": 0}