{"mpii_body_pts": [[0.0, 0.0, 0.0], [192.673, 136.5515, 0.6382369999999999], [189.444, 101.903, 0.726603], [181.301, 28.53, 0.689279], [0.0, 0.0, 0.0], [0.0, 0.0, 0.0], [0.0, 0.0, 0.0], [0.0, 0.0, 0.0], [0.0, 0.0, 0.0], [0.0, 0.0, 0.0], [169.921, 205.428, 0.494694], [127.658, 237.209, 0.501709], [139.824, 141.863, 0.658585], [245.522, 131.24, 0.617889], [278.054, 224.991, 0.708316], [218.692, 257.582, 0.661932]], "hand_pts": [[220.52932739257815, 257.29348754882807, 1.0], [214.4209442138672, 250.4755096435547, 1.0], [198.53910827636716, 244.56660461425776, 1.0], [186.49714660644534, 248.1834411621094, 1.0], [177.13883972167972, 250.30775451660156, 1.0], [194.87406921386716, 250.77853393554685, 1.0], [177.9232788085938, 256.3844299316406, 1.0], [187.54399108886716, 254.4147796630859, 1.0], [191.97257995605472, 252.5966644287109, 1.0], [197.0120086669922, 258.3540649414063, 1.0], [181.28289794921878, 265.02053833007807, 1.0], [191.05632019042974, 261.9903259277343, 1.0], [195.33219909667974, 260.02069091796875, 1.0], [199.30265808105472, 266.3841247558594, 1.0], [186.78045654296878, 271.6869812011719, 1.0], [194.5686492919922, 269.56585693359375, 1.0], [197.92826843261724, 268.50527954101557, 1.0], [203.57853698730474, 274.4141845703125, 1.0], [192.4307098388672, 276.6868286132813, 1.0], [197.62284851074222, 275.62628173828125, 1.0], [200.98246765136722, 274.86871337890625, 1.0]], "head_box": [[156.8433333333333, 28.53], [205.75866666666667, 101.903]], "head_size": 73.373, "hand_box_center": [198.83408355712893, 260.62671661376953], "is_left": 1, "is_mpii": 0}