{"mpii_body_pts": [[0.0, 0.0, 0.0], [194.727, 132.8805, 0.644333], [192.673, 99.4447, 0.668063], [183.729, 24.4622, 0.614161], [0.0, 0.0, 0.0], [0.0, 0.0, 0.0], [0.0, 0.0, 0.0], [0.0, 0.0, 0.0], [0.0, 0.0, 0.0], [0.0, 0.0, 0.0], [165.05, 204.592, 0.376564], [124.379, 233.153, 0.538775], [140.668, 140.217, 0.649342], [248.786, 125.544, 0.639324], [276.438, 217.688, 0.697917], [221.939, 276.348, 0.575651]], "hand_pts": [[169.2134704589844, 202.51615905761722, 1.0], [170.26263427734375, 190.1493225097656, 1.0], [180.05487060546875, 178.8275604248047, 1.0], [190.19682312011716, 169.07344055175778, 1.0], [192.1202850341797, 161.23530578613276, 1.0], [195.44265747070315, 180.91773986816406, 1.0], [210.30586242675776, 175.86648559570315, 1.0], [219.57350158691403, 172.20869445800778, 1.0], [224.8193359375, 168.8992614746094, 1.0], [198.59016418457028, 186.49151611328128, 1.0], [213.80308532714838, 181.96281433105472, 1.0], [224.8193359375, 178.8275604248047, 1.0], [232.33837890625003, 176.38903808593756, 1.0], [199.98904418945315, 194.50384521484372, 1.0], [215.20196533203125, 190.32350158691406, 1.0], [224.64448547363278, 188.05914306640625, 1.0], [231.63893127441406, 186.49151611328128, 1.0], [197.7158508300781, 203.73542785644534, 1.0], [211.18016052246094, 202.69033813476562, 1.0], [217.6500244140625, 201.64524841308597, 1.0], [224.11988830566406, 200.2518005371094, 1.0]], "head_box": [[158.73483333333334, 24.4622], [208.72316666666669, 99.4447]], "head_size": 74.9825, "hand_box_center": [200.77592468261722, 182.48536682128906], "is_left": 0, "is_mpii": 0}