{"mpii_body_pts": [[0.0, 0.0, 0.0], [197.57600000000002, 136.1385, 0.6378785], [195.126, 101.105, 0.713453], [183.718, 26.0978, 0.633122], [0.0, 0.0, 0.0], [0.0, 0.0, 0.0], [0.0, 0.0, 0.0], [0.0, 0.0, 0.0], [0.0, 0.0, 0.0], [0.0, 0.0, 0.0], [165.034, 216.829, 0.42229], [133.32, 235.604, 0.403264], [144.728, 143.47, 0.646397], [250.424, 128.807, 0.62936], [282.129, 223.348, 0.690644], [222.749, 263.343, 0.698701]], "hand_pts": [[171.96366882324216, 212.5335388183594, 1.0], [164.40110778808597, 202.07350158691403, 1.0], [165.17280578613276, 192.38259887695318, 1.0], [174.27873229980466, 186.22962951660156, 1.0], [178.44586181640625, 177.76931762695312, 1.0], [168.72257995605472, 196.68966674804685, 1.0], [178.75453186035153, 185.46051025390625, 1.0], [183.07598876953122, 178.6922607421875, 1.0], [187.0, 172.0, 1.0], [175.3591003417969, 202.07350158691403, 1.0], [187.7061309814453, 190.22906494140622, 1.0], [189.71252441406247, 183.15315246582028, 1.0], [185.39106750488278, 179.15373229980466, 1.0], [182.14996337890622, 206.53439331054688, 1.0], [192.49060058593753, 195.15142822265628, 1.0], [191.25590515136716, 186.3834533691406, 1.0], [186.16275024414057, 186.22962951660156, 1.0], [188.16914367675776, 211.14910888671875, 1.0], [194.9600067138672, 201.91967773437494, 1.0], [195.11434936523443, 194.53613281250003, 1.0], [192.18193054199222, 188.99847412109378, 1.0]], "head_box": [[158.7156, 26.0978], [208.72039999999998, 101.105]], "head_size": 75.00720000000001, "hand_box_center": [179.7577285766602, 192.2667694091797], "is_left": 0, "is_mpii": 0}