{"mpii_body_pts": [[0.0, 0.0, 0.0], [202.0195, 155.31150000000002, 0.6440155000000001], [204.05, 119.812, 0.762444], [203.258, 35.0717, 0.527811], [0.0, 0.0, 0.0], [0.0, 0.0, 0.0], [0.0, 0.0, 0.0], [0.0, 0.0, 0.0], [0.0, 0.0, 0.0], [0.0, 0.0, 0.0], [181.315, 263.274, 0.56413], [113.851, 253.538, 0.697646], [146.321, 155.717, 0.64308], [257.718, 154.906, 0.644951], [291.051, 251.909, 0.697711], [228.447, 260.874, 0.618251]], "hand_pts": [[179.38281250000003, 265.58322143554693, 1.0], [184.48698425292974, 259.409423828125, 1.0], [199.0703125, 249.60395812988273, 1.0], [204.72135925292974, 252.50927734375, 1.0], [203.08073425292974, 258.13833618164057, 1.0], [200.40583801269537, 243.29977416992182, 1.0], [215.21652221679685, 254.17657470703122, 1.0], [209.60404968261722, 259.9257507324219, 1.0], [204.14747619628906, 261.013427734375, 1.0], [196.82008361816406, 247.3397216796875, 1.0], [213.50160217285153, 258.3719177246093, 1.0], [207.8891296386719, 264.12109374999994, 1.0], [203.21206665039062, 262.1011047363281, 1.0], [192.76663208007812, 252.7781219482422, 1.0], [208.98043823242193, 261.7903442382812, 1.0], [202.27665710449216, 265.51953124999994, 1.0], [197.75549316406247, 264.12109374999994, 1.0], [189.8044891357422, 257.1288452148438, 1.0], [197.28779602050778, 261.4795837402343, 1.0], [202.43255615234378, 264.27645874023426, 1.0], [201.18534851074222, 269.2487182617187, 1.0]], "head_box": [[175.01123333333334, 35.0717], [231.50476666666668, 119.812]], "head_size": 84.74029999999999, "hand_box_center": [197.29966735839844, 256.27424621582026], "is_left": 0, "is_mpii": 0}