{"mpii_body_pts": [[83.744, 141.849, 0.106589], [197.96050000000002, 130.4245, 0.6072230000000001], [191.908, 102.708, 0.752387], [185.354, 24.4606, 0.570123], [0.0, 0.0, 0.0], [0.0, 0.0, 0.0], [167.488, 283.698, 0.213178], [0.0, 0.0, 0.0], [0.0, 0.0, 0.0], [0.0, 0.0, 0.0], [149.601, 132.07, 0.498826], [143.093, 224.2, 0.532744], [146.341, 133.701, 0.536603], [249.58, 127.148, 0.677843], [281.312, 220.116, 0.659947], [225.23, 261.672, 0.599433]], "hand_pts": [[225.5005187988281, 259.6145324707031, 1.0], [217.78376770019528, 258.8129272460937, 1.0], [206.03590393066406, 259.7290344238281, 1.0], [194.03028869628906, 267.7320556640625, 1.0], [188.01174926757812, 274.4508361816406, 1.0], [198.0888061523438, 265.225616455078, 1.0], [186.45611572265625, 278.2799987792969, 1.0], [191.29347229003903, 284.46362304687494, 1.0], [197.05223083496097, 284.46362304687494, 1.0], [203.50204467773443, 268.8899841308595, 1.0], [193.1837005615234, 284.8486633300782, 1.0], [198.77986145019528, 288.35705566406256, 1.0], [203.27169799804685, 285.4942321777344, 1.0], [210.2973785400391, 274.3865661621093, 1.0], [200.50749206542974, 287.8989868164063, 1.0], [205.80555725097656, 288.2425231933595, 1.0], [209.7215118408203, 285.15069580078136, 1.0], [217.55342102050778, 277.82192993164057, 1.0], [209.6063385009766, 287.8989868164063, 1.0], [212.93063354492188, 286.83853149414057, 1.0], [215.8871002197266, 283.8990783691406, 1.0]], "head_box": [[159.27153333333334, 24.4606], [211.4364666666667, 102.708]], "head_size": 78.2474, "hand_box_center": [205.9783172607422, 273.5849914550781], "is_left": 1, "is_mpii": 0}