{"mpii_body_pts": [[0.0, 0.0, 0.0], [191.86700000000002, 137.37449999999998, 0.6496605], [191.07, 101.12, 0.75507], [183.725, 28.5078, 0.660326], [0.0, 0.0, 0.0], [0.0, 0.0, 0.0], [0.0, 0.0, 0.0], [0.0, 0.0, 0.0], [0.0, 0.0, 0.0], [0.0, 0.0, 0.0], [194.314, 261.691, 0.283643], [122.772, 242.103, 0.640428], [136.591, 146.771, 0.661705], [247.143, 127.978, 0.637616], [276.449, 223.372, 0.712393], [226.012, 263.33, 0.6088]], "hand_pts": [[217.14712524414057, 266.65832519531256, 1.0], [210.35090637207037, 264.9690551757813, 1.0], [199.84767150878906, 266.50476074218744, 1.0], [190.49452209472653, 272.4690856933595, 1.0], [185.09552001953125, 277.54684448242193, 1.0], [191.63217163085938, 271.90124511718744, 1.0], [179.71643066406247, 284.71157836914057, 1.0], [180.975830078125, 291.3575134277344, 1.0], [184.26960754394528, 291.16488647460943, 1.0], [196.37908935546878, 276.04293823242193, 1.0], [186.01336669921872, 291.55014038085943, 1.0], [189.5009002685547, 294.7286376953125, 1.0], [195.31346130371094, 294.63232421875, 1.0], [203.2572784423828, 279.7993469238281, 1.0], [194.24781799316403, 294.05441284179693, 1.0], [198.31661987304688, 296.65499877929693, 1.0], [200.3510131835938, 294.7286376953125, 1.0], [209.0698394775391, 282.97784423828125, 1.0], [203.16041564941406, 293.4765014648437, 1.0], [206.06668090820315, 294.24703979492193, 1.0], [207.61669921874997, 291.06854248046875, 1.0]], "head_box": [[159.52093333333332, 28.5078], [207.92906666666667, 101.12]], "head_size": 72.6122, "hand_box_center": [198.4317779541015, 280.8120269775391], "is_left": 1, "is_mpii": 0}