{"mpii_body_pts": [[0.0, 0.0, 0.0], [208.9515, 149.1885, 0.5403365], [203.251, 117.405, 0.702152], [198.37, 36.7056, 0.542299], [0.0, 0.0, 0.0], [0.0, 0.0, 0.0], [0.0, 0.0, 0.0], [0.0, 0.0, 0.0], [0.0, 0.0, 0.0], [0.0, 0.0, 0.0], [153.659, 166.319, 0.523026], [140.654, 230.688, 0.554542], [160.975, 144.282, 0.424254], [256.928, 154.095, 0.656419], [291.062, 250.246, 0.552033], [223.546, 251.89, 0.597631]], "hand_pts": [[222.51901245117185, 252.2461547851562, 1.0], [216.3090057373047, 245.6964263916016, 1.0], [201.87986755371094, 241.51188659667972, 1.0], [191.651611328125, 243.87705993652344, 1.0], [182.33659362792972, 244.60481262207028, 1.0], [200.05339050292974, 245.5144958496094, 1.0], [186.17219543457028, 250.60871887207034, 1.0], [192.93014526367188, 250.97259521484372, 1.0], [196.9483795166016, 249.88098144531253, 1.0], [202.97575378417966, 253.15583801269537, 1.0], [187.81602478027344, 257.88619995117176, 1.0], [195.48721313476562, 258.4320068359375, 1.0], [200.78398132324216, 256.6126403808595, 1.0], [205.89810180664065, 260.615234375, 1.0], [192.19955444335935, 264.0720520019531, 1.0], [198.95750427246094, 263.8901062011718, 1.0], [202.79310607910153, 263.162353515625, 1.0], [208.82046508789065, 266.61914062500006, 1.0], [200.41868591308594, 269.3482055664063, 1.0], [204.0716400146484, 269.16625976562494, 1.0], [206.62869262695312, 268.438507080078, 1.0]], "head_box": [[171.4702, 36.7056], [225.2698, 117.405]], "head_size": 80.6994, "hand_box_center": [202.42780303955078, 255.43004608154303], "is_left": 1, "is_mpii": 0}