{"mpii_body_pts": [[0.0, 0.0, 0.0], [204.04250000000002, 156.1085, 0.6645395000000001], [204.094, 120.63, 0.767655], [203.261, 34.243, 0.510106], [0.0, 0.0, 0.0], [0.0, 0.0, 0.0], [0.0, 0.0, 0.0], [0.0, 0.0, 0.0], [0.0, 0.0, 0.0], [0.0, 0.0, 0.0], [160.964, 211.131, 0.432993], [111.373, 233.148, 0.422961], [146.319, 154.078, 0.675505], [261.766, 158.139, 0.653574], [295.136, 249.456, 0.408837], [0.0, 0.0, 0.0]], "hand_pts": [[169.66386413574213, 208.30912780761724, 1.0], [176.92414855957034, 203.03718566894528, 1.0], [200.96159362792972, 201.56570434570315, 1.0], [213.61566162109372, 201.00961303710938, 1.0], [223.66448974609378, 200.8242340087891, 1.0], [203.5225524902344, 201.34745788574222, 1.0], [220.8212432861328, 202.82980346679688, 1.0], [228.9150390625, 204.50508117675776, 1.0], [238.48043823242193, 206.38978576660153, 1.0], [202.36904907226565, 204.7269134521484, 1.0], [219.40016174316403, 207.4304809570313, 1.0], [230.25665283203125, 209.79609680175778, 1.0], [239.79437255859378, 211.04916381835938, 1.0], [200.12989807128906, 208.78225708007815, 1.0], [218.11096191406247, 210.94511413574216, 1.0], [226.12951660156247, 212.25328063964838, 1.0], [234.06564331054688, 213.66679382324216, 1.0], [197.07650756835938, 213.91902160644528, 1.0], [209.94190979003906, 213.4050445556641, 1.0], [216.8217468261719, 213.91902160644528, 1.0], [222.7340545654297, 214.54127502441403, 1.0]], "head_box": [[174.46533333333332, 34.243], [232.05666666666667, 120.63]], "head_size": 86.387, "hand_box_center": [204.72911834716797, 207.68275451660156], "is_left": 0, "is_mpii": 0}