{"mpii_body_pts": [[0.0, 0.0, 0.0], [202.4325, 155.7125, 0.645081], [204.029, 119.834, 0.771463], [204.871, 35.0635, 0.592773], [0.0, 0.0, 0.0], [0.0, 0.0, 0.0], [0.0, 0.0, 0.0], [0.0, 0.0, 0.0], [0.0, 0.0, 0.0], [0.0, 0.0, 0.0], [182.117, 262.475, 0.540035], [115.447, 254.341, 0.668306], [146.323, 155.715, 0.659085], [258.542, 155.71, 0.631077], [291.055, 251.077, 0.669221], [228.438, 259.261, 0.648379]], "hand_pts": [[177.43876647949222, 265.7251281738281, 1.0], [185.72105407714838, 254.88070678710943, 1.0], [193.353759765625, 254.88070678710943, 1.0], [195.46493530273443, 261.3550109863281, 1.0], [193.84095764160156, 265.886993408203, 1.0], [198.87528991699222, 243.22698974609378, 1.0], [213.65350341796875, 252.77656555175773, 1.0], [213.49110412597656, 261.3550109863281, 1.0], [209.26875305175776, 265.40142822265625, 1.0], [194.97773742675778, 247.43528747558597, 1.0], [210.24314880371094, 256.4992980957031, 1.0], [209.43115234375, 263.6210021972656, 1.0], [205.04641723632812, 266.37255859375006, 1.0], [191.24258422851557, 252.77656555175773, 1.0], [204.55921936035156, 261.03128051757807, 1.0], [206.0207977294922, 267.3437194824219, 1.0], [202.28564453124997, 270.7427062988281, 1.0], [187.020248413086, 258.1178588867188, 1.0], [195.30253601074222, 263.13543701171875, 1.0], [199.68728637695318, 267.1818542480469, 1.0], [200.01206970214838, 272.36129760742193, 1.0]], "head_box": [[176.61416666666668, 35.0635], [233.12783333333334, 119.834]], "head_size": 84.7705, "hand_box_center": [195.54613494873047, 257.79414367675787], "is_left": 0, "is_mpii": 0}