{"mpii_body_pts": [[0.0, 0.0, 0.0], [192.704, 138.989, 0.654889], [190.226, 108.447, 0.677903], [174.808, 28.5101, 0.584855], [0.0, 0.0, 0.0], [0.0, 0.0, 0.0], [0.0, 0.0, 0.0], [0.0, 0.0, 0.0], [0.0, 0.0, 0.0], [0.0, 0.0, 0.0], [80.4629, 252.723, 0.63569], [138.226, 249.466, 0.556791], [139.869, 152.437, 0.672204], [245.539, 125.541, 0.637574], [282.956, 218.504, 0.677231], [228.449, 263.294, 0.560798]], "hand_pts": [[226.5206146240234, 263.92742919921875, 1.0], [219.4389038085938, 263.6566162109375, 1.0], [206.36495971679688, 263.1150207519531, 1.0], [196.28713989257815, 273.94723510742193, 1.0], [191.11204528808594, 278.0093078613281, 1.0], [198.46612548828128, 269.3435363769531, 1.0], [188.3883056640625, 281.8005676269532, 1.0], [188.11593627929688, 286.6750793457031, 1.0], [189.47779846191406, 288.84152221679693, 1.0], [203.0964813232422, 274.2180175781249, 1.0], [193.2910308837891, 288.2998962402343, 1.0], [195.47001647949222, 292.0911865234375, 1.0], [197.37663269042972, 292.63278198242193, 1.0], [210.17819213867188, 278.2801208496093, 1.0], [201.46223449707034, 291.0079650878906, 1.0], [204.18597412109375, 293.9868164062499, 1.0], [206.36495971679688, 293.9868164062499, 1.0], [217.25990295410153, 282.88378906249994, 1.0], [210.17819213867188, 291.549560546875, 1.0], [212.357177734375, 291.549560546875, 1.0], [213.44668579101557, 289.65393066406256, 1.0]], "head_box": [[148.16236666666666, 28.5101], [201.45363333333333, 108.447]], "head_size": 79.93690000000001, "hand_box_center": [207.31827545166016, 278.5509185791015], "is_left": 1, "is_mpii": 0}