{"mpii_body_pts": [[0.0, 0.0, 0.0], [193.5055, 133.2925, 0.6273850000000001], [193.509, 100.298, 0.660729], [183.733, 28.5075, 0.602376], [0.0, 0.0, 0.0], [0.0, 0.0, 0.0], [0.0, 0.0, 0.0], [0.0, 0.0, 0.0], [0.0, 0.0, 0.0], [0.0, 0.0, 0.0], [0.0, 0.0, 0.0], [138.212, 227.437, 0.468711], [139.866, 139.403, 0.624303], [247.145, 127.182, 0.630467], [280.482, 221.742, 0.66443], [222.772, 259.254, 0.638002]], "hand_pts": [[174.30435180664062, 152.5089263916016, 1.0], [168.50541687011722, 141.48130798339847, 1.0], [165.51809692382812, 125.20246124267578, 1.0], [177.4674072265625, 115.57518768310547, 1.0], [185.02359008789062, 116.80047607421875, 1.0], [169.3840484619141, 123.80213165283202, 1.0], [169.3840484619141, 106.47303771972653, 1.0], [169.3840484619141, 97.19583892822264, 1.0], [169.3840484619141, 89.66905975341797, 1.0], [178.87319946289062, 125.37750244140625, 1.0], [180.80618286132812, 105.77286529541016, 1.0], [184.14495849609375, 99.1212921142578, 1.0], [187.30801391601565, 92.64476776123048, 1.0], [185.5507659912109, 128.87832641601568, 1.0], [189.59243774414062, 114.52494049072266, 1.0], [185.72648620605472, 122.22676086425781, 1.0], [185.02359008789062, 126.95287322998047, 1.0], [191.34968566894526, 133.25436401367188, 1.0], [193.45838928222662, 122.9269256591797, 1.0], [190.1196136474609, 125.72758483886719, 1.0], [189.9438934326172, 128.87832641601568, 1.0]], "head_box": [[159.80283333333333, 28.5075], [207.66316666666668, 100.298]], "head_size": 71.79050000000001, "hand_box_center": [179.48824310302737, 121.08899307250978], "is_left": 0, "is_mpii": 0}