{"mpii_body_pts": [[0.0, 0.0, 0.0], [194.301, 133.704, 0.65391], [192.673, 100.297, 0.64147], [175.614, 27.7115, 0.587921], [0.0, 0.0, 0.0], [0.0, 0.0, 0.0], [0.0, 0.0, 0.0], [0.0, 0.0, 0.0], [0.0, 0.0, 0.0], [0.0, 0.0, 0.0], [0.0, 0.0, 0.0], [143.898, 221.727, 0.518737], [140.65, 139.417, 0.672623], [247.952, 127.991, 0.635197], [281.285, 220.921, 0.721475], [218.708, 257.631, 0.6767]], "hand_pts": [[176.15582275390625, 147.32638549804688, 1.0], [168.82469177246094, 138.1981506347656, 1.0], [166.25880432128906, 120.3067932128906, 1.0], [175.78926086425776, 110.81341552734376, 1.0], [182.20399475097653, 110.08316040039062, 1.0], [173.77320861816403, 115.01241302490236, 1.0], [169.92436218261722, 98.03387451171875, 1.0], [166.44207763671875, 88.5405044555664, 1.0], [163.87619018554688, 79.9599609375, 1.0], [181.47088623046875, 116.29035949707033, 1.0], [184.22004699707034, 96.93849182128905, 1.0], [185.8695526123047, 86.71485900878906, 1.0], [187.15249633789068, 79.04713439941406, 1.0], [188.4354400634766, 119.57653045654295, 1.0], [189.16854858398443, 108.25750732421876, 1.0], [181.6541595458984, 111.36111450195312, 1.0], [182.20399475097653, 115.92523193359374, 1.0], [192.65083312988276, 127.42681884765624, 1.0], [193.2006683349609, 117.93344879150389, 1.0], [188.61871337890625, 119.57653045654295, 1.0], [188.61871337890625, 122.8627014160156, 1.0]], "head_box": [[151.41883333333334, 27.7115], [199.80916666666667, 100.297]], "head_size": 72.5855, "hand_box_center": [178.5384292602539, 113.18675994873047], "is_left": 0, "is_mpii": 0}