{"mpii_body_pts": [[0.0, 0.0, 0.0], [191.4565, 139.8225, 0.678031], [189.434, 111.669, 0.682334], [182.932, 28.5306, 0.558229], [0.0, 0.0, 0.0], [0.0, 0.0, 0.0], [0.0, 0.0, 0.0], [0.0, 0.0, 0.0], [0.0, 0.0, 0.0], [0.0, 0.0, 0.0], [91.0653, 251.897, 0.693622], [134.174, 256.756, 0.661887], [139.0, 153.267, 0.682379], [243.913, 126.378, 0.673683], [282.91, 218.48, 0.774435], [222.776, 252.733, 0.675135]], "hand_pts": [[223.36532592773443, 253.44703674316406, 1.0], [216.30027770996094, 247.77351379394523, 1.0], [201.8984527587891, 248.3138427734375, 1.0], [189.67048645019534, 255.8785400390625, 1.0], [182.6054382324219, 256.41888427734375, 1.0], [195.64860534667972, 253.17686462402338, 1.0], [182.6054382324219, 261.55206298828125, 1.0], [175.5403900146484, 265.06427001953136, 1.0], [171.4644012451172, 267.22558593749994, 1.0], [199.99632263183594, 261.011749267578, 1.0], [184.23583984375, 269.38693237304693, 1.0], [192.9312744140625, 265.6045837402344, 1.0], [196.73553466796872, 263.44323730468744, 1.0], [206.24617004394528, 268.0361022949219, 1.0], [191.5726165771484, 273.97979736328125, 1.0], [199.18112182617188, 271.0079345703125, 1.0], [202.98538208007815, 269.1167602539063, 1.0], [209.77870178222656, 273.439453125, 1.0], [199.45286560058594, 276.1411437988281, 1.0], [202.71365356445307, 274.79031372070307, 1.0], [204.88751220703128, 274.24996948242193, 1.0]], "head_box": [[155.2192, 28.5306], [210.64479999999998, 111.669]], "head_size": 83.13839999999999, "hand_box_center": [197.4148635864258, 261.95732879638666], "is_left": 1, "is_mpii": 0}