{"mpii_body_pts": [[0.0, 0.0, 0.0], [189.423, 133.68, 0.71521], [189.44, 102.72, 0.707019], [181.309, 23.6698, 0.599986], [0.0, 0.0, 0.0], [0.0, 0.0, 0.0], [0.0, 0.0, 0.0], [0.0, 0.0, 0.0], [0.0, 0.0, 0.0], [0.0, 0.0, 0.0], [141.473, 176.095, 0.446764], [113.008, 236.41, 0.522708], [134.972, 140.205, 0.680818], [243.874, 127.155, 0.749602], [273.177, 219.293, 0.590438], [224.387, 198.919, 0.627581]], "hand_pts": [[224.89506530761722, 206.89492797851565, 1.0], [223.1415100097656, 198.85997009277344, 1.0], [223.1415100097656, 192.74641418457028, 1.0], [221.38795471191406, 188.55426025390625, 1.0], [220.4707641601562, 185.13108825683594, 1.0], [216.6533660888672, 202.52810668945318, 1.0], [210.16520690917972, 207.06961059570312, 1.0], [202.80029296875, 204.97352600097656, 1.0], [196.48748779296878, 202.70277404785153, 1.0], [209.4637908935547, 215.80326843261722, 1.0], [198.59175109863278, 210.56306457519528, 1.0], [190.70075988769534, 204.97352600097656, 1.0], [185.08938598632812, 200.7813720703125, 1.0], [205.43061828613278, 217.54998779296872, 1.0], [197.1889190673828, 214.23120117187497, 1.0], [191.5775451660156, 210.56306457519528, 1.0], [186.14152526855466, 206.72026062011716, 1.0], [200.87136840820318, 216.85130310058597, 1.0], [194.38322448730474, 215.10456848144528, 1.0], [191.75289916992188, 213.70718383789062, 1.0], [189.82398986816406, 212.13513183593753, 1.0]], "head_box": [[154.95893333333333, 23.6698], [207.65906666666666, 102.72]], "head_size": 79.0502, "hand_box_center": [204.99222564697266, 201.34053802490234], "is_left": 1, "is_mpii": 0}