{"mpii_body_pts": [[0.0, 0.0, 0.0], [193.489, 132.89499999999998, 0.6460425000000001], [191.046, 101.067, 0.670838], [183.727, 26.8841, 0.637555], [0.0, 0.0, 0.0], [0.0, 0.0, 0.0], [0.0, 0.0, 0.0], [0.0, 0.0, 0.0], [0.0, 0.0, 0.0], [0.0, 0.0, 0.0], [182.916, 155.701, 0.238214], [139.825, 225.011, 0.501268], [142.267, 139.404, 0.651769], [244.711, 126.386, 0.640316], [266.664, 213.59, 0.659222], [216.254, 166.291, 0.565148]], "hand_pts": [[213.29248046875, 162.3171844482422, 1.0], [210.05592346191406, 157.4903106689453, 1.0], [210.31144714355474, 146.7357177734375, 1.0], [208.46582031250003, 140.58261108398443, 1.0], [204.56188964843753, 133.71282958984375, 1.0], [221.09642028808597, 131.9424438476563, 1.0], [208.77835083007812, 123.64794158935548, 1.0], [207.05944824218753, 130.63931274414057, 1.0], [208.37754821777347, 134.72448730468753, 1.0], [220.84204101562506, 132.19535827636716, 1.0], [208.46582031250003, 122.40502929687501, 1.0], [206.2781219482422, 134.0573272705078, 1.0], [207.52822875976565, 137.00924682617188, 1.0], [217.99790954589844, 136.54315185546875, 1.0], [205.96559143066406, 125.35694122314452, 1.0], [205.07064819335938, 134.97738647460943, 1.0], [206.43438720703128, 138.40751647949222, 1.0], [214.2282409667969, 139.5298156738281, 1.0], [204.55921936035156, 131.4161376953125, 1.0], [203.29000854492188, 138.26525878906247, 1.0], [205.07064819335938, 141.55311584472656, 1.0]], "head_box": [[158.99936666666667, 26.8841], [208.45463333333333, 101.067]], "head_size": 74.18289999999999, "hand_box_center": [212.1932144165039, 142.3611068725586], "is_left": 1, "is_mpii": 0}