{"mpii_body_pts": [[0.0, 0.0, 0.0], [193.0865, 134.92649999999998, 0.630811], [190.235, 101.094, 0.743431], [182.116, 27.7022, 0.628376], [0.0, 0.0, 0.0], [0.0, 0.0, 0.0], [0.0, 0.0, 0.0], [0.0, 0.0, 0.0], [0.0, 0.0, 0.0], [0.0, 0.0, 0.0], [161.793, 211.948, 0.443761], [116.249, 237.21, 0.498405], [142.267, 141.057, 0.593311], [243.906, 128.796, 0.668311], [274.789, 223.361, 0.709083], [224.395, 276.345, 0.334473]], "hand_pts": [[166.62486267089838, 213.50384521484372, 1.0], [167.95761108398443, 200.34770202636716, 1.0], [174.3228759765625, 188.62522888183597, 1.0], [184.9290466308594, 179.59394836425778, 1.0], [188.61967468261716, 169.49192810058597, 1.0], [186.4755096435547, 187.5396423339844, 1.0], [192.11386108398438, 184.3651885986328, 1.0], [186.86535644531253, 183.07623291015625, 1.0], [181.6023712158203, 186.5693359375, 1.0], [189.88999938964844, 196.1228942871094, 1.0], [200.15402221679688, 190.1588439941406, 1.0], [193.29788208007812, 188.7040100097656, 1.0], [188.2298278808594, 192.39117431640628, 1.0], [192.45599365234378, 203.62055969238276, 1.0], [203.7464294433594, 196.4636993408203, 1.0], [198.5608673095703, 195.4961700439453, 1.0], [193.49281311035156, 198.98927307128906, 1.0], [192.96920776367188, 211.97024536132812, 1.0], [202.89109802246097, 206.68778991699222, 1.0], [201.180419921875, 205.49497985839844, 1.0], [196.9037475585938, 206.68778991699222, 1.0]], "head_box": [[157.65206666666668, 27.7022], [206.57993333333334, 101.094]], "head_size": 73.39179999999999, "hand_box_center": [185.1856460571289, 191.49788665771484], "is_left": 0, "is_mpii": 0}