{"mpii_body_pts": [[0.0, 0.0, 0.0], [199.195, 152.8455, 0.6439254999999999], [199.999, 119.832, 0.658826], [197.546, 35.8546, 0.582143], [0.0, 0.0, 0.0], [0.0, 0.0, 0.0], [0.0, 0.0, 0.0], [0.0, 0.0, 0.0], [0.0, 0.0, 0.0], [0.0, 0.0, 0.0], [0.0, 0.0, 0.0], [145.498, 233.961, 0.463033], [147.143, 152.42, 0.621883], [251.247, 153.271, 0.665968], [288.637, 246.193, 0.313643], [227.653, 255.985, 0.381406]], "hand_pts": [[230.3465881347656, 252.60089111328125, 1.0], [225.78839111328128, 245.4118194580078, 1.0], [209.64474487304685, 244.27670288085938, 1.0], [194.64067077636713, 251.27658081054685, 1.0], [184.38470458984375, 252.97926330566406, 1.0], [202.04774475097656, 256.7629699707031, 1.0], [188.37313842773443, 261.4926452636719, 1.0], [195.4003601074219, 256.3846130371094, 1.0], [199.76864624023443, 255.24949645996094, 1.0], [206.98579406738278, 263.76287841796875, 1.0], [191.79179382324216, 267.73577880859364, 1.0], [199.95857238769537, 262.06018066406256, 1.0], [204.5167694091797, 260.92507934570307, 1.0], [212.49362182617185, 269.0600891113282, 1.0], [196.72984313964838, 273.0329895019531, 1.0], [202.99737548828128, 268.6817016601563, 1.0], [207.36564636230474, 267.73577880859364, 1.0], [216.48205566406247, 272.0870666503906, 1.0], [209.26490783691406, 273.97891235351557, 1.0], [210.40444946289065, 270.76275634765625, 1.0], [213.44325256347653, 269.4384460449219, 1.0]], "head_box": [[169.55353333333332, 35.8546], [225.53846666666666, 119.832]], "head_size": 83.97739999999999, "hand_box_center": [207.3656463623047, 259.1278076171875], "is_left": 1, "is_mpii": 0}