{"mpii_body_pts": [[0.0, 0.0, 0.0], [195.1245, 135.734, 0.6379795], [191.901, 101.893, 0.767697], [183.752, 27.7312, 0.657468], [0.0, 0.0, 0.0], [0.0, 0.0, 0.0], [0.0, 0.0, 0.0], [0.0, 0.0, 0.0], [0.0, 0.0, 0.0], [0.0, 0.0, 0.0], [154.463, 206.259, 0.511629], [126.859, 238.023, 0.496441], [141.454, 144.282, 0.624804], [248.795, 127.186, 0.651155], [281.281, 220.923, 0.705057], [223.559, 261.669, 0.611373]], "hand_pts": [[161.0, 200.0, 1.0], [159.88356018066406, 187.36715698242193, 1.0], [163.57698059082028, 179.54475402832026, 1.0], [171.27163696289062, 171.72235107421875, 1.0], [181.5824584960938, 169.26826477050776, 1.0], [164.3464508056641, 183.53263854980472, 1.0], [183.1213836669922, 178.16432189941406, 1.0], [179.73573303222656, 183.8394012451172, 1.0], [175.42674255371097, 184.60630798339844, 1.0], [166.96263122558594, 192.58209228515625, 1.0], [185.8914642333984, 185.52659606933594, 1.0], [181.42855834960943, 190.28138732910156, 1.0], [176.50398254394528, 191.35505676269534, 1.0], [169.42491149902344, 199.79098510742188, 1.0], [186.0, 193.0, 1.0], [181.12077331542974, 197.18351745605472, 1.0], [177.11956787109375, 198.4105529785156, 1.0], [172.65666198730472, 206.69309997558594, 1.0], [186.0, 200.0, 1.0], [181.274673461914, 200.40449523925776, 1.0], [177.73513793945315, 201.1714019775391, 1.0]], "head_box": [[159.03140000000002, 27.7312], [208.4726, 101.893]], "head_size": 74.1618, "hand_box_center": [172.94178009033203, 187.98068237304685], "is_left": 0, "is_mpii": 0}