{"mpii_body_pts": [[0.0, 0.0, 0.0], [194.308, 137.7845, 0.667582], [192.689, 101.064, 0.724559], [184.562, 26.8896, 0.649773], [0.0, 0.0, 0.0], [0.0, 0.0, 0.0], [0.0, 0.0, 0.0], [0.0, 0.0, 0.0], [0.0, 0.0, 0.0], [0.0, 0.0, 0.0], [183.75, 272.295, 0.300877], [125.214, 242.911, 0.677475], [139.008, 145.948, 0.680566], [249.608, 129.621, 0.654598], [275.618, 220.93, 0.733274], [228.46, 270.676, 0.491124]], "hand_pts": [[221.28462219238276, 276.99481201171875, 1.0], [213.38156127929688, 273.9531860351563, 1.0], [197.83036804199222, 274.9670715332031, 1.0], [187.63285827636716, 284.59890747070307, 1.0], [178.71003723144528, 286.3731994628905, 1.0], [191.96679687500003, 283.58502197265625, 1.0], [182.0242309570313, 293.7238159179687, 1.0], [188.39767456054685, 288.6544189453125, 1.0], [191.4569244384766, 285.61279296875, 1.0], [198.0852966308594, 290.17523193359375, 1.0], [188.14273071289062, 299.5536193847657, 1.0], [194.77111816406247, 293.7238159179687, 1.0], [196.55567932128906, 291.69604492187494, 1.0], [204.20381164550776, 294.73770141601557, 1.0], [196.04580688476562, 303.3556518554688, 1.0], [201.14456176757807, 299.30014038085943, 1.0], [203.6939239501953, 296.00503540039057, 1.0], [210.5772552490234, 298.53973388671875, 1.0], [204.20381164550776, 304.8764953613281, 1.0], [207.00811767578128, 301.83483886718744, 1.0], [208.79267883300778, 300.8209533691406, 1.0]], "head_box": [[159.83720000000002, 26.8896], [209.2868, 101.064]], "head_size": 74.17439999999999, "hand_box_center": [199.997329711914, 289.4148406982422], "is_left": 1, "is_mpii": 0}