{"mpii_body_pts": [[0.0, 0.0, 0.0], [193.49900000000002, 136.9565, 0.6467905], [191.072, 107.614, 0.710367], [178.885, 25.2656, 0.582364], [0.0, 0.0, 0.0], [0.0, 0.0, 0.0], [0.0, 0.0, 0.0], [0.0, 0.0, 0.0], [0.0, 0.0, 0.0], [0.0, 0.0, 0.0], [106.496, 216.833, 0.610676], [131.711, 251.075, 0.674613], [139.848, 147.568, 0.669473], [247.15, 126.345, 0.624108], [282.087, 219.291, 0.661637], [224.395, 225.03, 0.595029]], "hand_pts": [[100.02687835693357, 204.8446350097656, 1.0], [93.99951934814455, 195.3839263916016, 1.0], [96.00863647460938, 181.19287109374997, 1.0], [106.05424499511722, 177.3722076416016, 1.0], [111.71630859374999, 176.6444549560547, 1.0], [94.54746246337892, 176.4625244140625, 1.0], [92.72098541259764, 160.27015686035153, 1.0], [92.5383377075195, 151.71913146972653, 1.0], [92.5383377075195, 143.71391296386713, 1.0], [100.20952606201172, 177.00833129882812, 1.0], [107.51541900634767, 162.45339965820318, 1.0], [113.90808105468749, 156.63142395019534, 1.0], [118.47426605224611, 151.53720092773443, 1.0], [106.60218811035152, 180.4651336669922, 1.0], [114.45602416992189, 170.27667236328122, 1.0], [113.54278564453125, 179.7373809814453, 1.0], [111.35101318359375, 183.73999023437494, 1.0], [112.44689941406251, 185.37741088867193, 1.0], [119.3874969482422, 177.00833129882812, 1.0], [119.02220153808592, 182.4664306640625, 1.0], [116.4651412963867, 185.9232330322266, 1.0]], "head_box": [[151.43553333333332, 25.2656], [206.33446666666666, 107.614]], "head_size": 82.3484, "hand_box_center": [105.96291732788086, 174.27927398681635], "is_left": 0, "is_mpii": 0}