{"mpii_body_pts": [[0.0, 0.0, 0.0], [193.922, 136.94150000000002, 0.6905460000000001], [194.301, 101.089, 0.721367], [186.176, 27.713, 0.663238], [0.0, 0.0, 0.0], [0.0, 0.0, 0.0], [0.0, 0.0, 0.0], [0.0, 0.0, 0.0], [0.0, 0.0, 0.0], [0.0, 0.0, 0.0], [0.0, 0.0, 0.0], [121.966, 238.064, 0.676407], [139.049, 146.721, 0.675614], [248.795, 127.162, 0.705478], [283.764, 220.921, 0.692548], [230.098, 257.604, 0.685275]], "hand_pts": [[214.41844177246097, 262.28216552734375, 1.0], [206.3933563232422, 258.52069091796875, 1.0], [195.38749694824224, 260.8003845214844, 1.0], [189.88458251953125, 265.7016906738282, 1.0], [185.4134521484375, 271.7428588867188, 1.0], [189.37849426269534, 267.687255859375, 1.0], [180.1398162841797, 282.7993164062499, 1.0], [186.33061218261722, 287.2446899414063, 1.0], [191.03102111816406, 285.64892578125, 1.0], [192.7124176025391, 271.59832763671875, 1.0], [186.2593994140625, 287.5344848632813, 1.0], [193.5450744628906, 289.8110961914063, 1.0], [197.33645629882812, 285.4209594726562, 1.0], [198.54095458984372, 274.2888488769531, 1.0], [193.75323486328125, 290.01806640624994, 1.0], [200.20256042480466, 289.29641723632807, 1.0], [203.6418914794922, 285.19299316406256, 1.0], [204.78581237792974, 278.84204101562506, 1.0], [203.53684997558597, 288.9832458496093, 1.0], [206.50799560546875, 287.5866394042968, 1.0], [207.42514038085943, 284.5090637207032, 1.0]], "head_box": [[161.71733333333333, 27.713], [210.63466666666665, 101.089]], "head_size": 73.376, "hand_box_center": [197.2791290283203, 274.2693786621094], "is_left": 1, "is_mpii": 0}