{"mpii_body_pts": [[0.0, 0.0, 0.0], [212.59949999999998, 147.16649999999998, 0.526737], [204.088, 121.492, 0.674845], [204.06, 35.8459, 0.453837], [0.0, 0.0, 0.0], [0.0, 0.0, 0.0], [0.0, 0.0, 0.0], [0.0, 0.0, 0.0], [0.0, 0.0, 0.0], [0.0, 0.0, 0.0], [152.867, 146.768, 0.510462], [139.047, 210.331, 0.632467], [168.302, 141.046, 0.368518], [256.897, 153.287, 0.684956], [293.489, 250.243, 0.667187], [225.231, 253.549, 0.631733]], "hand_pts": [[161.36175537109378, 157.35868835449224, 1.0], [156.69404602050778, 151.77923583984372, 1.0], [156.50732421875, 142.29415893554685, 1.0], [150.7193756103515, 135.22683715820318, 1.0], [143.43774414062503, 129.83335876464838, 1.0], [168.26995849609375, 132.99505615234378, 1.0], [173.8712158203125, 122.58007049560547, 1.0], [176.6718444824219, 117.74453735351561, 1.0], [178.72563171386716, 113.09499359130862, 1.0], [175.36488342285153, 137.0866546630859, 1.0], [185.63385009765622, 126.67166900634767, 1.0], [190.67497253417966, 121.65016174316405, 1.0], [194.2224273681641, 116.25668334960939, 1.0], [179.09904479980466, 142.85209655761727, 1.0], [191.98193359375, 133.36701965332034, 1.0], [198.14331054687497, 127.78755950927737, 1.0], [202.99772644042977, 122.76605224609375, 1.0], [180.7794189453125, 150.8493194580078, 1.0], [185.4471282958984, 149.36146545410156, 1.0], [188.24775695800778, 148.989501953125, 1.0], [192.35534667968756, 148.24557495117182, 1.0]], "head_box": [[175.5113, 35.8459], [232.6087, 121.492]], "head_size": 85.6461, "hand_box_center": [173.2177352905274, 135.22684097290045], "is_left": 0, "is_mpii": 0}