{"mpii_body_pts": [[84.957, 138.59, 0.112418], [191.489, 134.131, 0.664966], [191.033, 101.074, 0.65455], [178.877, 27.7089, 0.620438], [0.0, 0.0, 0.0], [0.0, 0.0, 0.0], [169.914, 277.18, 0.224836], [0.0, 0.0, 0.0], [0.0, 0.0, 0.0], [0.0, 0.0, 0.0], [0.0, 0.0, 0.0], [145.55, 229.062, 0.443935], [139.047, 141.057, 0.661425], [243.931, 127.205, 0.668507], [280.485, 219.284, 0.6741], [225.215, 259.229, 0.648844]], "hand_pts": [[222.73567199707028, 260.04980468750006, 1.0], [212.46211242675778, 259.3688354492187, 1.0], [202.53102111816406, 259.02835083007807, 1.0], [194.7687835693359, 265.04351806640625, 1.0], [189.06126403808594, 269.1292724609375, 1.0], [196.13102722167972, 264.707244873047, 1.0], [185.0659942626953, 278.09521484375, 1.0], [190.2552185058594, 284.0154724121093, 1.0], [195.91029357910153, 281.8405151367188, 1.0], [202.4168701171875, 269.46972656249994, 1.0], [192.1474304199219, 283.5203857421874, 1.0], [197.62254333496094, 286.94769287109375, 1.0], [202.4168701171875, 283.7698974609375, 1.0], [209.03759765625, 274.00946044921875, 1.0], [199.79141235351565, 287.17468261718756, 1.0], [204.69989013671872, 287.5151672363281, 1.0], [207.32534790039068, 285.0183105468749, 1.0], [216.14862060546875, 277.7774353027344, 1.0], [209.0777282714844, 286.886962890625, 1.0], [212.46211242675778, 284.9048156738282, 1.0], [214.17437744140625, 282.40795898437494, 1.0]], "head_box": [[154.42196666666666, 27.7089], [203.33203333333336, 101.074]], "head_size": 73.3651, "hand_box_center": [203.9008331298828, 273.2717590332031], "is_left": 1, "is_mpii": 0}