{"mpii_body_pts": [[0.0, 0.0, 0.0], [195.53, 134.093, 0.6946515], [197.581, 99.4633, 0.766323], [191.033, 26.9102, 0.662766], [0.0, 0.0, 0.0], [0.0, 0.0, 0.0], [0.0, 0.0, 0.0], [0.0, 0.0, 0.0], [0.0, 0.0, 0.0], [0.0, 0.0, 0.0], [0.0, 0.0, 0.0], [125.201, 234.784, 0.555871], [140.644, 141.028, 0.654186], [250.416, 127.158, 0.735117], [287.807, 218.498, 0.619027], [219.508, 263.277, 0.596161]], "hand_pts": [[186.37617492675776, 232.66671752929688, 1.0], [190.1365051269531, 223.60145568847656, 1.0], [200.65892028808597, 212.39300537109378, 1.0], [212.89080810546878, 203.87417602539062, 1.0], [219.56018066406247, 196.84266662597656, 1.0], [205.30081176757812, 208.3026885986328, 1.0], [217.7982025146484, 207.76916503906244, 1.0], [227.2103424072266, 213.4448394775391, 1.0], [231.7219696044922, 220.28102111816406, 1.0], [198.5165100097656, 212.5708312988281, 1.0], [219.04794311523443, 217.55035400390625, 1.0], [223.4833374023438, 223.01550292968747, 1.0], [226.81802368164062, 230.0469970703125, 1.0], [196.21739196777344, 218.71846008300778, 1.0], [215.47726440429688, 225.73097229003903, 1.0], [219.04794311523443, 232.31103515625, 1.0], [213.47929382324216, 232.78147888183597, 1.0], [200.53286743164062, 233.95339965820318, 1.0], [211.71386718749997, 236.68786621093753, 1.0], [216.81396484374997, 240.00830078125, 1.0], [210.92922973632812, 239.6176605224609, 1.0]], "head_box": [[166.8486333333333, 26.9102], [215.21736666666666, 99.4633]], "head_size": 72.5531, "hand_box_center": [209.04907226562497, 218.42548370361328], "is_left": 0, "is_mpii": 0}