{"mpii_body_pts": [[0.0, 0.0, 0.0], [207.3055, 152.4325, 0.6188], [205.701, 121.487, 0.399521], [197.543, 35.0694, 0.375242], [0.0, 0.0, 0.0], [0.0, 0.0, 0.0], [0.0, 0.0, 0.0], [0.0, 0.0, 0.0], [0.0, 0.0, 0.0], [0.0, 0.0, 0.0], [177.23, 136.95, 0.642016], [156.92, 185.883, 0.69527], [152.034, 145.908, 0.646711], [262.577, 158.957, 0.590889], [290.254, 245.399, 0.590503], [204.883, 205.425, 0.710286]], "hand_pts": [[213.70974731445315, 214.41149902343753, 1.0], [210.43824768066412, 207.49456787109378, 1.0], [197.92077636718753, 199.25241088867193, 1.0], [187.4581909179688, 196.41009521484372, 1.0], [178.70767211914057, 195.46264648437503, 1.0], [193.4875946044922, 190.5364532470703, 1.0], [180.22186279296872, 198.6851501464844, 1.0], [185.36567687988278, 207.2109375, 1.0], [191.8334503173828, 208.53735351562503, 1.0], [193.19279479980466, 194.64750671386716, 1.0], [179.6322784423828, 201.76844787597662, 1.0], [186.31681823730472, 209.29530334472656, 1.0], [192.78459167480466, 210.43223571777347, 1.0], [193.11911010742188, 199.12562561035153, 1.0], [181.32734680175784, 206.17315673828122, 1.0], [187.51802062988276, 213.6611480712891, 1.0], [193.6349945068359, 214.4686737060547, 1.0], [193.4875946044922, 203.6037445068359, 1.0], [185.82295227050778, 209.47668457031247, 1.0], [187.44432067871094, 212.55996704101562, 1.0], [190.17115783691406, 214.24844360351562, 1.0]], "head_box": [[168.73713333333333, 35.0694], [226.34886666666668, 121.487]], "head_size": 86.4176, "hand_box_center": [196.20870971679688, 202.5025634765625], "is_left": 1, "is_mpii": 0}