{"mpii_body_pts": [[0.0, 0.0, 0.0], [191.8825, 136.139, 0.6563680000000001], [191.073, 106.788, 0.666486], [182.922, 27.7207, 0.578081], [0.0, 0.0, 0.0], [0.0, 0.0, 0.0], [0.0, 0.0, 0.0], [0.0, 0.0, 0.0], [0.0, 0.0, 0.0], [0.0, 0.0, 0.0], [154.473, 180.163, 0.31465], [141.458, 229.074, 0.530168], [139.84, 144.287, 0.675023], [243.925, 127.991, 0.637713], [275.634, 223.359, 0.721902], [217.088, 237.257, 0.720403]], "hand_pts": [[165.27095031738278, 156.1009521484375, 1.0], [164.5555114746094, 145.23312377929685, 1.0], [166.16523742675778, 129.37677001953125, 1.0], [171.7098083496094, 119.22158050537111, 1.0], [181.01037597656247, 118.5089340209961, 1.0], [174.21380615234375, 131.87103271484375, 1.0], [190.8475189208984, 127.06067657470703, 1.0], [186.01837158203128, 131.15838623046878, 1.0], [180.4738006591797, 132.7618408203125, 1.0], [176.89666748046878, 138.81932067871094, 1.0], [192.63609313964838, 134.89976501464838, 1.0], [187.98580932617188, 138.81932067871094, 1.0], [183.51437377929685, 139.7101287841797, 1.0], [179.93724060058597, 147.37104797363284, 1.0], [194.96124267578128, 141.1354064941406, 1.0], [189.95323181152347, 145.41128540039062, 1.0], [185.3029479980469, 146.6584167480469, 1.0], [183.69323730468753, 155.56646728515625, 1.0], [192.4572296142578, 149.8653106689453, 1.0], [192.9938049316406, 149.15266418457028, 1.0], [189.23780822753906, 150.22163391113278, 1.0]], "head_box": [[156.56623333333334, 27.7207], [209.27776666666665, 106.788]], "head_size": 79.06729999999999, "hand_box_center": [179.75837707519534, 137.3049430847168], "is_left": 0, "is_mpii": 0}