{"mpii_body_pts": [[84.957, 138.59, 0.112418], [191.489, 134.131, 0.664966], [191.033, 101.074, 0.65455], [178.877, 27.7089, 0.620438], [0.0, 0.0, 0.0], [0.0, 0.0, 0.0], [169.914, 277.18, 0.224836], [0.0, 0.0, 0.0], [0.0, 0.0, 0.0], [0.0, 0.0, 0.0], [0.0, 0.0, 0.0], [145.55, 229.062, 0.443935], [139.047, 141.057, 0.661425], [243.931, 127.205, 0.668507], [280.485, 219.284, 0.6741], [225.215, 259.229, 0.648844]], "hand_pts": [[161.53955078124994, 142.90734863281253, 1.0], [158.85668945312503, 133.10848999023443, 1.0], [164.93783569335938, 119.21190643310548, 1.0], [171.3766937255859, 113.33258819580077, 1.0], [176.92126464843753, 109.94752502441408, 1.0], [161.3607025146484, 114.57971191406249, 1.0], [164.75898742675778, 98.72336578369139, 1.0], [166.3686981201172, 88.74633789062499, 1.0], [167.26298522949216, 80.3727569580078, 1.0], [166.18983459472653, 116.361328125, 1.0], [174.41726684570318, 98.72336578369139, 1.0], [180.31954956054685, 88.74633789062499, 1.0], [183.3601226806641, 81.97621154785155, 1.0], [172.98641967773446, 120.63719940185548, 1.0], [181.21383666992185, 107.63142395019533, 1.0], [177.99441528320315, 115.29235839843749, 1.0], [175.4904174804688, 119.3900680541992, 1.0], [180.67727661132812, 127.58548736572264, 1.0], [186.04298400878906, 119.7463912963867, 1.0], [184.79098510742188, 123.48777770996094, 1.0], [183.89669799804688, 126.33835601806638, 1.0]], "head_box": [[154.42196666666666, 27.7089], [203.33203333333336, 101.074]], "head_size": 73.3651, "hand_box_center": [172.44983673095703, 111.64005279541016], "is_left": 0, "is_mpii": 0}