{"mpii_body_pts": [[0.0, 0.0, 0.0], [194.70999999999998, 136.962, 0.681405], [192.704, 101.064, 0.733917], [185.398, 26.888, 0.624392], [0.0, 0.0, 0.0], [0.0, 0.0, 0.0], [0.0, 0.0, 0.0], [0.0, 0.0, 0.0], [0.0, 0.0, 0.0], [0.0, 0.0, 0.0], [194.31, 263.32, 0.245263], [121.966, 242.107, 0.653799], [139.85, 146.713, 0.698909], [249.57, 127.211, 0.663901], [278.866, 224.192, 0.715644], [227.643, 264.955, 0.626473]], "hand_pts": [[182.96733093261724, 254.72732543945315, 1.0], [193.94383239746094, 250.60475158691403, 1.0], [206.71974182128903, 250.42552185058597, 1.0], [219.1357727050781, 248.45384216308594, 1.0], [228.71095275878903, 243.6166076660156, 1.0], [216.65095520019528, 253.85333251953128, 1.0], [235.15066528320312, 266.19885253906256, 1.0], [236.02604675292977, 272.5550537109375, 1.0], [232.9913482666016, 273.1893005371094, 1.0], [213.88308715820318, 260.3497314453125, 1.0], [230.11227416992185, 272.65155029296875, 1.0], [228.13290405273443, 277.31185913085943, 1.0], [224.16374206542972, 276.2953796386718, 1.0], [209.59883117675778, 267.45352172851557, 1.0], [225.25382995605472, 279.64202880859375, 1.0], [223.81428527832028, 282.6891479492187, 1.0], [219.02340698242193, 280.429443359375, 1.0], [204.3804931640625, 273.5477905273438, 1.0], [217.15641784667977, 281.4344482421874, 1.0], [220.0354919433594, 284.3023071289063, 1.0], [216.79652404785153, 285.9154968261719, 1.0]], "head_box": [[160.67266666666666, 26.888], [210.12333333333333, 101.064]], "head_size": 74.17599999999999, "hand_box_center": [209.4966888427735, 264.76605224609375], "is_left": 0, "is_mpii": 0}