{"mpii_body_pts": [[0.0, 0.0, 0.0], [193.0865, 134.92649999999998, 0.630811], [190.235, 101.094, 0.743431], [182.116, 27.7022, 0.628376], [0.0, 0.0, 0.0], [0.0, 0.0, 0.0], [0.0, 0.0, 0.0], [0.0, 0.0, 0.0], [0.0, 0.0, 0.0], [0.0, 0.0, 0.0], [161.793, 211.948, 0.443761], [116.249, 237.21, 0.498405], [142.267, 141.057, 0.593311], [243.906, 128.796, 0.668311], [274.789, 223.361, 0.709083], [224.395, 276.345, 0.334473]], "hand_pts": [[219.9600067138672, 280.3743896484375, 1.0], [210.55131530761724, 280.5447998046875, 1.0], [195.32633972167974, 286.84967041015636, 1.0], [188.8257751464844, 291.4505004882812, 1.0], [180.61456298828122, 293.6657104492187, 1.0], [194.4709930419922, 286.84967041015636, 1.0], [183.1805725097656, 299.2889709472655, 1.0], [190.19432067871094, 293.4953308105469, 1.0], [192.07604980468753, 291.1097106933595, 1.0], [200.45834350585943, 291.1097106933595, 1.0], [191.04965209960935, 303.5490112304688, 1.0], [196.5238037109375, 298.2665710449219, 1.0], [199.26087951660156, 294.51773071289057, 1.0], [207.12995910644528, 296.7329406738282, 1.0], [201.14260864257812, 305.76422119140636, 1.0], [203.70861816406247, 302.015380859375, 1.0], [205.59036254882812, 299.8001708984375, 1.0], [215.17012023925776, 298.7777709960937, 1.0], [208.84063720703128, 307.63864135742193, 1.0], [210.89344787597662, 304.40100097656244, 1.0], [212.26197814941406, 302.356201171875, 1.0]], "head_box": [[157.65206666666668, 27.7022], [206.57993333333334, 101.094]], "head_size": 73.39179999999999, "hand_box_center": [200.28728485107422, 294.0065155029297], "is_left": 1, "is_mpii": 0}