{"mpii_body_pts": [[0.0, 0.0, 0.0], [202.02049999999997, 155.70850000000002, 0.654841], [203.237, 119.845, 0.759609], [204.857, 36.6964, 0.518481], [0.0, 0.0, 0.0], [0.0, 0.0, 0.0], [0.0, 0.0, 0.0], [0.0, 0.0, 0.0], [0.0, 0.0, 0.0], [0.0, 0.0, 0.0], [181.308, 262.512, 0.603928], [115.44, 255.963, 0.682683], [146.326, 156.528, 0.653621], [257.715, 154.889, 0.656061], [291.057, 251.072, 0.672596], [228.443, 259.254, 0.621316]], "hand_pts": [[221.21539306640622, 263.0527648925781, 1.0], [219.50605773925776, 256.9988098144531, 1.0], [214.18815612792974, 262.1068420410156, 1.0], [205.83145141601565, 264.1878967285156, 1.0], [196.33518981933597, 264.5662536621093, 1.0], [205.45159912109378, 274.5931396484374, 1.0], [190.63336181640625, 273.19076538085943, 1.0], [192.17820739746097, 268.814697265625, 1.0], [194.10925292968747, 265.97747802734375, 1.0], [205.64152526855466, 278.7552185058594, 1.0], [192.72662353515622, 271.9445190429687, 1.0], [194.24601745605472, 268.1607971191407, 1.0], [195.95535278320315, 266.26895141601557, 1.0], [204.88182067871097, 275.1606750488281, 1.0], [195.57550048828125, 271.376953125, 1.0], [196.71504211425776, 268.5391845703125, 1.0], [198.61430358886716, 265.32299804687494, 1.0], [202.98257446289062, 271.9445190429687, 1.0], [199.37399291992188, 268.34997558593756, 1.0], [200.3236236572266, 265.89056396484375, 1.0], [202.22286987304688, 264.37707519531256, 1.0]], "head_box": [[177.1408, 36.6964], [232.57319999999999, 119.845]], "head_size": 83.1486, "hand_box_center": [205.92437744140625, 267.87701416015625], "is_left": 1, "is_mpii": 0}