{"mpii_body_pts": [[0.0, 0.0, 0.0], [206.4975, 152.45, 0.480669], [204.909, 119.827, 0.760144], [209.735, 35.8416, 0.539505], [0.0, 0.0, 0.0], [0.0, 0.0, 0.0], [0.0, 0.0, 0.0], [0.0, 0.0, 0.0], [0.0, 0.0, 0.0], [0.0, 0.0, 0.0], [130.877, 172.829, 0.501729], [138.19, 243.767, 0.378075], [153.647, 150.001, 0.56549], [259.348, 154.899, 0.395848], [287.793, 238.871, 0.747708], [276.401, 191.588, 0.613018]], "hand_pts": [[133.22462463378903, 164.49058532714838, 1.0], [132.49530029296875, 152.68516540527344, 1.0], [128.8486785888672, 144.51219177246094, 1.0], [127.39002990722656, 135.6127166748047, 1.0], [122.28475952148438, 129.0743408203125, 1.0], [111.1625518798828, 143.78570556640622, 1.0], [109.7039031982422, 133.6148834228515, 1.0], [116.0854949951172, 130.89054870605472, 1.0], [122.4670867919922, 132.1619110107422, 1.0], [108.79224395751953, 147.5997619628906, 1.0], [97.85237121582028, 142.15110778808597, 1.0], [94.20574951171875, 135.0678558349609, 1.0], [96.02906036376952, 126.89487457275388, 1.0], [108.24525451660155, 152.50354003906247, 1.0], [95.66439819335936, 149.05273437500003, 1.0], [91.28845214843749, 142.87759399414057, 1.0], [91.28845214843749, 135.6127166748047, 1.0], [108.97457885742185, 157.9521942138672, 1.0], [97.48770904541017, 158.3154449462891, 1.0], [92.01777648925783, 156.1359710693359, 1.0], [90.55912780761719, 151.05056762695312, 1.0]], "head_box": [[181.73986666666667, 35.8416], [237.73013333333336, 119.827]], "head_size": 83.9854, "hand_box_center": [111.89187622070311, 145.69272994995112], "is_left": 0, "is_mpii": 0}