{"mpii_body_pts": [[203.2425, 260.876, 0.22535650000000002], [194.31, 134.50150000000002, 0.6748645], [191.897, 101.107, 0.70114], [182.122, 27.7226, 0.56612], [0.0, 0.0, 0.0], [0.0, 0.0, 0.0], [177.229, 257.618, 0.232343], [229.256, 264.134, 0.21837], [0.0, 0.0, 0.0], [0.0, 0.0, 0.0], [165.066, 133.677, 0.549444], [140.644, 213.583, 0.53402], [140.667, 140.21, 0.71485], [247.953, 128.793, 0.634879], [277.223, 223.353, 0.738999], [211.379, 244.594, 0.745309]], "hand_pts": [[214.08821105957034, 247.80532836914062, 1.0], [207.85044860839847, 239.98561096191406, 1.0], [197.8094024658203, 232.4079284667969, 1.0], [184.7105560302734, 231.7826080322266, 1.0], [176.18505859374997, 235.82798767089844, 1.0], [195.07080078124997, 235.0514831542969, 1.0], [177.9641876220703, 240.97204589843753, 1.0], [185.72183227539062, 242.5508575439453, 1.0], [191.88816833496097, 241.16940307617185, 1.0], [196.26428222656244, 242.5508575439453, 1.0], [179.55549621582034, 247.28730773925778, 1.0], [187.90989685058597, 249.45817565917972, 1.0], [194.67297363281247, 247.4846649169922, 1.0], [198.05450439453122, 250.8396453857422, 1.0], [183.33486938476562, 253.7999267578125, 1.0], [189.89903259277344, 254.98403930664065, 1.0], [196.86102294921878, 253.60256958007812, 1.0], [201.4360504150391, 258.7337341308594, 1.0], [188.1088104248047, 260.31253051757807, 1.0], [192.88273620605474, 260.5098876953126, 1.0], [197.05993652343753, 259.9178161621093, 1.0]], "head_box": [[157.66053333333335, 27.7226], [206.58346666666668, 101.107]], "head_size": 73.3844, "hand_box_center": [195.13663482666016, 246.1462478637696], "is_left": 1, "is_mpii": 0}