{"mpii_body_pts": [[0.0, 0.0, 0.0], [204.475, 152.051, 0.5533509999999999], [204.882, 120.673, 0.60303], [198.38, 35.0557, 0.401713], [0.0, 0.0, 0.0], [0.0, 0.0, 0.0], [0.0, 0.0, 0.0], [0.0, 0.0, 0.0], [0.0, 0.0, 0.0], [0.0, 0.0, 0.0], [191.068, 153.292, 0.4172], [165.035, 202.977, 0.480196], [151.212, 149.194, 0.5012], [257.738, 154.908, 0.605502], [269.094, 255.97, 0.352952], [237.385, 228.248, 0.622531]], "hand_pts": [[238.8649444580078, 225.04869079589838, 1.0], [232.72271728515625, 219.11575317382807, 1.0], [216.34342956542974, 217.63252258300778, 1.0], [203.3144683837891, 220.78439331054688, 1.0], [194.00805664062503, 220.04278564453122, 1.0], [214.6682891845703, 217.4471282958984, 1.0], [200.5225372314453, 222.82383728027347, 1.0], [195.31095886230472, 226.7173156738281, 1.0], [196.24159240722656, 230.79620361328125, 1.0], [216.90182495117188, 223.19464111328125, 1.0], [204.05897521972656, 231.1670074462891, 1.0], [199.77803039550778, 235.43130493164062, 1.0], [200.70866394042972, 236.9145355224609, 1.0], [221.92727661132815, 231.1670074462891, 1.0], [210.38732910156253, 238.21235656738278, 1.0], [205.17575073242185, 241.36422729492188, 1.0], [206.10638427734375, 242.66206359863278, 1.0], [227.13887023925776, 237.4707489013672, 1.0], [217.460205078125, 242.66206359863278, 1.0], [214.85441589355472, 244.14529418945312, 1.0], [213.7376403808594, 245.44311523437494, 1.0]], "head_box": [[169.8409, 35.0557], [226.9191, 120.673]], "head_size": 85.6173, "hand_box_center": [216.4365005493164, 231.44512176513666], "is_left": 1, "is_mpii": 0}