{"mpii_body_pts": [[0.0, 0.0, 0.0], [198.7885, 151.2435, 0.5659095], [197.557, 120.642, 0.712754], [191.878, 35.8487, 0.564153], [0.0, 0.0, 0.0], [0.0, 0.0, 0.0], [0.0, 0.0, 0.0], [0.0, 0.0, 0.0], [0.0, 0.0, 0.0], [0.0, 0.0, 0.0], [0.0, 0.0, 0.0], [129.266, 224.187, 0.296467], [146.351, 149.193, 0.464744], [251.226, 153.294, 0.667075], [289.41, 249.457, 0.676929], [223.584, 252.719, 0.681819]], "hand_pts": [[170.46156311035153, 147.25811767578128, 1.0], [171.9202117919922, 139.4483795166016, 1.0], [177.77781677246094, 131.36177062988276, 1.0], [187.58062744140628, 126.47943878173828, 1.0], [191.41650390624997, 122.34007263183594, 1.0], [177.99092102050778, 121.17255401611327, 1.0], [193.65411376953122, 121.38482666015626, 1.0], [200.89965820312497, 121.27869415283202, 1.0], [207.07969665527344, 121.06641387939453, 1.0], [180.7612762451172, 123.40144348144534, 1.0], [194.8261871337891, 124.56896209716797, 1.0], [203.77658081054685, 124.356689453125, 1.0], [208.89108276367188, 123.82599639892577, 1.0], [183.1677703857422, 127.45178222656249, 1.0], [195.25239562988276, 131.46791076660156, 1.0], [193.31294250488278, 138.92860412597656, 1.0], [189.71166992187494, 142.5062408447266, 1.0], [186.17564392089838, 132.93627929687497, 1.0], [194.71963500976557, 135.18273925781253, 1.0], [194.93273925781253, 139.95892333984378, 1.0], [193.0148010253906, 142.9307861328125, 1.0]], "head_box": [[163.61356666666666, 35.8487], [220.14243333333332, 120.642]], "head_size": 84.79329999999999, "hand_box_center": [189.67632293701172, 134.1622657775879], "is_left": 0, "is_mpii": 0}