{"mpii_body_pts": [[0.0, 0.0, 0.0], [194.7165, 139.39100000000002, 0.656957], [194.306, 101.119, 0.712635], [189.414, 26.9028, 0.605677], [0.0, 0.0, 0.0], [0.0, 0.0, 0.0], [0.0, 0.0, 0.0], [0.0, 0.0, 0.0], [0.0, 0.0, 0.0], [0.0, 0.0, 0.0], [181.308, 255.974, 0.3507], [122.755, 239.681, 0.675674], [139.853, 146.717, 0.685548], [249.58, 132.065, 0.628366], [279.661, 224.195, 0.726942], [224.381, 257.587, 0.505325]], "hand_pts": [[210.11927795410153, 260.5395202636719, 1.0], [201.975830078125, 260.032470703125, 1.0], [191.03337097167972, 266.7673645019531, 1.0], [185.82267761230474, 271.94805908203125, 1.0], [180.61198425292972, 277.9058532714843, 1.0], [186.56167602539062, 268.5633850097657, 1.0], [178.1774444580078, 279.55169677734375, 1.0], [182.49659729003906, 285.1089782714843, 1.0], [185.79946899414057, 282.58294677734375, 1.0], [191.51600646972656, 270.71051025390625, 1.0], [184.2750701904297, 286.8772277832031, 1.0], [189.10235595703128, 287.25613403320307, 1.0], [192.0241394042969, 283.08816528320307, 1.0], [198.62989807128906, 272.099853515625, 1.0], [191.5159912109375, 287.7613525390625, 1.0], [195.45405578613276, 288.51916503906256, 1.0], [197.8676910400391, 286.62463378906256, 1.0], [204.85455322265622, 274.1206970214844, 1.0], [200.53540039062503, 286.8772277832031, 1.0], [203.71125793457028, 285.7405090332031, 1.0], [205.7437896728515, 282.58294677734375, 1.0]], "head_box": [[164.67526666666666, 26.9028], [214.15273333333332, 101.119]], "head_size": 74.2162, "hand_box_center": [194.1483612060547, 274.27581787109375], "is_left": 1, "is_mpii": 0}