{"mpii_body_pts": [[0.0, 0.0, 0.0], [194.70999999999998, 136.962, 0.681405], [192.704, 101.064, 0.733917], [185.398, 26.888, 0.624392], [0.0, 0.0, 0.0], [0.0, 0.0, 0.0], [0.0, 0.0, 0.0], [0.0, 0.0, 0.0], [0.0, 0.0, 0.0], [0.0, 0.0, 0.0], [194.31, 263.32, 0.245263], [121.966, 242.107, 0.653799], [139.85, 146.713, 0.698909], [249.57, 127.211, 0.663901], [278.866, 224.192, 0.715644], [227.643, 264.955, 0.626473]], "hand_pts": [[216.81561279296872, 268.16674804687494, 1.0], [208.32484436035156, 265.87744140625, 1.0], [198.25106811523443, 266.59283447265625, 1.0], [191.19941711425778, 271.1714782714843, 1.0], [186.21382141113276, 275.9868774414062, 1.0], [190.7676849365234, 272.7453918457031, 1.0], [180.4060821533203, 286.05206298828125, 1.0], [187.88946533203128, 290.91687011718744, 1.0], [192.06288146972656, 288.62753295898426, 1.0], [195.22892761230474, 276.894775390625, 1.0], [187.02598571777344, 292.9200134277343, 1.0], [194.5093688964844, 294.7800903320313, 1.0], [198.68280029296875, 290.77377319335943, 1.0], [201.70492553710938, 279.6133422851563, 1.0], [194.65328979492185, 295.2093505859375, 1.0], [201.27319335937497, 294.06466674804693, 1.0], [203.57577514648438, 289.34295654296875, 1.0], [207.46138000488278, 283.47656249999994, 1.0], [203.71969604492185, 294.06466674804693, 1.0], [206.45399475097656, 291.6322937011719, 1.0], [207.31747436523443, 288.4844665527344, 1.0]], "head_box": [[160.67266666666666, 26.888], [210.12333333333333, 101.064]], "head_size": 74.17599999999999, "hand_box_center": [198.61084747314453, 280.54339599609375], "is_left": 1, "is_mpii": 0}