{"mpii_body_pts": [[0.0, 0.0, 0.0], [204.8835, 151.235, 0.530153], [204.867, 119.004, 0.654915], [202.445, 35.0402, 0.469439], [0.0, 0.0, 0.0], [0.0, 0.0, 0.0], [0.0, 0.0, 0.0], [0.0, 0.0, 0.0], [0.0, 0.0, 0.0], [0.0, 0.0, 0.0], [0.0, 0.0, 0.0], [151.193, 224.17, 0.36892], [152.832, 146.758, 0.433822], [256.935, 155.712, 0.626484], [294.281, 251.091, 0.610142], [230.92, 249.471, 0.543417]], "hand_pts": [[196.50411987304688, 147.63763427734375, 1.0], [195.1749114990234, 137.9910736083984, 1.0], [195.1749114990234, 124.93983459472655, 1.0], [204.099609375, 123.42665100097656, 1.0], [208.27713012695312, 127.39876556396483, 1.0], [196.69401550292972, 121.72431945800783, 1.0], [202.58050537109378, 107.15989685058591, 1.0], [208.27713012695312, 98.83737182617186, 1.0], [212.64453124999997, 93.54122161865236, 1.0], [201.07696533203125, 123.75072479248045, 1.0], [213.21513366699216, 119.06182861328125, 1.0], [212.99046325683594, 126.20599365234376, 1.0], [209.64529418945312, 129.65505981445315, 1.0], [205.12638854980472, 128.71972656249997, 1.0], [214.5163269042969, 127.37516784667966, 1.0], [212.87309265136716, 132.81182861328128, 1.0], [209.03668212890622, 135.53213500976562, 1.0], [209.4105529785156, 134.33175659179688, 1.0], [216.62905883789062, 131.5257415771484, 1.0], [215.68272399902344, 135.53213500976562, 1.0], [213.21418762207028, 138.36936950683594, 1.0]], "head_box": [[174.45706666666666, 35.0402], [230.43293333333332, 119.004]], "head_size": 83.9638, "hand_box_center": [205.90198516845703, 120.58942794799805], "is_left": 0, "is_mpii": 0}