{"mpii_body_pts": [[0.0, 0.0, 0.0], [196.74599999999998, 139.386, 0.5552145], [191.869, 106.803, 0.786505], [179.685, 26.9049, 0.599891], [0.0, 0.0, 0.0], [0.0, 0.0, 0.0], [0.0, 0.0, 0.0], [0.0, 0.0, 0.0], [0.0, 0.0, 0.0], [0.0, 0.0, 0.0], [107.355, 207.06, 0.523862], [126.825, 244.584, 0.677246], [145.521, 151.628, 0.471478], [247.971, 127.144, 0.638951], [282.118, 220.116, 0.642223], [229.244, 259.237, 0.591872]], "hand_pts": [[225.58346557617185, 262.8059387207031, 1.0], [216.49888610839844, 261.515625, 1.0], [204.81872558593753, 261.515625, 1.0], [195.21502685546878, 268.74142456054693, 1.0], [190.80252075195315, 273.12854003906256, 1.0], [196.7723846435547, 267.96722412109375, 1.0], [186.1859283447266, 282.5306701660156, 1.0], [187.6756896972656, 289.31939697265625, 1.0], [191.77252197265625, 289.1959533691406, 1.0], [200.14665222167966, 274.1607971191407, 1.0], [192.39324951171878, 288.2085266113281, 1.0], [194.5037384033203, 292.89892578124994, 1.0], [196.9866638183594, 291.2943115234375, 1.0], [208.9716644287109, 278.2898254394532, 1.0], [199.62753295898443, 291.19305419921875, 1.0], [202.07666015624997, 293.5160827636719, 1.0], [205.30447387695315, 292.5286254882812, 1.0], [215.2010955810547, 281.90274047851557, 1.0], [208.45254516601562, 290.67694091796875, 1.0], [209.8978881835938, 292.77548217773443, 1.0], [212.50495910644528, 291.04742431640636, 1.0]], "head_box": [[153.0523, 26.9049], [206.3177, 106.803]], "head_size": 79.8981, "hand_box_center": [205.88469696044922, 277.51585388183594], "is_left": 1, "is_mpii": 0}