{"mpii_body_pts": [[0.0, 0.0, 0.0], [190.247, 136.975, 0.6613945], [190.237, 101.897, 0.742513], [182.106, 29.3211, 0.667656], [0.0, 0.0, 0.0], [0.0, 0.0, 0.0], [0.0, 0.0, 0.0], [0.0, 0.0, 0.0], [0.0, 0.0, 0.0], [0.0, 0.0, 0.0], [190.242, 260.044, 0.341562], [121.138, 243.752, 0.714801], [136.586, 146.753, 0.645386], [243.908, 127.197, 0.677403], [275.626, 222.554, 0.736275], [223.597, 263.309, 0.597207]], "hand_pts": [[182.57823181152347, 254.60507202148438, 1.0], [193.00559997558594, 251.36984252929688, 1.0], [205.3133239746094, 249.32653808593756, 1.0], [217.7919921875, 246.77239990234378, 1.0], [226.61708068847656, 242.3896179199219, 1.0], [219.15951538085938, 253.5834197998047, 1.0], [232.4928894042969, 262.26745605468744, 1.0], [235.05700683593756, 266.183807373047, 1.0], [234.03135681152347, 271.4623413085937, 1.0], [217.96293640136722, 260.2241516113281, 1.0], [228.90313720703128, 269.0784912109375, 1.0], [229.58689880371097, 274.3570251464844, 1.0], [226.85185241699222, 275.54895019531256, 1.0], [212.49284362792974, 265.67297363281256, 1.0], [223.94586181640625, 275.03811645507795, 1.0], [224.80056762695312, 279.9761352539062, 1.0], [220.18516540527344, 279.9761352539062, 1.0], [206.16802978515625, 272.4840087890625, 1.0], [217.27917480468747, 279.2950134277343, 1.0], [220.01422119140622, 281.6788635253907, 1.0], [219.67234802246097, 284.40328979492193, 1.0]], "head_box": [[157.91403333333332, 29.3211], [206.29796666666667, 101.897]], "head_size": 72.5759, "hand_box_center": [208.81761932373053, 263.39645385742193], "is_left": 0, "is_mpii": 0}