{"mpii_body_pts": [[0.0, 0.0, 0.0], [203.25349999999997, 154.098, 0.6447309999999999], [202.421, 119.818, 0.705946], [193.512, 36.6743, 0.515072], [0.0, 0.0, 0.0], [0.0, 0.0, 0.0], [0.0, 0.0, 0.0], [0.0, 0.0, 0.0], [0.0, 0.0, 0.0], [0.0, 0.0, 0.0], [165.025, 228.26, 0.438852], [113.829, 250.265, 0.57498], [146.34, 153.297, 0.669537], [260.167, 154.899, 0.619925], [289.449, 248.645, 0.452652], [248.768, 231.507, 0.566818]], "hand_pts": [[170.01727294921875, 226.05285644531253, 1.0], [176.40992736816406, 222.77798461914057, 1.0], [184.62905883789062, 213.31729125976562, 1.0], [190.4737854003906, 204.4023895263672, 1.0], [193.39613342285156, 197.67073059082028, 1.0], [174.20167541503906, 198.36248779296878, 1.0], [176.40992736816406, 186.93646240234378, 1.0], [184.81170654296878, 190.5751953125, 1.0], [189.19525146484372, 194.94168090820315, 1.0], [171.39952087402344, 198.67967224121088, 1.0], [176.23959350585935, 186.49969482421872, 1.0], [185.47395324707028, 190.30593872070315, 1.0], [190.63244628906253, 196.6496887207031, 1.0], [168.53369140624997, 200.39248657226568, 1.0], [171.66110229492185, 189.84745788574222, 1.0], [183.37234497070318, 192.6531219482422, 1.0], [188.14872741699222, 197.85499572753906, 1.0], [164.52151489257812, 203.56436157226562, 1.0], [166.91227722167972, 194.21392822265622, 1.0], [173.12228393554688, 194.57780456542972, 1.0], [177.50581359863278, 197.8526611328125, 1.0]], "head_box": [[165.79743333333334, 36.6743], [221.22656666666666, 119.818]], "head_size": 83.1437, "hand_box_center": [178.95882415771484, 206.27627563476562], "is_left": 0, "is_mpii": 0}