{"mpii_body_pts": [[0.0, 0.0, 0.0], [192.27100000000002, 133.301, 0.6837335], [190.236, 104.361, 0.661511], [183.753, 27.7164, 0.61884], [0.0, 0.0, 0.0], [0.0, 0.0, 0.0], [0.0, 0.0, 0.0], [0.0, 0.0, 0.0], [0.0, 0.0, 0.0], [0.0, 0.0, 0.0], [181.302, 157.343, 0.420309], [134.97, 230.694, 0.481524], [139.809, 139.41, 0.698844], [244.733, 127.192, 0.668623], [263.424, 217.635, 0.710022], [211.382, 167.928, 0.630475]], "hand_pts": [[183.25672912597656, 158.98519897460943, 1.0], [180.4866638183594, 148.70870971679688, 1.0], [180.4866638183594, 139.04573059082028, 1.0], [184.48786926269534, 134.59770202636716, 1.0], [187.71961975097653, 131.99023437500003, 1.0], [178.79383850097656, 129.07600402832028, 1.0], [189.7202301025391, 122.48063659667967, 1.0], [190.02801513671875, 129.9962768554688, 1.0], [186.95016479492185, 134.75108337402344, 1.0], [176.79322814941406, 128.15571594238278, 1.0], [188.33518981933597, 120.48669433593751, 1.0], [188.33518981933597, 131.22332763671875, 1.0], [184.94955444335935, 134.9044647216797, 1.0], [181.10223388671878, 131.0699462890625, 1.0], [194.49090576171872, 122.02050018310547, 1.0], [193.41366577148435, 131.99023437500003, 1.0], [189.25856018066406, 136.89840698242196, 1.0], [184.94955444335935, 135.21122741699222, 1.0], [195.41427612304685, 128.30909729003906, 1.0], [195.5681610107422, 135.51799011230472, 1.0], [192.4903106689453, 139.3524932861328, 1.0]], "head_box": [[158.20479999999998, 27.7164], [209.3012, 104.361]], "head_size": 76.6446, "hand_box_center": [186.18069458007812, 139.73594665527347], "is_left": 0, "is_mpii": 0}