{"mpii_body_pts": [[0.0, 0.0, 0.0], [213.82850000000002, 149.998, 0.650497], [201.628, 120.681, 0.739205], [191.071, 40.7648, 0.508978], [0.0, 0.0, 0.0], [0.0, 0.0, 0.0], [0.0, 0.0, 0.0], [0.0, 0.0, 0.0], [0.0, 0.0, 0.0], [0.0, 0.0, 0.0], [139.844, 140.228, 0.519313], [145.495, 203.785, 0.73392], [165.881, 141.859, 0.680147], [261.776, 158.137, 0.620847], [295.104, 251.096, 0.633778], [229.275, 252.723, 0.600437]], "hand_pts": [[148.80334472656247, 143.5997314453125, 1.0], [139.37823486328128, 141.20658874511716, 1.0], [130.5075378417969, 129.97727966308594, 1.0], [123.6697082519531, 122.98197174072266, 1.0], [113.87498474121095, 121.69336700439452, 1.0], [142.5199432373047, 116.90710449218751, 1.0], [140.11746215820315, 101.81195831298827, 1.0], [138.26939392089838, 92.42352294921878, 1.0], [136.42134094238284, 83.21916961669922, 1.0], [150.4665985107422, 115.80258178710938, 1.0], [151.02102661132815, 99.78700256347655, 1.0], [151.390625, 88.18952178955078, 1.0], [151.76023864746097, 80.82603454589844, 1.0], [158.41326904296875, 119.30023193359374, 1.0], [160.81575012207028, 104.20509338378905, 1.0], [162.294189453125, 95.36891174316405, 1.0], [163.58784484863284, 85.79638671874999, 1.0], [164.69667053222656, 124.45467376708984, 1.0], [170.4256591796875, 113.5935363769531, 1.0], [174.3065948486328, 108.43909454345703, 1.0], [177.0786895751953, 103.65283203124997, 1.0]], "head_box": [[164.43226666666666, 40.7648], [217.70973333333333, 120.681]], "head_size": 79.9162, "hand_box_center": [145.47683715820312, 112.21288299560547], "is_left": 0, "is_mpii": 0}