{"mpii_body_pts": [[0.0, 0.0, 0.0], [205.6925, 155.688, 0.659887], [204.889, 119.824, 0.781858], [199.192, 34.2407, 0.551648], [0.0, 0.0, 0.0], [0.0, 0.0, 0.0], [0.0, 0.0, 0.0], [0.0, 0.0, 0.0], [0.0, 0.0, 0.0], [0.0, 0.0, 0.0], [145.499, 217.663, 0.302276], [133.317, 206.252, 0.25919], [147.982, 153.233, 0.666488], [263.403, 158.143, 0.653286], [295.912, 252.71, 0.658841], [230.865, 256.78, 0.696498]], "hand_pts": [[115.51455688476562, 228.07905578613273, 1.0], [120.61983489990234, 221.90391540527344, 1.0], [135.38865661621097, 215.00228881835943, 1.0], [142.86424255371097, 214.8206634521484, 1.0], [154.89810180664065, 214.63903808593753, 1.0], [133.28073120117185, 215.5956573486328, 1.0], [141.79974365234375, 217.07147216796875, 1.0], [147.4225158691406, 218.81634521484375, 1.0], [153.9864501953125, 221.35905456542972, 1.0], [127.00142669677736, 218.271484375, 1.0], [140.1292724609375, 226.9893188476563, 1.0], [148.88116455078128, 235.70716857910153, 1.0], [153.43945312499997, 241.15582275390625, 1.0], [123.17247009277341, 223.72013854980472, 1.0], [133.20068359374994, 230.80337524414057, 1.0], [140.49392700195315, 238.43148803710943, 1.0], [145.78153991699222, 243.6985321044922, 1.0], [118.97885131835936, 230.98500061035156, 1.0], [126.819091796875, 237.7050018310547, 1.0], [130.46571350097656, 240.61096191406247, 1.0], [134.8416595458984, 242.7904205322266, 1.0]], "head_box": [[170.66423333333333, 34.2407], [227.7197666666667, 119.824]], "head_size": 85.58330000000001, "hand_box_center": [135.20632934570312, 229.16878509521484], "is_left": 0, "is_mpii": 0}