{"mpii_body_pts": [[0.0, 0.0, 0.0], [196.74599999999998, 139.386, 0.5552145], [191.869, 106.803, 0.786505], [179.685, 26.9049, 0.599891], [0.0, 0.0, 0.0], [0.0, 0.0, 0.0], [0.0, 0.0, 0.0], [0.0, 0.0, 0.0], [0.0, 0.0, 0.0], [0.0, 0.0, 0.0], [107.355, 207.06, 0.523862], [126.825, 244.584, 0.677246], [145.521, 151.628, 0.471478], [247.971, 127.144, 0.638951], [282.118, 220.116, 0.642223], [229.244, 259.237, 0.591872]], "hand_pts": [[108.0, 202.0, 1.0], [103.10803222656247, 192.62570190429688, 1.0], [104.85870361328124, 176.2333984375, 1.0], [114.4874038696289, 167.51409912109375, 1.0], [121.66516113281249, 165.5958557128906, 1.0], [108.53511810302733, 173.4432220458984, 1.0], [108.18498229980467, 158.44601440429688, 1.0], [108.18498229980467, 148.3316345214844, 1.0], [109.23538208007811, 140.83302307128906, 1.0], [113.08686828613281, 173.2688446044922, 1.0], [125.69171142578125, 158.09724426269534, 1.0], [132.16920471191403, 151.12181091308597, 1.0], [137.2461547851562, 145.89022827148443, 1.0], [118.6890182495117, 179.89550781250003, 1.0], [128.66786193847656, 168.38603210449222, 1.0], [126.9171829223633, 172.74568176269528, 1.0], [123.41583251953124, 177.4541015625, 1.0], [124.0, 185.0, 1.0], [130.9437255859375, 175.0126953125, 1.0], [131.1188049316406, 177.27972412109372, 1.0], [128.14265441894528, 181.1162109375, 1.0]], "head_box": [[153.0523, 26.9049], [206.3177, 106.803]], "head_size": 79.8981, "hand_box_center": [120.17709350585933, 171.41651153564453], "is_left": 0, "is_mpii": 0}