{"mpii_body_pts": [[0.0, 0.0, 0.0], [213.404, 151.64, 0.6469805], [203.249, 119.858, 0.739016], [196.746, 40.7517, 0.463801], [0.0, 0.0, 0.0], [0.0, 0.0, 0.0], [0.0, 0.0, 0.0], [0.0, 0.0, 0.0], [0.0, 0.0, 0.0], [0.0, 0.0, 0.0], [144.695, 147.582, 0.609754], [152.815, 200.547, 0.505109], [165.828, 145.947, 0.653049], [260.98, 157.333, 0.640912], [291.061, 251.908, 0.534505], [225.194, 261.673, 0.51564]], "hand_pts": [[228.2503509521484, 254.69047546386716, 1.0], [219.1243743896484, 252.46423339843753, 1.0], [198.63749694824222, 257.84429931640636, 1.0], [189.5115203857422, 267.8623657226563, 1.0], [184.48292541503912, 273.242431640625, 1.0], [197.3337860107422, 255.98910522460938, 1.0], [185.78663635253912, 266.9347534179687, 1.0], [181.68925476074213, 273.4279479980469, 1.0], [178.89558410644528, 279.1790771484375, 1.0], [200.8724212646484, 261.74020385742193, 1.0], [189.3252716064453, 272.87139892578125, 1.0], [183.92419433593753, 279.9211425781249, 1.0], [180.01306152343747, 286.2288208007813, 1.0], [207.01849365234378, 267.12030029296875, 1.0], [196.96128845214844, 277.13833618164057, 1.0], [201.80364990234378, 278.0659484863281, 1.0], [204.9698028564453, 275.8397216796875, 1.0], [212.04708862304685, 273.05691528320307, 1.0], [205.52853393554688, 279.36459350585943, 1.0], [205.90101623535156, 281.2197875976563, 1.0], [208.32220458984378, 280.10665893554693, 1.0]], "head_box": [[170.37723333333335, 40.7517], [223.11476666666667, 119.858]], "head_size": 79.1063, "hand_box_center": [203.57296752929685, 269.34652709960943], "is_left": 1, "is_mpii": 0}