{"mpii_body_pts": [[0.0, 0.0, 0.0], [195.1045, 138.97500000000002, 0.649315], [193.495, 101.92, 0.741219], [189.415, 27.7228, 0.616142], [0.0, 0.0, 0.0], [0.0, 0.0, 0.0], [0.0, 0.0, 0.0], [0.0, 0.0, 0.0], [0.0, 0.0, 0.0], [0.0, 0.0, 0.0], [179.688, 250.286, 0.314739], [122.762, 238.862, 0.644295], [140.649, 146.717, 0.672997], [249.56, 131.233, 0.625633], [280.485, 224.161, 0.719273], [223.544, 251.087, 0.522269]], "hand_pts": [[210.6990966796875, 254.13610839843753, 1.0], [202.62252807617188, 254.3951416015625, 1.0], [191.68006896972656, 261.13003540039057, 1.0], [186.46937561035153, 266.31072998046875, 1.0], [181.25868225097656, 272.26852416992193, 1.0], [185.42724609375003, 263.4613342285155, 1.0], [177.8717346191406, 276.154022216797, 1.0], [182.3008270263672, 280.5576171875, 1.0], [185.42724609375003, 278.744384765625, 1.0], [190.37739562988276, 266.82879638671875, 1.0], [184.38510131835943, 280.816650390625, 1.0], [189.33526611328128, 280.5576171875, 1.0], [191.41954040527344, 277.44918823242193, 1.0], [196.89076232910153, 269.1600952148438, 1.0], [192.20114135742193, 281.85278320312506, 1.0], [196.36968994140625, 281.0756835937501, 1.0], [197.67236328124997, 277.96728515625, 1.0], [202.10145568847656, 270.4552612304688, 1.0], [201.05931091308597, 280.03955078124994, 1.0], [204.18572998046878, 279.00341796874994, 1.0], [205.48840332031253, 276.67208862304705, 1.0]], "head_box": [[164.68259999999998, 27.7228], [214.1474, 101.92]], "head_size": 74.19720000000001, "hand_box_center": [194.28541564941406, 267.9944458007813], "is_left": 1, "is_mpii": 0}