{"mpii_body_pts": [[0.0, 0.0, 0.0], [202.0195, 155.31150000000002, 0.6440155000000001], [204.05, 119.812, 0.762444], [203.258, 35.0717, 0.527811], [0.0, 0.0, 0.0], [0.0, 0.0, 0.0], [0.0, 0.0, 0.0], [0.0, 0.0, 0.0], [0.0, 0.0, 0.0], [0.0, 0.0, 0.0], [181.315, 263.274, 0.56413], [113.851, 253.538, 0.697646], [146.321, 155.717, 0.64308], [257.718, 154.906, 0.644951], [291.051, 251.909, 0.697711], [228.447, 260.874, 0.618251]], "hand_pts": [[227.45573425292974, 263.73355102539057, 1.0], [224.17448425292972, 258.46765136718744, 1.0], [212.37292480468753, 261.29312133789057, 1.0], [203.7578125, 263.0072021484375, 1.0], [195.5546875, 263.55197143554693, 1.0], [205.58073425292974, 274.4468994140625, 1.0], [190.26823425292974, 271.723175048828, 1.0], [191.90885925292974, 267.7283630371093, 1.0], [193.91406249999997, 265.18618774414057, 1.0], [205.76301574707028, 278.2601318359375, 1.0], [192.6380157470703, 270.45208740234375, 1.0], [194.8255157470703, 265.3677978515625, 1.0], [197.5598907470703, 262.28088378906256, 1.0], [204.8515625, 274.2653198242187, 1.0], [195.37239074707034, 270.08892822265625, 1.0], [196.83073425292974, 265.18618774414057, 1.0], [199.9296875, 262.8256225585937, 1.0], [204.66926574707028, 271.3600158691406, 1.0], [199.20051574707028, 268.6362609863281, 1.0], [200.47656249999997, 264.8230285644531, 1.0], [201.75260925292974, 263.55197143554693, 1.0]], "head_box": [[175.01123333333334, 35.0717], [231.50476666666668, 119.812]], "head_size": 84.74029999999999, "hand_box_center": [208.86198425292974, 268.3638916015625], "is_left": 1, "is_mpii": 0}