{"mpii_body_pts": [[0.0, 0.0, 0.0], [202.442, 158.1515, 0.6387075], [202.434, 119.846, 0.747174], [195.921, 36.6736, 0.47492], [0.0, 0.0, 0.0], [0.0, 0.0, 0.0], [0.0, 0.0, 0.0], [0.0, 0.0, 0.0], [0.0, 0.0, 0.0], [0.0, 0.0, 0.0], [180.48, 263.339, 0.595104], [115.467, 254.343, 0.67044], [146.344, 157.339, 0.657821], [258.54, 158.964, 0.619594], [289.461, 252.707, 0.66704], [224.399, 260.063, 0.651277]], "hand_pts": [[222.58728027343753, 262.37719726562494, 1.0], [218.49246215820318, 257.5567016601563, 1.0], [213.09474182128906, 261.6355895996094, 1.0], [203.9744567871094, 265.15826416015636, 1.0], [195.78482055664062, 267.38308715820307, 1.0], [205.46348571777344, 274.24304199218744, 1.0], [189.64259338378906, 272.5744018554688, 1.0], [191.13162231445315, 267.9393005371093, 1.0], [192.99290466308594, 266.2706604003906, 1.0], [206.02186584472656, 278.13653564453125, 1.0], [191.87612915039065, 271.0911865234375, 1.0], [193.73741149902344, 267.38308715820307, 1.0], [195.78482055664062, 265.7144470214844, 1.0], [204.90510559082028, 279.8051452636719, 1.0], [193.36515808105472, 273.6868286132813, 1.0], [195.22644042968753, 269.7933349609374, 1.0], [197.27384948730472, 267.9393005371093, 1.0], [204.53283691406253, 277.02410888671875, 1.0], [196.90159606933594, 273.3160095214843, 1.0], [198.39060974121094, 270.5349731445313, 1.0], [200.25189208984375, 268.6809387207031, 1.0]], "head_box": [[168.19686666666666, 36.6736], [223.64513333333332, 119.846]], "head_size": 83.17240000000001, "hand_box_center": [206.11493682861328, 268.68092346191406], "is_left": 1, "is_mpii": 0}