{"mpii_body_pts": [[0.0, 0.0, 0.0], [192.265, 130.4535, 0.5327945], [190.246, 105.168, 0.714234], [183.752, 26.9067, 0.622387], [0.0, 0.0, 0.0], [0.0, 0.0, 0.0], [0.0, 0.0, 0.0], [0.0, 0.0, 0.0], [0.0, 0.0, 0.0], [0.0, 0.0, 0.0], [130.078, 159.791, 0.407003], [125.983, 238.054, 0.539809], [139.815, 134.527, 0.395607], [244.715, 126.38, 0.669982], [276.442, 220.11, 0.671732], [239.026, 172.834, 0.722752]], "hand_pts": [[232.93585205078125, 170.7128753662109, 1.0], [225.25642395019534, 175.42945861816406, 1.0], [207.33775329589838, 177.6063537597656, 1.0], [199.6583251953125, 181.2345123291015, 1.0], [192.34458923339838, 184.86265563964838, 1.0], [202.90890502929688, 168.712661743164, 1.0], [190.09483337402344, 174.13456726074213, 1.0], [184.0646820068359, 178.80862426757812, 1.0], [177.84608459472653, 184.9783782958984, 1.0], [204.22799682617188, 166.84303283691406, 1.0], [191.41392517089838, 175.8172302246094, 1.0], [186.51443481445315, 184.41749572753906, 1.0], [182.74559020996088, 189.8394012451172, 1.0], [210.44659423828122, 164.59948730468753, 1.0], [198.0093994140625, 163.66467285156247, 1.0], [190.09483337402344, 164.41252136230472, 1.0], [182.93402099609378, 164.41252136230472, 1.0], [218.54962158203125, 167.02999877929688, 1.0], [209.88127136230474, 164.22555541992185, 1.0], [201.21292114257812, 162.9168243408203, 1.0], [196.87875366210938, 163.10379028320312, 1.0]], "head_box": [[157.66490000000002, 26.9067], [209.8391, 105.168]], "head_size": 78.2613, "hand_box_center": [205.3909683227539, 176.37811279296875], "is_left": 1, "is_mpii": 0}