{"mpii_body_pts": [[0.0, 0.0, 0.0], [189.026, 138.1695, 0.6825355], [187.01, 101.897, 0.708682], [182.109, 27.7161, 0.620864], [0.0, 0.0, 0.0], [0.0, 0.0, 0.0], [0.0, 0.0, 0.0], [0.0, 0.0, 0.0], [0.0, 0.0, 0.0], [0.0, 0.0, 0.0], [0.0, 0.0, 0.0], [120.345, 236.413, 0.732104], [134.158, 145.918, 0.677333], [243.894, 130.421, 0.687738], [270.717, 223.361, 0.69443], [223.589, 271.496, 0.506032]], "hand_pts": [[211.3540191650391, 276.80041503906256, 1.0], [203.39866638183597, 272.05468750000006, 1.0], [191.73081970214838, 272.84564208984386, 1.0], [182.7147674560547, 282.07342529296875, 1.0], [173.96388244628906, 285.23724365234375, 1.0], [186.42726135253912, 281.54614257812494, 1.0], [176.35049438476565, 292.3558349609375, 1.0], [182.44958496093747, 285.7645568847657, 1.0], [184.57101440429688, 283.65533447265625, 1.0], [191.99600219726562, 287.0828247070313, 1.0], [182.7147674560547, 298.9471130371093, 1.0], [190.083984375, 290.7409362792969, 1.0], [192.26341247558594, 288.68811035156244, 1.0], [198.8906402587891, 291.0375671386719, 1.0], [189.87457275390622, 303.16552734375006, 1.0], [196.3928375244141, 295.64489746093756, 1.0], [197.8299255371094, 293.6741027832031, 1.0], [203.13348388671875, 298.4198303222656, 1.0], [198.45755004882812, 305.56689453125, 1.0], [200.74688720703125, 302.1109313964844, 1.0], [202.24285888671875, 300.4348449707031, 1.0]], "head_box": [[157.38203333333334, 27.7161], [206.83596666666668, 101.897]], "head_size": 74.18090000000001, "hand_box_center": [192.65895080566406, 288.810791015625], "is_left": 1, "is_mpii": 0}