{"mpii_body_pts": [[0.0, 0.0, 0.0], [214.6235, 143.8895, 0.47148650000000003], [204.867, 119.863, 0.71087], [205.686, 35.8766, 0.563375], [0.0, 0.0, 0.0], [0.0, 0.0, 0.0], [0.0, 0.0, 0.0], [0.0, 0.0, 0.0], [0.0, 0.0, 0.0], [0.0, 0.0, 0.0], [156.903, 140.241, 0.391783], [140.67, 214.408, 0.413587], [170.719, 132.878, 0.318864], [258.528, 154.901, 0.624109], [293.501, 250.249, 0.667435], [224.424, 260.062, 0.611228]], "hand_pts": [[226.93463134765628, 261.8167419433594, 1.0], [223.43289184570318, 256.1860961914063, 1.0], [213.28993225097656, 259.3009338378906, 1.0], [206.40721130371097, 260.4989318847656, 1.0], [195.90200805664065, 262.8949584960937, 1.0], [207.1317138671875, 271.1612548828125, 1.0], [191.31353759765625, 270.32263183593756, 1.0], [192.64178466796872, 264.57217407226557, 1.0], [196.86801147460943, 261.4573669433594, 1.0], [207.61471557617182, 276.0730895996094, 1.0], [194.33227539062503, 272.3592529296875, 1.0], [196.50576782226562, 265.4107971191406, 1.0], [200.61123657226565, 263.13458251953136, 1.0], [208.21846008300778, 278.3493041992188, 1.0], [196.74725341796875, 272.59884643554693, 1.0], [200.1282501220703, 267.44741821289057, 1.0], [203.87147521972656, 265.53057861328125, 1.0], [208.9429626464844, 279.9067382812499, 1.0], [199.64524841308597, 274.2760925292969, 1.0], [202.06024169921875, 269.8434448242188, 1.0], [207.0109710693359, 267.3276062011719, 1.0]], "head_box": [[177.69053333333335, 35.8766], [233.68146666666667, 119.863]], "head_size": 83.9864, "hand_box_center": [209.12408447265625, 268.0464172363281], "is_left": 1, "is_mpii": 0}