{"mpii_body_pts": [[87.804, 130.0315, 0.1156015], [193.9, 134.5105, 0.688682], [194.308, 108.45, 0.688699], [178.066, 28.541, 0.553811], [0.0, 0.0, 0.0], [0.0, 0.0, 0.0], [175.608, 260.063, 0.231203], [0.0, 0.0, 0.0], [0.0, 0.0, 0.0], [0.0, 0.0, 0.0], [165.851, 127.188, 0.639055], [140.66, 212.776, 0.477134], [141.454, 140.205, 0.71231], [246.346, 128.816, 0.665054], [276.446, 221.75, 0.745611], [210.576, 251.931, 0.699433]], "hand_pts": [[170.66891479492185, 123.71870422363281, 1.0], [176.90037536621094, 120.79766845703126, 1.0], [182.2154235839844, 110.57403564453125, 1.0], [185.33116149902344, 102.35861968994142, 1.0], [184.7813262939453, 94.69089508056639, 1.0], [166.27024841308597, 103.2714385986328, 1.0], [166.63679504394528, 84.10213470458982, 1.0], [175.9839782714844, 83.73699951171876, 1.0], [180.19937133789062, 85.92778015136719, 1.0], [163.70434570312497, 99.80271148681639, 1.0], [179.4662628173828, 91.40472412109376, 1.0], [180.93247985839847, 99.62014770507811, 1.0], [179.83280944824222, 105.46221923828126, 1.0], [164.07090759277344, 100.35040283203122, 1.0], [180.19937133789062, 94.69089508056639, 1.0], [181.66558837890625, 103.08887481689449, 1.0], [180.56593322753906, 107.83556365966798, 1.0], [169.75253295898443, 104.00170135498045, 1.0], [179.0997009277344, 100.8981018066406, 1.0], [180.01609802246094, 106.74017333984376, 1.0], [177.81675720214838, 111.48686218261719, 1.0]], "head_box": [[151.42966666666666, 28.541], [204.70233333333334, 108.45]], "head_size": 79.909, "hand_box_center": [174.51775360107422, 103.72785186767578], "is_left": 0, "is_mpii": 0}