{"mpii_body_pts": [[0.0, 0.0, 0.0], [191.483, 133.30450000000002, 0.6950605000000001], [191.05, 103.537, 0.691219], [178.86, 27.7165, 0.61739], [0.0, 0.0, 0.0], [0.0, 0.0, 0.0], [0.0, 0.0, 0.0], [0.0, 0.0, 0.0], [0.0, 0.0, 0.0], [0.0, 0.0, 0.0], [165.036, 145.93, 0.59541], [139.029, 222.548, 0.574186], [139.053, 139.43, 0.722435], [243.913, 127.179, 0.667686], [267.481, 220.107, 0.662936], [212.186, 192.375, 0.718634]], "hand_pts": [[208.3049468994141, 190.92596435546878, 1.0], [200.79054260253906, 185.26644897460943, 1.0], [197.85809326171875, 168.47048950195315, 1.0], [197.30825805664065, 159.5248107910156, 1.0], [196.39187622070315, 151.85708618164065, 1.0], [210.89036560058594, 160.3738861083984, 1.0], [194.53509521484372, 152.93640136718753, 1.0], [192.17648315429688, 164.8191833496094, 1.0], [193.0928649902344, 169.20074462890622, 1.0], [210.71260070800776, 164.26971435546875, 1.0], [193.82400512695312, 155.5926513671875, 1.0], [193.4594268798828, 165.91458129882807, 1.0], [195.29220581054688, 171.02639770507815, 1.0], [208.93484497070315, 169.40512084960943, 1.0], [193.82400512695312, 160.55096435546878, 1.0], [193.64270019531247, 169.20074462890622, 1.0], [196.86418151855472, 172.80624389648443, 1.0], [206.28887939453125, 172.6694793701172, 1.0], [195.84204101562506, 166.64483642578125, 1.0], [194.3758087158203, 171.5740966796875, 1.0], [195.84204101562506, 175.77308654785153, 1.0]], "head_box": [[153.5865, 27.7165], [204.13350000000003, 103.537]], "head_size": 75.82050000000001, "hand_box_center": [201.5334243774414, 171.39152526855472], "is_left": 1, "is_mpii": 0}