{"mpii_body_pts": [[0.0, 0.0, 0.0], [205.2625, 154.8905, 0.6475635], [203.255, 119.824, 0.733179], [195.944, 35.8665, 0.488438], [0.0, 0.0, 0.0], [0.0, 0.0, 0.0], [0.0, 0.0, 0.0], [0.0, 0.0, 0.0], [0.0, 0.0, 0.0], [0.0, 0.0, 0.0], [184.534, 263.32, 0.640803], [118.674, 252.738, 0.696144], [147.96, 154.072, 0.666356], [262.565, 155.709, 0.628771], [295.088, 251.908, 0.679292], [229.252, 260.041, 0.662517]], "hand_pts": [[180.14999389648438, 268.8009643554688, 1.0], [187.22286987304688, 264.72207641601557, 1.0], [200.25183105468753, 252.67083740234378, 1.0], [211.79177856445312, 250.63139343261722, 1.0], [218.8646545410156, 252.11462402343747, 1.0], [200.25183105468753, 245.99629211425778, 1.0], [211.0472717285156, 252.85623168945318, 1.0], [206.0218048095703, 256.5643005371094, 1.0], [202.85763549804688, 256.74972534179693, 1.0], [196.52926635742193, 249.14816284179688, 1.0], [210.3027496337891, 256.1935119628905, 1.0], [203.60214233398443, 259.90158081054693, 1.0], [199.87957763671872, 259.3453674316406, 1.0], [193.92347717285156, 255.2664794921875, 1.0], [207.5108337402344, 259.15997314453136, 1.0], [203.22988891601562, 262.4972534179687, 1.0], [199.13507080078125, 262.86804199218744, 1.0], [191.13156127929685, 261.0140075683594, 1.0], [201.3686065673828, 263.7950744628905, 1.0], [202.29924011230472, 266.20532226562494, 1.0], [199.13507080078125, 268.98638916015625, 1.0]], "head_box": [[167.95816666666667, 35.8665], [223.9298333333333, 119.824]], "head_size": 83.9575, "hand_box_center": [199.50732421875, 257.49134063720703], "is_left": 0, "is_mpii": 0}