{"mpii_body_pts": [[0.0, 0.0, 0.0], [204.07049999999998, 156.11, 0.634064], [204.049, 116.568, 0.757395], [200.823, 39.1197, 0.514045], [0.0, 0.0, 0.0], [0.0, 0.0, 0.0], [0.0, 0.0, 0.0], [0.0, 0.0, 0.0], [0.0, 0.0, 0.0], [0.0, 0.0, 0.0], [182.11, 263.314, 0.562469], [117.074, 251.892, 0.709592], [146.376, 154.892, 0.643025], [261.765, 157.328, 0.625103], [293.508, 250.298, 0.684409], [227.641, 260.051, 0.569618]], "hand_pts": [[182.63722229003906, 267.9878234863281, 1.0], [185.10287475585938, 260.68429565429693, 1.0], [196.71354675292972, 250.20744323730472, 1.0], [206.94845581054688, 251.13427734375, 1.0], [212.34504699707034, 255.2123107910156, 1.0], [199.87705993652344, 245.38795471191406, 1.0], [211.96540832519534, 254.28564453124997, 1.0], [207.66799926757812, 260.20703124999994, 1.0], [205.64158630371094, 259.63027954101557, 1.0], [196.52268981933597, 249.17965698242188, 1.0], [209.75930786132812, 256.5477905273438, 1.0], [206.3653106689453, 262.51391601562494, 1.0], [203.61517333984372, 262.0813598632812, 1.0], [195.09521484375, 254.28564453124997, 1.0], [207.7478637695312, 258.8745727539063, 1.0], [203.9046478271484, 265.39752197265625, 1.0], [201.15451049804685, 264.3882751464843, 1.0], [193.36393737792977, 259.66107177734375, 1.0], [202.89144897460946, 265.9742736816406, 1.0], [201.4539794921875, 269.60363769531256, 1.0], [198.46925354003906, 268.6987915039063, 1.0]], "head_box": [[175.0069, 39.1197], [226.6391, 116.568]], "head_size": 77.44829999999999, "hand_box_center": [197.4911346435547, 257.4957962036133], "is_left": 0, "is_mpii": 0}