{"mpii_body_pts": [[0.0, 0.0, 0.0], [194.719, 138.17450000000002, 0.6703600000000001], [193.498, 101.063, 0.715341], [187.006, 28.4978, 0.667747], [0.0, 0.0, 0.0], [0.0, 0.0, 0.0], [0.0, 0.0, 0.0], [0.0, 0.0, 0.0], [0.0, 0.0, 0.0], [0.0, 0.0, 0.0], [182.121, 269.836, 0.383669], [125.202, 238.877, 0.666553], [139.844, 146.716, 0.684723], [249.594, 129.633, 0.655997], [276.426, 223.352, 0.714924], [223.598, 270.641, 0.525215]], "hand_pts": [[216.81707763671875, 273.5790100097657, 1.0], [209.0992126464844, 269.3453979492187, 1.0], [195.79257202148438, 272.78521728515625, 1.0], [186.21177673339838, 282.57543945312494, 1.0], [177.69552612304685, 285.2214355468749, 1.0], [189.93765258789062, 281.25244140625, 1.0], [180.8891296386719, 291.83645629882807, 1.0], [187.80857849121094, 287.3382568359375, 1.0], [190.46990966796875, 284.4276428222656, 1.0], [195.26029968261722, 287.3382568359375, 1.0], [186.74404907226562, 297.65765380859375, 1.0], [193.66351318359375, 291.5718688964844, 1.0], [196.05870056152344, 289.45504760742193, 1.0], [202.71202087402344, 291.3072509765625, 1.0], [193.39736938476565, 302.1558837890626, 1.0], [199.51843261718753, 296.070068359375, 1.0], [202.4458923339844, 293.1594543457032, 1.0], [208.03468322753903, 294.7470703125, 1.0], [202.17976379394523, 302.6850891113282, 1.0], [205.37335205078125, 299.50985717773443, 1.0], [208.03468322753903, 297.65765380859375, 1.0]], "head_box": [[162.8176, 28.4978], [211.1944, 101.063]], "head_size": 72.5652, "hand_box_center": [197.2563018798828, 286.01524353027344], "is_left": 1, "is_mpii": 0}