{"mpii_body_pts": [[0.0, 0.0, 0.0], [212.597, 150.8075, 0.5435915], [201.624, 124.714, 0.694909], [195.943, 35.8973, 0.453807], [0.0, 0.0, 0.0], [0.0, 0.0, 0.0], [0.0, 0.0, 0.0], [0.0, 0.0, 0.0], [0.0, 0.0, 0.0], [0.0, 0.0, 0.0], [151.211, 158.138, 0.424229], [137.404, 207.894, 0.564895], [165.038, 144.293, 0.4817], [260.156, 157.322, 0.605483], [294.299, 251.08, 0.676224], [221.94, 251.118, 0.540447]], "hand_pts": [[223.1088409423828, 253.10601806640625, 1.0], [216.52360534667972, 246.36418151855472, 1.0], [201.15802001953128, 241.99108886718753, 1.0], [190.5484619140625, 244.7242736816406, 1.0], [181.0364379882813, 246.54638671875, 1.0], [193.10939025878906, 251.10168457031247, 1.0], [181.0364379882813, 253.28822326660156, 1.0], [189.45091247558597, 249.09735107421875, 1.0], [194.20692443847656, 248.7329254150391, 1.0], [195.30447387695315, 258.20794677734375, 1.0], [185.42660522460938, 259.3012084960937, 1.0], [193.47523498535156, 255.2925567626953, 1.0], [197.49955749511716, 254.74591064453122, 1.0], [199.87756347656247, 265.86083984375006, 1.0], [189.08506774902344, 264.9497680664063, 1.0], [196.40200805664065, 262.58102416992193, 1.0], [201.15802001953128, 262.21661376953125, 1.0], [204.81649780273446, 269.6872863769532, 1.0], [196.9507751464844, 269.50506591796875, 1.0], [199.32878112792974, 267.31854248046875, 1.0], [203.17018127441403, 267.1363220214843, 1.0]], "head_box": [[166.33743333333334, 35.8973], [225.5485666666667, 124.714]], "head_size": 88.8167, "hand_box_center": [202.07263946533206, 255.83918762207037], "is_left": 1, "is_mpii": 0}