{"mpii_body_pts": [[0.0, 0.0, 0.0], [203.25349999999997, 154.098, 0.6447309999999999], [202.421, 119.818, 0.705946], [193.512, 36.6743, 0.515072], [0.0, 0.0, 0.0], [0.0, 0.0, 0.0], [0.0, 0.0, 0.0], [0.0, 0.0, 0.0], [0.0, 0.0, 0.0], [0.0, 0.0, 0.0], [165.025, 228.26, 0.438852], [113.829, 250.265, 0.57498], [146.34, 153.297, 0.669537], [260.167, 154.899, 0.619925], [289.449, 248.645, 0.452652], [248.768, 231.507, 0.566818]], "hand_pts": [[244.14576721191403, 231.35150146484375, 1.0], [243.96311950683594, 226.07534790039065, 1.0], [236.65722656250003, 215.15914916992188, 1.0], [230.62986755371094, 210.79266357421872, 1.0], [224.78515625, 206.60812377929688, 1.0], [242.50193786621097, 219.7075653076172, 1.0], [230.99516296386716, 219.7075653076172, 1.0], [222.95867919921875, 220.43530273437497, 1.0], [219.30572509765625, 219.88949584960943, 1.0], [242.50193786621097, 228.07664489746094, 1.0], [231.17781066894528, 228.4405212402344, 1.0], [222.59338378906247, 227.89471435546878, 1.0], [217.66189575195312, 227.34890747070318, 1.0], [242.50193786621097, 236.80960083007812, 1.0], [231.36045837402347, 236.9915466308594, 1.0], [223.1413269042969, 236.44573974609378, 1.0], [220.21896362304682, 235.35411071777347, 1.0], [239.57958984374997, 243.541259765625, 1.0], [230.44721984863284, 243.541259765625, 1.0], [225.33309936523443, 242.81352233886716, 1.0], [222.22808837890628, 241.17608642578125, 1.0]], "head_box": [[165.79743333333334, 36.6743], [221.22656666666666, 119.818]], "head_size": 83.1437, "hand_box_center": [230.9038314819336, 225.07469177246094], "is_left": 1, "is_mpii": 0}