{"mpii_body_pts": [[0.0, 0.0, 0.0], [191.86700000000002, 137.37449999999998, 0.6496605], [191.07, 101.12, 0.75507], [183.725, 28.5078, 0.660326], [0.0, 0.0, 0.0], [0.0, 0.0, 0.0], [0.0, 0.0, 0.0], [0.0, 0.0, 0.0], [0.0, 0.0, 0.0], [0.0, 0.0, 0.0], [194.314, 261.691, 0.283643], [122.772, 242.103, 0.640428], [136.591, 146.771, 0.661705], [247.143, 127.978, 0.637616], [276.449, 223.372, 0.712393], [226.012, 263.33, 0.6088]], "hand_pts": [[184.08901977539062, 255.94134521484375, 1.0], [196.0913543701172, 252.19406127929685, 1.0], [207.37712097167974, 251.48030090332034, 1.0], [218.48374938964844, 247.37612915039065, 1.0], [227.08242797851568, 243.45039367675778, 1.0], [217.40892028808597, 253.44316101074216, 1.0], [232.45660400390625, 262.1868286132813, 1.0], [235.5019683837891, 268.07540893554693, 1.0], [234.42713928222662, 270.5736083984375, 1.0], [215.61752319335935, 260.0455322265625, 1.0], [229.59037780761724, 270.3951721191406, 1.0], [229.05296325683594, 274.49932861328125, 1.0], [224.6294708251953, 271.61297607421875, 1.0], [211.31817626953125, 266.4694213867188, 1.0], [225.6493225097656, 276.4621887207031, 1.0], [223.85792541503912, 279.13882446289057, 1.0], [220.09600830078128, 276.64062500000006, 1.0], [206.12313842773443, 272.7149047851563, 1.0], [219.02116394042974, 281.10168457031256, 1.0], [220.99169921875, 283.2429809570313, 1.0], [218.84202575683594, 284.31365966796875, 1.0]], "head_box": [[159.52093333333332, 28.5078], [207.92906666666667, 101.12]], "head_size": 72.6122, "hand_box_center": [209.79549407958984, 263.8820266723633], "is_left": 0, "is_mpii": 0}