{"mpii_body_pts": [[0.0, 0.0, 0.0], [192.673, 136.5515, 0.6382369999999999], [189.444, 101.903, 0.726603], [181.301, 28.53, 0.689279], [0.0, 0.0, 0.0], [0.0, 0.0, 0.0], [0.0, 0.0, 0.0], [0.0, 0.0, 0.0], [0.0, 0.0, 0.0], [0.0, 0.0, 0.0], [169.921, 205.428, 0.494694], [127.658, 237.209, 0.501709], [139.824, 141.863, 0.658585], [245.522, 131.24, 0.617889], [278.054, 224.991, 0.708316], [218.692, 257.582, 0.661932]], "hand_pts": [[175.91279602050778, 204.35142517089844, 1.0], [168.9101104736328, 199.11984252929685, 1.0], [165.9339599609375, 184.64579772949216, 1.0], [166.45916748046878, 174.1826324462891, 1.0], [172.0613250732422, 165.81208801269537, 1.0], [173.987060546875, 190.92369079589838, 1.0], [177.83854675292977, 173.83384704589844, 1.0], [174.25942993164062, 174.73782348632812, 1.0], [173.81199645996097, 178.89105224609378, 1.0], [183.09056091308594, 195.28334045410156, 1.0], [185.366439819336, 174.1826324462891, 1.0], [179.83753967285156, 175.88699340820318, 1.0], [178.87579345703128, 181.82431030273446, 1.0], [191.14366149902338, 194.9345703125, 1.0], [190.96859741210943, 175.40333557128906, 1.0], [186.7620849609375, 175.31240844726568, 1.0], [185.4156494140625, 180.29209899902344, 1.0], [196.22061157226562, 194.9345703125, 1.0], [194.9951324462891, 179.23982238769534, 1.0], [192.72489929199216, 178.18530273437497, 1.0], [191.3784637451172, 180.1005706787109, 1.0]], "head_box": [[156.8433333333333, 28.53], [205.75866666666667, 101.903]], "head_size": 73.373, "hand_box_center": [181.07728576660156, 185.0817565917969], "is_left": 0, "is_mpii": 0}