{"mpii_body_pts": [[0.0, 0.0, 0.0], [192.6835, 137.3745, 0.657553], [191.854, 101.904, 0.745712], [183.744, 27.7028, 0.664753], [0.0, 0.0, 0.0], [0.0, 0.0, 0.0], [0.0, 0.0, 0.0], [0.0, 0.0, 0.0], [0.0, 0.0, 0.0], [0.0, 0.0, 0.0], [193.488, 260.861, 0.232222], [122.758, 242.118, 0.670154], [137.389, 146.772, 0.660954], [247.978, 127.977, 0.654152], [276.444, 223.35, 0.685589], [224.373, 264.163, 0.594965]], "hand_pts": [[217.41220092773443, 267.33221435546875, 1.0], [208.89866638183597, 266.37033081054693, 1.0], [198.78195190429688, 267.0714111328125, 1.0], [190.49452209472653, 272.20501708984375, 1.0], [185.09552001953125, 277.28277587890625, 1.0], [191.32250976562503, 272.1334838867188, 1.0], [179.60052490234375, 284.84747314453136, 1.0], [180.90296936035156, 291.32217407226557, 1.0], [184.573486328125, 291.4399108886718, 1.0], [196.0586700439453, 276.37145996093744, 1.0], [185.9943389892578, 292.14624023437506, 1.0], [187.41517639160156, 294.9715576171874, 1.0], [191.20410156249997, 294.3829345703125, 1.0], [202.5708770751953, 279.785400390625, 1.0], [194.16419982910153, 294.5006713867188, 1.0], [197.953125, 296.85510253906256, 1.0], [199.61077880859378, 294.85385131835943, 1.0], [209.91192626953125, 282.84619140624994, 1.0], [203.16290283203128, 294.5006713867188, 1.0], [206.06668090820315, 293.9829711914063, 1.0], [207.61669921874997, 290.8044738769532, 1.0]], "head_box": [[159.01026666666667, 27.7028], [208.47773333333333, 101.904]], "head_size": 74.2012, "hand_box_center": [198.5063629150391, 281.61271667480474], "is_left": 1, "is_mpii": 0}