{"mpii_body_pts": [[0.0, 0.0, 0.0], [191.457, 139.8035, 0.625978], [187.004, 109.251, 0.704772], [177.232, 28.5421, 0.592211], [0.0, 0.0, 0.0], [0.0, 0.0, 0.0], [0.0, 0.0, 0.0], [0.0, 0.0, 0.0], [0.0, 0.0, 0.0], [0.0, 0.0, 0.0], [95.143, 245.374, 0.605347], [129.277, 243.749, 0.439336], [138.993, 154.08, 0.593403], [243.921, 125.527, 0.658553], [282.123, 216.848, 0.659237], [225.22, 262.502, 0.648824]], "hand_pts": [[96.17619323730467, 247.41667175292972, 1.0], [100.40152740478517, 247.96565246582028, 1.0], [105.22869873046874, 245.2092132568359, 1.0], [108.54815673828125, 242.5834350585938, 1.0], [114.69892120361328, 237.04010009765625, 1.0], [97.22293853759763, 242.3889312744141, 1.0], [89.70533752441403, 245.40371704101562, 1.0], [85.80008697509766, 250.75253295898443, 1.0], [80.00968170166016, 253.45552062988276, 1.0], [91.85322570800783, 238.10986328124994, 1.0], [82.18773651123045, 243.0696868896484, 1.0], [77.80516052246092, 249.06362915039062, 1.0], [72.1101379394531, 250.8935852050781, 1.0], [88.04560852050781, 236.74835205078125, 1.0], [77.40380859374999, 240.34664916992188, 1.0], [73.21240234374999, 244.6717376708984, 1.0], [69.17077636718747, 245.76971435546875, 1.0], [80.3771057128906, 238.99887084960943, 1.0], [73.01040649414062, 239.86039733886722, 1.0], [68.06851196289061, 238.08389282226562, 1.0], [63.10833740234375, 235.33895874023443, 1.0]], "head_box": [[150.32903333333334, 28.5421], [204.13496666666666, 109.251]], "head_size": 80.7089, "hand_box_center": [88.90362930297852, 244.3972396850586], "is_left": 0, "is_mpii": 0}