{"mpii_body_pts": [[0.0, 0.0, 0.0], [197.57600000000002, 136.1385, 0.6378785], [195.126, 101.105, 0.713453], [183.718, 26.0978, 0.633122], [0.0, 0.0, 0.0], [0.0, 0.0, 0.0], [0.0, 0.0, 0.0], [0.0, 0.0, 0.0], [0.0, 0.0, 0.0], [0.0, 0.0, 0.0], [165.034, 216.829, 0.42229], [133.32, 235.604, 0.403264], [144.728, 143.47, 0.646397], [250.424, 128.807, 0.62936], [282.129, 223.348, 0.690644], [222.749, 263.343, 0.698701]], "hand_pts": [[220.46592712402344, 263.1565856933595, 1.0], [211.6331024169922, 261.8651428222656, 1.0], [201.63122558593753, 261.99426269531256, 1.0], [190.59019470214838, 269.2264709472655, 1.0], [186.04388427734372, 274.77978515625, 1.0], [194.35713195800784, 265.73953247070307, 1.0], [182.40684509277344, 278.7833251953125, 1.0], [188.38198852539065, 283.8200378417969, 1.0], [193.57775878906247, 281.8828430175781, 1.0], [198.6436462402344, 270.64709472656256, 1.0], [188.77166748046875, 285.4989624023437, 1.0], [196.82513427734378, 287.30700683593756, 1.0], [202.41059875488276, 283.8200378417969, 1.0], [205.657958984375, 275.167236328125, 1.0], [196.4354400634766, 288.2110290527343, 1.0], [201.63122558593753, 287.8235778808594, 1.0], [205.91773986816406, 284.9823608398438, 1.0], [212.41247558593753, 278.7833251953125, 1.0], [205.1383819580078, 288.5984802246094, 1.0], [208.77542114257812, 286.5321350097656, 1.0], [210.98362731933597, 283.94918823242193, 1.0]], "head_box": [[158.7156, 26.0978], [208.72039999999998, 101.105]], "head_size": 75.00720000000001, "hand_box_center": [201.43638610839844, 275.2318115234375], "is_left": 1, "is_mpii": 0}