{"mpii_body_pts": [[0.0, 0.0, 0.0], [192.272, 135.32, 0.6744239999999999], [193.499, 100.265, 0.755477], [190.239, 28.5177, 0.665617], [0.0, 0.0, 0.0], [0.0, 0.0, 0.0], [0.0, 0.0, 0.0], [0.0, 0.0, 0.0], [0.0, 0.0, 0.0], [0.0, 0.0, 0.0], [188.624, 264.961, 0.405326], [121.948, 238.025, 0.713751], [139.018, 143.468, 0.6404], [245.526, 127.172, 0.708448], [282.132, 217.665, 0.748147], [229.26, 268.211, 0.600524]], "hand_pts": [[217.51708984375, 271.0728759765625, 1.0], [208.40565490722656, 265.73406982421875, 1.0], [193.75592041015625, 268.93734741210926, 1.0], [186.96701049804688, 273.92022705078125, 1.0], [180.17810058593753, 277.12353515624994, 1.0], [190.18280029296875, 273.56433105468744, 1.0], [178.92750549316403, 285.6656188964844, 1.0], [185.3591003417969, 279.08108520507807, 1.0], [187.32431030273446, 277.12353515624994, 1.0], [193.04129028320315, 280.50476074218744, 1.0], [184.8231353759766, 291.89422607421875, 1.0], [190.89743041992193, 284.7758178710937, 1.0], [193.39860534667974, 282.28436279296875, 1.0], [200.72348022460938, 285.1317443847657, 1.0], [190.71876525878903, 297.23303222656244, 1.0], [199.11558532714835, 288.33502197265625, 1.0], [201.25944519042972, 286.02154541015625, 1.0], [205.3685150146484, 289.58074951171875, 1.0], [198.75827026367188, 298.30081176757807, 1.0], [203.22465515136713, 292.25015258789057, 1.0], [205.0112152099609, 290.2925720214843, 1.0]], "head_box": [[166.32323333333335, 28.5177], [214.15476666666666, 100.265]], "head_size": 71.7473, "hand_box_center": [198.22229766845703, 282.01744079589844], "is_left": 1, "is_mpii": 0}