{"mpii_body_pts": [[0.0, 0.0, 0.0], [208.14049999999997, 150.0015, 0.578086], [203.25, 117.4, 0.689314], [203.258, 36.7103, 0.572574], [0.0, 0.0, 0.0], [0.0, 0.0, 0.0], [0.0, 0.0, 0.0], [0.0, 0.0, 0.0], [0.0, 0.0, 0.0], [0.0, 0.0, 0.0], [139.858, 102.722, 0.27032], [139.832, 109.233, 0.344457], [159.338, 145.119, 0.496108], [256.943, 154.884, 0.660064], [289.459, 251.101, 0.48443], [223.585, 251.911, 0.563973]], "hand_pts": [[220.31977844238278, 253.51971435546875, 1.0], [216.30154418945315, 246.78805541992188, 1.0], [204.42945861816406, 241.32995605468753, 1.0], [191.64414978027344, 243.1493225097656, 1.0], [183.05972290039062, 242.96737670898443, 1.0], [202.96827697753912, 243.87705993652344, 1.0], [187.44325256347653, 248.0616149902344, 1.0], [193.1053161621094, 250.97259521484372, 1.0], [198.58474731445318, 250.06291198730474, 1.0], [204.6121063232422, 251.5184020996094, 1.0], [189.08708190917972, 254.611328125, 1.0], [196.94091796875, 256.7945556640625, 1.0], [200.59385681152344, 256.6126403808595, 1.0], [207.7171173095703, 259.70556640624994, 1.0], [193.1053161621094, 261.7068481445313, 1.0], [199.31533813476562, 262.98040771484375, 1.0], [203.33357238769534, 262.61654663085943, 1.0], [210.82211303710943, 264.0720520019531, 1.0], [200.59385681152344, 267.346893310547, 1.0], [202.42033386230474, 267.5288391113281, 1.0], [204.6121063232422, 267.346893310547, 1.0]], "head_box": [[176.36143333333334, 36.7103], [230.15456666666668, 117.4]], "head_size": 80.68970000000002, "hand_box_center": [201.68975067138672, 254.4293975830078], "is_left": 1, "is_mpii": 0}