{"mpii_body_pts": [[0.0, 0.0, 0.0], [201.6325, 156.1145, 0.6696059999999999], [201.629, 122.28, 0.697299], [198.394, 35.8505, 0.522614], [0.0, 0.0, 0.0], [0.0, 0.0, 0.0], [0.0, 0.0, 0.0], [0.0, 0.0, 0.0], [0.0, 0.0, 0.0], [0.0, 0.0, 0.0], [181.298, 209.502, 0.646105], [124.385, 243.772, 0.520876], [145.53, 155.718, 0.672245], [257.735, 156.511, 0.666967], [286.974, 244.592, 0.663353], [0.0, 0.0, 0.0]], "hand_pts": [[189.55207824707034, 206.6303558349609, 1.0], [193.19792175292974, 199.91180419921872, 1.0], [190.82812500000003, 185.56680297851562, 1.0], [191.73957824707028, 179.02983093261722, 1.0], [195.5677032470703, 173.58236694335943, 1.0], [180.61979675292972, 179.75616455078125, 1.0], [195.5677032470703, 171.22178649902344, 1.0], [196.6614532470703, 180.11932373046872, 1.0], [195.38542175292977, 183.93255615234378, 1.0], [179.890625, 179.57458496093747, 1.0], [196.47917175292972, 173.76394653320315, 1.0], [196.6614532470703, 182.8430633544922, 1.0], [194.47395324707028, 186.65629577636716, 1.0], [181.53125, 181.3903961181641, 1.0], [196.47917175292972, 177.57717895507815, 1.0], [197.7552032470703, 184.11413574218747, 1.0], [195.5677032470703, 186.83787536621094, 1.0], [184.99479675292974, 185.74838256835938, 1.0], [196.11457824707028, 182.1167297363281, 1.0], [197.57292175292974, 187.9273681640625, 1.0], [192.83332824707034, 190.28793334960943, 1.0]], "head_box": [[169.58416666666668, 35.8505], [227.20383333333334, 122.28]], "head_size": 86.4295, "hand_box_center": [188.82291412353516, 188.9260711669922], "is_left": 0, "is_mpii": 0}