{"mpii_body_pts": [[0.0, 0.0, 0.0], [195.53, 134.093, 0.6946515], [197.581, 99.4633, 0.766323], [191.033, 26.9102, 0.662766], [0.0, 0.0, 0.0], [0.0, 0.0, 0.0], [0.0, 0.0, 0.0], [0.0, 0.0, 0.0], [0.0, 0.0, 0.0], [0.0, 0.0, 0.0], [0.0, 0.0, 0.0], [125.201, 234.784, 0.555871], [140.644, 141.028, 0.654186], [250.416, 127.158, 0.735117], [287.807, 218.498, 0.619027], [219.508, 263.277, 0.596161]], "hand_pts": [[221.6689910888672, 260.29730224609364, 1.0], [211.34570312499997, 260.29730224609364, 1.0], [192.55204772949222, 265.0344543457031, 1.0], [188.31684875488278, 271.0874938964844, 1.0], [180.90525817871094, 275.82464599609375, 1.0], [192.02264404296878, 265.2976379394531, 1.0], [179.84646606445315, 278.7195739746093, 1.0], [186.4639587402344, 279.7722778320313, 1.0], [190.43444824218753, 275.82464599609375, 1.0], [194.4049377441406, 271.6138305664063, 1.0], [187.52275085449222, 284.7726135253906, 1.0], [192.8167419433594, 282.14086914062506, 1.0], [195.72843933105474, 278.4563903808594, 1.0], [201.28712463378906, 277.93005371093744, 1.0], [194.14024353027344, 288.1938781738282, 1.0], [199.6989288330078, 285.0357971191406, 1.0], [202.34593200683594, 282.14086914062506, 1.0], [207.1105194091797, 281.35131835937494, 1.0], [201.28712463378906, 289.50976562500006, 1.0], [204.72822570800778, 286.3516540527344, 1.0], [207.1105194091797, 284.7726135253906, 1.0]], "head_box": [[166.8486333333333, 26.9102], [215.21736666666666, 99.4633]], "head_size": 72.5531, "hand_box_center": [200.75772857666016, 274.9035339355469], "is_left": 1, "is_mpii": 0}