{"mpii_body_pts": [[0.0, 0.0, 0.0], [195.1145, 134.9245, 0.644123], [192.71, 100.253, 0.721147], [184.539, 25.2784, 0.644634], [0.0, 0.0, 0.0], [0.0, 0.0, 0.0], [0.0, 0.0, 0.0], [0.0, 0.0, 0.0], [0.0, 0.0, 0.0], [0.0, 0.0, 0.0], [165.859, 198.915, 0.485657], [129.256, 234.79, 0.476845], [140.648, 142.657, 0.650424], [249.581, 127.192, 0.637822], [282.095, 223.357, 0.692252], [222.772, 262.505, 0.666727]], "hand_pts": [[171.39183044433597, 199.02688598632812, 1.0], [170.8759765625, 188.40745544433594, 1.0], [175.3466796875, 178.8157196044922, 1.0], [187.38319396972656, 168.88142395019537, 1.0], [192.8855895996094, 157.91943359374997, 1.0], [188.7587890625, 174.36241149902347, 1.0], [198.55995178222656, 175.21882629394528, 1.0], [200.96725463867188, 180.18597412109375, 1.0], [200.62335205078125, 183.61158752441403, 1.0], [193.74534606933594, 180.18597412109375, 1.0], [202.85870361328128, 179.5008392333984, 1.0], [202.5148010253906, 186.18080139160156, 1.0], [198.73190307617185, 187.20849609375, 1.0], [194.26119995117188, 188.40745544433594, 1.0], [206.2976989746094, 184.81056213378903, 1.0], [204.2342987060547, 189.60643005371097, 1.0], [201.6550445556641, 190.97666931152344, 1.0], [198.04409790039062, 196.1151123046875, 1.0], [205.95379638671878, 192.68948364257812, 1.0], [204.06234741210946, 192.346923828125, 1.0], [202.1708984375, 192.68948364257812, 1.0]], "head_box": [[159.54746666666665, 25.2784], [209.53053333333332, 100.253]], "head_size": 74.9746, "hand_box_center": [188.5868377685547, 178.47315979003906], "is_left": 0, "is_mpii": 0}