{"mpii_body_pts": [[0.0, 0.0, 0.0], [194.301, 133.704, 0.65391], [192.673, 100.297, 0.64147], [175.614, 27.7115, 0.587921], [0.0, 0.0, 0.0], [0.0, 0.0, 0.0], [0.0, 0.0, 0.0], [0.0, 0.0, 0.0], [0.0, 0.0, 0.0], [0.0, 0.0, 0.0], [0.0, 0.0, 0.0], [143.898, 221.727, 0.518737], [140.65, 139.417, 0.672623], [247.952, 127.991, 0.635197], [281.285, 220.921, 0.721475], [218.708, 257.631, 0.6767]], "hand_pts": [[224.08589172363278, 258.7027587890625, 1.0], [218.25856018066406, 250.95545959472656, 1.0], [201.8254852294922, 246.3302001953125, 1.0], [187.8398742675781, 249.56788635253912, 1.0], [178.5161437988281, 252.68992614746097, 1.0], [195.06578063964838, 254.07749938964844, 1.0], [179.79815673828125, 259.16528320312506, 1.0], [190.17080688476562, 256.62139892578125, 1.0], [195.1823272705078, 254.77130126953122, 1.0], [198.21253967285153, 261.70916748046875, 1.0], [181.77944946289062, 267.837646484375, 1.0], [192.50173950195315, 264.36871337890625, 1.0], [197.04707336425776, 262.7498474121094, 1.0], [202.52476501464838, 268.99395751953125, 1.0], [187.72332763671875, 274.4286193847656, 1.0], [198.32908630371097, 270.26589965820307, 1.0], [201.59239196777347, 268.87832641601557, 1.0], [205.67152404785153, 275.5849609375, 1.0], [194.5995941162109, 278.36010742187494, 1.0], [199.9607391357422, 276.51000976562494, 1.0], [202.17512512207028, 275.70059204101557, 1.0]], "head_box": [[151.41883333333334, 27.7115], [199.80916666666667, 100.297]], "head_size": 72.5855, "hand_box_center": [201.30101776123044, 262.34515380859375], "is_left": 1, "is_mpii": 0}