{"mpii_body_pts": [[89.0215, 132.4785, 0.107329], [199.1945, 129.613, 0.5238784999999999], [194.306, 105.169, 0.650157], [187.011, 27.6936, 0.576675], [0.0, 0.0, 0.0], [0.0, 0.0, 0.0], [178.043, 264.957, 0.214658], [0.0, 0.0, 0.0], [0.0, 0.0, 0.0], [0.0, 0.0, 0.0], [165.053, 90.4851, 0.427055], [147.164, 206.271, 0.478466], [152.853, 134.507, 0.434808], [245.536, 124.719, 0.612949], [282.114, 218.48, 0.711675], [214.638, 256.806, 0.719122]], "hand_pts": [[215.8462677001953, 256.2658081054688, 1.0], [207.99243164062506, 251.7173767089844, 1.0], [193.01535034179688, 250.44383239746094, 1.0], [178.22091674804688, 258.4490356445313, 1.0], [169.8191375732422, 260.08645629882807, 1.0], [185.16151428222656, 260.9961547851562, 1.0], [173.10678100585938, 269.54718017578136, 1.0], [180.59532165527347, 264.9987487792968, 1.0], [183.3350372314453, 263.1793823242188, 1.0], [189.36239624023446, 268.09167480468744, 1.0], [177.85562133789065, 275.9149475097657, 1.0], [184.06562805175778, 271.1846008300782, 1.0], [187.17062377929685, 269.18328857421875, 1.0], [195.3897552490234, 274.09558105468744, 1.0], [184.61357116699213, 281.7369384765624, 1.0], [191.55416870117185, 276.82464599609375, 1.0], [194.11123657226565, 275.18722534179693, 1.0], [200.5038909912109, 278.82595825195307, 1.0], [194.6591644287109, 283.55630493164057, 1.0], [196.6682891845703, 281.91888427734375, 1.0], [198.67741394042974, 281.0091857910156, 1.0]], "head_box": [[161.18586666666667, 27.6936], [212.83613333333332, 105.169]], "head_size": 77.4754, "hand_box_center": [192.83270263671875, 267.0000686645508], "is_left": 1, "is_mpii": 0}