{"mpii_body_pts": [[0.0, 0.0, 0.0], [190.247, 136.975, 0.6613945], [190.237, 101.897, 0.742513], [182.106, 29.3211, 0.667656], [0.0, 0.0, 0.0], [0.0, 0.0, 0.0], [0.0, 0.0, 0.0], [0.0, 0.0, 0.0], [0.0, 0.0, 0.0], [0.0, 0.0, 0.0], [190.242, 260.044, 0.341562], [121.138, 243.752, 0.714801], [136.586, 146.753, 0.645386], [243.908, 127.197, 0.677403], [275.626, 222.554, 0.736275], [223.597, 263.309, 0.597207]], "hand_pts": [[216.3074340820313, 267.2723388671874, 1.0], [209.7410888671875, 265.3863220214843, 1.0], [199.78393554687497, 265.5729064941406, 1.0], [189.1665344238281, 272.20501708984375, 1.0], [183.7675323486328, 277.28277587890625, 1.0], [190.3880004882813, 272.09939575195307, 1.0], [179.19009399414057, 283.2328186035156, 1.0], [180.73463439941403, 290.5271301269531, 1.0], [184.98211669921878, 290.78308105468744, 1.0], [194.89289855957034, 276.57836914062494, 1.0], [184.85340881347662, 291.1669921875, 1.0], [189.1008758544922, 295.3899841308595, 1.0], [192.4473876953125, 293.21450805664057, 1.0], [201.19976806640622, 280.16152954101557, 1.0], [192.96223449707034, 293.8543395996094, 1.0], [196.95228576660156, 296.79766845703125, 1.0], [199.65522766113278, 295.0060729980469, 1.0], [208.66502380371094, 282.72094726562494, 1.0], [202.10073852539062, 293.3424682617188, 1.0], [204.5462646484375, 293.3424682617188, 1.0], [206.34822082519534, 291.29495239257807, 1.0]], "head_box": [[157.91403333333332, 29.3211], [206.29796666666667, 101.897]], "head_size": 72.5759, "hand_box_center": [197.74876403808594, 281.0919952392578], "is_left": 1, "is_mpii": 0}