{"mpii_body_pts": [[203.2425, 260.876, 0.22535650000000002], [194.31, 134.50150000000002, 0.6748645], [191.897, 101.107, 0.70114], [182.122, 27.7226, 0.56612], [0.0, 0.0, 0.0], [0.0, 0.0, 0.0], [177.229, 257.618, 0.232343], [229.256, 264.134, 0.21837], [0.0, 0.0, 0.0], [0.0, 0.0, 0.0], [165.066, 133.677, 0.549444], [140.644, 213.583, 0.53402], [140.667, 140.21, 0.71485], [247.953, 128.793, 0.634879], [277.223, 223.353, 0.738999], [211.379, 244.594, 0.745309]], "hand_pts": [[166.558334350586, 130.14987182617182, 1.0], [175.0924987792969, 126.28197479248045, 1.0], [181.67774963378906, 118.62908172607419, 1.0], [187.7142333984375, 110.61176300048828, 1.0], [191.00685119628903, 102.41223907470705, 1.0], [168.69018554687497, 106.78531646728516, 1.0], [171.79988098144528, 87.47087097167967, 1.0], [180.21437072753903, 86.37760162353516, 1.0], [184.7874450683594, 87.47087097167967, 1.0], [166.47882080078128, 107.02292633056638, 1.0], [183.65325927734375, 98.2315139770508, 1.0], [185.33622741699224, 103.14108276367188, 1.0], [185.51914978027344, 107.51416778564455, 1.0], [169.26171875, 110.34940338134768, 1.0], [183.25569152832028, 105.28047943115234, 1.0], [184.2098388671875, 110.27020263671875, 1.0], [183.25569152832028, 114.46789550781251, 1.0], [170.45439147949222, 116.44794464111332, 1.0], [181.8606719970703, 112.79830932617188, 1.0], [183.87283325195315, 114.80263519287108, 1.0], [183.3240661621094, 118.81129455566406, 1.0]], "head_box": [[157.66053333333335, 27.7226], [206.58346666666668, 101.107]], "head_size": 73.3844, "hand_box_center": [178.74283599853516, 108.26373672485349], "is_left": 0, "is_mpii": 0}