{"mpii_body_pts": [[0.0, 0.0, 0.0], [190.6395, 138.9825, 0.6564369999999999], [189.439, 105.99, 0.711155], [179.669, 28.5359, 0.609841], [0.0, 0.0, 0.0], [0.0, 0.0, 0.0], [0.0, 0.0, 0.0], [0.0, 0.0, 0.0], [0.0, 0.0, 0.0], [0.0, 0.0, 0.0], [90.2387, 244.586, 0.696824], [133.304, 253.529, 0.678749], [137.399, 150.819, 0.644404], [243.88, 127.146, 0.66847], [278.855, 218.501, 0.650635], [227.646, 230.726, 0.557896]], "hand_pts": [[229.3152618408203, 231.9378204345703, 1.0], [222.47744750976565, 229.0699462890625, 1.0], [205.38290405273446, 229.24919128417966, 1.0], [195.48606872558594, 236.23963928222656, 1.0], [191.1674499511719, 242.15463256835938, 1.0], [204.12330627441406, 226.56054687500003, 1.0], [189.36802673339844, 235.70190429687494, 1.0], [182.35026550292974, 241.61691284179688, 1.0], [178.03164672851562, 245.0225067138672, 1.0], [206.6425018310547, 234.98493957519534, 1.0], [193.14682006835938, 243.767822265625, 1.0], [190.44767761230472, 246.81494140625, 1.0], [192.06715393066406, 248.4281158447266, 1.0], [212.2207183837891, 241.79615783691406, 1.0], [198.72503662109378, 248.96585083007812, 1.0], [199.8046875, 250.3997802734375, 1.0], [204.84307861328125, 248.96585083007812, 1.0], [218.3387603759766, 248.7866058349609, 1.0], [206.2826232910156, 252.3714447021484, 1.0], [206.8224487304688, 253.26765441894528, 1.0], [209.52159118652344, 253.08842468261724, 1.0]], "head_box": [[153.8509666666667, 28.5359], [205.48703333333333, 105.99]], "head_size": 77.4541, "hand_box_center": [203.67345428466797, 239.91410064697266], "is_left": 1, "is_mpii": 0}