{"mpii_body_pts": [[0.0, 0.0, 0.0], [189.4265, 138.5905, 0.6696394999999999], [187.006, 101.926, 0.71843], [180.502, 27.7242, 0.614566], [0.0, 0.0, 0.0], [0.0, 0.0, 0.0], [0.0, 0.0, 0.0], [0.0, 0.0, 0.0], [0.0, 0.0, 0.0], [0.0, 0.0, 0.0], [180.498, 275.538, 0.281104], [120.297, 238.866, 0.713609], [134.97, 145.932, 0.663088], [243.883, 131.249, 0.676191], [269.949, 220.126, 0.716325], [223.574, 271.455, 0.560784]], "hand_pts": [[212.47094726562503, 277.6458435058595, 1.0], [203.20018005371094, 273.695526123047, 1.0], [190.48597717285156, 274.2222595214843, 1.0], [181.74496459960935, 282.38623046874994, 1.0], [173.5337219238281, 285.2831115722655, 1.0], [186.77767944335938, 280.01602172851557, 1.0], [175.12298583984375, 292.9203796386718, 1.0], [181.74496459960935, 285.809814453125, 1.0], [184.39376831054688, 283.43963623046875, 1.0], [191.2806243896484, 286.86325073242193, 1.0], [181.48008728027347, 298.45080566406256, 1.0], [186.77767944335938, 292.13031005859364, 1.0], [189.95622253417972, 288.9700622558594, 1.0], [198.16748046875, 292.39367675781244, 1.0], [187.5723114013672, 301.8744201660157, 1.0], [192.07525634765628, 297.3973999023437, 1.0], [195.25379943847656, 294.2371520996093, 1.0], [204.2596893310547, 296.34396362304705, 1.0], [197.37283325195315, 303.7178955078125, 1.0], [200.8162689208984, 299.767578125, 1.0], [202.6704254150391, 297.92410278320307, 1.0]], "head_box": [[155.76806666666667, 27.7242], [205.23593333333335, 101.926]], "head_size": 74.2018, "hand_box_center": [193.00233459472656, 288.70671081542974], "is_left": 1, "is_mpii": 0}