{"mpii_body_pts": [[0.0, 0.0, 0.0], [197.166, 132.8875, 0.6539505], [195.921, 97.8379, 0.702304], [189.415, 28.4961, 0.617674], [0.0, 0.0, 0.0], [0.0, 0.0, 0.0], [0.0, 0.0, 0.0], [0.0, 0.0, 0.0], [0.0, 0.0, 0.0], [0.0, 0.0, 0.0], [132.513, 204.624, 0.200344], [126.033, 238.852, 0.540485], [144.71, 138.588, 0.646305], [249.622, 127.187, 0.661596], [278.066, 224.185, 0.689048], [225.225, 256.803, 0.638249]], "hand_pts": [[231.19400024414057, 254.0950775146484, 1.0], [220.7726287841797, 252.7999114990234, 1.0], [203.31680297851562, 254.87219238281253, 1.0], [193.93756103515622, 260.5709533691406, 1.0], [187.42419433593753, 262.9022521972656, 1.0], [202.01412963867188, 252.54087829589838, 1.0], [188.8689422607422, 261.8768005371094, 1.0], [184.60115051269534, 268.2416076660156, 1.0], [182.6144256591797, 272.4848327636719, 1.0], [206.96429443359378, 259.53479003906256, 1.0], [191.5915069580078, 271.8995666503906, 1.0], [191.88583374023443, 276.2159423828125, 1.0], [194.5348052978515, 275.8501586914063, 1.0], [212.9565887451172, 265.23355102539057, 1.0], [199.90634155273446, 275.33804321289057, 1.0], [201.23252868652344, 277.4081726074219, 1.0], [204.0984039306641, 274.81784057617193, 1.0], [218.4278106689453, 272.22747802734375, 1.0], [208.44194030761724, 278.7765197753905, 1.0], [210.13433837890628, 276.8743896484375, 1.0], [211.45881652832034, 275.7769775390625, 1.0]], "head_box": [[166.30106666666666, 28.4961], [212.52893333333333, 97.8379]], "head_size": 69.3418, "hand_box_center": [206.90421295166013, 265.6586990356444], "is_left": 1, "is_mpii": 0}