{"mpii_body_pts": [[0.0, 0.0, 0.0], [195.529, 132.466, 0.613691], [195.119, 99.4336, 0.675386], [186.999, 26.0826, 0.633417], [0.0, 0.0, 0.0], [0.0, 0.0, 0.0], [0.0, 0.0, 0.0], [0.0, 0.0, 0.0], [0.0, 0.0, 0.0], [0.0, 0.0, 0.0], [161.784, 158.143, 0.357671], [133.348, 231.508, 0.462064], [143.09, 140.2, 0.60297], [247.968, 124.732, 0.624412], [282.107, 217.661, 0.683162], [215.438, 231.514, 0.610942]], "hand_pts": [[214.50114440917972, 233.3798828125, 1.0], [209.890625, 227.98698425292974, 1.0], [195.5166473388672, 220.4369049072266, 1.0], [185.48199462890625, 219.35832214355474, 1.0], [173.82008361816406, 219.35832214355474, 1.0], [195.2454376220703, 219.62797546386716, 1.0], [177.88818359375, 226.9084014892578, 1.0], [185.75318908691406, 230.14414978027344, 1.0], [191.17733764648443, 229.6048583984375, 1.0], [197.14389038085938, 225.82981872558594, 1.0], [179.78663635253912, 232.03166198730472, 1.0], [188.19406127929685, 236.3459930419922, 1.0], [194.16061401367188, 235.80670166015622, 1.0], [198.22871398925778, 233.91917419433588, 1.0], [183.5835418701172, 238.77279663085938, 1.0], [191.7197570800781, 240.92996215820315, 1.0], [197.68630981445318, 240.12101745605474, 1.0], [201.4832000732422, 242.2781829833984, 1.0], [189.5500946044922, 244.43534851074222, 1.0], [191.99095153808594, 246.05322265625, 1.0], [196.3302764892578, 245.51393127441403, 1.0]], "head_box": [[162.54866666666666, 26.0826], [211.44933333333333, 99.4336]], "head_size": 73.351, "hand_box_center": [194.16061401367188, 232.70577239990237], "is_left": 1, "is_mpii": 0}