{"mpii_body_pts": [[0.0, 0.0, 0.0], [196.7575, 136.559, 0.6322845], [196.733, 105.961, 0.739977], [184.541, 25.2859, 0.624119], [0.0, 0.0, 0.0], [0.0, 0.0, 0.0], [0.0, 0.0, 0.0], [0.0, 0.0, 0.0], [0.0, 0.0, 0.0], [0.0, 0.0, 0.0], [0.0, 0.0, 0.0], [126.854, 242.921, 0.55146], [143.094, 145.108, 0.617048], [250.421, 128.01, 0.647521], [282.908, 224.2, 0.694853], [223.56, 264.148, 0.658545]], "hand_pts": [[134.20707702636716, 191.5637664794922, 1.0], [137.9179229736328, 178.36228942871097, 1.0], [149.0593414306641, 164.4100341796875, 1.0], [161.60281372070312, 157.6320037841797, 1.0], [164.0, 150.0, 1.0], [154.19763183593753, 165.61502075195312, 1.0], [169.4354400634766, 163.4857635498047, 1.0], [174.76771545410153, 166.88114929199222, 1.0], [179.80375671386716, 167.32403564453125, 1.0], [155.40663146972656, 171.1880645751953, 1.0], [172.18162536621094, 170.28433227539062, 1.0], [167.49671936035156, 174.6523895263672, 1.0], [162.50956726074213, 174.35115051269537, 1.0], [155.55776977539062, 178.41796875, 1.0], [173.69288635253912, 174.6523895263672, 1.0], [168.10122680664065, 179.77357482910148, 1.0], [162.66069030761722, 180.5266876220703, 1.0], [157.22015380859378, 186.85284423828128, 1.0], [170.97262573242188, 183.53913879394528, 1.0], [166.7410888671875, 182.9366455078125, 1.0], [162.81181335449222, 183.38851928710943, 1.0]], "head_box": [[157.64929999999998, 25.2859], [211.4327, 105.961]], "head_size": 80.6751, "hand_box_center": [157.00541687011716, 170.7818832397461], "is_left": 0, "is_mpii": 0}