{"mpii_body_pts": [[0.0, 0.0, 0.0], [214.6235, 143.8895, 0.47148650000000003], [204.867, 119.863, 0.71087], [205.686, 35.8766, 0.563375], [0.0, 0.0, 0.0], [0.0, 0.0, 0.0], [0.0, 0.0, 0.0], [0.0, 0.0, 0.0], [0.0, 0.0, 0.0], [0.0, 0.0, 0.0], [156.903, 140.241, 0.391783], [140.67, 214.408, 0.413587], [170.719, 132.878, 0.318864], [258.528, 154.901, 0.624109], [293.501, 250.249, 0.667435], [224.424, 260.062, 0.611228]], "hand_pts": [[163.95095825195315, 158.06530761718753, 1.0], [160.15321350097656, 151.44511413574216, 1.0], [154.45660400390625, 144.06834411621097, 1.0], [149.32965087890625, 138.01559448242188, 1.0], [144.5824584960938, 132.71943664550778, 1.0], [165.47004699707034, 130.63880920410153, 1.0], [165.65994262695312, 119.8573532104492, 1.0], [166.41949462890622, 115.6960906982422, 1.0], [167.5588073730469, 113.61546325683594, 1.0], [172.68576049804685, 132.71943664550778, 1.0], [179.52169799804688, 122.88372802734375, 1.0], [182.3700103759766, 116.26353454589845, 1.0], [184.07899475097656, 109.64334869384766, 1.0], [177.43293762207034, 138.58303833007815, 1.0], [186.73741149902344, 127.04499053955078, 1.0], [187.68684387207034, 121.18139648437501, 1.0], [187.49696350097656, 115.31779479980469, 1.0], [180.6610260009766, 145.20323181152344, 1.0], [186.92730712890628, 138.58303833007815, 1.0], [188.0, 135.0, 1.0], [186.1677551269531, 133.0977325439453, 1.0]], "head_box": [[177.69053333333335, 35.8766], [233.68146666666667, 119.863]], "head_size": 83.9864, "hand_box_center": [166.2912292480469, 133.85432815551758], "is_left": 0, "is_mpii": 0}