{"mpii_body_pts": [[0.0, 0.0, 0.0], [192.69150000000002, 138.9845, 0.648577], [189.434, 105.96, 0.713093], [178.843, 28.5398, 0.647707], [0.0, 0.0, 0.0], [0.0, 0.0, 0.0], [0.0, 0.0, 0.0], [0.0, 0.0, 0.0], [0.0, 0.0, 0.0], [0.0, 0.0, 0.0], [152.873, 228.271, 0.507555], [126.822, 237.218, 0.410313], [139.054, 152.42, 0.661214], [246.329, 125.549, 0.63594], [282.929, 217.662, 0.723209], [226.016, 261.689, 0.646069]], "hand_pts": [[225.14622497558594, 261.1061096191406, 1.0], [215.50395202636713, 259.9490966796875, 1.0], [206.27728271484372, 260.1143798828125, 1.0], [195.88688659667974, 267.55236816406256, 1.0], [191.06575012207028, 273.1722106933595, 1.0], [197.63247680664065, 264.8251037597656, 1.0], [186.41085815429688, 279.1225891113282, 1.0], [191.8602447509766, 283.2879943847657, 1.0], [197.0560150146484, 281.35079956054693, 1.0], [202.95236206054688, 270.44494628906256, 1.0], [192.89445495605472, 285.81680297851557, 1.0], [200.30339050292974, 286.7749633789063, 1.0], [205.88885498046878, 283.2879943847657, 1.0], [210.2671813964844, 275.1556701660157, 1.0], [200.45866394042974, 288.130859375, 1.0], [205.10948181152344, 287.29153442382807, 1.0], [209.39599609375, 284.45031738281244, 1.0], [217.16641235351565, 278.46145629882807, 1.0], [209.26971435546875, 288.3787841796875, 1.0], [212.25367736816403, 286.0000915527344, 1.0], [214.46188354492188, 283.41714477539057, 1.0]], "head_box": [[153.03626666666665, 28.5398], [204.64973333333333, 105.96]], "head_size": 77.4202, "hand_box_center": [205.7785415649414, 274.1639404296875], "is_left": 1, "is_mpii": 0}