{"mpii_body_pts": [[0.0, 0.0, 0.0], [197.56, 135.3275, 0.6458955], [196.722, 97.018, 0.688828], [191.051, 28.5289, 0.711547], [0.0, 0.0, 0.0], [0.0, 0.0, 0.0], [0.0, 0.0, 0.0], [0.0, 0.0, 0.0], [0.0, 0.0, 0.0], [0.0, 0.0, 0.0], [172.372, 225.02, 0.44217], [122.762, 238.863, 0.544062], [144.693, 139.421, 0.650802], [250.427, 131.234, 0.640989], [283.763, 223.37, 0.710184], [217.879, 262.503, 0.68804]], "hand_pts": [[218.59475708007812, 262.0721130371093, 1.0], [209.4084167480469, 260.78771972656244, 1.0], [198.49961853027344, 260.2168884277344, 1.0], [188.45205688476565, 267.92324829101557, 1.0], [182.99766540527344, 273.4889221191406, 1.0], [191.17924499511716, 266.3534240722656, 1.0], [179.98338317871094, 279.0546264648438, 1.0], [185.724853515625, 284.19219970703125, 1.0], [189.60034179687497, 281.6234130859375, 1.0], [195.4853515625, 270.7774353027344, 1.0], [186.29899597167972, 285.6192932128906, 1.0], [192.47108459472653, 287.18911743164057, 1.0], [196.49011230468753, 284.4776306152344, 1.0], [202.23158264160153, 275.4868774414062, 1.0], [193.9064483642578, 288.9016418457031, 1.0], [199.64791870117185, 289.4724731445313, 1.0], [201.94450378417966, 285.6192932128906, 1.0], [208.83425903320315, 279.4827575683593, 1.0], [202.80572509765625, 289.61520385742193, 1.0], [205.96353149414057, 286.4755554199219, 1.0], [208.1165771484375, 283.05050659179693, 1.0]], "head_box": [[168.22129999999999, 28.5289], [213.8807, 97.018]], "head_size": 68.48910000000001, "hand_box_center": [199.28907012939453, 274.9160461425781], "is_left": 1, "is_mpii": 0}