{"mpii_body_pts": [[0.0, 0.0, 0.0], [192.2855, 134.93349999999998, 0.6282765], [191.874, 98.6475, 0.720388], [185.348, 29.3538, 0.698157], [0.0, 0.0, 0.0], [0.0, 0.0, 0.0], [0.0, 0.0, 0.0], [0.0, 0.0, 0.0], [0.0, 0.0, 0.0], [0.0, 0.0, 0.0], [158.521, 187.504, 0.402152], [127.658, 243.719, 0.581528], [138.224, 141.051, 0.642937], [246.347, 128.816, 0.613616], [277.263, 225.006, 0.658215], [217.079, 234.779, 0.64155]], "hand_pts": [[222.3005828857422, 236.37757873535153, 1.0], [217.93281555175778, 230.40147399902344, 1.0], [204.40882873535156, 221.2596893310547, 1.0], [191.18208312988276, 219.19541931152347, 1.0], [181.22486877441403, 217.86839294433597, 1.0], [200.6934509277344, 223.76631164550778, 1.0], [182.11656188964838, 227.30506896972656, 1.0], [189.84454345703128, 230.2540283203125, 1.0], [195.7891540527344, 228.63209533691406, 1.0], [202.3282165527345, 231.5810546875, 1.0], [183.75132751464844, 235.41470336914057, 1.0], [192.07377624511716, 237.03663635253912, 1.0], [198.4642181396484, 235.70959472656241, 1.0], [204.11160278320312, 238.65855407714838, 1.0], [187.91255187988276, 242.9345550537109, 1.0], [195.04608154296875, 244.4090270996094, 1.0], [200.84207153320315, 243.2294464111328, 1.0], [206.93528747558597, 246.62075805664062, 1.0], [192.5196228027344, 249.12736511230472, 1.0], [196.68084716796878, 249.42227172851562, 1.0], [200.84207153320315, 249.5697174072266, 1.0]], "head_box": [[162.2501, 29.3538], [208.44590000000002, 98.6475]], "head_size": 69.2937, "hand_box_center": [201.76272583007812, 233.71905517578128], "is_left": 1, "is_mpii": 0}