{"mpii_body_pts": [[0.0, 0.0, 0.0], [204.08599999999998, 156.12099999999998, 0.6665405], [204.871, 119.812, 0.736445], [204.069, 35.085, 0.561636], [0.0, 0.0, 0.0], [0.0, 0.0, 0.0], [0.0, 0.0, 0.0], [0.0, 0.0, 0.0], [0.0, 0.0, 0.0], [0.0, 0.0, 0.0], [120.313, 226.628, 0.327155], [130.09, 198.079, 0.495479], [146.378, 154.089, 0.691897], [261.794, 158.153, 0.641184], [295.96, 249.466, 0.647616], [232.512, 251.088, 0.584842]], "hand_pts": [[117.81705474853517, 226.4118194580078, 1.0], [125.0327682495117, 226.7901153564453, 1.0], [132.4383697509766, 228.87074279785153, 1.0], [138.13497924804685, 236.05838012695315, 1.0], [145.9203491210938, 233.7886047363281, 1.0], [131.67881774902344, 234.54519653320315, 1.0], [133.19792175292974, 241.1653900146484, 1.0], [133.19792175292974, 244.94834899902347, 1.0], [133.9574584960938, 250.2445068359375, 1.0], [123.89344787597655, 236.24752807617185, 1.0], [125.79232025146483, 242.48942565917972, 1.0], [126.93164062500003, 246.2723846435547, 1.0], [127.69119262695311, 249.86621093750003, 1.0], [116.10807037353513, 237.5715637207031, 1.0], [117.62716674804689, 243.43516540527344, 1.0], [119.33615112304688, 246.2723846435547, 1.0], [121.04513549804689, 249.29876708984375, 1.0], [108.89236450195311, 237.94985961914057, 1.0], [108.13281249999999, 243.24601745605472, 1.0], [107.75303649902344, 245.51579284667972, 1.0], [107.75303649902344, 248.5421600341797, 1.0]], "head_box": [[175.82666666666665, 35.085], [232.31133333333332, 119.812]], "head_size": 84.727, "hand_box_center": [126.83669281005862, 238.32816314697266], "is_left": 0, "is_mpii": 0}