{"mpii_body_pts": [[0.0, 0.0, 0.0], [191.876, 134.0995, 0.674823], [188.627, 107.625, 0.524557], [172.351, 29.3779, 0.562771], [0.0, 0.0, 0.0], [0.0, 0.0, 0.0], [0.0, 0.0, 0.0], [0.0, 0.0, 0.0], [0.0, 0.0, 0.0], [0.0, 0.0, 0.0], [166.697, 132.06, 0.555132], [139.819, 216.831, 0.538573], [140.656, 141.031, 0.690503], [243.096, 127.168, 0.659143], [272.366, 223.373, 0.67046], [215.427, 205.457, 0.69582]], "hand_pts": [[213.53019714355472, 211.5880126953125, 1.0], [206.34925842285153, 203.67353820800776, 1.0], [199.01812744140628, 191.80682373046875, 1.0], [194.80273437500003, 180.3052368164063, 1.0], [192.23684692382812, 170.8118743896484, 1.0], [210.7479248046875, 177.93190002441406, 1.0], [192.847412109375, 173.01860046386716, 1.0], [192.78668212890622, 183.95654296875, 1.0], [194.1701507568359, 188.23075866699216, 1.0], [211.5721588134766, 182.22448730468753, 1.0], [194.0696258544922, 177.5667724609375, 1.0], [195.35256958007815, 188.3380889892578, 1.0], [196.93588256835938, 192.18353271484372, 1.0], [210.91476440429685, 188.9331817626953, 1.0], [194.47984313964838, 183.0630798339844, 1.0], [195.16929626464838, 192.53707885742193, 1.0], [198.2850189208984, 196.55351257324216, 1.0], [208.54858398437497, 194.54530334472656, 1.0], [196.81880187988278, 190.3463134765625, 1.0], [196.2689666748047, 194.7278594970703, 1.0], [198.2850189208984, 197.64889526367185, 1.0]], "head_box": [[146.26863333333333, 29.3779], [198.43336666666667, 107.625]], "head_size": 78.2471, "hand_box_center": [202.8835220336914, 191.19994354248047], "is_left": 1, "is_mpii": 0}