{"mpii_body_pts": [[0.0, 0.0, 0.0], [202.02049999999997, 155.70850000000002, 0.654841], [203.237, 119.845, 0.759609], [204.857, 36.6964, 0.518481], [0.0, 0.0, 0.0], [0.0, 0.0, 0.0], [0.0, 0.0, 0.0], [0.0, 0.0, 0.0], [0.0, 0.0, 0.0], [0.0, 0.0, 0.0], [181.308, 262.512, 0.603928], [115.44, 255.963, 0.682683], [146.326, 156.528, 0.653621], [257.715, 154.889, 0.656061], [291.057, 251.072, 0.672596], [228.443, 259.254, 0.621316]], "hand_pts": [[179.139663696289, 267.4982604980469, 1.0], [184.64749145507815, 258.4173278808594, 1.0], [198.32209777832034, 250.4715118408203, 1.0], [205.72917175292972, 253.30929565429688, 1.0], [202.1205902099609, 260.1199951171875, 1.0], [199.55744934082037, 243.77807617187497, 1.0], [214.3516082763672, 253.39431762695315, 1.0], [209.688232421875, 258.2024536132813, 1.0], [206.15049743652347, 255.15730285644534, 1.0], [195.53730773925778, 247.94511413574216, 1.0], [210.97468566894526, 256.9202880859375, 1.0], [206.31130981445318, 261.4078674316406, 1.0], [202.93438720703128, 258.8435363769531, 1.0], [192.48197937011722, 252.91351318359375, 1.0], [206.9545288085938, 260.76678466796875, 1.0], [201.64793395996094, 265.7351684570312, 1.0], [198.59262084960943, 262.8502807617188, 1.0], [189.9090881347656, 257.7216186523437, 1.0], [196.66294860839844, 263.3311157226562, 1.0], [200.6830902099609, 266.69677734375, 1.0], [199.55744934082037, 270.8638305664063, 1.0]], "head_box": [[177.1408, 36.6964], [232.57319999999999, 119.845]], "head_size": 83.1486, "hand_box_center": [196.7456359863281, 257.3209533691406], "is_left": 0, "is_mpii": 0}