{"mpii_body_pts": [[0.0, 0.0, 0.0], [193.4755, 137.37599999999998, 0.6533095], [191.91, 101.113, 0.746294], [186.991, 27.7193, 0.602647], [0.0, 0.0, 0.0], [0.0, 0.0, 0.0], [0.0, 0.0, 0.0], [0.0, 0.0, 0.0], [0.0, 0.0, 0.0], [0.0, 0.0, 0.0], [0.0, 0.0, 0.0], [121.969, 242.946, 0.663873], [137.395, 146.743, 0.668757], [249.556, 128.009, 0.637862], [278.851, 224.174, 0.652815], [229.246, 264.969, 0.587546]], "hand_pts": [[216.74269104003906, 272.4122009277344, 1.0], [209.64958190917966, 268.7391662597656, 1.0], [200.63543701171878, 267.710693359375, 1.0], [193.83787536621094, 271.9714355468749, 1.0], [186.15367126464835, 277.4075622558594, 1.0], [190.88241577148443, 274.1752624511719, 1.0], [180.53829956054688, 287.2513427734375, 1.0], [185.31248474121094, 293.4283142089842, 1.0], [188.814697265625, 290.4436950683594, 1.0], [195.90669250488276, 279.023712158203, 1.0], [187.98083496093753, 294.50610351562494, 1.0], [194.48493957519534, 296.1642150878906, 1.0], [198.2373199462891, 292.6821594238281, 1.0], [203.1475677490234, 281.52139282226557, 1.0], [195.81912231445315, 296.9932556152343, 1.0], [200.98904418945315, 296.08129882812494, 1.0], [203.5740203857422, 292.76507568359375, 1.0], [210.09291076660156, 286.222900390625, 1.0], [204.15771484375, 296.6616516113282, 1.0], [207.57653808593753, 293.51123046874994, 1.0], [208.61517333984372, 290.48364257812494, 1.0]], "head_box": [[162.52643333333336, 27.7193], [211.45556666666667, 101.113]], "head_size": 73.3937, "hand_box_center": [198.64049530029297, 282.3519744873047], "is_left": 1, "is_mpii": 0}