{"mpii_body_pts": [[0.0, 0.0, 0.0], [189.4305, 132.0455, 0.5411125], [185.357, 107.614, 0.703565], [175.601, 28.5425, 0.561413], [0.0, 0.0, 0.0], [0.0, 0.0, 0.0], [0.0, 0.0, 0.0], [0.0, 0.0, 0.0], [0.0, 0.0, 0.0], [0.0, 0.0, 0.0], [155.302, 93.7511, 0.26331], [126.843, 211.161, 0.538197], [140.649, 137.763, 0.388025], [238.212, 126.328, 0.6942], [273.972, 217.67, 0.734626], [218.716, 264.114, 0.673462]], "hand_pts": [[146.55792236328128, 120.67790222167967, 1.0], [156.79499816894528, 119.30458831787108, 1.0], [160.82022094726568, 109.89792633056639, 1.0], [164.9464263916016, 105.94584655761719, 1.0], [168.27914428710938, 105.15543365478514, 1.0], [151.69284057617188, 98.44420623779298, 1.0], [153.62178039550778, 87.3677444458008, 1.0], [154.3025817871094, 80.02110290527345, 1.0], [154.3025817871094, 73.46564483642577, 1.0], [153.16790771484375, 98.21815490722656, 1.0], [156.00457763671872, 86.01143646240234, 1.0], [156.1180419921875, 77.76060485839845, 1.0], [155.66418457031247, 70.8660659790039, 1.0], [155.88702392578128, 97.90143585205077, 1.0], [165.39904785156253, 92.43508148193361, 1.0], [165.94781494140625, 105.73654174804689, 1.0], [163.15774536132812, 110.47667694091798, 1.0], [159.63551330566406, 102.83714294433595, 1.0], [167.41851806640625, 98.98907470703125, 1.0], [168.49790954589844, 103.74256896972656, 1.0], [166.73678588867188, 108.8355941772461, 1.0]], "head_box": [[149.24383333333333, 28.5425], [201.95816666666667, 107.614]], "head_size": 79.0715, "hand_box_center": [157.52791595458984, 95.7719841003418], "is_left": 0, "is_mpii": 0}