{"mpii_body_pts": [[0.0, 0.0, 0.0], [193.8755, 138.1825, 0.558512], [192.682, 108.449, 0.724723], [182.922, 26.0755, 0.564386], [0.0, 0.0, 0.0], [0.0, 0.0, 0.0], [0.0, 0.0, 0.0], [0.0, 0.0, 0.0], [0.0, 0.0, 0.0], [0.0, 0.0, 0.0], [126.846, 178.545, 0.324035], [128.455, 249.439, 0.537825], [138.996, 148.366, 0.488846], [248.755, 127.999, 0.628178], [279.677, 220.935, 0.725744], [217.898, 243.746, 0.700367]], "hand_pts": [[220.02134704589847, 244.83860778808597, 1.0], [212.39488220214838, 240.23492431640625, 1.0], [196.0524597167969, 240.23492431640625, 1.0], [185.7022705078125, 247.54666137695312, 1.0], [179.98242187500006, 251.067138671875, 1.0], [190.60499572753903, 242.94297790527347, 1.0], [178.55487060546875, 252.3267974853516, 1.0], [174.05735778808597, 256.93814086914057, 1.0], [170.75450134277344, 260.85079956054693, 1.0], [196.0524597167969, 250.25471496582028, 1.0], [181.92799377441406, 260.85079956054693, 1.0], [189.02561950683594, 259.17395019531256, 1.0], [193.6636810302734, 256.37918090820307, 1.0], [200.41044616699222, 255.94161987304688, 1.0], [188.95535278320315, 265.3922729492187, 1.0], [195.91242980957034, 263.0167236328125, 1.0], [200.41044616699222, 259.1912841796875, 1.0], [206.94740295410156, 262.9825744628905, 1.0], [197.31790161132812, 267.1390075683594, 1.0], [201.22756958007812, 265.96142578124994, 1.0], [203.40655517578122, 265.14901733398443, 1.0]], "head_box": [[155.46416666666667, 26.0755], [210.37983333333332, 108.449]], "head_size": 82.37349999999999, "hand_box_center": [195.38792419433594, 253.6869659423828], "is_left": 1, "is_mpii": 0}