{"mpii_body_pts": [[0.0, 0.0, 0.0], [193.917, 137.77100000000002, 0.6389445], [191.062, 104.348, 0.730633], [182.932, 26.9013, 0.611389], [0.0, 0.0, 0.0], [0.0, 0.0, 0.0], [0.0, 0.0, 0.0], [0.0, 0.0, 0.0], [0.0, 0.0, 0.0], [0.0, 0.0, 0.0], [100.807, 242.947, 0.760024], [134.167, 251.903, 0.690935], [139.86, 149.175, 0.624875], [247.974, 126.367, 0.653014], [282.124, 219.319, 0.683343], [224.405, 264.123, 0.619706]], "hand_pts": [[224.41336059570312, 264.35934448242193, 1.0], [214.76847839355472, 262.4156494140625, 1.0], [203.5254058837891, 264.2041931152344, 1.0], [192.28231811523446, 271.9544982910156, 1.0], [186.5858306884766, 276.72393798828114, 1.0], [196.35888671875003, 268.42141723632807, 1.0], [185.68638610839844, 282.0895385742187, 1.0], [185.98620605468756, 287.6041870117188, 1.0], [188.68453979492185, 287.0079956054688, 1.0], [201.80635070800778, 274.1083068847657, 1.0], [191.53279113769534, 288.20034790039057, 1.0], [194.38102722167974, 290.7341003417969, 1.0], [196.92945861816406, 289.83984375, 1.0], [208.34332275390625, 278.7120056152344, 1.0], [199.62736511230472, 290.8982543945313, 1.0], [203.07568359374994, 292.2245483398438, 1.0], [205.17439270019528, 290.13793945312494, 1.0], [215.15266418457028, 283.5865173339843, 1.0], [208.77217102050776, 291.92645263671875, 1.0], [210.12133789062506, 291.4793395996093, 1.0], [211.77032470703125, 290.28698730468744, 1.0]], "head_box": [[157.11643333333333, 26.9013], [208.74756666666664, 104.348]], "head_size": 77.44669999999999, "hand_box_center": [205.04987335205078, 277.3200988769531], "is_left": 1, "is_mpii": 0}