{"mpii_body_pts": [[0.0, 0.0, 0.0], [195.541, 134.5015, 0.6372905], [190.236, 105.989, 0.681897], [184.534, 28.5083, 0.574931], [0.0, 0.0, 0.0], [0.0, 0.0, 0.0], [0.0, 0.0, 0.0], [0.0, 0.0, 0.0], [0.0, 0.0, 0.0], [0.0, 0.0, 0.0], [0.0, 0.0, 0.0], [147.973, 224.178, 0.470144], [143.103, 141.021, 0.619549], [247.979, 127.982, 0.655032], [267.483, 217.634, 0.68779], [217.085, 166.316, 0.647489]], "hand_pts": [[213.73533630371097, 165.09236145019534, 1.0], [211.51367187499997, 154.47204589843753, 1.0], [211.91761779785153, 138.84214782714844, 1.0], [211.10972595214838, 131.6283569335938, 1.0], [208.48413085937503, 124.61493682861328, 1.0], [219.9963836669922, 135.63601684570318, 1.0], [206.09909057617185, 122.5596923828125, 1.0], [203.95158386230472, 129.4432830810547, 1.0], [205.10794067382812, 135.01570129394526, 1.0], [221.29811096191406, 134.0153656005859, 1.0], [206.2171630859375, 121.48132324218751, 1.0], [204.9793548583984, 133.1679229736328, 1.0], [205.81915283203125, 138.02824401855474, 1.0], [219.48207092285156, 136.44383239746094, 1.0], [206.53298950195315, 125.16319274902344, 1.0], [205.53923034667974, 136.26927185058594, 1.0], [206.7055969238281, 141.03701782226565, 1.0], [213.9373016357422, 138.84214782714844, 1.0], [205.85357666015622, 130.71212768554688, 1.0], [203.3380126953125, 135.29624938964844, 1.0], [204.05674743652347, 141.8668365478516, 1.0]], "head_box": [[158.7071, 28.5083], [210.3609, 105.989]], "head_size": 77.48070000000001, "hand_box_center": [212.31806182861328, 143.28684234619143], "is_left": 1, "is_mpii": 0}