{"mpii_body_pts": [[83.744, 141.849, 0.106589], [197.96050000000002, 130.4245, 0.6072230000000001], [191.908, 102.708, 0.752387], [185.354, 24.4606, 0.570123], [0.0, 0.0, 0.0], [0.0, 0.0, 0.0], [167.488, 283.698, 0.213178], [0.0, 0.0, 0.0], [0.0, 0.0, 0.0], [0.0, 0.0, 0.0], [149.601, 132.07, 0.498826], [143.093, 224.2, 0.532744], [146.341, 133.701, 0.536603], [249.58, 127.148, 0.677843], [281.312, 220.116, 0.659947], [225.23, 261.672, 0.599433]], "hand_pts": [[149.61227416992185, 136.8192596435547, 1.0], [163.9656829833984, 129.4357147216797, 1.0], [168.1328125, 120.66774749755858, 1.0], [170.2935485839844, 115.43772888183595, 1.0], [171.9912567138672, 111.4383087158203, 1.0], [157.02049255371097, 104.67005157470702, 1.0], [175.69537353515622, 102.51651763916017, 1.0], [182.1775512695312, 105.59299468994142, 1.0], [192.05517578124997, 105.74681854248045, 1.0], [156.55747985839847, 104.8238754272461, 1.0], [174.15199279785153, 104.8238754272461, 1.0], [174.30632019042974, 114.05331420898438, 1.0], [173.07162475585938, 119.43714904785156, 1.0], [157.02049255371097, 109.28477478027345, 1.0], [174.7693328857422, 107.43888092041016, 1.0], [174.46066284179688, 115.74537658691405, 1.0], [172.9172821044922, 120.82157135009764, 1.0], [157.02049255371097, 114.51478576660155, 1.0], [171.0652313232422, 114.82243347167967, 1.0], [171.52824401855474, 119.89862823486328, 1.0], [172.45426940917972, 125.74393463134768, 1.0]], "head_box": [[159.27153333333334, 24.4606], [211.4364666666667, 102.708]], "head_size": 78.2474, "hand_box_center": [170.8337249755859, 119.66788864135742], "is_left": 0, "is_mpii": 0}