{"mpii_body_pts": [[0.0, 0.0, 0.0], [195.92849999999999, 136.1325, 0.5688775], [192.688, 100.289, 0.646391], [184.54, 28.5089, 0.641084], [0.0, 0.0, 0.0], [0.0, 0.0, 0.0], [0.0, 0.0, 0.0], [0.0, 0.0, 0.0], [0.0, 0.0, 0.0], [0.0, 0.0, 0.0], [158.552, 174.448, 0.285965], [142.285, 233.151, 0.470821], [143.097, 145.087, 0.500488], [248.76, 127.178, 0.637267], [278.039, 220.107, 0.612985], [235.784, 211.936, 0.441972]], "hand_pts": [[167.2129821777344, 160.96188354492188, 1.0], [159.85343933105474, 152.7369537353515, 1.0], [159.6739349365234, 134.32028198242193, 1.0], [167.57199096679688, 123.05570983886717, 1.0], [178.16255187988276, 114.29438018798828, 1.0], [164.52047729492188, 130.38662719726565, 1.0], [161.64845275878906, 113.93677520751952, 1.0], [159.49444580078128, 103.923828125, 1.0], [157.87893676757815, 94.62608337402342, 1.0], [173.1365203857422, 130.92303466796875, 1.0], [174.21353149414054, 113.22156524658203, 1.0], [175.64953613281247, 99.81136322021486, 1.0], [176.90605163574216, 91.2288360595703, 1.0], [180.3165740966797, 134.1414794921875, 1.0], [184.8040924072266, 115.36719512939453, 1.0], [186.95811462402344, 106.2482604980469, 1.0], [188.93261718750003, 99.99016571044922, 1.0], [186.2401123046875, 139.8631591796875, 1.0], [195.21516418457026, 129.3137969970703, 1.0], [200.4207000732422, 122.69810485839844, 1.0], [203.83122253417972, 118.58563995361328, 1.0]], "head_box": [[160.61329999999998, 28.5089], [208.4667, 100.289]], "head_size": 71.7801, "hand_box_center": [180.85507965087893, 126.0953598022461], "is_left": 0, "is_mpii": 0}