{"mpii_body_pts": [[0.0, 0.0, 0.0], [196.7525, 136.535, 0.6229475], [189.444, 107.588, 0.651781], [178.891, 28.5274, 0.645597], [0.0, 0.0, 0.0], [0.0, 0.0, 0.0], [0.0, 0.0, 0.0], [0.0, 0.0, 0.0], [0.0, 0.0, 0.0], [0.0, 0.0, 0.0], [0.0, 0.0, 0.0], [135.781, 199.741, 0.57125], [149.589, 146.75, 0.569047], [243.916, 126.32, 0.676848], [281.277, 218.483, 0.668761], [226.027, 259.248, 0.623851]], "hand_pts": [[222.36126708984378, 260.42205810546875, 1.0], [212.08770751953128, 259.74108886718744, 1.0], [202.72631835937503, 260.3329162597656, 1.0], [194.3943786621094, 265.41577148437494, 1.0], [188.68685913085938, 269.50152587890625, 1.0], [195.33181762695315, 265.73052978515625, 1.0], [184.5321502685547, 278.81268310546886, 1.0], [190.74534606933594, 284.0638122558594, 1.0], [195.79981994628906, 281.1788635253907, 1.0], [202.0424652099609, 269.84197998046875, 1.0], [191.7730255126953, 283.8926391601563, 1.0], [196.54862976074216, 287.78628540039057, 1.0], [202.16470336914057, 285.5527954101563, 1.0], [208.6631927490234, 274.3817138671874, 1.0], [199.1694641113281, 288.62384033203136, 1.0], [203.94313049316403, 289.5544738769532, 1.0], [207.31277465820315, 286.29730224609364, 1.0], [215.36248779296878, 279.03842163085943, 1.0], [208.24879455566406, 287.87936401367193, 1.0], [211.7120361328125, 286.57647705078125, 1.0], [213.95846557617188, 284.0638122558594, 1.0]], "head_box": [[152.53746666666666, 28.5274], [205.24453333333332, 107.588]], "head_size": 79.0606, "hand_box_center": [203.44670867919922, 274.6477813720703], "is_left": 1, "is_mpii": 0}