{"mpii_body_pts": [[0.0, 0.0, 0.0], [202.85250000000002, 157.335, 0.63112], [204.033, 119.81, 0.749462], [199.178, 35.0661, 0.560858], [0.0, 0.0, 0.0], [0.0, 0.0, 0.0], [0.0, 0.0, 0.0], [0.0, 0.0, 0.0], [0.0, 0.0, 0.0], [0.0, 0.0, 0.0], [175.619, 203.8, 0.345621], [117.895, 235.59, 0.506415], [144.725, 156.531, 0.631927], [260.98, 158.139, 0.630313], [292.689, 248.635, 0.369836], [0.0, 0.0, 0.0]], "hand_pts": [[234.66770935058597, 217.3251495361328, 1.0], [230.2994384765625, 213.3522338867188, 1.0], [212.25654602050778, 209.75770568847656, 1.0], [201.24089050292972, 211.0820007324219, 1.0], [193.26403808593753, 217.13595581054685, 1.0], [209.59759521484372, 205.78479003906247, 1.0], [195.16328430175776, 211.83874511718753, 1.0], [185.0972595214844, 218.83863830566412, 1.0], [181.10882568359378, 223.1899108886719, 1.0], [215.29534912109378, 212.0279388427735, 1.0], [198.9617919921875, 216.5684051513672, 1.0], [185.85696411132812, 223.56828308105472, 1.0], [179.58943176269534, 227.35200500488278, 1.0], [217.38453674316406, 219.40618896484375, 1.0], [201.8106689453125, 223.75747680664065, 1.0], [191.1748657226562, 228.29794311523443, 1.0], [184.3375549316406, 231.51409912109375, 1.0], [219.2837829589844, 227.16282653808597, 1.0], [208.4580535888672, 232.4600372314453, 1.0], [202.0005950927734, 235.6761932373047, 1.0], [197.82223510742193, 237.37887573242188, 1.0]], "head_box": [[170.93003333333334, 35.0661], [227.42596666666665, 119.81]], "head_size": 84.7439, "hand_box_center": [207.12857055664065, 221.5818328857422], "is_left": 1, "is_mpii": 0}