{"mpii_body_pts": [[0.0, 0.0, 0.0], [198.7885, 151.2435, 0.5659095], [197.557, 120.642, 0.712754], [191.878, 35.8487, 0.564153], [0.0, 0.0, 0.0], [0.0, 0.0, 0.0], [0.0, 0.0, 0.0], [0.0, 0.0, 0.0], [0.0, 0.0, 0.0], [0.0, 0.0, 0.0], [0.0, 0.0, 0.0], [129.266, 224.187, 0.296467], [146.351, 149.193, 0.464744], [251.226, 153.294, 0.667075], [289.41, 249.457, 0.676929], [223.584, 252.719, 0.681819]], "hand_pts": [[228.83718872070315, 257.2543334960937, 1.0], [225.9198913574219, 250.35272216796878, 1.0], [213.61172485351562, 246.87715148925778, 1.0], [198.1035003662109, 252.11839294433594, 1.0], [187.85699462890625, 254.53213500976562, 1.0], [204.74987792968747, 262.04916381835943, 1.0], [188.82626342773443, 257.8423767089843, 1.0], [193.10026550292972, 254.3484039306641, 1.0], [197.75733947753912, 253.42871093750003, 1.0], [205.5806884765625, 266.8766479492187, 1.0], [186.61080932617185, 259.42855834960926, 1.0], [194.36491394042974, 255.70451354980466, 1.0], [199.3497009277344, 255.2217712402344, 1.0], [204.68064880371097, 270.87652587890625, 1.0], [187.78776550292972, 262.39398193359375, 1.0], [193.6033477783203, 258.3251342773437, 1.0], [197.4111785888672, 257.49755859375, 1.0], [204.81912231445315, 272.3937377929687, 1.0], [192.08021545410156, 265.4284057617187, 1.0], [194.50338745117188, 261.29058837890625, 1.0], [197.61886596679685, 260.25613403320307, 1.0]], "head_box": [[163.61356666666666, 35.8487], [220.14243333333332, 120.642]], "head_size": 84.79329999999999, "hand_box_center": [207.7239990234375, 259.6354446411132], "is_left": 1, "is_mpii": 0}