{"mpii_body_pts": [[0.0, 0.0, 0.0], [337.1755, 259.06899999999996, 0.689809], [335.604, 219.148, 0.684832], [323.111, 79.875, 0.653189], [0.0, 0.0, 0.0], [0.0, 0.0, 0.0], [0.0, 0.0, 0.0], [0.0, 0.0, 0.0], [0.0, 0.0, 0.0], [0.0, 0.0, 0.0], [282.547, 242.635, 0.467891], [226.324, 369.42, 0.641719], [243.516, 255.176, 0.726986], [430.835, 262.962, 0.652632], [504.166, 327.121, 0.344311], [477.675, 241.01, 0.735783]], "hand_pts": [[295.29943847656244, 245.36317443847656, 1.0], [311.090087890625, 242.21943664550778, 1.0], [321.74877929687494, 237.1108703613281, 1.0], [333.59179687499994, 227.28669738769537, 1.0], [322.5383300781249, 228.07263183593753, 1.0], [329.24935913085943, 217.0695648193359, 1.0], [335.96038818359375, 208.42430114746097, 1.0], [340.30282592773443, 201.74386596679682, 1.0], [345.43478393554693, 194.67047119140622, 1.0], [323.32785034179693, 213.13989257812497, 1.0], [324.11740112304705, 203.70869445800778, 1.0], [323.72262573242193, 198.60012817382812, 1.0], [324.11740112304705, 191.52673339843753, 1.0], [300.03662109375006, 204.10166931152344, 1.0], [309.51101684570307, 217.0695648193359, 1.0], [312.66915893554693, 228.85856628417972, 1.0], [314.24822998046875, 237.50382995605472, 1.0], [288.1936340332031, 210.3891296386719, 1.0], [295.29943847656244, 219.82032775878912, 1.0], [301.22094726562494, 230.82339477539062, 1.0], [305.5633544921874, 239.0756988525391, 1.0]], "head_box": [[276.68666666666667, 79.875], [369.5353333333333, 219.148]], "head_size": 139.273, "hand_box_center": [316.814208984375, 218.44495391845703], "is_left": 0, "is_mpii": 0}