{"mpii_body_pts": [[0.0, 0.0, 0.0], [342.64549999999997, 313.788, 0.592698], [345.012, 317.692, 0.659743], [313.764, 144.059, 0.326172], [0.0, 0.0, 0.0], [0.0, 0.0, 0.0], [0.0, 0.0, 0.0], [0.0, 0.0, 0.0], [0.0, 0.0, 0.0], [0.0, 0.0, 0.0], [291.853, 485.242, 0.428843], [218.554, 485.247, 0.497451], [245.082, 319.253, 0.611022], [440.209, 308.323, 0.574374], [529.172, 467.982, 0.442047], [518.221, 394.442, 0.361375]], "hand_pts": [[515.2232666015625, 386.4178466796875, 1.0], [514.86572265625, 366.1187744140625, 1.0], [503.4252624511718, 347.95648193359375, 1.0], [483.0469360351563, 352.94219970703125, 1.0], [477.68420410156256, 367.89941406249994, 1.0], [519.513427734375, 359.70855712890625, 1.0], [488.76715087890625, 357.9279479980469, 1.0], [499.8501281738282, 360.4208068847657, 1.0], [507.7154541015625, 360.4208068847657, 1.0], [518.0833740234376, 373.59738159179693, 1.0], [485.1920166015625, 369.6800231933595, 1.0], [499.1351013183594, 371.46063232421875, 1.0], [507.0004272460937, 371.46063232421875, 1.0], [512.7206420898438, 388.5545654296875, 1.0], [485.54953002929693, 382.14434814453136, 1.0], [496.6324768066406, 382.85659790039057, 1.0], [505.2128295898438, 384.28109741210926, 1.0], [504.8553161621093, 399.5944213867188, 1.0], [486.2645568847657, 393.1841735839844, 1.0], [492.69982910156256, 393.8964233398438, 1.0], [497.70501708984375, 395.3209228515625, 1.0]], "head_box": [[255.88633333333334, 144.059], [371.64166666666665, 317.692]], "head_size": 173.633, "hand_box_center": [498.59881591796875, 373.77545166015625], "is_left": 1, "is_mpii": 0}