{"mpii_body_pts": [[0.0, 0.0, 0.0], [326.271, 274.67650000000003, 0.6311340000000001], [329.372, 256.73, 0.604436], [366.788, 101.73, 0.452076], [0.0, 0.0, 0.0], [0.0, 0.0, 0.0], [0.0, 0.0, 0.0], [0.0, 0.0, 0.0], [0.0, 0.0, 0.0], [0.0, 0.0, 0.0], [295.068, 405.335, 0.73732], [196.684, 431.986, 0.59692], [234.136, 267.593, 0.628329], [418.406, 281.76, 0.633939], [507.314, 438.259, 0.439594], [552.551, 413.229, 0.473769]], "hand_pts": [[307.88742065429693, 409.1218872070313, 1.0], [310.5764465332031, 389.0325927734375, 1.0], [325.1647033691407, 361.65612792968744, 1.0], [351.9647216796875, 363.6177368164063, 1.0], [362.60592651367193, 369.89486694335943, 1.0], [322.01177978515625, 358.909881591797, 1.0], [354.7235717773437, 360.87145996093744, 1.0], [365.7588500976563, 368.32556152343756, 1.0], [377.18829345703125, 374.21038818359375, 1.0], [316.8882446289063, 372.24877929687494, 1.0], [352.3588562011719, 371.4641418457031, 1.0], [373.2471008300781, 375.77966308593756, 1.0], [385.4647521972656, 379.70288085937506, 1.0], [318.07058715820307, 383.6260986328125, 1.0], [351.9647216796875, 380.09521484375, 1.0], [370.09414672851557, 384.4107360839843, 1.0], [383.494171142578, 387.94161987304693, 1.0], [322.01177978515625, 396.57269287109375, 1.0], [345.2647399902343, 393.8264465332031, 1.0], [360.63534545898426, 392.64947509765636, 1.0], [371.67062377929693, 394.21874999999994, 1.0]], "head_box": [[315.1213333333333, 101.73], [418.4546666666667, 256.73]], "head_size": 155.0, "hand_box_center": [346.67608642578125, 384.0158843994142], "is_left": 0, "is_mpii": 0}