{"mpii_body_pts": [[0.0, 0.0, 0.0], [341.863, 256.656, 0.66961], [340.317, 236.337, 0.683921], [335.626, 78.2812, 0.465483], [0.0, 0.0, 0.0], [0.0, 0.0, 0.0], [0.0, 0.0, 0.0], [0.0, 0.0, 0.0], [0.0, 0.0, 0.0], [0.0, 0.0, 0.0], [241.94, 350.627, 0.587596], [204.509, 430.401, 0.537763], [242.001, 258.245, 0.675812], [441.725, 255.067, 0.663408], [487.015, 430.381, 0.719198], [390.215, 405.367, 0.726672]], "hand_pts": [[240.42500305175778, 345.64709472656256, 1.0], [252.67500305175776, 335.1879272460937, 1.0], [279.1032104492187, 329.92126464843744, 1.0], [295.9288635253906, 347.48724365234375, 1.0], [303.31573486328125, 363.8276672363282, 1.0], [289.7749938964844, 337.2797546386719, 1.0], [310.7749938964844, 354.363037109375, 1.0], [313.92498779296875, 363.0789794921874, 1.0], [309.7250061035156, 364.12490844726557, 1.0], [282.7749938964844, 345.2984313964843, 1.0], [300.625, 367.61129760742193, 1.0], [300.03268432617193, 367.91278076171875, 1.0], [296.3392333984375, 365.0531921386719, 1.0], [271.92498779296875, 355.7575988769531, 1.0], [290.4750061035156, 373.1894836425781, 1.0], [288.13159179687494, 374.8574523925781, 1.0], [283.61740112304705, 371.58935546874994, 1.0], [264.32946777343756, 367.50424194335943, 1.0], [277.1749877929688, 377.3731384277343, 1.0], [275.82015991210926, 375.6744689941407, 1.0], [272.9474792480469, 374.0404357910156, 1.0]], "head_box": [[282.9407333333333, 78.2812], [388.31126666666665, 236.337]], "head_size": 158.05579999999998, "hand_box_center": [277.1749954223633, 353.6472015380859], "is_left": 0, "is_mpii": 0}