{"mpii_body_pts": [[0.0, 0.0, 0.0], [306.7085, 264.533, 0.657929], [306.006, 220.688, 0.701901], [307.521, 68.907, 0.555826], [0.0, 0.0, 0.0], [0.0, 0.0, 0.0], [0.0, 0.0, 0.0], [0.0, 0.0, 0.0], [0.0, 0.0, 0.0], [0.0, 0.0, 0.0], [318.517, 331.87, 0.819566], [206.023, 410.069, 0.569066], [207.593, 270.782, 0.679648], [405.824, 258.284, 0.63621], [458.94, 392.852, 0.479111], [491.682, 416.362, 0.489495]], "hand_pts": [[492.7268676757813, 420.56277465820307, 1.0], [502.17892456054693, 410.4500732421874, 1.0], [523.8836059570314, 416.0295104980469, 1.0], [533.6857299804688, 416.3782043457031, 1.0], [544.5380859375001, 414.6346435546875, 1.0], [526.6842041015625, 434.8600463867188, 1.0], [526.6842041015625, 427.88577270507807, 1.0], [524.2337036132814, 416.0295104980469, 1.0], [523.8836059570314, 406.9629516601563, 1.0], [517.582275390625, 442.5317382812499, 1.0], [517.9323120117186, 430.67547607421875, 1.0], [516.1819458007812, 418.1217956542969, 1.0], [514.4315795898438, 406.9629516601563, 1.0], [507.43005371093744, 445.670166015625, 1.0], [509.88058471679693, 435.55746459960943, 1.0], [507.0799865722656, 420.9114990234375, 1.0], [504.6294555664063, 408.00909423828125, 1.0], [492.3767700195313, 444.27532958984375, 1.0], [497.6279296875, 438.69589233398443, 1.0], [496.2276306152344, 428.2344970703125, 1.0], [495.52746582031256, 422.30633544921864, 1.0]], "head_box": [[256.92733333333337, 68.907], [358.11466666666666, 220.688]], "head_size": 151.781, "hand_box_center": [518.4574279785157, 426.3165588378906], "is_left": 1, "is_mpii": 0}