{"mpii_body_pts": [[0.0, 0.0, 0.0], [341.034, 264.56449999999995, 0.682282], [343.454, 228.535, 0.787102], [327.823, 87.6709, 0.51853], [0.0, 0.0, 0.0], [0.0, 0.0, 0.0], [0.0, 0.0, 0.0], [0.0, 0.0, 0.0], [0.0, 0.0, 0.0], [0.0, 0.0, 0.0], [268.475, 292.64, 0.754056], [245.068, 367.82, 0.488099], [243.46, 269.268, 0.741028], [438.608, 259.861, 0.623536], [496.399, 432.009, 0.688549], [387.145, 421.085, 0.721925]], "hand_pts": [[280.0754699707031, 285.22363281249994, 1.0], [292.68640136718744, 281.7342224121093, 1.0], [303.54580688476574, 265.33401489257807, 1.0], [304.596710205078, 253.12107849121094, 1.0], [309.8860778808594, 239.09181213378906, 1.0], [297.11300659179693, 247.03961181640625, 1.0], [301.5037536621093, 220.0170745849609, 1.0], [303.4995422363281, 204.12145996093753, 1.0], [305.0961914062499, 192.5971527099609, 1.0], [282.74328613281256, 243.46310424804685, 1.0], [283.54159545898426, 216.83795166015622, 1.0], [284.73907470703125, 202.9292907714844, 1.0], [285.93655395507795, 187.43107604980472, 1.0], [267.5752258300781, 244.25788879394528, 1.0], [284.3399047851563, 243.46310424804685, 1.0], [295.91552734375, 256.974365234375, 1.0], [299.9071044921874, 267.3065185546874, 1.0], [267.46450805664057, 255.21472167968747, 1.0], [281.8269653320313, 253.47001647949222, 1.0], [291.1256103515625, 257.76916503906256, 1.0], [295.5163574218749, 269.69085693359375, 1.0]], "head_box": [[280.8683, 87.6709], [374.7777, 228.535]], "head_size": 140.8641, "hand_box_center": [288.67529296875, 236.32735443115234], "is_left": 0, "is_mpii": 0}