{"mpii_body_pts": [[0.0, 0.0, 0.0], [341.808, 273.1135, 0.6540905], [338.704, 231.64, 0.637788], [318.44, 78.2645, 0.479383], [0.0, 0.0, 0.0], [0.0, 0.0, 0.0], [0.0, 0.0, 0.0], [0.0, 0.0, 0.0], [0.0, 0.0, 0.0], [0.0, 0.0, 0.0], [255.971, 427.278, 0.671609], [170.194, 427.27, 0.672467], [240.345, 266.101, 0.64869], [443.271, 280.126, 0.659491], [474.512, 417.932, 0.462897], [516.69, 424.2, 0.399397]], "hand_pts": [[261.87588500976574, 433.3680725097657, 1.0], [267.1705017089843, 417.17550659179693, 1.0], [280.10168457031256, 408.3258666992188, 1.0], [308.7927551269531, 409.13037109375006, 1.0], [325.36083984375006, 402.29199218749994, 1.0], [278.8893737792969, 400.2807312011718, 1.0], [301.51895141601557, 401.0852355957031, 1.0], [313.2378540039063, 408.3258666992188, 1.0], [320.9157409667969, 419.1867980957031, 1.0], [279.6975708007813, 411.9461669921874, 1.0], [297.4779663085937, 412.7507019042969, 1.0], [308.7927551269531, 421.1980895996094, 1.0], [316.0665283203125, 428.8409729003906, 1.0], [275.25250244140625, 426.42742919921875, 1.0], [295.86157226562494, 430.04772949218744, 1.0], [306.36816406249994, 436.0816040039063, 1.0], [307.98455810546875, 438.495147705078, 1.0], [275.25250244140625, 438.8973999023437, 1.0], [294.64926147460943, 446.94253540039057, 1.0], [302.32714843749994, 449.75833129882807, 1.0], [301.1148681640626, 448.14932250976574, 1.0]], "head_box": [[267.31483333333335, 78.2645], [369.56516666666664, 231.64]], "head_size": 153.3755, "hand_box_center": [293.6183624267579, 425.01953124999994], "is_left": 0, "is_mpii": 0}