{"mpii_body_pts": [[0.0, 0.0, 0.0], [328.57500000000005, 266.866, 0.658161], [329.348, 250.44, 0.668407], [354.299, 92.3791, 0.433468], [0.0, 0.0, 0.0], [0.0, 0.0, 0.0], [0.0, 0.0, 0.0], [0.0, 0.0, 0.0], [0.0, 0.0, 0.0], [0.0, 0.0, 0.0], [407.428, 342.802, 0.212853], [252.886, 391.275, 0.533181], [238.841, 264.502, 0.669057], [418.309, 269.23, 0.647265], [526.024, 417.897, 0.562406], [477.648, 342.808, 0.207928]], "hand_pts": [[524.4234619140625, 372.66412353515636, 1.0], [510.26998901367193, 356.644989013672, 1.0], [488.396484375, 352.1596069335938, 1.0], [474.8863525390625, 351.51885986328125, 1.0], [462.0195922851563, 352.1596069335938, 1.0], [486.4664611816406, 360.4895629882812, 1.0], [460.73291015624994, 361.7710876464843, 1.0], [441.4327392578124, 361.1303405761719, 1.0], [428.5659790039063, 361.1303405761719, 1.0], [489.03979492187494, 373.9456481933595, 1.0], [460.73291015624994, 373.9456481933595, 1.0], [442.0760803222656, 373.30487060546886, 1.0], [424.70593261718744, 372.66412353515636, 1.0], [491.61315917968744, 387.4017028808594, 1.0], [465.23626708984375, 386.12017822265625, 1.0], [447.2228088378906, 384.8386535644531, 1.0], [433.7126770019531, 382.27557373046875, 1.0], [492.25650024414057, 397.01318359375006, 1.0], [470.3829956054688, 395.7316589355469, 1.0], [457.5162048339844, 394.4501342773437, 1.0], [446.57946777343756, 392.52783203125, 1.0]], "head_box": [[301.61203333333333, 92.3791], [406.9859666666666, 250.44]], "head_size": 158.0609, "hand_box_center": [474.564697265625, 374.2660217285156], "is_left": 1, "is_mpii": 0}