{"mpii_body_pts": [[0.0, 0.0, 0.0], [319.2345, 268.412, 0.69638], [316.805, 217.559, 0.684525], [295.036, 70.4306, 0.647923], [0.0, 0.0, 0.0], [0.0, 0.0, 0.0], [0.0, 0.0, 0.0], [0.0, 0.0, 0.0], [0.0, 0.0, 0.0], [0.0, 0.0, 0.0], [0.0, 0.0, 0.0], [232.596, 402.247, 0.580718], [220.084, 269.193, 0.715094], [418.385, 267.631, 0.677666], [466.743, 380.353, 0.39348], [488.596, 403.845, 0.348629]], "hand_pts": [[468.97100830078125, 404.8318176269531, 1.0], [481.2634887695313, 392.9370422363281, 1.0], [502.9187927246093, 394.0057067871093, 1.0], [515.6823730468752, 399.23428344726557, 1.0], [526.2187500000001, 398.18475341796875, 1.0], [510.0629577636719, 417.77615356445307, 1.0], [510.0629577636719, 400.63366699218744, 1.0], [503.389892578125, 387.68933105468744, 1.0], [498.472930908203, 377.5437927246094, 1.0], [498.8241271972656, 423.7235412597656, 1.0], [498.1217041015625, 404.48199462890625, 1.0], [492.15109252929693, 388.3890380859375, 1.0], [486.88287353515636, 376.14440917968756, 1.0], [488.6389465332031, 426.5223083496093, 1.0], [488.99017333984375, 410.0795288085937, 1.0], [483.37075805664057, 394.33642578124994, 1.0], [479.15618896484375, 382.09179687499994, 1.0], [471.7807312011718, 426.5223083496093, 1.0], [478.4537658691406, 418.8256835937501, 1.0], [477.4001159667968, 406.58105468749994, 1.0], [476.69769287109375, 397.48504638671875, 1.0]], "head_box": [[245.9932, 70.4306], [344.0788, 217.559]], "head_size": 147.1284, "hand_box_center": [497.5948791503907, 401.33335876464844], "is_left": 1, "is_mpii": 0}