{"mpii_body_pts": [[0.0, 0.0, 0.0], [337.947, 274.6915, 0.6478755], [341.851, 241.062, 0.738945], [355.961, 90.7675, 0.485667], [0.0, 0.0, 0.0], [0.0, 0.0, 0.0], [0.0, 0.0, 0.0], [0.0, 0.0, 0.0], [0.0, 0.0, 0.0], [0.0, 0.0, 0.0], [301.292, 443.018, 0.641696], [176.41, 430.397, 0.698447], [238.847, 269.247, 0.670938], [437.047, 280.136, 0.624813], [490.093, 402.264, 0.482077], [533.833, 461.747, 0.750931]], "hand_pts": [[545.2731323242189, 469.2423400878906, 1.0], [558.0562744140624, 463.0476989746094, 1.0], [578.4401245117186, 468.89819335937494, 1.0], [578.4401245117186, 481.97570800781244, 1.0], [589.4957885742189, 495.05322265625, 1.0], [585.0044555664064, 496.08566284179693, 1.0], [574.9852294921874, 496.08566284179693, 1.0], [567.7299804687501, 484.72888183593756, 1.0], [570.493896484375, 483.352294921875, 1.0], [573.9487915039062, 505.72174072265625, 1.0], [562.8931274414061, 501.2478332519531, 1.0], [557.3652954101561, 485.41714477539057, 1.0], [560.4746704101564, 484.38473510742193, 1.0], [559.7836914062501, 509.1631774902343, 1.0], [551.4919433593751, 502.6244201660157, 1.0], [547.6915283203125, 489.54690551757807, 1.0], [551.1464233398438, 487.13787841796875, 1.0], [549.0734863281252, 508.81903076171875, 1.0], [542.5092163085938, 503.312713623047, 1.0], [540.7817382812501, 495.05322265625, 1.0], [543.2001953125, 492.300048828125, 1.0]], "head_box": [[305.86283333333336, 90.7675], [406.05916666666667, 241.062]], "head_size": 150.29450000000003, "hand_box_center": [565.1387634277345, 486.1054382324219], "is_left": 1, "is_mpii": 0}