{"mpii_body_pts": [[0.0, 0.0, 0.0], [324.7155, 256.6775, 0.6624095], [327.769, 255.157, 0.637949], [332.514, 103.32, 0.433942], [0.0, 0.0, 0.0], [0.0, 0.0, 0.0], [0.0, 0.0, 0.0], [0.0, 0.0, 0.0], [0.0, 0.0, 0.0], [0.0, 0.0, 0.0], [243.512, 331.783, 0.513312], [206.029, 436.718, 0.580729], [231.06, 266.066, 0.652362], [418.371, 247.289, 0.672457], [487.023, 417.944, 0.707955], [377.716, 413.194, 0.683136]], "hand_pts": [[366.28063964843744, 419.0986633300781, 1.0], [361.19076538085943, 412.67587280273443, 1.0], [363.1030578613281, 423.6610107421874, 1.0], [356.7287597656249, 431.0548400878907, 1.0], [357.5786743164063, 440.13870239257807, 1.0], [352.78002929687494, 445.47943115234375, 1.0], [321.64904785156256, 440.98217773437494, 1.0], [312.07028198242193, 439.6594543457032, 1.0], [298.23428344726557, 435.6912536621093, 1.0], [346.66024780273443, 451.8284912109375, 1.0], [322.7133483886718, 449.44760131835943, 1.0], [305.6844177246094, 442.833984375, 1.0], [290.0113220214843, 435.9136657714843, 1.0], [345.3298645019532, 442.833984375, 1.0], [327.2366638183594, 444.685791015625, 1.0], [311.80419921875, 442.30490112304705, 1.0], [297.1699523925781, 437.2785339355469, 1.0], [336.75604248046875, 438.8711853027344, 1.0], [321.88272094726557, 439.5049438476563, 1.0], [309.98406982421875, 439.0824584960937, 1.0], [299.99768066406256, 436.54742431640636, 1.0]], "head_box": [[281.90166666666664, 103.32], [383.1263333333334, 255.157]], "head_size": 151.83700000000002, "hand_box_center": [328.1459808349609, 432.25218200683594], "is_left": 1, "is_mpii": 0}