{"mpii_body_pts": [[0.0, 0.0, 0.0], [348.0785, 250.482, 0.5915295], [346.532, 230.134, 0.642314], [344.962, 79.7743, 0.461893], [0.0, 0.0, 0.0], [0.0, 0.0, 0.0], [0.0, 0.0, 0.0], [0.0, 0.0, 0.0], [0.0, 0.0, 0.0], [0.0, 0.0, 0.0], [234.159, 291.145, 0.46608], [192.027, 395.973, 0.574628], [255.97, 244.231, 0.583721], [440.187, 256.733, 0.599338], [516.724, 385.054, 0.667799], [441.697, 291.116, 0.530643]], "hand_pts": [[437.9230346679687, 281.2085876464843, 1.0], [428.81512451171875, 272.13610839843744, 1.0], [422.5096740722656, 248.75709533691406, 1.0], [418.6563110351563, 235.14842224121094, 1.0], [422.85995483398443, 219.44609069824216, 1.0], [418.3060302734375, 260.62109374999994, 1.0], [409.5484313964844, 252.24650573730466, 1.0], [404.6441650390626, 249.10604858398443, 1.0], [397.9884033203125, 244.56980895996094, 1.0], [421.10845947265625, 274.2297668457031, 1.0], [408.147216796875, 276.67236328125, 1.0], [394.48538208007807, 277.37023925781244, 1.0], [383.62594604492193, 277.71917724609364, 1.0], [422.5096740722656, 287.48950195312494, 1.0], [404.9944763183594, 290.28103637695307, 1.0], [394.1350708007813, 292.3746948242188, 1.0], [383.62594604492193, 294.46832275390625, 1.0], [421.80905151367193, 297.6087951660156, 1.0], [404.6441650390626, 300.0513610839844, 1.0], [394.48538208007807, 302.49395751953125, 1.0], [384.6768798828125, 304.93655395507795, 1.0]], "head_box": [[294.8421, 79.7743], [395.08189999999996, 230.134]], "head_size": 150.35969999999998, "hand_box_center": [410.7744903564453, 262.19132232666004], "is_left": 1, "is_mpii": 0}