{"mpii_body_pts": [[0.0, 0.0, 0.0], [313.783, 274.751, 0.662009], [319.982, 245.783, 0.724621], [302.847, 93.938, 0.505519], [0.0, 0.0, 0.0], [0.0, 0.0, 0.0], [0.0, 0.0, 0.0], [0.0, 0.0, 0.0], [0.0, 0.0, 0.0], [0.0, 0.0, 0.0], [285.64, 385.059, 0.545104], [224.773, 446.087, 0.399609], [221.689, 292.747, 0.619188], [405.877, 256.755, 0.70483], [476.102, 430.425, 0.716839], [352.787, 419.445, 0.719874]], "hand_pts": [[348.14700317382824, 425.63314819335943, 1.0], [342.89245605468744, 410.97766113281256, 1.0], [321.52392578124994, 400.5094299316406, 1.0], [300.1554260253907, 413.76916503906256, 1.0], [285.79296874999994, 418.3053894042969, 1.0], [319.0718078613281, 410.2797546386719, 1.0], [288.59539794921864, 415.8628234863282, 1.0], [273.5323181152343, 419.0032958984375, 1.0], [259.169891357422, 421.79479980468744, 1.0], [321.52392578124994, 424.23739624023426, 1.0], [291.8022460937501, 427.35226440429693, 1.0], [269.9669799804687, 429.34466552734386, 1.0], [255.6668395996094, 431.5651550292969, 1.0], [322.5748596191407, 437.148193359375, 1.0], [295.63592529296875, 437.3142395019531, 1.0], [276.1341857910156, 437.9783630371093, 1.0], [259.87048339843756, 438.5439453125, 1.0], [322.4715881347657, 443.45742797851557, 1.0], [296.635986328125, 443.9555358886718, 1.0], [286.46844482421875, 444.78570556640625, 1.0], [276.4675598144531, 444.9517211914063, 1.0]], "head_box": [[252.232, 93.938], [353.462, 245.783]], "head_size": 151.84499999999997, "hand_box_center": [301.9069213867188, 422.73057556152344], "is_left": 1, "is_mpii": 0}