{"mpii_body_pts": [[0.0, 0.0, 0.0], [319.2365, 275.457, 0.6266295], [318.462, 242.58, 0.744471], [316.849, 98.5998, 0.391345], [0.0, 0.0, 0.0], [0.0, 0.0, 0.0], [0.0, 0.0, 0.0], [0.0, 0.0, 0.0], [0.0, 0.0, 0.0], [0.0, 0.0, 0.0], [231.005, 410.066, 0.565006], [188.859, 433.6, 0.558839], [218.572, 277.013, 0.660616], [419.901, 273.901, 0.592643], [471.391, 417.915, 0.335155], [494.82, 435.134, 0.362426]], "hand_pts": [[241.33061218261722, 414.78295898437494, 1.0], [231.1533660888672, 392.86810302734375, 1.0], [252.51171875, 376.1046142578125, 1.0], [265.65533447265625, 378.96667480468744, 1.0], [278.7989501953125, 369.15393066406256, 1.0], [230.74263000488276, 396.1390075683594, 1.0], [250.04730224609378, 381.41986083984386, 1.0], [260.7264709472655, 374.46917724609364, 1.0], [257.85131835937494, 376.5134887695313, 1.0], [244.70770263671872, 405.134033203125, 1.0], [261.95867919921875, 391.2326354980469, 1.0], [270.99493408203125, 379.784423828125, 1.0], [268.9412231445313, 381.82873535156244, 1.0], [252.51171875, 415.35568237304705, 1.0], [269.35195922851557, 403.907440185547, 1.0], [275.102294921875, 392.0503540039063, 1.0], [272.63787841796875, 391.6415100097657, 1.0], [264.42312622070307, 424.75958251953136, 1.0], [274.69155883789057, 412.9024963378906, 1.0], [280.03115844726545, 402.2720031738282, 1.0], [280.44189453125, 393.2769470214843, 1.0]], "head_box": [[268.8556, 98.5998], [364.8424, 242.58]], "head_size": 143.98020000000002, "hand_box_center": [255.59226226806638, 396.956756591797], "is_left": 0, "is_mpii": 0}