{"mpii_body_pts": [[0.0, 0.0, 0.0], [327.801, 260.631, 0.6159794999999999], [326.259, 206.672, 0.71754], [318.394, 68.8445, 0.709082], [0.0, 0.0, 0.0], [0.0, 0.0, 0.0], [0.0, 0.0, 0.0], [0.0, 0.0, 0.0], [0.0, 0.0, 0.0], [0.0, 0.0, 0.0], [277.839, 428.871, 0.227091], [165.486, 427.272, 0.710545], [227.895, 258.292, 0.663712], [427.707, 262.97, 0.568247], [480.81, 433.598, 0.669665], [416.768, 403.777, 0.721132]], "hand_pts": [[270.62579345703125, 434.87307739257807, 1.0], [278.3274536132813, 416.04254150390636, 1.0], [295.83126831054693, 404.5349731445313, 1.0], [312.63491821289057, 402.093963623047, 1.0], [323.594970703125, 388.58688354492193, 1.0], [317.43789672851557, 419.2318115234375, 1.0], [343.29754638671875, 417.5974426269532, 1.0], [360.5373229980469, 415.96304321289057, 1.0], [372.4409790039063, 415.1458435058595, 1.0], [316.616943359375, 431.4898071289063, 1.0], [346.17083740234375, 429.03820800781244, 1.0], [367.10485839843756, 429.8554077148438, 1.0], [378.5980529785155, 430.2640075683594, 1.0], [313.3331909179687, 440.0704040527344, 1.0], [332.6253051757813, 441.7047729492187, 1.0], [353.559326171875, 440.0704040527344, 1.0], [369.97814941406244, 440.0704040527344, 1.0], [311.69131469726557, 455.59716796874994, 1.0], [326.46826171875, 457.6401672363282, 1.0], [338.3719177246093, 457.23156738281244, 1.0], [349.4546203613282, 452.73696899414057, 1.0]], "head_box": [[272.4515, 68.8445], [364.3365, 206.672]], "head_size": 137.8275, "hand_box_center": [324.6119232177734, 423.11352539062506], "is_left": 0, "is_mpii": 0}