{"mpii_body_pts": [[0.0, 0.0, 0.0], [362.164, 259.8105, 0.6884165], [355.928, 241.069, 0.701958], [330.969, 92.3635, 0.509152], [0.0, 0.0, 0.0], [0.0, 0.0, 0.0], [0.0, 0.0, 0.0], [0.0, 0.0, 0.0], [0.0, 0.0, 0.0], [0.0, 0.0, 0.0], [276.264, 328.675, 0.680621], [202.894, 396.037, 0.505724], [268.475, 251.964, 0.711707], [455.853, 267.657, 0.665126], [494.827, 444.506, 0.693222], [391.73, 416.35, 0.727241]], "hand_pts": [[379.8746948242188, 417.304931640625, 1.0], [378.83102416992193, 410.04125976562494, 1.0], [378.18676757812494, 423.3580017089843, 1.0], [371.76654052734375, 429.4957580566405, 1.0], [369.54412841796875, 438.0885925292969, 1.0], [366.58096313476574, 444.22634887695307, 1.0], [336.9491271972656, 432.68737792968744, 1.0], [326.0795288085937, 426.21350097656244, 1.0], [315.4092712402343, 418.63577270507807, 1.0], [357.4444885253907, 447.90899658203125, 1.0], [330.7758483886719, 438.33410644531244, 1.0], [314.97219848632807, 425.32208251953136, 1.0], [306.08264160156256, 416.72924804687494, 1.0], [355.7159423828125, 439.5616760253906, 1.0], [337.1960754394531, 434.89697265624994, 1.0], [321.3924255371094, 426.7951354980468, 1.0], [312.99673461914057, 420.6574096679688, 1.0], [353.2466430664063, 431.70535278320307, 1.0], [336.9491271972656, 430.23229980468744, 1.0], [328.0596008300782, 426.7951354980468, 1.0], [319.6639099121093, 423.3580017089843, 1.0]], "head_box": [[281.4005, 92.3635], [380.53749999999997, 241.069]], "head_size": 148.70549999999997, "hand_box_center": [342.9786682128907, 428.9751281738281], "is_left": 1, "is_mpii": 0}