{"mpii_body_pts": [[0.0, 0.0, 0.0], [325.471, 264.535, 0.65032], [327.828, 222.249, 0.656358], [316.872, 68.8454, 0.579071], [0.0, 0.0, 0.0], [0.0, 0.0, 0.0], [0.0, 0.0, 0.0], [0.0, 0.0, 0.0], [0.0, 0.0, 0.0], [0.0, 0.0, 0.0], [229.432, 324.031, 0.745392], [168.627, 417.924, 0.55744], [223.225, 259.838, 0.677457], [427.717, 269.232, 0.623183], [466.662, 408.521, 0.408308], [482.35, 408.503, 0.32849]], "hand_pts": [[240.38304138183597, 320.6128234863282, 1.0], [254.7454986572266, 311.5403747558594, 1.0], [266.65582275390636, 299.3274536132813, 1.0], [274.01220703125, 290.6039123535156, 1.0], [287.38143920898426, 281.4309692382812, 1.0], [252.65458679199216, 264.7405700683594, 1.0], [254.650390625, 240.1023712158203, 1.0], [255.0495452880859, 230.56500244140625, 1.0], [256.24700927734375, 217.45112609863284, 1.0], [242.67561340332028, 266.7275085449219, 1.0], [262.23440551757807, 259.17709350585943, 1.0], [271.8142395019531, 281.4309692382812, 1.0], [269.8184204101563, 294.5448303222657, 1.0], [235.4907531738281, 270.3040161132813, 1.0], [252.25543212890625, 269.90664672851557, 1.0], [260.2386169433593, 280.6361694335937, 1.0], [260.6377868652344, 290.1735534667969, 1.0], [229.9025268554688, 283.41790771484375, 1.0], [247.86468505859378, 281.0335693359375, 1.0], [258.2428283691407, 289.3787536621093, 1.0], [259.44030761718744, 296.53179931640625, 1.0]], "head_box": [[265.7374666666667, 68.8454], [368.0065333333333, 222.249]], "head_size": 153.40359999999998, "hand_box_center": [258.64198303222656, 269.0319747924805], "is_left": 0, "is_mpii": 0}