{"mpii_body_pts": [[0.0, 0.0, 0.0], [344.9745, 282.537, 0.6503595], [355.902, 291.119, 0.68634], [329.301, 153.368, 0.363168], [0.0, 0.0, 0.0], [0.0, 0.0, 0.0], [0.0, 0.0, 0.0], [0.0, 0.0, 0.0], [0.0, 0.0, 0.0], [0.0, 0.0, 0.0], [268.534, 350.627, 0.802094], [243.483, 422.621, 0.399406], [246.67, 281.758, 0.673526], [443.279, 283.316, 0.627193], [527.575, 439.797, 0.542567], [505.818, 353.69, 0.660534]], "hand_pts": [[284.62490844726557, 340.18853759765625, 1.0], [298.1379699707031, 335.7017211914063, 1.0], [313.75137329101557, 338.81323242187494, 1.0], [303.59475708007807, 341.6441345214844, 1.0], [296.2820129394531, 349.32794189453136, 1.0], [309.282470703125, 319.805877685547, 1.0], [305.2198181152344, 313.3352661132813, 1.0], [300.75091552734375, 316.57058715820307, 1.0], [297.50079345703125, 321.42352294921864, 1.0], [298.3133239746093, 314.5485229492187, 1.0], [289.78176879882807, 314.9529113769531, 1.0], [284.50033569335943, 315.761749267578, 1.0], [280.43771362304693, 318.18823242187494, 1.0], [276.37506103515636, 318.18823242187494, 1.0], [281.656494140625, 338.40881347656244, 1.0], [284.50033569335943, 346.90148925781244, 1.0], [286.53167724609364, 352.1588439941407, 1.0], [266.62472534179693, 323.84997558593756, 1.0], [270.28109741210926, 343.26177978515625, 1.0], [274.75, 348.5191345214843, 1.0], [279.6251831054688, 352.56323242187494, 1.0]], "head_box": [[283.38399999999996, 153.368], [375.218, 291.119]], "head_size": 137.75100000000003, "hand_box_center": [290.18804931640625, 332.9492492675781], "is_left": 0, "is_mpii": 0}