{"mpii_body_pts": [[0.0, 0.0, 0.0], [309.06600000000003, 257.504, 0.6616325], [307.526, 219.117, 0.695294], [304.426, 64.1729, 0.589217], [0.0, 0.0, 0.0], [0.0, 0.0, 0.0], [0.0, 0.0, 0.0], [0.0, 0.0, 0.0], [0.0, 0.0, 0.0], [0.0, 0.0, 0.0], [285.655, 270.757, 0.48205], [215.378, 389.745, 0.534989], [212.288, 255.161, 0.666858], [405.844, 259.847, 0.656407], [469.874, 424.183, 0.400025], [418.375, 370.979, 0.492458]], "hand_pts": [[418.68865966796875, 374.28698730468744, 1.0], [427.9474487304688, 358.4782409667969, 1.0], [421.99536132812494, 342.0108032226563, 1.0], [411.4138793945313, 334.76513671874994, 1.0], [402.15509033203136, 330.8129577636719, 1.0], [426.624755859375, 337.3999328613281, 1.0], [425.9634399414062, 319.61511230468744, 1.0], [429.2701416015625, 307.0998840332032, 1.0], [431.254150390625, 291.29113769531244, 1.0], [427.2861022949219, 347.9390869140625, 1.0], [414.72061157226557, 330.8129577636719, 1.0], [396.20300292968744, 328.1781921386719, 1.0], [386.2828674316406, 335.423858642578, 1.0], [422.6567077636719, 362.4304199218749, 1.0], [415.38195800781244, 343.9869079589842, 1.0], [398.1870422363282, 342.6695251464844, 1.0], [395.5416564941406, 346.6217041015625, 1.0], [412.0752258300781, 370.9934997558593, 1.0], [412.7365722656249, 359.13693237304693, 1.0], [400.17108154296875, 355.18475341796875, 1.0], [396.20300292968744, 356.5021667480469, 1.0]], "head_box": [[252.77796666666666, 64.1729], [356.0740333333333, 219.117]], "head_size": 154.9441, "hand_box_center": [408.7685089111328, 332.78906249999994], "is_left": 1, "is_mpii": 0}