{"mpii_body_pts": [[0.0, 0.0, 0.0], [338.709, 257.506, 0.6843855], [337.155, 244.198, 0.666531], [348.089, 83.0037, 0.439075], [0.0, 0.0, 0.0], [0.0, 0.0, 0.0], [0.0, 0.0, 0.0], [0.0, 0.0, 0.0], [0.0, 0.0, 0.0], [0.0, 0.0, 0.0], [259.114, 352.141, 0.692554], [168.565, 399.111, 0.574137], [245.051, 256.695, 0.712511], [432.367, 258.317, 0.65626], [488.596, 431.976, 0.699824], [376.178, 414.773, 0.684582]], "hand_pts": [[270.0771179199219, 348.3121643066406, 1.0], [285.8452758789063, 354.45831298828114, 1.0], [309.15469360351574, 358.5557556152344, 1.0], [309.27114868164057, 381.8077087402343, 1.0], [299.625, 385.40850830078125, 1.0], [304.8500061035157, 352.2009887695313, 1.0], [308.06536865234375, 376.60650634765625, 1.0], [305.3840637207032, 389.6278686523438, 1.0], [302.4384460449219, 386.6087951660156, 1.0], [291.1846008300782, 352.2009887695313, 1.0], [291.1846008300782, 374.6060791015625, 1.0], [289.61590576171875, 385.8719177246093, 1.0], [288.37115478515625, 383.80813598632807, 1.0], [279.5288391113281, 352.2009887695313, 1.0], [278.7250061035156, 371.00524902343756, 1.0], [277.2756042480469, 380.7501220703125, 1.0], [276.71539306640625, 379.00704956054693, 1.0], [265.8634643554688, 355.40173339843744, 1.0], [266.265380859375, 370.205078125, 1.0], [266.64926147460943, 375.9697875976563, 1.0], [265.8634643554688, 375.80633544921864, 1.0]], "head_box": [[294.3575666666667, 83.0037], [401.8204333333333, 244.198]], "head_size": 161.1943, "hand_box_center": [287.5673065185547, 368.9700164794922], "is_left": 0, "is_mpii": 0}