{"mpii_body_pts": [[0.0, 0.0, 0.0], [341.034, 264.56449999999995, 0.682282], [343.454, 228.535, 0.787102], [327.823, 87.6709, 0.51853], [0.0, 0.0, 0.0], [0.0, 0.0, 0.0], [0.0, 0.0, 0.0], [0.0, 0.0, 0.0], [0.0, 0.0, 0.0], [0.0, 0.0, 0.0], [268.475, 292.64, 0.754056], [245.068, 367.82, 0.488099], [243.46, 269.268, 0.741028], [438.608, 259.861, 0.623536], [496.399, 432.009, 0.688549], [387.145, 421.085, 0.721925]], "hand_pts": [[376.87939453125, 426.7244567871093, 1.0], [376.52911376953125, 417.3030700683594, 1.0], [375.127899169922, 432.65646362304705, 1.0], [364.9690856933595, 436.1458740234376, 1.0], [366.37030029296875, 445.56726074218744, 1.0], [365.31939697265625, 451.1503295898438, 1.0], [338.69628906249994, 445.56726074218744, 1.0], [321.1811218261719, 443.47363281249994, 1.0], [309.62109374999994, 442.7757263183594, 1.0], [359.364227294922, 458.8269958496093, 1.0], [333.4417419433594, 451.1503295898438, 1.0], [319.0792846679688, 445.56726074218744, 1.0], [302.6150207519531, 440.33316040039057, 1.0], [354.1096496582031, 451.1503295898438, 1.0], [340.44781494140625, 448.3587951660156, 1.0], [325.0344543457031, 444.52044677734375, 1.0], [308.92050170898426, 439.9842224121093, 1.0], [350.60662841796875, 446.6140747070313, 1.0], [329.5884094238281, 442.42678833007807, 1.0], [320.83081054687494, 441.72891235351557, 1.0], [312.07321166992193, 439.6352844238282, 1.0]], "head_box": [[280.8683, 87.6709], [374.7777, 228.535]], "head_size": 140.8641, "hand_box_center": [339.74720764160156, 438.0650329589844], "is_left": 1, "is_mpii": 0}