{"mpii_body_pts": [[0.0, 0.0, 0.0], [340.265, 287.1815, 0.6585555000000001], [346.553, 262.975, 0.698501], [363.696, 112.696, 0.275056], [0.0, 0.0, 0.0], [0.0, 0.0, 0.0], [0.0, 0.0, 0.0], [0.0, 0.0, 0.0], [0.0, 0.0, 0.0], [0.0, 0.0, 0.0], [270.036, 436.715, 0.566944], [166.977, 432.05, 0.662594], [243.465, 281.687, 0.681309], [437.065, 292.676, 0.635802], [544.781, 417.912, 0.736813], [427.683, 482.078, 0.477752]], "hand_pts": [[461.05270385742193, 476.2195129394531, 1.0], [447.64373779296875, 469.05245971679693, 1.0], [426.0485534667969, 472.94226074218744, 1.0], [410.4412231445313, 472.94226074218744, 1.0], [399.81494140625, 469.63449096679693, 1.0], [427.3667907714843, 461.8854064941406, 1.0], [409.37918090820307, 485.9927673339844, 1.0], [397.9325256347657, 501.95574951171875, 1.0], [390.410430908203, 513.0321044921874, 1.0], [435.2159423828125, 471.9844360351563, 1.0], [415.26605224609364, 494.46292114257807, 1.0], [401.20300292968744, 514.335205078125, 1.0], [393.0267944335937, 527.3662109374999, 1.0], [442.73803710937494, 480.45458984375006, 1.0], [424.42337036132807, 500.3268737792969, 1.0], [411.3414611816407, 518.2445068359374, 1.0], [405.78164672851557, 527.6920166015625, 1.0], [450.91421508789057, 488.27319335937494, 1.0], [437.17822265625, 502.281524658203, 1.0], [430.3102416992188, 512.3805541992186, 1.0], [425.0774536132813, 520.5249633789062, 1.0]], "head_box": [[313.603, 112.696], [413.78900000000004, 262.975]], "head_size": 150.27900000000002, "hand_box_center": [425.7315673828125, 494.78871154785156], "is_left": 1, "is_mpii": 0}