{"mpii_body_pts": [[0.0, 0.0, 0.0], [329.3835, 262.137, 0.6531115000000001], [327.83, 208.193, 0.743713], [313.777, 68.8921, 0.67589], [0.0, 0.0, 0.0], [0.0, 0.0, 0.0], [0.0, 0.0, 0.0], [0.0, 0.0, 0.0], [0.0, 0.0, 0.0], [0.0, 0.0, 0.0], [266.922, 428.895, 0.26824], [160.793, 417.941, 0.682682], [229.496, 256.692, 0.681386], [429.271, 267.582, 0.624837], [485.441, 436.692, 0.688831], [418.296, 402.222, 0.763328]], "hand_pts": [[254.49717712402344, 432.5458984375, 1.0], [265.13073730468744, 421.9537048339844, 1.0], [292.91525268554693, 412.0448608398439, 1.0], [310.066162109375, 414.094970703125, 1.0], [323.42810058593744, 404.3057556152344, 1.0], [306.97900390624994, 428.4456787109375, 1.0], [334.7634887695313, 434.9376831054688, 1.0], [348.48425292968744, 438.6961975097656, 1.0], [359.3870239257813, 443.21832275390625, 1.0], [302.86279296875, 440.4046325683594, 1.0], [332.3623657226563, 447.9216613769531, 1.0], [351.1790161132813, 451.3899841308595, 1.0], [364.0773315429687, 453.3356018066406, 1.0], [298.4035339355469, 454.0719604492187, 1.0], [326.1880493164063, 459.19723510742193, 1.0], [341.0167236328125, 461.1181335449219, 1.0], [353.9150390624999, 462.67462158203136, 1.0], [288.79901123046875, 463.2974243164063, 1.0], [307.0120849609375, 471.23541259765625, 1.0], [317.17437744140625, 474.7375183105469, 1.0], [328.118408203125, 478.6287841796875, 1.0]], "head_box": [[267.34336666666667, 68.8921], [360.2106333333333, 208.193]], "head_size": 139.3009, "hand_box_center": [309.2872543334961, 441.46726989746094], "is_left": 0, "is_mpii": 0}