{"mpii_body_pts": [[0.0, 0.0, 0.0], [341.826, 268.486, 0.6887585], [341.774, 253.576, 0.628399], [369.942, 126.792, 0.36994], [0.0, 0.0, 0.0], [0.0, 0.0, 0.0], [0.0, 0.0, 0.0], [0.0, 0.0, 0.0], [0.0, 0.0, 0.0], [0.0, 0.0, 0.0], [393.314, 367.794, 0.763151], [315.307, 339.642, 0.307035], [255.952, 242.642, 0.704035], [427.7, 294.33, 0.673482], [433.958, 406.934, 0.456286], [469.86, 430.441, 0.358394]], "hand_pts": [[462.07907104492193, 425.8265686035156, 1.0], [473.5568237304688, 417.0300903320313, 1.0], [492.34494018554705, 426.7327880859375, 1.0], [502.653289794922, 430.8323669433594, 1.0], [515.0232543945311, 434.93194580078125, 1.0], [490.7215576171874, 446.43963623046875, 1.0], [493.62783813476574, 440.66055297851557, 1.0], [494.9841003417969, 437.7710266113281, 1.0], [495.7591247558594, 435.0740966796875, 1.0], [477.7401733398438, 449.1365661621093, 1.0], [480.64645385742193, 443.55010986328125, 1.0], [483.9402465820313, 438.1562805175781, 1.0], [486.07150268554693, 435.26675415039057, 1.0], [462.55731201171875, 449.12533569335943, 1.0], [470.183837890625, 443.16482543945324, 1.0], [474.0588989257813, 439.3121032714843, 1.0], [476.9651794433593, 435.4593811035157, 1.0], [450.2273864746093, 443.16482543945324, 1.0], [455.4587097167969, 442.20166015625, 1.0], [459.5274963378906, 439.89001464843744, 1.0], [463.98379516601557, 437.19311523437494, 1.0]], "head_box": [[327.6806666666667, 126.792], [412.2033333333333, 253.576]], "head_size": 126.78399999999999, "hand_box_center": [482.6253204345702, 433.0833282470703], "is_left": 1, "is_mpii": 0}