{"mpii_body_pts": [[0.0, 0.0, 0.0], [325.471, 264.535, 0.65032], [327.828, 222.249, 0.656358], [316.872, 68.8454, 0.579071], [0.0, 0.0, 0.0], [0.0, 0.0, 0.0], [0.0, 0.0, 0.0], [0.0, 0.0, 0.0], [0.0, 0.0, 0.0], [0.0, 0.0, 0.0], [229.432, 324.031, 0.745392], [168.627, 417.924, 0.55744], [223.225, 259.838, 0.677457], [427.717, 269.232, 0.623183], [466.662, 408.521, 0.408308], [482.35, 408.503, 0.32849]], "hand_pts": [[478.7220458984375, 400.89050292968744, 1.0], [490.41070556640625, 394.0125732421874, 1.0], [509.7327880859375, 398.7559814453125, 1.0], [516.744140625, 400.5723571777344, 1.0], [532.3486938476562, 405.4916381835937, 1.0], [509.3735656738282, 422.200927734375, 1.0], [511.40466308593756, 416.87704467773443, 1.0], [511.402587890625, 412.2746887207032, 1.0], [511.5893249511718, 406.9635925292969, 1.0], [499.5873718261719, 423.48602294921864, 1.0], [501.38372802734375, 416.78091430664057, 1.0], [501.86083984375006, 411.32601928710926, 1.0], [502.099365234375, 406.5826110839844, 1.0], [484.0771179199219, 425.5054016113282, 1.0], [488.50860595703125, 417.611358642578, 1.0], [491.27828979492193, 412.8382263183594, 1.0], [492.7961425781249, 408.95431518554693, 1.0], [469.1802978515625, 420.8128356933595, 1.0], [475.58343505859364, 417.611358642578, 1.0], [479.2763366699219, 415.40838623046875, 1.0], [480.6304016113282, 412.7490234375, 1.0]], "head_box": [[265.7374666666667, 68.8454], [368.0065333333333, 222.249]], "head_size": 153.40359999999998, "hand_box_center": [500.7644958496094, 409.7589874267578], "is_left": 1, "is_mpii": 0}