{"mpii_body_pts": [[0.0, 0.0, 0.0], [329.383, 262.967, 0.6378855], [327.782, 231.641, 0.683083], [329.399, 78.2432, 0.46937], [0.0, 0.0, 0.0], [0.0, 0.0, 0.0], [0.0, 0.0, 0.0], [0.0, 0.0, 0.0], [0.0, 0.0, 0.0], [0.0, 0.0, 0.0], [366.864, 330.282, 0.480183], [232.582, 402.251, 0.545183], [235.732, 255.123, 0.6551], [423.034, 270.811, 0.620671], [468.3, 419.432, 0.670649], [532.328, 444.564, 0.675415]], "hand_pts": [[546.9515380859373, 445.6465759277344, 1.0], [556.8900756835938, 436.7708129882812, 1.0], [576.7672119140624, 435.7467041015625, 1.0], [584.6494750976564, 445.6465759277344, 1.0], [595.6161499023438, 451.79132080078125, 1.0], [587.7338256835938, 456.57055664062494, 1.0], [585.3348999023438, 461.0084228515625, 1.0], [574.7109375000001, 452.8154296875, 1.0], [578.480712890625, 452.1326904296875, 1.0], [584.9921875, 464.4221801757813, 1.0], [578.480712890625, 469.20141601562494, 1.0], [568.199462890625, 457.9360656738281, 1.0], [570.9411621093749, 457.59469604492193, 1.0], [569.9130249023438, 475.3461608886719, 1.0], [570.2557373046876, 475.3461608886719, 1.0], [558.6036376953125, 462.3739318847657, 1.0], [562.0307006835938, 463.73944091796875, 1.0], [561.0026245117186, 479.4426574707031, 1.0], [561.0026245117186, 479.4426574707031, 1.0], [552.777587890625, 467.49453735351557, 1.0], [555.519287109375, 469.20141601562494, 1.0]], "head_box": [[278.2664, 78.2432], [380.5316, 231.641]], "head_size": 153.3978, "hand_box_center": [571.2838439941405, 457.5946807861328], "is_left": 1, "is_mpii": 0}