{"mpii_body_pts": [[0.0, 0.0, 0.0], [327.7835, 268.4365, 0.6304265], [324.689, 220.746, 0.700743], [316.917, 75.1054, 0.574367], [0.0, 0.0, 0.0], [0.0, 0.0, 0.0], [0.0, 0.0, 0.0], [0.0, 0.0, 0.0], [0.0, 0.0, 0.0], [0.0, 0.0, 0.0], [280.997, 455.404, 0.594863], [173.277, 444.476, 0.719927], [229.408, 280.149, 0.638054], [426.159, 256.724, 0.622799], [533.848, 317.694, 0.406985], [493.23, 219.074, 0.748046]], "hand_pts": [[286.5237426757813, 459.8179321289063, 1.0], [294.35235595703125, 441.5560302734375, 1.0], [311.18164062500006, 429.7066345214843, 1.0], [337.0413208007813, 425.62066650390636, 1.0], [343.6088562011719, 417.8572692871094, 1.0], [312.0025939941406, 436.24423217773443, 1.0], [345.25073242187494, 437.4700317382812, 1.0], [340.7355346679687, 440.73883056640625, 1.0], [335.39941406249994, 438.6958312988281, 1.0], [309.95025634765625, 446.459228515625, 1.0], [343.19836425781244, 451.77099609375006, 1.0], [337.8622436523438, 452.9967956542968, 1.0], [332.1156616210938, 451.77099609375006, 1.0], [307.8978881835938, 459.53439331054693, 1.0], [339.50411987304693, 464.84619140624994, 1.0], [335.39941406249994, 465.6633911132813, 1.0], [330.06329345703125, 465.2547912597657, 1.0], [306.2560119628905, 471.38378906249994, 1.0], [330.88424682617193, 474.652557373047, 1.0], [327.60049438476574, 476.69555664062494, 1.0], [322.6748352050781, 476.69555664062494, 1.0]], "head_box": [[268.3701333333333, 75.1054], [365.46386666666666, 220.746]], "head_size": 145.6406, "hand_box_center": [315.8872375488281, 447.2764129638672], "is_left": 0, "is_mpii": 0}