{"mpii_body_pts": [[0.0, 0.0, 0.0], [346.57050000000004, 272.3245, 0.6703779999999999], [345.027, 239.496, 0.68569], [354.386, 92.3707, 0.431602], [0.0, 0.0, 0.0], [0.0, 0.0, 0.0], [0.0, 0.0, 0.0], [0.0, 0.0, 0.0], [0.0, 0.0, 0.0], [0.0, 0.0, 0.0], [340.292, 427.29, 0.67467], [202.901, 430.459, 0.670776], [249.764, 269.173, 0.66904], [443.377, 275.476, 0.671716], [494.827, 369.434, 0.386419], [513.563, 394.452, 0.34742]], "hand_pts": [[498.03930664062494, 388.91052246093744, 1.0], [504.20947265625, 376.6182556152344, 1.0], [523.7482299804686, 370.1306762695313, 1.0], [531.28955078125, 361.9358215332031, 1.0], [524.433837890625, 358.52130126953125, 1.0], [530.2611694335936, 399.1540832519532, 1.0], [519.9776000976562, 395.7395629882812, 1.0], [509.0084533691406, 387.8861694335937, 1.0], [509.0084533691406, 383.1058349609375, 1.0], [525.1193847656251, 411.7878112792969, 1.0], [512.0935058593751, 407.00750732421875, 1.0], [495.98260498046875, 390.9592590332031, 1.0], [499.75323486328125, 388.2276306152344, 1.0], [518.9492797851561, 421.68994140625, 1.0], [503.5238952636719, 412.1292724609375, 1.0], [486.0418090820313, 390.9592590332031, 1.0], [477.81494140625, 382.764404296875, 1.0], [508.3228759765625, 426.1288146972656, 1.0], [496.668182373047, 419.6412353515625, 1.0], [489.1268920898438, 410.08056640624994, 1.0], [484.32788085937506, 402.22717285156244, 1.0]], "head_box": [[305.34423333333336, 92.3707], [403.4277666666667, 239.496]], "head_size": 147.1253, "hand_box_center": [504.55224609375, 392.32505798339844], "is_left": 1, "is_mpii": 0}