{"mpii_body_pts": [[0.0, 0.0, 0.0], [345.005, 251.981, 0.684832], [349.665, 219.078, 0.695532], [332.512, 70.4211, 0.445621], [0.0, 0.0, 0.0], [0.0, 0.0, 0.0], [0.0, 0.0, 0.0], [0.0, 0.0, 0.0], [0.0, 0.0, 0.0], [0.0, 0.0, 0.0], [265.383, 342.809, 0.664068], [232.58, 411.678, 0.472798], [245.094, 255.102, 0.711577], [444.916, 248.86, 0.658087], [493.219, 417.882, 0.736393], [380.835, 391.265, 0.726528]], "hand_pts": [[273.62420654296875, 342.9052124023437, 1.0], [280.27563476562494, 332.4438171386719, 1.0], [279.5755004882812, 314.65942382812506, 1.0], [268.26965332031256, 297.16488647460943, 1.0], [264.16494750976574, 275.5091247558594, 1.0], [248.41873168945315, 296.1775817871094, 1.0], [264.16494750976574, 283.6811218261719, 1.0], [276.47906494140625, 293.0788879394532, 1.0], [271.1429443359376, 293.48748779296875, 1.0], [240.71705627441403, 306.98770141601557, 1.0], [264.57540893554693, 293.0788879394532, 1.0], [277.7104797363281, 306.1540832519532, 1.0], [269.5010681152344, 306.56268310546886, 1.0], [240.3669891357422, 317.4491271972656, 1.0], [260.470703125, 302.8852844238282, 1.0], [269.9115295410155, 311.87448120117193, 1.0], [263.7544555664063, 312.28308105468744, 1.0], [240.71705627441403, 327.2131042480468, 1.0], [255.95552062988276, 316.7776489257813, 1.0], [268.68011474609364, 320.0464477539063, 1.0], [261.7021179199219, 322.0894470214844, 1.0]], "head_box": [[282.9597, 70.4211], [382.0643, 219.078]], "head_size": 148.6569, "hand_box_center": [260.3213119506836, 309.20716857910156], "is_left": 0, "is_mpii": 0}