{"mpii_body_pts": [[0.0, 0.0, 0.0], [346.57050000000004, 272.3245, 0.6703779999999999], [345.027, 239.496, 0.68569], [354.386, 92.3707, 0.431602], [0.0, 0.0, 0.0], [0.0, 0.0, 0.0], [0.0, 0.0, 0.0], [0.0, 0.0, 0.0], [0.0, 0.0, 0.0], [0.0, 0.0, 0.0], [340.292, 427.29, 0.67467], [202.901, 430.459, 0.670776], [249.764, 269.173, 0.66904], [443.377, 275.476, 0.671716], [494.827, 369.434, 0.386419], [513.563, 394.452, 0.34742]], "hand_pts": [[334.6017456054688, 430.56347656249994, 1.0], [350.027099609375, 418.6126403808595, 1.0], [376.359619140625, 406.89428710937506, 1.0], [398.46536254882807, 410.0950317382812, 1.0], [411.32690429687494, 404.0936584472655, 1.0], [377.1634521484375, 416.89654541015625, 1.0], [406.5038452148438, 422.49783325195307, 1.0], [401.6807556152344, 424.8983764648437, 1.0], [395.6519165039063, 422.49783325195307, 1.0], [375.1538391113282, 425.69854736328125, 1.0], [400.4749755859375, 434.5005493164063, 1.0], [394.84805297851557, 436.10089111328136, 1.0], [389.22113037109364, 434.1004638671875, 1.0], [371.9384460449219, 438.9015502929687, 1.0], [394.44613647460926, 445.302978515625, 1.0], [388.41729736328125, 446.10317993164057, 1.0], [383.9961547851562, 442.5023498535156, 1.0], [367.91921997070307, 449.7039794921874, 1.0], [382.7903747558593, 456.10543823242193, 1.0], [379.57498168945324, 456.10543823242193, 1.0], [375.9576721191407, 454.50506591796875, 1.0]], "head_box": [[305.34423333333336, 92.3707], [403.4277666666667, 239.496]], "head_size": 147.1253, "hand_box_center": [372.9643249511719, 430.09954833984375], "is_left": 0, "is_mpii": 0}