{"mpii_body_pts": [[0.0, 0.0, 0.0], [316.86400000000003, 269.1935, 0.65553], [318.392, 237.929, 0.641463], [321.579, 81.3964, 0.342149], [0.0, 0.0, 0.0], [0.0, 0.0, 0.0], [0.0, 0.0, 0.0], [0.0, 0.0, 0.0], [0.0, 0.0, 0.0], [0.0, 0.0, 0.0], [277.807, 344.292, 0.684606], [191.958, 416.352, 0.529293], [220.075, 267.622, 0.688174], [413.653, 270.765, 0.622886], [460.506, 383.497, 0.386454], [482.376, 455.42, 0.616504]], "hand_pts": [[483.91522216796875, 461.88378906249994, 1.0], [487.7109069824219, 449.91094970703125, 1.0], [509.29141235351557, 446.1130981445313, 1.0], [512.3820800781251, 457.74346923828125, 1.0], [517.5331420898438, 465.611083984375, 1.0], [522.5044555664064, 476.62924194335943, 1.0], [512.1296386718751, 475.74703979492193, 1.0], [503.1465759277344, 468.0592346191407, 1.0], [504.4837341308594, 465.95312499999994, 1.0], [516.9374999999999, 485.57736206054693, 1.0], [502.26092529296875, 484.9472045898438, 1.0], [495.68179321289057, 473.6045532226563, 1.0], [497.07351684570307, 472.21820068359375, 1.0], [506.18310546874994, 493.643280029297, 1.0], [492.3922119140625, 491.6268005371094, 1.0], [486.8252258300781, 477.63748168945324, 1.0], [489.22915649414057, 476.2511596679687, 1.0], [495.04916381835943, 498.81048583984386, 1.0], [483.66220092773443, 493.76928710937506, 1.0], [483.53567504882807, 483.1828002929688, 1.0], [485.3069763183594, 481.67044067382824, 1.0]], "head_box": [[269.4014666666667, 81.3964], [373.7565333333333, 237.929]], "head_size": 156.5326, "hand_box_center": [503.0200653076172, 472.4617919921876], "is_left": 1, "is_mpii": 0}