{"mpii_body_pts": [[0.0, 0.0, 0.0], [335.5625, 262.14300000000003, 0.6851970000000001], [330.892, 245.752, 0.690072], [329.346, 97.0283, 0.558529], [0.0, 0.0, 0.0], [0.0, 0.0, 0.0], [0.0, 0.0, 0.0], [0.0, 0.0, 0.0], [0.0, 0.0, 0.0], [0.0, 0.0, 0.0], [251.292, 366.205, 0.737774], [154.489, 389.722, 0.562088], [241.907, 258.245, 0.699128], [429.218, 266.041, 0.671266], [480.822, 438.259, 0.706358], [368.454, 427.316, 0.745581]], "hand_pts": [[360.98107910156244, 432.52514648437494, 1.0], [358.26351928710926, 425.7078247070313, 1.0], [353.8675537109375, 438.0821533203125, 1.0], [346.2459411621094, 444.14434814453136, 1.0], [349.80270385742193, 455.76351928710926, 1.0], [345.783233642578, 461.43554687499994, 1.0], [320.33242797851557, 448.185791015625, 1.0], [308.6459350585937, 440.10287475585943, 1.0], [297.9756774902343, 432.52514648437494, 1.0], [340.7996520996094, 464.86584472656256, 1.0], [315.11520385742193, 453.05041503906256, 1.0], [299.7811889648437, 439.7104187011718, 1.0], [290.58081054687494, 430.56298828125, 1.0], [337.3495178222656, 459.14868164062506, 1.0], [317.7986450195313, 451.5258483886719, 1.0], [303.23135375976557, 442.37841796874994, 1.0], [295.1809997558594, 435.5178527832031, 1.0], [335.0494079589843, 451.90698242187494, 1.0], [318.56536865234375, 448.0955505371093, 1.0], [309.748291015625, 443.1406860351564, 1.0], [302.46466064453136, 437.4235534667968, 1.0]], "head_box": [[279.77143333333333, 97.0283], [378.9205666666667, 245.752]], "head_size": 148.7237, "hand_box_center": [325.7809448242187, 445.28683471679693], "is_left": 1, "is_mpii": 0}