{"mpii_body_pts": [[0.0, 0.0, 0.0], [336.384, 257.49, 0.597528], [330.939, 215.996, 0.650248], [318.433, 78.2638, 0.669392], [0.0, 0.0, 0.0], [0.0, 0.0, 0.0], [0.0, 0.0, 0.0], [0.0, 0.0, 0.0], [0.0, 0.0, 0.0], [0.0, 0.0, 0.0], [263.828, 255.132, 0.665974], [216.968, 381.962, 0.66594], [243.493, 258.312, 0.492334], [429.275, 256.668, 0.702722], [502.617, 305.237, 0.284434], [465.19, 214.413, 0.708558]], "hand_pts": [[272.64999389648443, 253.49282836914062, 1.0], [289.6639099121093, 247.84738159179688, 1.0], [303.84216308593756, 243.0084381103516, 1.0], [307.8930969238281, 234.54026794433594, 1.0], [296.55050659179693, 232.12078857421875, 1.0], [305.05746459960943, 218.41041564941406, 1.0], [310.32366943359375, 208.7324981689453, 1.0], [314.3746032714844, 200.66757202148438, 1.0], [317.2102355957031, 189.77993774414057, 1.0], [291.6893920898438, 218.00717163085938, 1.0], [292.49957275390625, 207.92601013183594, 1.0], [294.5250244140625, 195.4253845214844, 1.0], [295.33520507812494, 186.1507110595703, 1.0], [277.10601806640625, 211.55522155761724, 1.0], [285.20788574218744, 219.2169036865234, 1.0], [290.0690002441406, 240.9922027587891, 1.0], [292.49957275390625, 251.07334899902344, 1.0], [264.5481262207031, 218.81365966796872, 1.0], [272.2449035644532, 227.28182983398443, 1.0], [279.94168090820307, 240.1857147216797, 1.0], [285.61297607421875, 249.05712890625003, 1.0]], "head_box": [[272.52226666666667, 78.2638], [364.3437333333333, 215.996]], "head_size": 137.7322, "hand_box_center": [290.8791809082031, 219.82176971435547], "is_left": 0, "is_mpii": 0}