{"mpii_body_pts": [[0.0, 0.0, 0.0], [329.339, 257.48900000000003, 0.6545455], [330.958, 206.633, 0.716278], [329.309, 65.7605, 0.630807], [0.0, 0.0, 0.0], [0.0, 0.0, 0.0], [0.0, 0.0, 0.0], [0.0, 0.0, 0.0], [0.0, 0.0, 0.0], [0.0, 0.0, 0.0], [265.359, 422.638, 0.394311], [168.539, 425.752, 0.700058], [229.393, 258.265, 0.66438], [429.285, 256.713, 0.644711], [485.463, 430.435, 0.727224], [407.387, 388.19, 0.707065]], "hand_pts": [[409.0, 394.0, 1.0], [403.7026062011719, 391.60009765625, 1.0], [401.0662231445313, 381.09973144531244, 1.0], [398.4298706054688, 393.47518920898426, 1.0], [403.7026062011719, 399.85040283203136, 1.0], [390.5207824707031, 404.3505859375, 1.0], [373.1961059570312, 403.9755554199219, 1.0], [357.7545776367188, 402.85052490234375, 1.0], [347.5857543945313, 402.4754943847657, 1.0], [382.98831176757795, 414.8509521484375, 1.0], [366.4169006347657, 411.100830078125, 1.0], [350.5987243652343, 404.72558593749994, 1.0], [338.170166015625, 403.2255249023437, 1.0], [381.10519409179693, 401.3504638671875, 1.0], [362.2740478515625, 406.22564697265625, 1.0], [344.57275390624994, 403.9755554199219, 1.0], [334.0273132324219, 406.6006469726563, 1.0], [372.8194885253907, 393.47518920898426, 1.0], [364.53378295898426, 400.97546386718744, 1.0], [355.49484252929693, 401.3504638671875, 1.0], [347.5857543945313, 400.97546386718744, 1.0]], "head_box": [[282.35150000000004, 65.7605], [376.2665, 206.633]], "head_size": 140.8725, "hand_box_center": [371.51365661621094, 397.975341796875], "is_left": 1, "is_mpii": 0}