{"mpii_body_pts": [[0.0, 0.0, 0.0], [343.445, 245.7665, 0.6602495], [346.536, 208.171, 0.72878], [330.901, 67.3196, 0.514189], [0.0, 0.0, 0.0], [0.0, 0.0, 0.0], [0.0, 0.0, 0.0], [0.0, 0.0, 0.0], [0.0, 0.0, 0.0], [0.0, 0.0, 0.0], [313.767, 317.766, 0.679846], [237.272, 392.886, 0.578267], [245.109, 248.892, 0.625291], [441.781, 242.641, 0.695208], [485.45, 406.978, 0.751961], [365.238, 377.242, 0.63931]], "hand_pts": [[321.9005126953125, 329.4150085449219, 1.0], [334.79006958007807, 315.41598510742193, 1.0], [344.55490112304705, 295.19515991210926, 1.0], [355.4914855957031, 270.69683837890625, 1.0], [365.64691162109375, 257.4755554199219, 1.0], [335.96185302734375, 262.91961669921875, 1.0], [334.79006958007807, 241.92106628417972, 1.0], [334.79006958007807, 225.1999969482422, 1.0], [334.00888061523443, 210.03437805175778, 1.0], [324.6346740722656, 265.2527770996094, 1.0], [325.8064575195313, 241.92106628417972, 1.0], [327.3688049316406, 217.8116149902344, 1.0], [328.93118286132807, 206.53462219238276, 1.0], [316.82281494140625, 270.69683837890625, 1.0], [316.43222045898426, 249.69830322265625, 1.0], [315.26043701171875, 232.19950866699216, 1.0], [318.3851928710937, 219.3670654296875, 1.0], [309.01095581054693, 275.3631896972656, 1.0], [301.9802856445313, 263.6973266601563, 1.0], [303.5426635742188, 253.97578430175776, 1.0], [309.79214477539057, 244.2542419433594, 1.0]], "head_box": [[283.95053333333334, 67.3196], [377.8514666666667, 208.171]], "head_size": 140.8514, "hand_box_center": [333.8135986328125, 267.97481536865234], "is_left": 0, "is_mpii": 0}