{"mpii_body_pts": [[0.0, 0.0, 0.0], [344.21, 242.6135, 0.6442965], [343.492, 230.081, 0.705266], [335.616, 79.7688, 0.490575], [0.0, 0.0, 0.0], [0.0, 0.0, 0.0], [0.0, 0.0, 0.0], [0.0, 0.0, 0.0], [0.0, 0.0, 0.0], [0.0, 0.0, 0.0], [0.0, 0.0, 0.0], [181.036, 316.144, 0.376698], [259.121, 237.896, 0.626312], [429.299, 247.331, 0.662281], [0.0, 0.0, 0.0], [0.0, 0.0, 0.0]], "hand_pts": [[244.02438354492188, 187.6112518310547, 1.0], [248.82339477539062, 171.90444946289065, 1.0], [270.76168823242193, 153.80749511718753, 1.0], [284.810302734375, 140.62905883789062, 1.0], [284.41970825195307, 118.85278320312499, 1.0], [268.01483154296875, 149.18402099609378, 1.0], [278.5608215332032, 147.62857055664062, 1.0], [284.41970825195307, 147.23971557617182, 1.0], [292.23156738281244, 146.0731201171875, 1.0], [260.9841613769531, 160.0721588134766, 1.0], [271.9207458496093, 156.57240295410156, 1.0], [282.85736083984386, 158.51670837402344, 1.0], [294.18453979492193, 161.2387390136719, 1.0], [262.1559143066406, 171.3491516113281, 1.0], [280.9043884277344, 179.12638854980472, 1.0], [291.059783935547, 183.79273986816406, 1.0], [302.777587890625, 188.84794616699222, 1.0], [260.2029724121093, 184.1815948486328, 1.0], [274.65490722656256, 189.62567138671875, 1.0], [284.41970825195307, 193.51428222656244, 1.0], [293.01275634765625, 197.40290832519534, 1.0]], "head_box": [[285.51193333333333, 79.7688], [385.72006666666664, 230.081]], "head_size": 150.3122, "hand_box_center": [273.40098571777344, 158.12784576416016], "is_left": 0, "is_mpii": 0}