{"mpii_body_pts": [[0.0, 0.0, 0.0], [326.2305, 269.2225, 0.6512145], [326.247, 244.208, 0.699153], [348.097, 101.736, 0.336703], [0.0, 0.0, 0.0], [0.0, 0.0, 0.0], [0.0, 0.0, 0.0], [0.0, 0.0, 0.0], [0.0, 0.0, 0.0], [0.0, 0.0, 0.0], [421.464, 344.288, 0.75402], [256.002, 360.014, 0.415582], [237.262, 255.133, 0.712935], [415.199, 283.312, 0.589494], [432.379, 419.506, 0.424035], [466.705, 430.4, 0.49644]], "hand_pts": [[417.16799926757807, 351.28314208984375, 1.0], [431.5956420898438, 334.8084716796875, 1.0], [459.74310302734375, 329.8318786621093, 1.0], [472.1211853027344, 350.36791992187494, 1.0], [473.7715759277343, 364.3324584960937, 1.0], [455.61709594726557, 317.09951782226557, 1.0], [481.6110229492187, 335.58197021484375, 1.0], [475.0093994140625, 337.224853515625, 1.0], [470.0581665039063, 333.52838134765625, 1.0], [452.3162841796875, 326.9568481445313, 1.0], [478.7228088378906, 346.6714477539063, 1.0], [470.4707641601563, 347.90359497070307, 1.0], [465.51956176757807, 342.9749450683594, 1.0], [446.9524536132813, 336.8141479492187, 1.0], [472.9463806152344, 353.2429809570313, 1.0], [464.69433593749994, 353.2429809570313, 1.0], [459.3305053710937, 348.7250366210937, 1.0], [440.763427734375, 348.31433105468744, 1.0], [462.6313171386718, 360.63595581054693, 1.0], [454.7919006347657, 359.8145141601563, 1.0], [449.84066772460943, 356.1180114746093, 1.0]], "head_box": [[300.60633333333334, 101.736], [395.5876666666666, 244.208]], "head_size": 142.47199999999998, "hand_box_center": [449.3895111083984, 340.71598815917963], "is_left": 0, "is_mpii": 0}