{"mpii_body_pts": [[0.0, 0.0, 0.0], [329.36400000000003, 269.20950000000005, 0.5975159999999999], [332.498, 226.962, 0.741494], [344.999, 79.78, 0.527151], [0.0, 0.0, 0.0], [0.0, 0.0, 0.0], [0.0, 0.0, 0.0], [0.0, 0.0, 0.0], [0.0, 0.0, 0.0], [0.0, 0.0, 0.0], [262.234, 342.791, 0.63119], [207.629, 417.917, 0.644459], [234.14, 269.16, 0.686814], [424.588, 269.259, 0.508218], [474.529, 406.903, 0.714217], [418.366, 302.083, 0.391803]], "hand_pts": [[254.3681793212891, 335.6556701660157, 1.0], [270.1439514160156, 317.6826782226563, 1.0], [290.4270629882812, 309.5386657714843, 1.0], [310.1467895507813, 312.6277770996094, 1.0], [324.79571533203125, 315.7168884277344, 1.0], [299.44180297851557, 305.88790893554693, 1.0], [328.73965454101557, 308.4153442382812, 1.0], [346.2056884765625, 310.9428100585937, 1.0], [358.6009521484375, 314.8743896484375, 1.0], [298.3149719238282, 316.5593566894532, 1.0], [328.73965454101557, 324.14172363281256, 1.0], [314.0907287597656, 326.38833618164057, 1.0], [299.44180297851557, 324.42254638671875, 1.0], [297.18811035156244, 333.6898803710938, 1.0], [321.41519165039057, 338.7447814941407, 1.0], [305.6394348144532, 340.7105712890625, 1.0], [293.807586669922, 338.46395874023426, 1.0], [294.9344482421874, 346.0462951660156, 1.0], [313.5273132324219, 348.8545837402344, 1.0], [301.6954956054688, 346.60797119140636, 1.0], [292.6807556152344, 342.6763610839844, 1.0]], "head_box": [[295.9383333333334, 79.78], [394.05966666666666, 226.962]], "head_size": 147.182, "hand_box_center": [306.4845657348633, 327.3712463378906], "is_left": 0, "is_mpii": 0}