{"mpii_body_pts": [[0.0, 0.0, 0.0], [319.9855, 259.7885, 0.6449024999999999], [318.463, 203.437, 0.689758], [312.208, 61.0446, 0.664891], [0.0, 0.0, 0.0], [0.0, 0.0, 0.0], [0.0, 0.0, 0.0], [0.0, 0.0, 0.0], [0.0, 0.0, 0.0], [0.0, 0.0, 0.0], [229.479, 361.588, 0.504924], [168.631, 413.216, 0.448927], [220.086, 255.066, 0.689075], [419.885, 264.511, 0.60073], [477.635, 431.976, 0.739159], [404.301, 397.556, 0.708086]], "hand_pts": [[409.0, 400.0, 1.0], [392.17404174804693, 395.27505493164057, 1.0], [400.83636474609364, 388.1497802734376, 1.0], [397.4467468261719, 402.40029907226557, 1.0], [403.09609985351557, 407.6504821777345, 1.0], [389.1610412597657, 408.0255126953125, 1.0], [379.74545288085943, 414.4007263183594, 1.0], [363.92730712890625, 412.9006958007813, 1.0], [352.25198364257807, 412.5256652832031, 1.0], [388.4078063964844, 421.52600097656244, 1.0], [373.719482421875, 414.4007263183594, 1.0], [353.38183593749994, 412.5256652832031, 1.0], [340.95327758789057, 413.2756958007813, 1.0], [380.49871826171864, 424.5260925292969, 1.0], [364.30392456054693, 418.52587890624994, 1.0], [350.36886596679693, 417.7758483886719, 1.0], [341.32989501953136, 415.5257873535156, 1.0], [360.16107177734375, 409.52557373046875, 1.0], [351.1221008300781, 411.40063476562494, 1.0], [342.4597778320313, 412.9006958007813, 1.0], [337.563690185547, 417.4008483886719, 1.0]], "head_box": [[264.7438666666667, 61.0446], [359.67213333333336, 203.437]], "head_size": 142.3924, "hand_box_center": [373.2818450927735, 406.33793640136724], "is_left": 1, "is_mpii": 0}