{"mpii_body_pts": [[0.0, 0.0, 0.0], [309.06600000000003, 257.504, 0.6616325], [307.526, 219.117, 0.695294], [304.426, 64.1729, 0.589217], [0.0, 0.0, 0.0], [0.0, 0.0, 0.0], [0.0, 0.0, 0.0], [0.0, 0.0, 0.0], [0.0, 0.0, 0.0], [0.0, 0.0, 0.0], [285.655, 270.757, 0.48205], [215.378, 389.745, 0.534989], [212.288, 255.161, 0.666858], [405.844, 259.847, 0.656407], [469.874, 424.183, 0.400025], [418.375, 370.979, 0.492458]], "hand_pts": [[279.16534423828125, 275.6040954589843, 1.0], [290.4788208007813, 263.0908508300781, 1.0], [308.0776062011719, 254.33157348632812, 1.0], [331.1236267089843, 256.834228515625, 1.0], [344.1132202148438, 266.4277038574219, 1.0], [339.08499145507807, 261.00531005859364, 1.0], [365.9021606445313, 265.5934753417969, 1.0], [357.10278320312506, 273.9356384277343, 1.0], [347.8843688964844, 272.2672119140625, 1.0], [341.1800842285156, 269.34747314453136, 1.0], [347.04632568359375, 290.20285034179693, 1.0], [336.9898986816406, 286.4488830566406, 1.0], [328.6095275878906, 281.8607177734375, 1.0], [336.9898986816406, 277.27252197265625, 1.0], [340.34204101562506, 296.0423889160156, 1.0], [327.771484375, 292.7055053710937, 1.0], [317.71502685546875, 289.36865234375006, 1.0], [333.63775634765625, 286.4488830566406, 1.0], [334.05676269531256, 300.21347045898426, 1.0], [322.7432556152344, 297.71081542968744, 1.0], [315.6199340820313, 294.791046142578, 1.0]], "head_box": [[252.77796666666666, 64.1729], [356.0740333333333, 219.117]], "head_size": 154.9441, "hand_box_center": [322.53375244140625, 277.2725219726562], "is_left": 0, "is_mpii": 0}