{"mpii_body_pts": [[0.0, 0.0, 0.0], [330.1015, 277.03650000000005, 0.6648545], [330.956, 237.928, 0.697804], [343.384, 75.1122, 0.413316], [0.0, 0.0, 0.0], [0.0, 0.0, 0.0], [0.0, 0.0, 0.0], [0.0, 0.0, 0.0], [0.0, 0.0, 0.0], [0.0, 0.0, 0.0], [291.879, 463.292, 0.676581], [165.452, 439.833, 0.69521], [229.415, 272.348, 0.627573], [430.788, 281.725, 0.702136], [457.346, 388.17, 0.457398], [479.193, 397.573, 0.448255]], "hand_pts": [[453.43539428710926, 391.67218017578136, 1.0], [468.6799621582031, 385.0583190917969, 1.0], [488.91363525390625, 397.7348937988281, 1.0], [501.1092834472656, 399.93951416015625, 1.0], [506.6690979003906, 403.59490966796875, 1.0], [483.5825805664063, 417.0386047363281, 1.0], [486.14190673828125, 404.89990234375006, 1.0], [484.7769775390625, 393.28778076171875, 1.0], [482.9853515624999, 382.79782104492193, 1.0], [472.0365295410155, 420.2053833007813, 1.0], [474.2234191894531, 404.89990234375006, 1.0], [473.66906738281256, 391.12103271484375, 1.0], [472.00604248046875, 379.8223266601563, 1.0], [456.5090637207032, 420.40328979492193, 1.0], [461.88397216796875, 409.1216430664063, 1.0], [463.07836914062494, 395.8607788085937, 1.0], [462.2821044921874, 384.77706909179693, 1.0], [447.35186767578136, 416.2468872070313, 1.0], [450.7360534667968, 407.73617553710926, 1.0], [452.5276794433594, 401.2047119140625, 1.0], [452.925811767578, 393.4856872558594, 1.0]], "head_box": [[289.1120666666667, 75.1122], [397.65593333333334, 237.928]], "head_size": 162.8158, "hand_box_center": [477.010482788086, 400.1128082275391], "is_left": 1, "is_mpii": 0}