{"mpii_body_pts": [[0.0, 0.0, 0.0], [327.801, 260.631, 0.6159794999999999], [326.259, 206.672, 0.71754], [318.394, 68.8445, 0.709082], [0.0, 0.0, 0.0], [0.0, 0.0, 0.0], [0.0, 0.0, 0.0], [0.0, 0.0, 0.0], [0.0, 0.0, 0.0], [0.0, 0.0, 0.0], [277.839, 428.871, 0.227091], [165.486, 427.272, 0.710545], [227.895, 258.292, 0.663712], [427.707, 262.97, 0.568247], [480.81, 433.598, 0.669665], [416.768, 403.777, 0.721132]], "hand_pts": [[418.0, 403.0, 1.0], [412.2002258300781, 402.1288452148438, 1.0], [408.3539123535156, 392.17114257812494, 1.0], [405.66146850585943, 407.1077270507813, 1.0], [414.1233825683594, 415.1504821777345, 1.0], [398.7380676269531, 418.59738159179693, 1.0], [383.73739624023426, 418.2143859863281, 1.0], [371.81378173828125, 419.3633728027344, 1.0], [361.04406738281256, 419.746368408203, 1.0], [397.9688110351563, 425.8741760253906, 1.0], [388.35299682617193, 428.9380798339843, 1.0], [364.5057678222656, 423.959228515625, 1.0], [351.81286621093756, 419.746368408203, 1.0], [391.814697265625, 421.27832031249994, 1.0], [377.9678955078125, 423.1932678222656, 1.0], [364.121124267578, 421.6612854003906, 1.0], [354.12066650390636, 418.98037719726557, 1.0], [378.35253906249994, 410.9375915527343, 1.0], [373.3523254394532, 414.384521484375, 1.0], [366.8135681152344, 417.0654296875, 1.0], [359.8901672363281, 418.59738159179693, 1.0]], "head_box": [[272.4515, 68.8445], [364.3365, 206.672]], "head_size": 137.8275, "hand_box_center": [384.90643310546875, 410.55461120605463], "is_left": 1, "is_mpii": 0}