{"mpii_body_pts": [[0.0, 0.0, 0.0], [289.6, 255.9305, 0.637807], [288.803, 217.498, 0.712283], [279.405, 78.2584, 0.604828], [0.0, 0.0, 0.0], [0.0, 0.0, 0.0], [0.0, 0.0, 0.0], [0.0, 0.0, 0.0], [0.0, 0.0, 0.0], [0.0, 0.0, 0.0], [234.173, 305.173, 0.668829], [184.21, 375.647, 0.422077], [193.625, 258.312, 0.675945], [385.575, 253.549, 0.599669], [469.895, 395.994, 0.626241], [430.828, 405.399, 0.53338]], "hand_pts": [[448.0, 406.0, 1.0], [434.0149230957032, 406.7180480957031, 1.0], [436.3227233886719, 398.29229736328125, 1.0], [443.63073730468744, 410.54794311523443, 1.0], [454.4004516601563, 412.46289062500006, 1.0], [430.1685791015625, 412.07989501953136, 1.0], [444.7846374511718, 426.6334838867188, 1.0], [436.70733642578125, 421.65463256835943, 1.0], [427.47616577148426, 418.97369384765625, 1.0], [424.7837219238281, 417.82473754882807, 1.0], [430.55322265625, 432.7612915039063, 1.0], [424.01446533203136, 426.25048828125, 1.0], [417.47570800781244, 419.356689453125, 1.0], [415.5525512695313, 423.18658447265625, 1.0], [424.39910888671875, 436.2081909179687, 1.0], [417.47570800781244, 429.3143920898438, 1.0], [411.3215942382812, 423.56954956054693, 1.0], [409.7830505371093, 427.3994445800781, 1.0], [413.62936401367193, 435.8252258300781, 1.0], [407.8598937988282, 431.9953308105469, 1.0], [404.01354980468744, 426.6334838867188, 1.0]], "head_box": [[232.99179999999998, 78.2584], [325.8182, 217.498]], "head_size": 139.2396, "hand_box_center": [429.2070007324219, 417.250244140625], "is_left": 1, "is_mpii": 0}