{"mpii_body_pts": [[0.0, 0.0, 0.0], [345.72450000000003, 270.8055, 0.6629575000000001], [348.118, 234.769, 0.64611], [341.809, 82.9672, 0.429608], [0.0, 0.0, 0.0], [0.0, 0.0, 0.0], [0.0, 0.0, 0.0], [0.0, 0.0, 0.0], [0.0, 0.0, 0.0], [0.0, 0.0, 0.0], [255.957, 405.426, 0.529634], [184.204, 424.176, 0.564843], [248.173, 270.771, 0.663803], [443.276, 270.84, 0.662112], [490.114, 444.579, 0.672511], [390.243, 433.615, 0.70937]], "hand_pts": [[380.0067749023437, 441.05331420898426, 1.0], [382.06301879882807, 435.93267822265625, 1.0], [378.63592529296875, 449.5876770019531, 1.0], [369.7255249023437, 455.732421875, 1.0], [373.4953002929687, 465.6322937011719, 1.0], [366.9838562011718, 468.36328125, 1.0], [341.6234436035157, 463.24267578125, 1.0], [328.2578125, 462.9013061523437, 1.0], [316.2630310058594, 461.8771667480469, 1.0], [360.1296997070313, 469.0460510253906, 1.0], [337.51092529296875, 465.29092407226557, 1.0], [318.31927490234375, 461.1944274902344, 1.0], [304.9536437988281, 460.17028808593756, 1.0], [351.5619812011719, 461.1944274902344, 1.0], [333.7411499023437, 459.48754882812494, 1.0], [317.97656249999994, 458.12203979492193, 1.0], [305.9817810058594, 455.39105224609364, 1.0], [346.0786437988281, 454.70831298828114, 1.0], [329.97134399414057, 455.04968261718756, 1.0], [319.347381591797, 455.732421875, 1.0], [311.12240600585943, 456.0737915039063, 1.0]], "head_box": [[291.20840000000004, 82.9672], [392.4096, 234.769]], "head_size": 151.80180000000001, "hand_box_center": [343.5083312988281, 452.48936462402344], "is_left": 1, "is_mpii": 0}