{"mpii_body_pts": [[0.0, 0.0, 0.0], [347.275, 264.528, 0.6634865], [340.311, 231.601, 0.69283], [349.653, 81.3967, 0.589492], [0.0, 0.0, 0.0], [0.0, 0.0, 0.0], [0.0, 0.0, 0.0], [0.0, 0.0, 0.0], [0.0, 0.0, 0.0], [0.0, 0.0, 0.0], [256.046, 316.181, 0.693619], [193.54, 406.97, 0.520711], [252.845, 256.73, 0.74039], [441.705, 272.326, 0.586583], [499.492, 457.039, 0.292073], [0.0, 0.0, 0.0]], "hand_pts": [[263.625, 308.39843749999994, 1.0], [283.2250061035156, 306.655242919922, 1.0], [283.49832153320307, 312.6297912597657, 1.0], [292.11633300781244, 333.0553283691406, 1.0], [302.78625488281244, 350.62127685546875, 1.0], [313.04580688476574, 313.4468078613281, 1.0], [322.07418823242193, 331.8297729492187, 1.0], [320.43267822265625, 353.8893737792969, 1.0], [318.3807678222656, 366.9617004394531, 1.0], [298.6824340820313, 310.5872192382812, 1.0], [316.73922729492193, 331.01275634765625, 1.0], [320.43267822265625, 350.21276855468744, 1.0], [323.7157287597656, 362.0595703125, 1.0], [285.139862060547, 311.81277465820307, 1.0], [297.86169433593756, 340.8170166015625, 1.0], [290.8851928710937, 338.365966796875, 1.0], [288.42291259765625, 332.64682006835943, 1.0], [273.23876953124994, 314.6723327636719, 1.0], [281.0360412597656, 335.9148864746094, 1.0], [281.4464111328125, 342.45104980468744, 1.0], [278.57373046874994, 339.59149169921875, 1.0]], "head_box": [[299.5849, 81.3967], [399.72110000000004, 231.601]], "head_size": 150.2043, "hand_box_center": [293.6703643798828, 336.80847167968756], "is_left": 0, "is_mpii": 0}