{"mpii_body_pts": [[0.0, 0.0, 0.0], [305.955, 254.36700000000002, 0.579094], [315.287, 220.707, 0.711622], [312.212, 76.6648, 0.565547], [0.0, 0.0, 0.0], [0.0, 0.0, 0.0], [0.0, 0.0, 0.0], [0.0, 0.0, 0.0], [0.0, 0.0, 0.0], [0.0, 0.0, 0.0], [281.048, 294.206, 0.693427], [235.684, 367.838, 0.271277], [220.116, 258.31, 0.706335], [391.794, 250.424, 0.451853], [496.395, 239.464, 0.629043], [404.239, 201.883, 0.796763]], "hand_pts": [[286.67364501953136, 294.2204284667969, 1.0], [284.22149658203125, 277.47128295898426, 1.0], [297.6969604492187, 259.4865417480468, 1.0], [324.8056640625, 255.80674743652347, 1.0], [340.4136962890625, 256.2156066894532, 1.0], [295.23254394531244, 254.1712799072266, 1.0], [323.57345581054693, 252.12695312499997, 1.0], [346.98550415039057, 250.9003601074219, 1.0], [356.4324645996094, 252.9446868896484, 1.0], [294.4110717773437, 269.2992858886719, 1.0], [328.9130249023437, 263.98403930664057, 1.0], [349.44992065429693, 262.34857177734375, 1.0], [357.66467285156256, 262.34857177734375, 1.0], [297.2862243652343, 283.2007141113281, 1.0], [336.30630493164057, 275.8411254882812, 1.0], [350.68212890624994, 272.57022094726557, 1.0], [357.66467285156256, 269.2992858886719, 1.0], [311.2513122558593, 295.4666442871093, 1.0], [330.14526367187506, 285.24502563476574, 1.0], [337.5385437011718, 280.7475280761719, 1.0], [342.8781127929687, 277.0677185058594, 1.0]], "head_box": [[264.1979333333333, 76.6648], [360.22606666666667, 220.707]], "head_size": 144.04219999999998, "hand_box_center": [320.9430847167969, 273.1835021972656], "is_left": 0, "is_mpii": 0}