{"mpii_body_pts": [[0.0, 0.0, 0.0], [341.078, 262.181, 0.673324], [343.492, 230.059, 0.730223], [341.814, 79.7862, 0.519637], [0.0, 0.0, 0.0], [0.0, 0.0, 0.0], [0.0, 0.0, 0.0], [0.0, 0.0, 0.0], [0.0, 0.0, 0.0], [0.0, 0.0, 0.0], [266.86, 450.774, 0.631734], [168.526, 413.224, 0.750221], [243.511, 255.085, 0.669554], [438.645, 269.277, 0.677094], [501.052, 444.481, 0.630275], [443.346, 389.754, 0.749994]], "hand_pts": [[424.8760986328125, 384.97082519531256, 1.0], [430.722900390625, 372.50924682617193, 1.0], [442.27542114257807, 376.6938171386719, 1.0], [441.22518920898426, 384.7142333984375, 1.0], [447.17648315429693, 387.8526611328126, 1.0], [432.2276916503906, 401.01165771484375, 1.0], [412.1688842773438, 384.01681518554693, 1.0], [402.0166931152344, 375.647674560547, 1.0], [392.9147033691406, 368.32467651367193, 1.0], [422.3210754394531, 407.380615234375, 1.0], [403.41699218749994, 388.8988037109375, 1.0], [389.41394042968744, 374.6015319824219, 1.0], [381.0121154785155, 364.83755493164057, 1.0], [411.22314453124994, 406.9397888183594, 1.0], [395.71533203124994, 389.94494628906256, 1.0], [384.51287841796875, 376.34509277343756, 1.0], [376.46115112304693, 366.9298400878906, 1.0], [403.17138671875, 405.89367675781244, 1.0], [393.6148681640626, 394.1295166015625, 1.0], [391.2688293457031, 387.4118347167969, 1.0], [389.51843261718744, 382.52984619140636, 1.0]], "head_box": [[291.7230666666667, 79.7862], [391.90493333333336, 230.059]], "head_size": 150.27280000000002, "hand_box_center": [411.81881713867193, 386.1090850830078], "is_left": 1, "is_mpii": 0}