{"mpii_body_pts": [[0.0, 0.0, 0.0], [329.366, 274.688, 0.6621025], [327.804, 255.115, 0.667921], [359.04, 104.828, 0.40349], [0.0, 0.0, 0.0], [0.0, 0.0, 0.0], [0.0, 0.0, 0.0], [0.0, 0.0, 0.0], [0.0, 0.0, 0.0], [0.0, 0.0, 0.0], [443.286, 342.762, 0.570969], [332.472, 344.401, 0.311267], [243.523, 258.259, 0.754292], [415.209, 291.117, 0.569913], [449.581, 416.364, 0.536715], [482.346, 421.016, 0.433363]], "hand_pts": [[467.8826599121093, 410.1062927246094, 1.0], [483.9234619140625, 407.04278564453136, 1.0], [498.2454223632813, 411.89352416992193, 1.0], [511.86047363281256, 415.2056884765625, 1.0], [525.3307495117188, 418.2298583984375, 1.0], [497.6178283691407, 431.23187255859364, 1.0], [500.1283569335937, 424.1341247558594, 1.0], [502.15612792968744, 421.10998535156256, 1.0], [503.45971679687494, 418.08584594726557, 1.0], [484.1521911621094, 434.6705017089843, 1.0], [488.61193847656244, 426.02972412109375, 1.0], [490.8989868164063, 421.7093505859375, 1.0], [494.0450134277344, 418.08584594726557, 1.0], [468.71456909179693, 432.8513793945313, 1.0], [475.9187927246093, 426.37081909179693, 1.0], [480.83593749999994, 422.0504455566406, 1.0], [484.41738891601557, 418.45431518554693, 1.0], [457.73672485351557, 427.50775146484375, 1.0], [463.68304443359375, 425.916046142578, 1.0], [467.91409301757807, 423.6421508789063, 1.0], [471.687744140625, 420.34503173828125, 1.0]], "head_box": [[308.94433333333336, 104.828], [409.1356666666667, 255.115]], "head_size": 150.287, "hand_box_center": [491.5337371826172, 420.8566436767578], "is_left": 1, "is_mpii": 0}