{"mpii_body_pts": [[0.0, 0.0, 0.0], [326.2425, 266.879, 0.6197925], [330.898, 230.1, 0.770736], [335.593, 79.8298, 0.465614], [0.0, 0.0, 0.0], [0.0, 0.0, 0.0], [0.0, 0.0, 0.0], [0.0, 0.0, 0.0], [0.0, 0.0, 0.0], [0.0, 0.0, 0.0], [254.459, 455.408, 0.767209], [173.247, 441.401, 0.758044], [227.899, 273.944, 0.63099], [424.586, 259.814, 0.608595], [504.216, 417.942, 0.790445], [429.262, 447.646, 0.747096]], "hand_pts": [[257.47610473632807, 457.3572082519531, 1.0], [264.999053955078, 441.910400390625, 1.0], [280.7976989746093, 431.0227661132813, 1.0], [306.7236633300781, 430.2162780761718, 1.0], [322.1171875, 420.5383605957031, 1.0], [281.2027893066406, 425.78057861328125, 1.0], [312.3949584960937, 435.4584655761719, 1.0], [307.1287536621093, 436.2649536132813, 1.0], [301.4574584960937, 433.8454895019532, 1.0], [279.1773376464843, 440.7006835937501, 1.0], [309.9644165039063, 448.3623657226563, 1.0], [302.67272949218744, 447.5558471679688, 1.0], [296.59634399414057, 444.7331237792968, 1.0], [272.6958312988281, 451.58831787109364, 1.0], [305.5083923339844, 459.25, 1.0], [301.05236816406256, 461.66946411132824, 1.0], [292.9505004882812, 460.4597473144532, 1.0], [273.5060119628905, 466.10519409179693, 1.0], [297.8116149902343, 469.33114624023426, 1.0], [293.35559082031256, 472.15386962890636, 1.0], [288.4944763183594, 470.9441528320313, 1.0]], "head_box": [[285.5029333333334, 79.8298], [385.68306666666666, 230.1]], "head_size": 150.2702, "hand_box_center": [289.79664611816406, 446.34611511230474], "is_left": 0, "is_mpii": 0}