{"mpii_body_pts": [[0.0, 0.0, 0.0], [289.6, 255.9305, 0.637807], [288.803, 217.498, 0.712283], [279.405, 78.2584, 0.604828], [0.0, 0.0, 0.0], [0.0, 0.0, 0.0], [0.0, 0.0, 0.0], [0.0, 0.0, 0.0], [0.0, 0.0, 0.0], [0.0, 0.0, 0.0], [234.173, 305.173, 0.668829], [184.21, 375.647, 0.422077], [193.625, 258.312, 0.675945], [385.575, 253.549, 0.599669], [469.895, 395.994, 0.626241], [430.828, 405.399, 0.53338]], "hand_pts": [[227.23352050781247, 311.18377685546875, 1.0], [244.88375854492188, 300.151580810547, 1.0], [259.6607055664063, 299.7430114746093, 1.0], [273.2062377929687, 323.03314208984375, 1.0], [286.7517700195313, 334.8825378417969, 1.0], [282.23660278320307, 299.7430114746093, 1.0], [300.29730224609364, 303.8289794921874, 1.0], [303.9915466308594, 320.99017333984375, 1.0], [303.58108520507807, 336.92553710937494, 1.0], [276.90048217773443, 298.5172119140625, 1.0], [301.93920898437494, 300.96878051757807, 1.0], [308.5067138671874, 314.0439758300781, 1.0], [312.20095825195307, 327.93634033203125, 1.0], [267.87011718749994, 302.60317993164057, 1.0], [282.23660278320307, 320.17297363281256, 1.0], [276.0795288085937, 319.3557739257813, 1.0], [271.5643615722656, 315.67837524414057, 1.0], [254.3245849609375, 307.5063781738281, 1.0], [268.28060913085943, 323.4417419433594, 1.0], [259.6607055664063, 323.03314208984375, 1.0], [254.73506164550776, 318.53857421874994, 1.0]], "head_box": [[232.99179999999998, 78.2584], [325.8182, 217.498]], "head_size": 139.2396, "hand_box_center": [269.71723937988276, 317.72137451171875], "is_left": 0, "is_mpii": 0}