{"mpii_body_pts": [[0.0, 0.0, 0.0], [337.178, 260.6335, 0.6529799999999999], [329.381, 226.978, 0.740129], [318.455, 81.3661, 0.670447], [0.0, 0.0, 0.0], [0.0, 0.0, 0.0], [0.0, 0.0, 0.0], [0.0, 0.0, 0.0], [0.0, 0.0, 0.0], [0.0, 0.0, 0.0], [298.167, 281.796, 0.611888], [206.04, 391.318, 0.514833], [243.479, 256.755, 0.727385], [430.877, 264.512, 0.578575], [518.282, 375.64, 0.446318], [480.832, 255.138, 0.748612]], "hand_pts": [[477.08065795898426, 239.77191162109375, 1.0], [475.81924438476574, 221.51007080078125, 1.0], [470.20458984375006, 202.53016662597656, 1.0], [453.809783935547, 202.30686950683594, 1.0], [443.92800903320307, 201.19041442871094, 1.0], [487.2731323242187, 203.86993408203128, 1.0], [460.2603149414062, 200.7420196533203, 1.0], [461.6703186035156, 213.24822998046878, 1.0], [469.5308227539063, 215.25787353515622, 1.0], [487.0485534667969, 218.38397216796875, 1.0], [457.4031677246093, 213.69482421874997, 1.0], [463.9161682128905, 222.62654113769534, 1.0], [472.00128173828125, 224.18959045410153, 1.0], [486.59939575195307, 230.66508483886716, 1.0], [458.7507019042969, 225.97593688964844, 1.0], [465.03909301757807, 232.22813415527347, 1.0], [471.7767028808594, 234.90765380859378, 1.0], [477.6159362792969, 243.6160888671875, 1.0], [458.7507019042969, 237.36387634277347, 1.0], [461.8948974609375, 240.04339599609375, 1.0], [466.61120605468744, 241.60644531250003, 1.0]], "head_box": [[269.91769999999997, 81.3661], [366.9923, 226.978]], "head_size": 145.6119, "hand_box_center": [465.6005706787109, 222.1790542602539], "is_left": 1, "is_mpii": 0}