{"mpii_body_pts": [[0.0, 0.0, 0.0], [335.5625, 262.14300000000003, 0.6851970000000001], [330.892, 245.752, 0.690072], [329.346, 97.0283, 0.558529], [0.0, 0.0, 0.0], [0.0, 0.0, 0.0], [0.0, 0.0, 0.0], [0.0, 0.0, 0.0], [0.0, 0.0, 0.0], [0.0, 0.0, 0.0], [251.292, 366.205, 0.737774], [154.489, 389.722, 0.562088], [241.907, 258.245, 0.699128], [429.218, 266.041, 0.671266], [480.822, 438.259, 0.706358], [368.454, 427.316, 0.745581]], "hand_pts": [[262.2130126953125, 368.92407226562494, 1.0], [277.9776000976563, 373.70330810546875, 1.0], [296.26855468749994, 371.75, 1.0], [297.4740600585937, 391.3500061035157, 1.0], [285.0172424316406, 392.5499877929688, 1.0], [295.46487426757807, 366.14999389648443, 1.0], [299.48321533203125, 383.75, 1.0], [293.8575439453125, 398.5499877929688, 1.0], [291.848388671875, 391.75, 1.0], [283.00808715820307, 364.14999389648443, 1.0], [280.19528198242193, 385.75, 1.0], [277.38244628906256, 395.75, 1.0], [275.7751159667968, 390.14999389648443, 1.0], [269.34579467773443, 362.14999389648443, 1.0], [267.73846435546875, 381.3500061035157, 1.0], [266.93481445312494, 390.5499877929688, 1.0], [264.1219787597656, 385.3500061035157, 1.0], [257.2908325195313, 362.5499877929688, 1.0], [255.68351745605472, 380.95001220703125, 1.0], [255.28167724609378, 385.75, 1.0], [253.67434692382812, 382.95001220703125, 1.0]], "head_box": [[279.77143333333333, 97.0283], [378.9205666666667, 245.752]], "head_size": 148.7237, "hand_box_center": [276.5787811279297, 380.3499908447266], "is_left": 0, "is_mpii": 0}