{"mpii_body_pts": [[0.0, 0.0, 0.0], [348.087, 275.475, 0.5854495], [337.175, 244.238, 0.739871], [305.995, 100.173, 0.494801], [0.0, 0.0, 0.0], [0.0, 0.0, 0.0], [0.0, 0.0, 0.0], [0.0, 0.0, 0.0], [0.0, 0.0, 0.0], [0.0, 0.0, 0.0], [0.0, 0.0, 0.0], [252.844, 419.449, 0.418032], [276.291, 292.677, 0.490416], [419.883, 258.273, 0.680483], [477.666, 427.301, 0.707029], [345.0, 414.756, 0.733139]], "hand_pts": [[344.0786743164063, 414.6037902832031, 1.0], [323.77429199218744, 395.7732238769531, 1.0], [303.1198120117188, 406.5833740234375, 1.0], [287.01629638671875, 413.2089233398438, 1.0], [276.1639404296875, 418.0909118652343, 1.0], [319.57336425781244, 403.7936401367188, 1.0], [291.91735839843744, 409.72177124023426, 1.0], [276.8641052246094, 414.6037902832031, 1.0], [263.21115112304693, 419.83447265625, 1.0], [321.3237609863281, 417.0447692871094, 1.0], [293.3176574707031, 422.27548217773443, 1.0], [274.41357421874994, 426.111328125, 1.0], [259.71038818359375, 429.94717407226557, 1.0], [323.77429199218744, 427.8548889160157, 1.0], [297.16851806640625, 432.7369079589842, 1.0], [280.7149353027344, 436.22402954101557, 1.0], [267.7621154785155, 438.31631469726557, 1.0], [326.22482299804693, 438.66503906249994, 1.0], [302.76971435546875, 439.71118164062494, 1.0], [292.6175231933595, 441.4547424316406, 1.0], [282.81539916992193, 442.84957885742193, 1.0]], "head_box": [[257.97333333333336, 100.173], [354.01666666666665, 244.238]], "head_size": 144.065, "hand_box_center": [301.89453125, 419.3114013671875], "is_left": 1, "is_mpii": 0}