{"mpii_body_pts": [[0.0, 0.0, 0.0], [301.2645, 255.96, 0.6817145], [290.304, 219.099, 0.686569], [268.51, 70.4393, 0.630602], [0.0, 0.0, 0.0], [0.0, 0.0, 0.0], [0.0, 0.0, 0.0], [0.0, 0.0, 0.0], [0.0, 0.0, 0.0], [0.0, 0.0, 0.0], [231.027, 313.067, 0.680572], [191.95, 381.923, 0.686014], [204.464, 255.185, 0.742932], [398.065, 256.735, 0.620497], [468.302, 421.028, 0.57636], [418.353, 380.323, 0.709547]], "hand_pts": [[230.10209655761724, 312.17437744140625, 1.0], [245.18373107910153, 302.84204101562506, 1.0], [267.1947631835938, 305.68231201171875, 1.0], [279.0154724121093, 323.1296997070313, 1.0], [287.57531738281244, 339.35983276367193, 1.0], [281.0535278320313, 297.16149902343756, 1.0], [301.02648925781244, 302.0305480957031, 1.0], [307.9559020996094, 319.07217407226557, 1.0], [306.32543945312494, 327.9987487792968, 1.0], [270.86325073242193, 304.05929565429693, 1.0], [290.4286193847656, 308.1168518066406, 1.0], [293.2818908691406, 329.2160034179687, 1.0], [292.46667480468744, 339.35983276367193, 1.0], [263.933868408203, 310.1455993652344, 1.0], [274.53176879882807, 325.564208984375, 1.0], [275.3469848632813, 332.86776733398443, 1.0], [270.86325073242193, 327.18722534179693, 1.0], [252.11312866210938, 317.0433959960937, 1.0], [261.8958129882812, 330.0274963378906, 1.0], [268.4175720214843, 334.89654541015625, 1.0], [266.787139892578, 330.4332580566405, 1.0]], "head_box": [[218.95676666666665, 70.4393], [318.0632333333333, 219.099]], "head_size": 148.6597, "hand_box_center": [269.0289993286133, 318.26066589355474], "is_left": 0, "is_mpii": 0}