{"mpii_body_pts": [[0.0, 0.0, 0.0], [337.1755, 259.06899999999996, 0.689809], [335.604, 219.148, 0.684832], [323.111, 79.875, 0.653189], [0.0, 0.0, 0.0], [0.0, 0.0, 0.0], [0.0, 0.0, 0.0], [0.0, 0.0, 0.0], [0.0, 0.0, 0.0], [0.0, 0.0, 0.0], [282.547, 242.635, 0.467891], [226.324, 369.42, 0.641719], [243.516, 255.176, 0.726986], [430.835, 262.962, 0.652632], [504.166, 327.121, 0.344311], [477.675, 241.01, 0.735783]], "hand_pts": [[473.74588012695324, 226.92964172363278, 1.0], [468.37698364257807, 211.02424621582034, 1.0], [460.4871520996093, 192.92178344726565, 1.0], [445.314422607422, 189.502426147461, 1.0], [434.5923461914063, 188.4967346191406, 1.0], [478.28985595703125, 189.70356750488273, 1.0], [450.37200927734375, 187.4910430908203, 1.0], [456.84570312500006, 196.94454956054685, 1.0], [464.33093261718744, 198.35252380371097, 1.0], [479.5036926269532, 203.7832641601562, 1.0], [448.34896850585943, 199.55935668945315, 1.0], [456.0364990234375, 205.59350585937497, 1.0], [464.12863159179693, 207.60488891601562, 1.0], [478.52691650390625, 214.45420837402347, 1.0], [451.18121337890625, 212.43222045898446, 1.0], [456.0364990234375, 216.45498657226565, 1.0], [461.7009887695313, 217.05839538574222, 1.0], [469.5908203125, 228.72442626953125, 1.0], [452.8020324707031, 225.65925598144528, 1.0], [455.2272644042969, 227.91987609863278, 1.0], [459.2733459472655, 229.3278503417969, 1.0]], "head_box": [[276.68666666666667, 79.875], [369.5353333333333, 219.148]], "head_size": 139.273, "hand_box_center": [457.04801940917974, 208.4094467163086], "is_left": 1, "is_mpii": 0}