{"mpii_body_pts": [[0.0, 0.0, 0.0], [344.21, 242.6135, 0.6442965], [343.492, 230.081, 0.705266], [335.616, 79.7688, 0.490575], [0.0, 0.0, 0.0], [0.0, 0.0, 0.0], [0.0, 0.0, 0.0], [0.0, 0.0, 0.0], [0.0, 0.0, 0.0], [0.0, 0.0, 0.0], [0.0, 0.0, 0.0], [181.036, 316.144, 0.376698], [259.121, 237.896, 0.626312], [429.299, 247.331, 0.662281], [0.0, 0.0, 0.0], [0.0, 0.0, 0.0]], "hand_pts": [[421.69866943359375, 173.33506774902344, 1.0], [414.58355712890625, 158.68145751953128, 1.0], [402.38619995117176, 145.5437469482422, 1.0], [396.7957458496093, 127.35306549072266, 1.0], [399.33685302734375, 108.65708923339844, 1.0], [401.8779907226563, 149.0808258056641, 1.0], [394.254638671875, 136.9537048339844, 1.0], [389.1723937988281, 129.8795471191406, 1.0], [385.6148376464844, 123.31069183349608, 1.0], [404.92730712890625, 159.69206237792974, 1.0], [396.2875366210937, 158.17616271972653, 1.0], [388.1559448242188, 157.67086791992188, 1.0], [382.5654907226563, 157.16557312011713, 1.0], [403.9108581542969, 172.82977294921875, 1.0], [397.30395507812494, 175.35624694824224, 1.0], [389.68063354492193, 176.36685180664062, 1.0], [384.0901794433593, 177.37744140625003, 1.0], [399.33685302734375, 185.46218872070315, 1.0], [392.22174072265625, 189.50456237792972, 1.0], [385.6148376464844, 194.5575256347656, 1.0], [381.04083251953136, 198.09460449218747, 1.0]], "head_box": [[285.51193333333333, 79.7688], [385.72006666666664, 230.081]], "head_size": 150.3122, "hand_box_center": [401.36975097656256, 153.37584686279297], "is_left": 1, "is_mpii": 0}