{"mpii_body_pts": [[0.0, 0.0, 0.0], [316.85900000000004, 268.4155, 0.6314845], [319.975, 267.708, 0.750682], [307.551, 140.871, 0.520071], [0.0, 0.0, 0.0], [0.0, 0.0, 0.0], [0.0, 0.0, 0.0], [0.0, 0.0, 0.0], [0.0, 0.0, 0.0], [0.0, 0.0, 0.0], [276.304, 460.191, 0.597871], [204.499, 452.324, 0.74545], [227.88, 275.463, 0.611039], [405.838, 261.368, 0.65193], [502.605, 369.426, 0.674133], [368.45, 419.458, 0.681945]], "hand_pts": [[360.6328430175781, 421.39764404296875, 1.0], [343.8363342285155, 428.90960693359375, 1.0], [324.29751586914057, 440.1775207519531, 1.0], [316.41345214843744, 454.51852416992193, 1.0], [317.78460693359375, 463.7377319335937, 1.0], [322.5835876464843, 438.1288146972656, 1.0], [318.47015380859364, 466.1278686523438, 1.0], [327.0398254394532, 457.59158325195307, 1.0], [326.697021484375, 447.3480224609375, 1.0], [333.89553833007807, 438.1288146972656, 1.0], [331.1532287597657, 468.1766052246094, 1.0], [337.66616821289057, 459.98175048828114, 1.0], [338.00897216796875, 448.3723754882812, 1.0], [347.2641906738282, 437.78735351562494, 1.0], [343.8363342285155, 461.6889953613281, 1.0], [347.94973754882807, 453.1527099609375, 1.0], [348.2925415039063, 445.64074707031256, 1.0], [359.26168823242193, 436.7630004882812, 1.0], [358.57611083984375, 456.9086608886719, 1.0], [360.2900390624999, 451.4454345703125, 1.0], [360.2900390624999, 447.0065612792969, 1.0]], "head_box": [[265.272, 140.871], [349.83, 267.708]], "head_size": 126.83700000000002, "hand_box_center": [338.5231475830078, 444.78712463378906], "is_left": 1, "is_mpii": 0}