{"mpii_body_pts": [[0.0, 0.0, 0.0], [348.87149999999997, 273.922, 0.601967], [343.45, 225.371, 0.661371], [321.558, 79.7931, 0.546235], [0.0, 0.0, 0.0], [0.0, 0.0, 0.0], [0.0, 0.0, 0.0], [0.0, 0.0, 0.0], [0.0, 0.0, 0.0], [0.0, 0.0, 0.0], [302.79, 455.517, 0.287165], [191.972, 433.617, 0.744614], [251.305, 280.154, 0.642228], [446.438, 267.69, 0.561706], [505.726, 458.62, 0.356374], [0.0, 0.0, 0.0]], "hand_pts": [[282.6206359863281, 460.0977783203125, 1.0], [296.4019470214843, 446.0352783203125, 1.0], [316.02459716796875, 432.9549865722656, 1.0], [336.3240051269532, 437.53070068359375, 1.0], [348.5802612304688, 444.7756042480469, 1.0], [330.5788879394532, 451.2579040527344, 1.0], [360.0704956054688, 456.2149353027344, 1.0], [371.9437561035156, 458.88409423828125, 1.0], [385.7320251464843, 461.1719665527344, 1.0], [327.13183593749994, 464.9850769042968, 1.0], [360.0704956054688, 468.41687011718744, 1.0], [376.92285156249994, 470.32342529296875, 1.0], [389.5621032714843, 470.7047424316406, 1.0], [322.5357360839843, 477.18701171875, 1.0], [353.5593566894532, 479.8561706542969, 1.0], [366.9646301269532, 481.0001220703125, 1.0], [379.6039123535156, 481.38143920898426, 1.0], [321.76971435546875, 489.00762939453136, 1.0], [337.09002685546875, 490.151580810547, 1.0], [351.6443176269532, 492.05810546874994, 1.0], [359.6875, 492.05810546874994, 1.0]], "head_box": [[273.03203333333335, 79.7931], [370.08396666666664, 225.371]], "head_size": 145.5779, "hand_box_center": [336.09136962890625, 462.5065460205078], "is_left": 0, "is_mpii": 0}