{"mpii_body_pts": [[0.0, 0.0, 0.0], [327.0135, 274.6975, 0.6504745000000001], [327.828, 228.496, 0.6683], [330.899, 76.6668, 0.54171], [0.0, 0.0, 0.0], [0.0, 0.0, 0.0], [0.0, 0.0, 0.0], [0.0, 0.0, 0.0], [0.0, 0.0, 0.0], [0.0, 0.0, 0.0], [227.911, 397.587, 0.576582], [173.272, 433.59, 0.615814], [227.874, 270.795, 0.673899], [426.153, 278.6, 0.62705], [474.546, 394.435, 0.381136], [488.57, 428.872, 0.283981]], "hand_pts": [[473.8783874511718, 414.31835937499994, 1.0], [481.0570983886719, 401.49624633789057, 1.0], [504.72891235351557, 399.4118347167969, 1.0], [511.00973510742193, 404.94836425781244, 1.0], [520.4822998046874, 404.991241455078, 1.0], [502.34573364257807, 426.1541748046875, 1.0], [498.6325988769531, 409.38677978515625, 1.0], [493.4342346191406, 394.592041015625, 1.0], [489.4735412597656, 384.23571777343744, 1.0], [490.7112426757813, 433.79812622070307, 1.0], [487.7407531738282, 414.81152343749994, 1.0], [483.2849731445313, 396.56466674804693, 1.0], [477.83905029296875, 382.26309204101557, 1.0], [476.6013488769531, 436.757080078125, 1.0], [474.8685607910156, 419.49652099609364, 1.0], [473.1357421875, 401.98941040039057, 1.0], [471.8980407714843, 388.42755126953125, 1.0], [462.7389831542969, 431.5789184570312, 1.0], [463.4815979003905, 419.0033569335937, 1.0], [463.9766845703125, 408.89361572265625, 1.0], [464.7192993164063, 400.75650024414057, 1.0]], "head_box": [[280.28926666666666, 76.6668], [381.50873333333334, 228.496]], "head_size": 151.82920000000001, "hand_box_center": [491.61064147949213, 409.5100860595703], "is_left": 1, "is_mpii": 0}