{"mpii_body_pts": [[0.0, 0.0, 0.0], [345.7895, 268.42150000000004, 0.6624045000000001], [343.392, 220.732, 0.722766], [329.399, 71.9813, 0.559958], [0.0, 0.0, 0.0], [0.0, 0.0, 0.0], [0.0, 0.0, 0.0], [0.0, 0.0, 0.0], [0.0, 0.0, 0.0], [0.0, 0.0, 0.0], [229.406, 359.993, 0.453603], [181.067, 428.864, 0.467842], [245.105, 267.579, 0.664905], [446.474, 269.264, 0.659904], [505.788, 442.919, 0.598049], [468.332, 403.802, 0.606075]], "hand_pts": [[441.0475769042969, 399.17028808593756, 1.0], [451.6292724609375, 388.98107910156244, 1.0], [468.5600280761719, 396.00811767578125, 1.0], [471.0290832519531, 397.4135131835937, 1.0], [477.3781127929687, 400.92703247070307, 1.0], [459.97369384765625, 415.612274169922, 1.0], [456.7526245117188, 406.08105468749994, 1.0], [454.1947021484375, 398.9090270996094, 1.0], [452.68743896484375, 392.4945983886718, 1.0], [449.51293945312494, 419.54864501953136, 1.0], [446.7104797363281, 408.6289978027344, 1.0], [445.0999450683594, 401.45700073242193, 1.0], [443.51663208007807, 393.19729614257807, 1.0], [439.63665771484375, 420.9540405273438, 1.0], [438.75253295898426, 410.32763671875, 1.0], [437.52032470703125, 401.27838134765625, 1.0], [436.46215820312494, 394.6026916503907, 1.0], [428.7022399902343, 419.54864501953136, 1.0], [429.0549621582031, 410.764862060547, 1.0], [429.0549621582031, 404.08920288085943, 1.0], [428.7022399902343, 397.4135131835937, 1.0]], "head_box": [[279.8154333333333, 71.9813], [378.9825666666667, 220.732]], "head_size": 148.7507, "hand_box_center": [453.0401763916015, 404.9675598144531], "is_left": 1, "is_mpii": 0}