{"mpii_body_pts": [[0.0, 0.0, 0.0], [321.597, 269.202, 0.6421969999999999], [321.559, 230.042, 0.730366], [310.66, 92.3563, 0.64976], [0.0, 0.0, 0.0], [0.0, 0.0, 0.0], [0.0, 0.0, 0.0], [0.0, 0.0, 0.0], [0.0, 0.0, 0.0], [0.0, 0.0, 0.0], [309.067, 342.706, 0.590836], [232.582, 425.716, 0.497646], [237.295, 292.679, 0.653631], [405.899, 245.725, 0.630763], [0.0, 0.0, 0.0], [0.0, 0.0, 0.0]], "hand_pts": [[255.5991668701172, 211.27345275878903, 1.0], [240.4893188476563, 203.40585327148438, 1.0], [213.7036590576172, 194.16996765136716, 1.0], [199.6240234375, 194.16996765136716, 1.0], [185.88780212402344, 191.0913543701172, 1.0], [234.30801391601565, 175.0140838623047, 1.0], [213.01684570312497, 182.88168334960943, 1.0], [207.86576843261722, 189.7230682373047, 1.0], [211.98663330078128, 193.14376831054685, 1.0], [242.89315795898443, 183.5658111572266, 1.0], [220.91519165039062, 192.11755371093747, 1.0], [216.1074981689453, 200.3272247314453, 1.0], [223.66242980957034, 201.35343933105474, 1.0], [250.1046752929687, 192.11755371093747, 1.0], [231.9041748046875, 202.37963867187497, 1.0], [228.4701080322266, 207.16862487792974, 1.0], [234.30801391601565, 207.85275268554688, 1.0], [254.91235351562503, 206.48448181152347, 1.0], [239.80250549316403, 215.3782806396484, 1.0], [232.93438720703128, 218.1148376464844, 1.0], [237.39866638183597, 219.14105224609375, 1.0]], "head_box": [[264.7647666666667, 92.3563], [356.5552333333334, 230.042]], "head_size": 137.6857, "hand_box_center": [220.7434844970703, 197.07756805419922], "is_left": 1, "is_mpii": 0}