{"mpii_body_pts": [[0.0, 0.0, 0.0], [355.12, 277.841, 0.5975239999999999], [354.32, 244.176, 0.722398], [355.953, 93.9018, 0.496263], [0.0, 0.0, 0.0], [0.0, 0.0, 0.0], [0.0, 0.0, 0.0], [0.0, 0.0, 0.0], [0.0, 0.0, 0.0], [0.0, 0.0, 0.0], [256.039, 449.229, 0.496496], [143.618, 392.839, 0.787391], [256.041, 273.925, 0.573831], [454.199, 281.757, 0.621217], [501.084, 466.432, 0.303017], [0.0, 0.0, 0.0]], "hand_pts": [[244.0249938964844, 455.29339599609364, 1.0], [257.7928771972656, 437.96395874023426, 1.0], [279.7276000976563, 426.8466796875, 1.0], [299.66824340820307, 429.62600708007807, 1.0], [311.23382568359375, 425.2584838867188, 1.0], [303.257568359375, 445.1107788085937, 1.0], [324.39465332031256, 443.1255493164063, 1.0], [336.3590393066406, 443.1255493164063, 1.0], [349.12106323242193, 442.72851562499994, 1.0], [300.4658813476563, 459.0073852539063, 1.0], [323.5970458984375, 455.03692626953125, 1.0], [339.15075683593756, 453.05169677734375, 1.0], [353.9068298339844, 453.05169677734375, 1.0], [297.27536010742193, 468.1394348144532, 1.0], [318.01364135742193, 469.33056640624994, 1.0], [333.56735229492193, 467.74240112304705, 1.0], [345.9305725097656, 466.1542053222657, 1.0], [291.29318237304693, 479.2567138671874, 1.0], [307.644500732422, 482.0360412597656, 1.0], [318.4124755859375, 483.62423706054693, 1.0], [326.38873291015625, 482.83013916015625, 1.0]], "head_box": [[305.86159999999995, 93.9018], [406.0444, 244.176]], "head_size": 150.2742, "hand_box_center": [298.9659118652344, 454.44136047363287], "is_left": 0, "is_mpii": 0}