{"mpii_body_pts": [[0.0, 0.0, 0.0], [323.8905, 275.486, 0.638093], [329.346, 248.89, 0.686947], [354.391, 114.267, 0.405066], [0.0, 0.0, 0.0], [0.0, 0.0, 0.0], [0.0, 0.0, 0.0], [0.0, 0.0, 0.0], [0.0, 0.0, 0.0], [0.0, 0.0, 0.0], [293.432, 406.997, 0.568119], [204.497, 453.88, 0.621755], [226.321, 273.915, 0.617616], [421.46, 277.057, 0.65857], [455.822, 380.387, 0.631987], [479.241, 402.251, 0.456926]], "hand_pts": [[300.9978942871093, 416.9962768554687, 1.0], [297.85748291015636, 396.8367919921874, 1.0], [304.1383056640625, 371.1160583496093, 1.0], [320.88720703125, 361.38388061523443, 1.0], [328.3799743652344, 348.50146484375006, 1.0], [329.9595031738282, 372.5063781738281, 1.0], [351.2445373535156, 362.0790405273438, 1.0], [347.7551879882812, 352.346893310547, 1.0], [337.92236328124994, 354.43902587890625, 1.0], [340.42755126953125, 387.1046142578125, 1.0], [347.0671691894532, 369.48086547851557, 1.0], [338.7175598144531, 364.3349609375, 1.0], [329.1751708984375, 366.3141479492187, 1.0], [345.0791625976563, 396.7936401367188, 1.0], [346.2719421386719, 381.3559875488281, 1.0], [337.92236328124994, 377.3976135253906, 1.0], [330.3679809570313, 380.5643005371094, 1.0], [346.35943603515636, 399.96496582031256, 1.0], [345.3126525878906, 390.2328186035156, 1.0], [340.77648925781244, 385.71429443359375, 1.0], [336.72955322265625, 386.1060485839844, 1.0]], "head_box": [[309.5166666666667, 114.267], [399.26533333333333, 248.89]], "head_size": 134.623, "hand_box_center": [324.551010131836, 382.7488708496094], "is_left": 0, "is_mpii": 0}