{"mpii_body_pts": [[0.0, 0.0, 0.0], [330.181, 259.0565, 0.6610175], [316.916, 228.543, 0.67607], [295.021, 78.2449, 0.552944], [0.0, 0.0, 0.0], [0.0, 0.0, 0.0], [0.0, 0.0, 0.0], [0.0, 0.0, 0.0], [0.0, 0.0, 0.0], [0.0, 0.0, 0.0], [266.918, 324.002, 0.654223], [218.515, 410.071, 0.363959], [231.102, 255.149, 0.708046], [429.26, 262.964, 0.613989], [469.843, 358.419, 0.54092], [468.294, 405.364, 0.47771]], "hand_pts": [[270.81088256835943, 315.4248046875, 1.0], [288.74578857421875, 311.36724853515636, 1.0], [305.865478515625, 315.01904296875, 1.0], [314.83294677734375, 340.1757202148438, 1.0], [319.7242736816406, 358.8403625488281, 1.0], [325.0232238769531, 316.64205932617193, 1.0], [342.55050659179693, 323.53985595703125, 1.0], [348.6647033691407, 340.98724365234375, 1.0], [350.7027587890625, 354.37707519531256, 1.0], [320.5394897460937, 323.13409423828125, 1.0], [331.1373901367188, 345.4505310058594, 1.0], [332.36022949218744, 360.0576171875, 1.0], [330.32217407226557, 366.95544433593756, 1.0], [304.23504638671875, 328.00314331054693, 1.0], [309.12637329101557, 345.0447692871094, 1.0], [308.31115722656244, 354.37707519531256, 1.0], [306.6806945800781, 349.102294921875, 1.0], [289.56103515624994, 335.7124328613281, 1.0], [294.45236206054693, 347.4792785644531, 1.0], [294.85998535156256, 354.7828369140625, 1.0], [291.1914672851563, 348.69653320312494, 1.0]], "head_box": [[244.92163333333335, 78.2449], [345.12036666666665, 228.543]], "head_size": 150.2981, "hand_box_center": [310.75682067871094, 339.161346435547], "is_left": 0, "is_mpii": 0}