{"mpii_body_pts": [[0.0, 0.0, 0.0], [327.7835, 268.4365, 0.6304265], [324.689, 220.746, 0.700743], [316.917, 75.1054, 0.574367], [0.0, 0.0, 0.0], [0.0, 0.0, 0.0], [0.0, 0.0, 0.0], [0.0, 0.0, 0.0], [0.0, 0.0, 0.0], [0.0, 0.0, 0.0], [280.997, 455.404, 0.594863], [173.277, 444.476, 0.719927], [229.408, 280.149, 0.638054], [426.159, 256.724, 0.622799], [533.848, 317.694, 0.406985], [493.23, 219.074, 0.748046]], "hand_pts": [[486.5245056152344, 214.18061828613278, 1.0], [477.0724487304688, 197.44236755371097, 1.0], [462.7193298339844, 184.19123840332034, 1.0], [452.91720581054693, 181.75024414062503, 1.0], [443.4651794433593, 183.49382019042972, 1.0], [477.0724487304688, 176.51953124999997, 1.0], [454.6676025390626, 189.07322692871094, 1.0], [461.31903076171875, 194.65264892578128, 1.0], [467.27032470703125, 193.60650634765628, 1.0], [484.7741394042968, 186.63223266601562, 1.0], [459.5686645507813, 199.88336181640628, 1.0], [469.02072143554693, 203.37049865722662, 1.0], [474.6219177246093, 201.27821350097656, 1.0], [492.4757995605469, 198.48851013183594, 1.0], [470.42102050781244, 209.64733886718753, 1.0], [477.0724487304688, 212.4370574951172, 1.0], [481.6234436035157, 211.04220581054688, 1.0], [494.5762634277344, 211.73962402343747, 1.0], [474.97198486328125, 219.76004028320315, 1.0], [478.8228454589843, 220.80618286132812, 1.0], [481.97351074218733, 219.76004028320315, 1.0]], "head_box": [[268.3701333333333, 75.1054], [365.46386666666666, 220.746]], "head_size": 145.6406, "hand_box_center": [469.0207214355469, 198.66285705566406], "is_left": 1, "is_mpii": 0}