{"mpii_body_pts": [[0.0, 0.0, 0.0], [344.9745, 282.537, 0.6503595], [355.902, 291.119, 0.68634], [329.301, 153.368, 0.363168], [0.0, 0.0, 0.0], [0.0, 0.0, 0.0], [0.0, 0.0, 0.0], [0.0, 0.0, 0.0], [0.0, 0.0, 0.0], [0.0, 0.0, 0.0], [268.534, 350.627, 0.802094], [243.483, 422.621, 0.399406], [246.67, 281.758, 0.673526], [443.279, 283.316, 0.627193], [527.575, 439.797, 0.542567], [505.818, 353.69, 0.660534]], "hand_pts": [[502.47943115234375, 339.358642578125, 1.0], [501.4399719238281, 316.9245300292969, 1.0], [492.43127441406244, 303.1189270019531, 1.0], [471.98843383789057, 304.8446044921875, 1.0], [465.4051513671874, 318.3050842285156, 1.0], [504.90484619140636, 310.02172851562494, 1.0], [475.7998046875, 305.88003540039057, 1.0], [480.3041687011719, 314.1633911132813, 1.0], [488.96636962890625, 315.1988220214844, 1.0], [501.4399719238281, 321.4113464355469, 1.0], [470.2560119628905, 317.61480712890636, 1.0], [482.03662109375006, 322.10162353515636, 1.0], [491.39178466796875, 322.7919006347657, 1.0], [496.58911132812494, 336.9426574707031, 1.0], [471.64196777343756, 329.0044250488281, 1.0], [483.76904296875, 334.18154907226557, 1.0], [490.3523254394532, 336.59753417968744, 1.0], [487.5804138183594, 349.0225830078125, 1.0], [472.6814270019531, 341.4294738769531, 1.0], [478.57171630859364, 342.1197509765625, 1.0], [482.38308715820307, 343.845458984375, 1.0]], "head_box": [[283.38399999999996, 153.368], [375.218, 291.119]], "head_size": 137.75100000000003, "hand_box_center": [485.1549987792969, 326.0707550048828], "is_left": 1, "is_mpii": 0}