{"mpii_body_pts": [[0.0, 0.0, 0.0], [316.86400000000003, 269.1935, 0.65553], [318.392, 237.929, 0.641463], [321.579, 81.3964, 0.342149], [0.0, 0.0, 0.0], [0.0, 0.0, 0.0], [0.0, 0.0, 0.0], [0.0, 0.0, 0.0], [0.0, 0.0, 0.0], [0.0, 0.0, 0.0], [277.807, 344.292, 0.684606], [191.958, 416.352, 0.529293], [220.075, 267.622, 0.688174], [413.653, 270.765, 0.622886], [460.506, 383.497, 0.386454], [482.376, 455.42, 0.616504]], "hand_pts": [[270.02880859375006, 353.7703552246093, 1.0], [276.06854248046875, 332.5272216796875, 1.0], [298.616943359375, 314.4905700683593, 1.0], [321.9706420898438, 311.28405761718744, 1.0], [331.23156738281244, 306.8751220703125, 1.0], [310.6964416503906, 318.097900390625, 1.0], [342.1031188964843, 315.6930236816406, 1.0], [339.68722534179693, 308.4783630371093, 1.0], [330.8289184570312, 309.2799987792969, 1.0], [316.3335266113281, 334.1304626464844, 1.0], [333.64746093750006, 327.31661987304693, 1.0], [330.8289184570312, 320.90359497070307, 1.0], [323.5812377929687, 322.1060485839844, 1.0], [317.9441223144532, 346.95651245117176, 1.0], [332.43951416015625, 336.5353393554687, 1.0], [325.9971313476562, 334.1304626464844, 1.0], [321.1653137207031, 335.7337341308594, 1.0], [316.73617553710926, 356.17523193359375, 1.0], [325.9971313476562, 348.9605712890625, 1.0], [325.1918334960937, 343.75, 1.0], [319.9573669433594, 343.75, 1.0]], "head_box": [[269.4014666666667, 81.3964], [373.7565333333333, 237.929]], "head_size": 156.5326, "hand_box_center": [306.0659637451172, 331.5251770019531], "is_left": 0, "is_mpii": 0}