{"mpii_body_pts": [[0.0, 0.0, 0.0], [317.6925, 270.79049999999995, 0.6618255], [320.036, 230.088, 0.742933], [321.587, 78.2526, 0.550649], [0.0, 0.0, 0.0], [0.0, 0.0, 0.0], [0.0, 0.0, 0.0], [0.0, 0.0, 0.0], [0.0, 0.0, 0.0], [0.0, 0.0, 0.0], [290.332, 444.478, 0.65277], [176.41, 450.779, 0.63821], [216.991, 281.768, 0.662208], [418.394, 259.813, 0.661443], [468.313, 399.137, 0.37934], [493.28, 411.648, 0.418922]], "hand_pts": [[488.7146911621094, 400.3688049316406, 1.0], [507.3306884765625, 392.8060607910156, 1.0], [522.5437622070314, 401.761962890625, 1.0], [536.7559814453125, 405.94134521484375, 1.0], [547.5926513671876, 406.2035827636719, 1.0], [526.1468505859374, 424.649169921875, 1.0], [531.551513671875, 415.6932983398438, 1.0], [532.5523681640624, 403.75213623046875, 1.0], [532.7525634765625, 395.9903869628905, 1.0], [514.9372558593749, 429.6246643066407, 1.0], [522.3436279296875, 422.0619201660156, 1.0], [523.9449462890625, 409.32467651367193, 1.0], [523.7448120117188, 396.1893920898438, 1.0], [499.9243469238281, 428.23153686523426, 1.0], [510.3332824707031, 422.0619201660156, 1.0], [514.1365356445312, 409.32467651367193, 1.0], [514.9372558593749, 398.37863159179693, 1.0], [488.7146911621094, 421.86291503906256, 1.0], [497.7224426269532, 418.4795837402343, 1.0], [503.3272705078125, 410.71783447265625, 1.0], [507.53088378906256, 402.95605468749994, 1.0]], "head_box": [[270.9752, 78.2526], [372.1988, 230.088]], "head_size": 151.8354, "hand_box_center": [518.1536712646484, 411.2153625488281], "is_left": 1, "is_mpii": 0}