{"mpii_body_pts": [[0.0, 0.0, 0.0], [317.6255, 248.8605, 0.573098], [329.31, 253.589, 0.570147], [385.569, 118.944, 0.284224], [0.0, 0.0, 0.0], [0.0, 0.0, 0.0], [0.0, 0.0, 0.0], [0.0, 0.0, 0.0], [0.0, 0.0, 0.0], [0.0, 0.0, 0.0], [462.034, 317.688, 0.605538], [355.901, 316.165, 0.392986], [268.429, 242.606, 0.739662], [366.822, 255.115, 0.406534], [454.207, 383.475, 0.205554], [471.425, 405.427, 0.323946]], "hand_pts": [[441.10147094726557, 324.22869873046875, 1.0], [468.0748596191407, 339.93103027343744, 1.0], [491.5451965332031, 344.4672546386719, 1.0], [508.00946044921875, 345.51409912109375, 1.0], [519.7415161132811, 350.68429565429693, 1.0], [504.17431640624994, 337.96780395507807, 1.0], [521.338134765625, 339.55734252929693, 1.0], [505.7709655761719, 340.74951171875, 1.0], [497.3886108398438, 338.3651733398438, 1.0], [504.17431640624994, 325.64868164062506, 1.0], [524.9306030273438, 326.04608154296875, 1.0], [504.97262573242193, 332.80172729492193, 1.0], [496.1911315917969, 330.8147583007813, 1.0], [497.3886108398438, 315.31655883789057, 1.0], [518.9431762695314, 314.1243896484375, 1.0], [501.77935791015625, 323.26434326171875, 1.0], [491.00207519531256, 320.8800048828125, 1.0], [494.19534301757807, 305.77917480468744, 1.0], [510.1617126464843, 305.77917480468744, 1.0], [504.17431640624994, 314.9191589355469, 1.0], [496.1911315917969, 314.52175903320307, 1.0]], "head_box": [[340.68733333333336, 118.944], [430.4506666666667, 253.589]], "head_size": 134.64499999999998, "hand_box_center": [483.0160369873047, 328.2317352294922], "is_left": 0, "is_mpii": 0}