{"mpii_body_pts": [[0.0, 0.0, 0.0], [359.78999999999996, 239.51350000000002, 0.674353], [355.864, 220.684, 0.748197], [359.055, 76.7053, 0.488961], [0.0, 0.0, 0.0], [0.0, 0.0, 0.0], [0.0, 0.0, 0.0], [0.0, 0.0, 0.0], [0.0, 0.0, 0.0], [0.0, 0.0, 0.0], [304.402, 319.292, 0.626003], [216.931, 380.34, 0.59181], [266.952, 233.235, 0.700382], [452.628, 245.792, 0.648324], [502.604, 406.95, 0.711921], [366.799, 403.805, 0.624172]], "hand_pts": [[358.14926147460943, 401.6963806152344, 1.0], [341.695526123047, 402.720733642578, 1.0], [319.41445922851557, 412.6228332519531, 1.0], [307.07415771484375, 427.646728515625, 1.0], [300.90402221679693, 441.9877319335937, 1.0], [313.9298706054688, 429.35400390625, 1.0], [311.87316894531244, 455.3043518066406, 1.0], [314.27264404296875, 469.30389404296875, 1.0], [317.0149536132813, 478.18164062500006, 1.0], [324.2134399414062, 433.7928771972656, 1.0], [323.5278625488281, 457.6945190429687, 1.0], [324.5562438964844, 472.376953125, 1.0], [325.5845947265625, 481.5961608886718, 1.0], [334.83981323242193, 435.5001220703125, 1.0], [332.78308105468744, 457.6945190429687, 1.0], [332.44030761718744, 472.376953125, 1.0], [332.44030761718744, 479.54745483398443, 1.0], [348.89404296875, 438.23175048828114, 1.0], [344.4378051757813, 453.9385375976562, 1.0], [341.695526123047, 464.8650207519531, 1.0], [339.29602050781244, 470.3282470703125, 1.0]], "head_box": [[311.0621, 76.7053], [407.0479, 220.684]], "head_size": 143.9787, "hand_box_center": [329.5266418457032, 441.6462707519531], "is_left": 1, "is_mpii": 0}