{"mpii_body_pts": [[0.0, 0.0, 0.0], [348.087, 275.475, 0.5854495], [337.175, 244.238, 0.739871], [305.995, 100.173, 0.494801], [0.0, 0.0, 0.0], [0.0, 0.0, 0.0], [0.0, 0.0, 0.0], [0.0, 0.0, 0.0], [0.0, 0.0, 0.0], [0.0, 0.0, 0.0], [0.0, 0.0, 0.0], [252.844, 419.449, 0.418032], [276.291, 292.677, 0.490416], [419.883, 258.273, 0.680483], [477.666, 427.301, 0.707029], [345.0, 414.756, 0.733139]], "hand_pts": [[305.4742736816406, 371.1987915039063, 1.0], [317.72692871093744, 361.78350830078125, 1.0], [326.8289184570312, 344.69653320312494, 1.0], [330.5549621582031, 322.89770507812494, 1.0], [336.3015441894532, 311.8655090332031, 1.0], [311.2628173828125, 314.3171081542969, 1.0], [310.85235595703125, 297.97314453124994, 1.0], [310.03140258789057, 282.4463806152344, 1.0], [309.6209411621094, 273.048583984375, 1.0], [300.59057617187494, 311.45690917968744, 1.0], [294.843994140625, 295.9301452636718, 1.0], [291.970703125, 280.8119812011719, 1.0], [288.27645874023426, 265.69378662109375, 1.0], [292.79165649414057, 316.36010742187494, 1.0], [287.0450439453125, 300.8333435058594, 1.0], [284.17175292968744, 284.4893493652343, 1.0], [283.350830078125, 269.77978515625, 1.0], [287.0450439453125, 321.2633056640625, 1.0], [277.1937561035156, 309.82250976562494, 1.0], [273.08905029296875, 299.6075439453125, 1.0], [273.08905029296875, 289.39254760742193, 1.0]], "head_box": [[257.97333333333336, 100.173], [354.01666666666665, 244.238]], "head_size": 144.065, "hand_box_center": [304.69529724121094, 318.4462890625], "is_left": 0, "is_mpii": 0}