{"mpii_body_pts": [[0.0, 0.0, 0.0], [330.9435, 267.65250000000003, 0.630321], [330.963, 228.493, 0.701558], [324.681, 68.9099, 0.516391], [0.0, 0.0, 0.0], [0.0, 0.0, 0.0], [0.0, 0.0, 0.0], [0.0, 0.0, 0.0], [0.0, 0.0, 0.0], [0.0, 0.0, 0.0], [254.449, 452.348, 0.555891], [177.928, 438.261, 0.73636], [231.045, 275.486, 0.627764], [430.842, 259.819, 0.632878], [507.291, 419.478, 0.73781], [429.297, 447.663, 0.699351]], "hand_pts": [[259.023681640625, 452.91021728515625, 1.0], [264.2748107910156, 441.75137329101557, 1.0], [282.80023193359375, 424.384033203125, 1.0], [304.55517578124994, 425.20123291015625, 1.0], [317.27978515625, 415.803466796875, 1.0], [280.7478942871094, 423.5668334960937, 1.0], [311.1227111816406, 430.5130310058594, 1.0], [309.89129638671875, 433.37322998046875, 1.0], [303.3237915039063, 431.73883056640625, 1.0], [272.94894409179693, 437.8678283691407, 1.0], [310.3017883300781, 443.17959594726557, 1.0], [306.6075439453125, 444.8139953613281, 1.0], [303.73425292968744, 444.40539550781244, 1.0], [272.5384826660156, 449.7171936035156, 1.0], [302.9132995605469, 453.8031921386719, 1.0], [306.19708251953136, 456.2547912597657, 1.0], [303.73425292968744, 458.29779052734375, 1.0], [273.3594055175781, 464.4267578124999, 1.0], [295.52484130859375, 466.8783569335937, 1.0], [302.09237670898426, 464.83535766601557, 1.0], [300.4504699707031, 464.01818847656244, 1.0]], "head_box": [[271.4866333333333, 68.9099], [377.87536666666665, 228.493]], "head_size": 159.5831, "hand_box_center": [288.1517333984375, 441.3409118652344], "is_left": 0, "is_mpii": 0}