{"mpii_body_pts": [[0.0, 0.0, 0.0], [338.764, 276.26800000000003, 0.6239600000000001], [343.387, 266.078, 0.654349], [382.473, 109.565, 0.373381], [0.0, 0.0, 0.0], [0.0, 0.0, 0.0], [0.0, 0.0, 0.0], [0.0, 0.0, 0.0], [0.0, 0.0, 0.0], [0.0, 0.0, 0.0], [349.678, 355.368, 0.764386], [246.66, 432.057, 0.490588], [245.125, 266.075, 0.615728], [432.403, 286.461, 0.632192], [476.096, 428.854, 0.513999], [466.691, 455.44, 0.659719]], "hand_pts": [[457.0, 454.0, 1.0], [466.53662109375006, 460.00604248046875, 1.0], [472.8228454589843, 465.8741760253906, 1.0], [475.9659423828125, 478.78405761718744, 1.0], [486.5739135742187, 486.99945068359375, 1.0], [466.14373779296875, 480.3489074707031, 1.0], [469.2868347167969, 494.4324035644531, 1.0], [472.0370483398438, 496.77966308593756, 1.0], [466.9295043945313, 486.6082458496094, 1.0], [454.35711669921875, 481.1313171386718, 1.0], [461.8219909667969, 499.12692260742193, 1.0], [458.6788635253907, 494.8236083984375, 1.0], [457.1073303222656, 488.9554748535156, 1.0], [448.0709228515625, 485.0433959960937, 1.0], [455.5357666015625, 501.4741516113281, 1.0], [450.42822265624994, 496.38845825195307, 1.0], [447.6780090332031, 491.302734375, 1.0], [436.2842712402343, 484.6521911621094, 1.0], [442.1775817871094, 498.7356872558594, 1.0], [439.82028198242193, 494.4324035644531, 1.0], [437.8558349609375, 489.7379150390625, 1.0]], "head_box": [[330.302, 109.565], [434.644, 266.078]], "head_size": 156.51299999999998, "hand_box_center": [461.4290924072265, 477.73707580566406], "is_left": 1, "is_mpii": 0}