{"mpii_body_pts": [[0.0, 0.0, 0.0], [305.955, 254.36700000000002, 0.579094], [315.287, 220.707, 0.711622], [312.212, 76.6648, 0.565547], [0.0, 0.0, 0.0], [0.0, 0.0, 0.0], [0.0, 0.0, 0.0], [0.0, 0.0, 0.0], [0.0, 0.0, 0.0], [0.0, 0.0, 0.0], [281.048, 294.206, 0.693427], [235.684, 367.838, 0.271277], [220.116, 258.31, 0.706335], [391.794, 250.424, 0.451853], [496.395, 239.464, 0.629043], [404.239, 201.883, 0.796763]], "hand_pts": [[399.18911743164057, 199.960693359375, 1.0], [377.4703063964843, 216.36091613769537, 1.0], [362.40722656249994, 221.59501647949222, 1.0], [354.70056152343756, 222.99078369140622, 1.0], [352.2484130859375, 227.8759460449219, 1.0], [351.547821044922, 206.24162292480466, 1.0], [325.27505493164057, 209.0331573486328, 1.0], [324.22412109375006, 219.5013732910156, 1.0], [325.97564697265625, 226.82913208007815, 1.0], [353.2993469238281, 198.56494140625, 1.0], [325.27505493164057, 196.12234497070318, 1.0], [324.92474365234375, 209.3820953369141, 1.0], [333.68234252929693, 219.15243530273446, 1.0], [357.15267944335943, 191.93505859374997, 1.0], [334.7332458496093, 188.44566345214838, 1.0], [331.5805053710937, 200.3096466064453, 1.0], [335.78414916992193, 210.07997131347656, 1.0], [362.7575378417969, 185.3051910400391, 1.0], [348.0447692871094, 186.70095825195312, 1.0], [341.3890075683594, 192.63294982910156, 1.0], [339.98779296874994, 202.0543365478516, 1.0]], "head_box": [[264.1979333333333, 76.6648], [360.22606666666667, 220.707]], "head_size": 144.04219999999998, "hand_box_center": [361.7066192626953, 206.5905685424805], "is_left": 1, "is_mpii": 0}