{"mpii_body_pts": [[0.0, 0.0, 0.0], [350.47, 259.03, 0.636613], [341.841, 253.556, 0.522668], [391.803, 129.936, 0.298693], [0.0, 0.0, 0.0], [0.0, 0.0, 0.0], [0.0, 0.0, 0.0], [0.0, 0.0, 0.0], [0.0, 0.0, 0.0], [0.0, 0.0, 0.0], [432.383, 317.763, 0.564704], [343.386, 306.772, 0.393991], [270.078, 236.336, 0.694168], [430.862, 281.724, 0.579058], [477.685, 331.845, 0.22388], [0.0, 0.0, 0.0]], "hand_pts": [[480.75881958007807, 410.9142456054688, 1.0], [493.7840270996094, 406.2436828613282, 1.0], [510.632080078125, 413.06668090820307, 1.0], [522.2578735351564, 418.98052978515625, 1.0], [530.90966796875, 423.28149414062494, 1.0], [507.6193237304688, 432.7240905761719, 1.0], [510.63073730468744, 427.11022949218744, 1.0], [513.0147705078127, 423.492401123047, 1.0], [514.4962158203124, 421.31686401367193, 1.0], [495.82464599609375, 433.2230834960937, 1.0], [500.6169128417969, 427.26123046874994, 1.0], [502.9657287597656, 424.07675170898426, 1.0], [504.48245239257807, 421.4963378906249, 1.0], [479.47766113281256, 432.5686950683594, 1.0], [486.9511413574219, 426.4120483398438, 1.0], [491.221710205078, 422.802978515625, 1.0], [494.21109008789057, 421.7414855957032, 1.0], [468.37420654296875, 429.17190551757807, 1.0], [474.9957885742187, 426.7359619140625, 1.0], [479.26193237304693, 424.6151733398438, 1.0], [482.7752380371093, 421.99536132812494, 1.0]], "head_box": [[350.59633333333335, 129.936], [433.00966666666665, 253.556]], "head_size": 123.62, "hand_box_center": [499.6419372558594, 419.73338317871094], "is_left": 1, "is_mpii": 0}