{"mpii_body_pts": [[0.0, 0.0, 0.0], [322.351, 270.76250000000005, 0.6362035], [326.237, 220.713, 0.6774], [321.547, 68.863, 0.527517], [0.0, 0.0, 0.0], [0.0, 0.0, 0.0], [0.0, 0.0, 0.0], [0.0, 0.0, 0.0], [0.0, 0.0, 0.0], [0.0, 0.0, 0.0], [240.377, 419.451, 0.756441], [163.918, 431.999, 0.712783], [220.096, 267.622, 0.659599], [424.606, 273.903, 0.612808], [457.347, 402.272, 0.486148], [482.363, 407.002, 0.409904]], "hand_pts": [[472.4385375976562, 403.9388427734375, 1.0], [492.0440368652344, 397.70120239257807, 1.0], [504.96298217773443, 403.87728881835943, 1.0], [513.81640625, 407.8783874511718, 1.0], [528.706298828125, 411.67944335937506, 1.0], [507.3775634765625, 423.0826110839844, 1.0], [507.7799987792969, 417.08096313476574, 1.0], [508.7860717773437, 412.67971801757807, 1.0], [508.58483886718744, 408.478546142578, 1.0], [496.310791015625, 426.88366699218744, 1.0], [497.92050170898426, 417.6811218261719, 1.0], [499.5302124023437, 412.8797912597657, 1.0], [499.7314147949219, 407.2782287597656, 1.0], [479.00634765624994, 426.4835815429687, 1.0], [483.83551025390625, 419.28155517578125, 1.0], [487.054931640625, 412.47967529296875, 1.0], [491.68286132812506, 408.0784606933595, 1.0], [464.3177185058594, 419.8817443847657, 1.0], [470.55535888671875, 416.6808471679688, 1.0], [474.37841796874994, 414.6802978515625, 1.0], [478.60394287109375, 410.279052734375, 1.0]], "head_box": [[270.93033333333335, 68.863], [372.1636666666667, 220.713]], "head_size": 151.85, "hand_box_center": [496.5120086669922, 412.29243469238276], "is_left": 1, "is_mpii": 0}