{"mpii_body_pts": [[0.0, 0.0, 0.0], [336.37, 259.02750000000003, 0.658567], [332.536, 253.544, 0.636657], [329.407, 104.882, 0.350789], [0.0, 0.0, 0.0], [0.0, 0.0, 0.0], [0.0, 0.0, 0.0], [0.0, 0.0, 0.0], [0.0, 0.0, 0.0], [0.0, 0.0, 0.0], [240.352, 361.544, 0.562226], [206.0, 438.271, 0.526178], [240.36, 262.973, 0.638989], [432.38, 255.082, 0.678145], [490.099, 430.405, 0.716871], [382.43, 407.013, 0.720293]], "hand_pts": [[230.51922607421875, 349.1502685546875, 1.0], [244.9884643554688, 338.3478393554688, 1.0], [272.7211608886718, 333.94683837890625, 1.0], [294.82690429687494, 344.749267578125, 1.0], [302.06152343749994, 361.5530700683594, 1.0], [280.7596130371094, 339.1480102539063, 1.0], [307.68844604492193, 358.35235595703125, 1.0], [311.3057556152344, 367.1543579101563, 1.0], [305.6788330078125, 362.353271484375, 1.0], [272.7211608886718, 352.3509826660157, 1.0], [298.8461303710937, 371.155242919922, 1.0], [292.8172912597657, 369.9549865722656, 1.0], [287.9942321777344, 366.3541564941406, 1.0], [263.47692871093744, 358.75244140625, 1.0], [285.98461914062494, 379.957244873047, 1.0], [282.3673095703125, 376.7565307617187, 1.0], [277.5442199707031, 374.3559875488281, 1.0], [256.6442260742188, 370.3550720214844, 1.0], [273.9269104003905, 383.55804443359375, 1.0], [269.5057678222656, 380.3573303222656, 1.0], [267.09423828124994, 378.75695800781244, 1.0]], "head_box": [[279.85299999999995, 104.882], [378.961, 253.544]], "head_size": 148.662, "hand_box_center": [270.91249084472656, 358.75244140625], "is_left": 0, "is_mpii": 0}