{"mpii_body_pts": [[0.0, 0.0, 0.0], [344.21500000000003, 244.2285, 0.692754], [346.55, 226.932, 0.654973], [354.371, 75.1271, 0.295815], [0.0, 0.0, 0.0], [0.0, 0.0, 0.0], [0.0, 0.0, 0.0], [0.0, 0.0, 0.0], [0.0, 0.0, 0.0], [0.0, 0.0, 0.0], [246.653, 356.86, 0.777345], [190.452, 419.437, 0.650033], [243.531, 244.231, 0.713424], [444.899, 244.226, 0.672084], [496.384, 416.362, 0.728665], [404.297, 389.7, 0.742944]], "hand_pts": [[403.0, 388.0, 1.0], [399.30990600585943, 382.44723510742193, 1.0], [396.6687927246094, 374.18200683593756, 1.0], [395.536865234375, 380.9444580078125, 1.0], [395.1595764160156, 389.20968627929693, 1.0], [378.9354858398438, 406.1158142089843, 1.0], [355.5426330566406, 396.72351074218733, 1.0], [338.9412536621093, 392.96661376953125, 1.0], [331.7724609375, 389.58538818359375, 1.0], [370.63479614257807, 412.5025634765625, 1.0], [349.1284484863281, 400.104736328125, 1.0], [332.52706909179693, 394.09368896484375, 1.0], [321.96255493164057, 390.7124633789063, 1.0], [366.4844360351563, 408.74566650390636, 1.0], [346.1100158691406, 403.86166381835943, 1.0], [332.14974975585943, 397.47491455078125, 1.0], [319.3214111328125, 390.3367614746093, 1.0], [365.72982788085943, 400.8561401367188, 1.0], [352.5242004394532, 400.4804382324219, 1.0], [338.9412536621093, 395.97213745117176, 1.0], [331.3951416015625, 392.21520996093744, 1.0]], "head_box": [[303.76936666666666, 75.1271], [404.9726333333333, 226.932]], "head_size": 151.80489999999998, "hand_box_center": [361.16070556640625, 393.34228515625], "is_left": 1, "is_mpii": 0}