{"mpii_body_pts": [[0.0, 0.0, 0.0], [343.421, 262.95349999999996, 0.6728155], [343.45, 242.601, 0.672672], [334.067, 95.4797, 0.341686], [0.0, 0.0, 0.0], [0.0, 0.0, 0.0], [0.0, 0.0, 0.0], [0.0, 0.0, 0.0], [0.0, 0.0, 0.0], [0.0, 0.0, 0.0], [218.489, 396.004, 0.728489], [166.995, 406.947, 0.669208], [243.578, 258.267, 0.648655], [443.264, 267.64, 0.696976], [482.325, 361.562, 0.500036], [499.489, 435.12, 0.49372]], "hand_pts": [[234.7029724121094, 390.7223510742187, 1.0], [256.8635864257813, 376.83297729492193, 1.0], [263.0193176269531, 388.6797790527344, 1.0], [258.50512695312494, 401.75213623046875, 1.0], [244.1417541503906, 410.7393493652343, 1.0], [244.9625244140625, 373.5648803710938, 1.0], [244.1417541503906, 401.3436279296875, 1.0], [249.8871002197266, 399.7095642089843, 1.0], [249.8871002197266, 394.39892578124994, 1.0], [235.52374267578125, 372.33935546874994, 1.0], [234.7029724121094, 405.4287109374999, 1.0], [240.85870361328128, 403.794677734375, 1.0], [241.26908874511716, 398.89254760742193, 1.0], [226.90573120117185, 374.3819274902343, 1.0], [227.72648620605472, 405.4287109374999, 1.0], [233.47183227539062, 404.61169433593756, 1.0], [234.7029724121094, 401.75213623046875, 1.0], [215.00465393066403, 383.36914062500006, 1.0], [215.00465393066403, 405.4287109374999, 1.0], [218.28770446777344, 407.06277465820307, 1.0], [218.28770446777344, 402.97766113281256, 1.0]], "head_box": [[285.02656666666667, 95.4797], [383.10743333333335, 242.601]], "head_size": 147.12130000000002, "hand_box_center": [239.0119857788086, 391.53935241699213], "is_left": 0, "is_mpii": 0}