{"mpii_body_pts": [[0.0, 0.0, 0.0], [313.783, 274.751, 0.662009], [319.982, 245.783, 0.724621], [302.847, 93.938, 0.505519], [0.0, 0.0, 0.0], [0.0, 0.0, 0.0], [0.0, 0.0, 0.0], [0.0, 0.0, 0.0], [0.0, 0.0, 0.0], [0.0, 0.0, 0.0], [285.64, 385.059, 0.545104], [224.773, 446.087, 0.399609], [221.689, 292.747, 0.619188], [405.877, 256.755, 0.70483], [476.102, 430.425, 0.716839], [352.787, 419.445, 0.719874]], "hand_pts": [[297.42333984374994, 380.1329345703125, 1.0], [308.38623046874994, 373.3460998535156, 1.0], [315.3687744140625, 353.72058105468744, 1.0], [317.8331909179687, 330.0064086914063, 1.0], [325.2264709472655, 318.14932250976574, 1.0], [300.58221435546875, 323.0556945800781, 1.0], [302.22515869140625, 306.7010803222656, 1.0], [303.4573669433594, 300.15924072265636, 1.0], [307.5647583007813, 293.61740112304705, 1.0], [289.4922790527343, 326.3266296386719, 1.0], [289.08154296874994, 313.65179443359375, 1.0], [291.5459899902344, 305.065643310547, 1.0], [297.2963256835937, 296.479461669922, 1.0], [278.81311035156244, 329.59753417968744, 1.0], [280.0453186035156, 319.78479003906256, 1.0], [282.92050170898426, 307.9276733398438, 1.0], [285.79565429687494, 298.5238037109375, 1.0], [273.47351074218733, 337.77484130859375, 1.0], [268.9554138183594, 325.50888061523443, 1.0], [268.1339416503906, 317.74044799804693, 1.0], [272.65203857421875, 308.33654785156244, 1.0]], "head_box": [[252.232, 93.938], [353.462, 245.783]], "head_size": 151.84499999999997, "hand_box_center": [296.68020629882807, 336.8751678466798], "is_left": 0, "is_mpii": 0}