{"mpii_body_pts": [[0.0, 0.0, 0.0], [334.80150000000003, 279.4045, 0.632529], [330.907, 286.422, 0.675261], [396.509, 137.736, 0.332652], [0.0, 0.0, 0.0], [0.0, 0.0, 0.0], [0.0, 0.0, 0.0], [0.0, 0.0, 0.0], [0.0, 0.0, 0.0], [0.0, 0.0, 0.0], [379.322, 369.355, 0.724155], [226.322, 367.824, 0.69264], [252.853, 261.409, 0.647498], [416.75, 297.4, 0.61756], [433.927, 406.96, 0.344599], [454.195, 430.431, 0.431142]], "hand_pts": [[437.5512084960937, 421.9449768066406, 1.0], [452.226593017578, 416.1189575195313, 1.0], [469.9776916503906, 427.73541259765625, 1.0], [479.89273071289057, 435.72918701171875, 1.0], [493.9847412109375, 438.11315917968744, 1.0], [468.9853210449219, 450.9703063964843, 1.0], [471.49105834960926, 447.1600036621094, 1.0], [472.5228576660156, 443.78939819335943, 1.0], [473.40722656249994, 441.4446105957032, 1.0], [457.78308105468744, 451.1168518066406, 1.0], [460.7310180664062, 446.8669128417969, 1.0], [462.4998168945313, 442.91009521484375, 1.0], [463.8263854980469, 440.56530761718744, 1.0], [442.89590454101557, 452.43579101562494, 1.0], [447.17044067382824, 446.8669128417969, 1.0], [451.59237670898426, 443.3497314453125, 1.0], [454.3411560058594, 441.04507446289057, 1.0], [428.7456970214844, 444.3755798339844, 1.0], [435.0838012695313, 443.78939819335943, 1.0], [439.50573730468744, 442.47045898437494, 1.0], [443.78027343749994, 439.53945922851557, 1.0]], "head_box": [[346.947, 137.736], [446.071, 286.422]], "head_size": 148.68600000000004, "hand_box_center": [461.36521911621094, 434.2773742675781], "is_left": 1, "is_mpii": 0}