{"mpii_body_pts": [[0.0, 0.0, 0.0], [358.2785, 259.046, 0.7048645], [355.906, 233.23, 0.705986], [380.848, 81.3858, 0.417476], [0.0, 0.0, 0.0], [0.0, 0.0, 0.0], [0.0, 0.0, 0.0], [0.0, 0.0, 0.0], [0.0, 0.0, 0.0], [0.0, 0.0, 0.0], [408.977, 352.173, 0.71075], [245.092, 333.395, 0.731736], [266.987, 236.368, 0.729281], [449.57, 281.724, 0.680448], [469.861, 380.333, 0.509437], [485.452, 428.847, 0.440735]], "hand_pts": [[489.96353149414057, 424.42221069335943, 1.0], [506.3209838867188, 418.15203857421875, 1.0], [529.9702758789062, 430.30050659179693, 1.0], [542.9264526367188, 436.13378906249994, 1.0], [555.6644897460939, 438.342742919922, 1.0], [531.0770874023438, 449.6820983886719, 1.0], [535.9649047851561, 443.9387817382812, 1.0], [538.0385742187501, 436.87011718749994, 1.0], [539.3716430664062, 429.6541442871094, 1.0], [518.4871215820311, 456.30899047851557, 1.0], [527.9666137695311, 448.5039672851563, 1.0], [531.2251586914061, 438.342742919922, 1.0], [533.1506958007811, 431.1268005371094, 1.0], [505.1565856933595, 454.5418090820313, 1.0], [514.7841796875001, 450.41839599609364, 1.0], [519.8201904296875, 442.61340332031256, 1.0], [524.263671875, 435.3974609375, 1.0], [493.45532226562494, 446.7368164062499, 1.0], [502.93481445312494, 445.26416015625, 1.0], [510.9205932617187, 439.79901123046875, 1.0], [516.1301879882812, 434.41223144531244, 1.0]], "head_box": [[330.2332666666667, 81.3858], [431.46273333333335, 233.23]], "head_size": 151.8442, "hand_box_center": [522.8140106201172, 437.2305145263672], "is_left": 1, "is_mpii": 0}