{"mpii_body_pts": [[0.0, 0.0, 0.0], [362.14700000000005, 255.1205, 0.6932475], [362.13, 242.645, 0.633266], [354.31, 89.2087, 0.453951], [0.0, 0.0, 0.0], [0.0, 0.0, 0.0], [0.0, 0.0, 0.0], [0.0, 0.0, 0.0], [0.0, 0.0, 0.0], [0.0, 0.0, 0.0], [266.872, 328.646, 0.674331], [190.427, 389.725, 0.55706], [268.434, 244.192, 0.723497], [455.86, 266.049, 0.662998], [490.171, 444.534, 0.717529], [388.698, 408.519, 0.719736]], "hand_pts": [[271.169891357422, 321.2352600097657, 1.0], [286.93804931640625, 327.3813781738281, 1.0], [301.3350524902343, 336.2591247558594, 1.0], [301.3350524902343, 351.9659423828125, 1.0], [292.33654785156244, 356.45877075195307, 1.0], [304.76290893554693, 329.43008422851557, 1.0], [304.76290893554693, 353.6731872558594, 1.0], [300.77691650390625, 365.26077270507807, 1.0], [299.57113647460926, 361.65997314453136, 1.0], [292.42260742187494, 328.0643005371094, 1.0], [287.1115417480469, 354.05822753906256, 1.0], [286.3076782226563, 360.45968627929693, 1.0], [285.5038452148438, 357.25897216796875, 1.0], [277.340057373047, 326.01556396484375, 1.0], [275.45578002929693, 352.0578002929688, 1.0], [275.0538330078125, 350.45742797851557, 1.0], [275.0538330078125, 347.6567993164063, 1.0], [262.9430236816406, 329.77154541015625, 1.0], [262.6002502441406, 345.47833251953125, 1.0], [265.40768432617193, 352.45788574218744, 1.0], [265.0057678222656, 350.8575134277344, 1.0]], "head_box": [[303.16456666666664, 89.2087], [405.45543333333336, 242.645]], "head_size": 153.43630000000002, "hand_box_center": [283.68157958984375, 343.2480163574219], "is_left": 0, "is_mpii": 0}