{"mpii_body_pts": [[202.1455, 254.356, 0.1140755], [344.204, 274.69849999999997, 0.6405095000000001], [352.777, 242.553, 0.709465], [368.441, 84.537, 0.495467], [0.0, 0.0, 0.0], [0.0, 0.0, 0.0], [0.0, 0.0, 0.0], [404.291, 508.712, 0.228151], [0.0, 0.0, 0.0], [0.0, 0.0, 0.0], [287.205, 469.601, 0.669599], [167.046, 419.498, 0.764259], [246.634, 264.518, 0.610172], [441.774, 284.879, 0.670847], [491.721, 378.768, 0.364735], [529.182, 419.499, 0.49754]], "hand_pts": [[279.8589172363281, 471.9700317382812, 1.0], [294.28656005859364, 456.5469360351563, 1.0], [322.7899475097657, 454.7943115234375, 1.0], [346.0149230957032, 461.10375976562494, 1.0], [359.0344848632813, 454.74151611328125, 1.0], [330.8834838867188, 471.26898193359375, 1.0], [351.64523315429693, 476.5268249511718, 1.0], [349.41116333007807, 470.3100891113282, 1.0], [339.38690185546875, 469.1124877929688, 1.0], [325.2532043457031, 482.83627319335943, 1.0], [344.2554626464844, 488.09414672851557, 1.0], [342.5946655273438, 482.6850891113282, 1.0], [332.9713745117187, 480.2899169921874, 1.0], [318.21533203124994, 493.35202026367193, 1.0], [334.050537109375, 495.4551696777344, 1.0], [334.17428588867193, 489.8705749511718, 1.0], [325.75387573242193, 489.0722045898438, 1.0], [310.1217651367188, 502.11511230468744, 1.0], [324.19750976562494, 501.06353759765625, 1.0], [324.14999389648443, 499.05206298828125, 1.0], [318.13543701171875, 498.6528625488282, 1.0]], "head_box": [[315.769, 84.537], [421.11299999999994, 242.553]], "head_size": 158.016, "hand_box_center": [319.4467010498047, 478.4283142089844], "is_left": 0, "is_mpii": 0}