{"mpii_body_pts": [[0.0, 0.0, 0.0], [341.078, 262.181, 0.673324], [343.492, 230.059, 0.730223], [341.814, 79.7862, 0.519637], [0.0, 0.0, 0.0], [0.0, 0.0, 0.0], [0.0, 0.0, 0.0], [0.0, 0.0, 0.0], [0.0, 0.0, 0.0], [0.0, 0.0, 0.0], [266.86, 450.774, 0.631734], [168.526, 413.224, 0.750221], [243.511, 255.085, 0.669554], [438.645, 269.277, 0.677094], [501.052, 444.481, 0.630275], [443.346, 389.754, 0.749994]], "hand_pts": [[246.45281982421878, 446.37887573242193, 1.0], [268.3923034667969, 439.230499267578, 1.0], [302.6976623535157, 437.64196777343756, 1.0], [323.0415344238281, 445.5845947265625, 1.0], [339.3964233398438, 444.7903442382812, 1.0], [304.29327392578125, 452.7329711914063, 1.0], [332.6151428222656, 463.0584106445313, 1.0], [329.4239501953125, 455.91003417968744, 1.0], [321.4459533691406, 453.13012695312494, 1.0], [301.89987182617193, 466.6325988769531, 1.0], [324.6371459960937, 473.7809753417969, 1.0], [321.0470581054688, 464.64694213867193, 1.0], [313.06906127929693, 462.6612854003906, 1.0], [293.92187499999994, 476.16375732421875, 1.0], [315.4624633789063, 481.32647705078125, 1.0], [311.8723449707031, 474.1781005859375, 1.0], [303.8943481445313, 472.1924438476563, 1.0], [289.1350708007813, 483.7092895507813, 1.0], [303.4954528808594, 486.4891967773437, 1.0], [302.29876708984375, 481.32647705078125, 1.0], [296.71417236328125, 480.1351013183594, 1.0]], "head_box": [[291.7230666666667, 79.7862], [391.90493333333336, 230.059]], "head_size": 150.27280000000002, "hand_box_center": [292.9246215820313, 462.0655822753906], "is_left": 0, "is_mpii": 0}