{"mpii_body_pts": [[0.0, 0.0, 0.0], [305.188, 263.773, 0.6786730000000001], [305.913, 233.276, 0.744789], [305.939, 84.533, 0.434633], [0.0, 0.0, 0.0], [0.0, 0.0, 0.0], [0.0, 0.0, 0.0], [0.0, 0.0, 0.0], [0.0, 0.0, 0.0], [0.0, 0.0, 0.0], [257.581, 317.74, 0.534006], [193.553, 406.937, 0.526401], [207.66, 267.702, 0.714014], [402.716, 259.844, 0.643332], [462.054, 381.875, 0.470389], [496.422, 378.748, 0.440766]], "hand_pts": [[264.4750061035156, 317.2966918945313, 1.0], [264.4750061035156, 300.91070556640625, 1.0], [277.6849670410156, 276.82446289062506, 1.0], [304.7701416015625, 275.1904296875, 1.0], [322.8269348144531, 272.7393493652343, 1.0], [273.9915161132812, 281.31808471679693, 1.0], [303.9494018554688, 275.1904296875, 1.0], [319.1335144042968, 273.1478576660157, 1.0], [333.4968566894531, 271.51382446289057, 1.0], [272.76037597656244, 296.8414916992188, 1.0], [305.5909118652343, 287.44573974609364, 1.0], [326.9307556152343, 283.7691345214843, 1.0], [336.77993774414057, 279.68405151367193, 1.0], [279.7368774414062, 310.73086547851557, 1.0], [306.4116821289063, 301.74362182617193, 1.0], [320.3646545410156, 293.9819030761718, 1.0], [335.1383972167969, 287.854248046875, 1.0], [292.8690795898438, 317.675537109375, 1.0], [308.0531921386719, 309.50531005859364, 1.0], [317.49197387695307, 302.5606384277344, 1.0], [323.237335205078, 297.6585083007813, 1.0]], "head_box": [[256.358, 84.533], [355.52000000000004, 233.276]], "head_size": 148.743, "hand_box_center": [300.6274719238281, 294.5946807861328], "is_left": 0, "is_mpii": 0}