{"mpii_body_pts": [[0.0, 0.0, 0.0], [358.262, 270.787, 0.6740105000000001], [354.353, 245.744, 0.775976], [376.167, 98.6155, 0.476635], [0.0, 0.0, 0.0], [0.0, 0.0, 0.0], [0.0, 0.0, 0.0], [0.0, 0.0, 0.0], [0.0, 0.0, 0.0], [0.0, 0.0, 0.0], [479.233, 438.274, 0.40229], [307.521, 391.269, 0.535633], [274.735, 253.59, 0.661525], [441.789, 287.984, 0.686496], [479.155, 410.103, 0.445237], [532.329, 469.596, 0.623175]], "hand_pts": [[480.76980590820307, 437.4759826660156, 1.0], [499.0328979492187, 436.42645263671875, 1.0], [526.8117065429688, 448.76837158203125, 1.0], [537.1068115234375, 470.4945068359375, 1.0], [537.5186157226562, 485.2518615722656, 1.0], [533.4005737304688, 458.1966857910156, 1.0], [547.4019165039061, 484.0220642089843, 1.0], [537.5186157226562, 490.5809020996094, 1.0], [532.1651611328124, 479.92282104492193, 1.0], [524.7526855468751, 467.625, 1.0], [521.8700561523438, 488.9411926269531, 1.0], [517.3402099609374, 481.56253051757807, 1.0], [517.7520141601562, 472.95407104492193, 1.0], [512.3985595703126, 468.4448547363282, 1.0], [510.7513427734375, 488.9411926269531, 1.0], [505.80969238281256, 481.15258789062506, 1.0], [505.80969238281256, 473.7738952636719, 1.0], [501.691650390625, 472.95407104492193, 1.0], [499.22082519531256, 488.12133789062494, 1.0], [494.6909790039063, 481.56253051757807, 1.0], [495.10278320312506, 477.4632568359375, 1.0]], "head_box": [[327.1241666666666, 98.6155], [425.20983333333334, 245.744]], "head_size": 147.1285, "hand_box_center": [514.0858612060546, 463.50367736816406], "is_left": 0, "is_mpii": 0}