{"mpii_body_pts": [[0.0, 0.0, 0.0], [341.834, 249.6585, 0.6664734999999999], [337.166, 233.202, 0.690448], [352.74, 100.162, 0.266628], [0.0, 0.0, 0.0], [0.0, 0.0, 0.0], [0.0, 0.0, 0.0], [0.0, 0.0, 0.0], [0.0, 0.0, 0.0], [0.0, 0.0, 0.0], [340.257, 320.908, 0.65222], [195.149, 394.414, 0.334595], [241.935, 247.3, 0.651565], [441.733, 252.017, 0.681382], [479.232, 427.276, 0.700207], [390.254, 388.178, 0.689786]], "hand_pts": [[285.3171691894532, 336.11300659179693, 1.0], [295.94354248046875, 329.2839660644531, 1.0], [314.7967529296874, 320.4062194824218, 1.0], [335.70669555664057, 316.99169921874994, 1.0], [341.8038330078125, 301.64501953125, 1.0], [345.82305908203125, 316.0482788085937, 1.0], [363.10574340820307, 313.2476501464844, 1.0], [369.5365295410155, 326.050537109375, 1.0], [367.125, 336.85299682617193, 1.0], [342.6076965332032, 322.04965209960943, 1.0], [363.10574340820307, 335.6527099609375, 1.0], [373.5557556152344, 354.056884765625, 1.0], [374.76153564453125, 366.0596008300782, 1.0], [343.0096130371094, 327.2508239746094, 1.0], [356.2730712890625, 328.4510803222656, 1.0], [358.6846008300782, 345.6549682617188, 1.0], [353.4595947265625, 352.85659790039057, 1.0], [324.92306518554693, 336.85299682617193, 1.0], [341.0, 330.85162353515636, 1.0], [349.03845214843744, 336.85299682617193, 1.0], [349.84228515625006, 345.25488281250006, 1.0]], "head_box": [[308.3933333333333, 100.162], [397.0866666666667, 233.202]], "head_size": 133.04, "hand_box_center": [330.0393524169922, 333.85231018066406], "is_left": 0, "is_mpii": 0}