{"mpii_body_pts": [[0.0, 0.0, 0.0], [376.21799999999996, 245.728, 0.6730465], [371.53, 230.095, 0.673785], [371.534, 76.7139, 0.52675], [0.0, 0.0, 0.0], [0.0, 0.0, 0.0], [0.0, 0.0, 0.0], [0.0, 0.0, 0.0], [0.0, 0.0, 0.0], [0.0, 0.0, 0.0], [306.003, 317.7, 0.546679], [226.333, 378.756, 0.554043], [284.123, 231.616, 0.678874], [468.313, 259.84, 0.667219], [510.416, 425.757, 0.703357], [382.425, 414.756, 0.721833]], "hand_pts": [[371.7796325683594, 411.17926025390636, 1.0], [360.11700439453136, 400.928741455078, 1.0], [340.90795898437494, 399.22033691406244, 1.0], [318.6117553710937, 409.81253051757807, 1.0], [307.29214477539057, 418.69628906249994, 1.0], [328.55929565429693, 417.3295593261719, 1.0], [311.0653381347657, 432.02197265624994, 1.0], [302.4898986816406, 438.1722717285156, 1.0], [295.97253417968744, 442.6141662597657, 1.0], [335.41964721679693, 426.2133483886718, 1.0], [317.5827026367188, 439.1973266601563, 1.0], [307.6351623535156, 446.3726806640626, 1.0], [299.40270996093744, 451.8396301269532, 1.0], [344.3381347656249, 437.147216796875, 1.0], [324.7861022949219, 450.81457519531256, 1.0], [315.8676147460937, 456.96487426757807, 1.0], [309.0072326660156, 459.69836425781244, 1.0], [356.3437805175781, 443.63922119140636, 1.0], [347.082275390625, 447.73941040039057, 1.0], [343.30908203125006, 450.472900390625, 1.0], [340.22192382812494, 451.49795532226557, 1.0]], "head_box": [[320.4069666666667, 76.7139], [422.6610333333333, 230.095]], "head_size": 153.3811, "hand_box_center": [333.87608337402344, 429.45935058593744], "is_left": 1, "is_mpii": 0}