{"mpii_body_pts": [[0.0, 0.0, 0.0], [354.348, 265.29200000000003, 0.6811484999999999], [355.974, 208.196, 0.745965], [345.02, 79.8695, 0.695607], [0.0, 0.0, 0.0], [0.0, 0.0, 0.0], [0.0, 0.0, 0.0], [0.0, 0.0, 0.0], [0.0, 0.0, 0.0], [0.0, 0.0, 0.0], [266.894, 344.326, 0.670446], [193.546, 416.297, 0.498123], [257.608, 262.947, 0.664597], [451.088, 267.637, 0.6977], [515.124, 344.354, 0.625191], [0.0, 0.0, 0.0]], "hand_pts": [[271.9801940917969, 339.8053894042969, 1.0], [285.1380004882812, 341.5180969238281, 1.0], [302.04916381835943, 354.82873535156244, 1.0], [310.30810546874994, 380.6670227050781, 1.0], [321.32000732421875, 394.76065063476574, 1.0], [307.55511474609364, 354.4372253417969, 1.0], [313.0610656738282, 377.53509521484375, 1.0], [309.521514892578, 394.36914062500006, 1.0], [307.94839477539057, 388.8883056640625, 1.0], [294.1835021972656, 356.0032043457031, 1.0], [296.1499328613282, 385.3648986816407, 1.0], [293.79022216796875, 399.45849609375006, 1.0], [292.6103820800781, 392.8031921386719, 1.0], [280.8119201660156, 353.654266357422, 1.0], [283.5648803710938, 383.0159606933595, 1.0], [282.3850402832031, 392.8031921386719, 1.0], [280.8119201660156, 388.4967956542968, 1.0], [269.013427734375, 356.0032043457031, 1.0], [271.7664184570312, 378.31808471679693, 1.0], [273.3395385742187, 385.7563781738281, 1.0], [274.5193786621093, 390.4542541503906, 1.0]], "head_box": [[302.24449999999996, 79.8695], [387.7955, 208.196]], "head_size": 128.3265, "hand_box_center": [295.1667175292969, 369.63194274902344], "is_left": 0, "is_mpii": 0}