{"mpii_body_pts": [[0.0, 0.0, 0.0], [326.2305, 269.2225, 0.6512145], [326.247, 244.208, 0.699153], [348.097, 101.736, 0.336703], [0.0, 0.0, 0.0], [0.0, 0.0, 0.0], [0.0, 0.0, 0.0], [0.0, 0.0, 0.0], [0.0, 0.0, 0.0], [0.0, 0.0, 0.0], [421.464, 344.288, 0.75402], [256.002, 360.014, 0.415582], [237.262, 255.133, 0.712935], [415.199, 283.312, 0.589494], [432.379, 419.506, 0.424035], [466.705, 430.4, 0.49644]], "hand_pts": [[458.78240966796875, 419.58349609375006, 1.0], [472.0559997558594, 414.0805053710937, 1.0], [492.2750244140625, 422.0431213378906, 1.0], [499.12579345703125, 424.8811950683593, 1.0], [514.7303466796877, 429.80047607421875, 1.0], [489.42056274414057, 443.23391723632807, 1.0], [492.46533203124994, 439.0714416503906, 1.0], [494.93923950195307, 435.28735351562494, 1.0], [496.2435607910156, 433.4037170410155, 1.0], [479.8078918457032, 445.6282958984375, 1.0], [482.9503784179687, 440.20666503906256, 1.0], [484.8533630371094, 437.17941284179693, 1.0], [486.20651245117176, 433.7779235839844, 1.0], [464.49136352539057, 444.9367370605468, 1.0], [470.6490783691407, 440.8881530761718, 1.0], [474.2875061035156, 436.8964538574219, 1.0], [476.54583740234375, 434.2768859863281, 1.0], [448.94393920898426, 440.2644348144532, 1.0], [452.95877075195307, 439.2665100097656, 1.0], [458.47915649414057, 438.51806640624994, 1.0], [465.63055419921875, 435.77377319335943, 1.0]], "head_box": [[300.60633333333334, 101.736], [395.5876666666666, 244.208]], "head_size": 142.47199999999998, "hand_box_center": [481.837142944336, 429.8544006347656], "is_left": 1, "is_mpii": 0}