{"mpii_body_pts": [[0.0, 0.0, 0.0], [306.7085, 264.533, 0.657929], [306.006, 220.688, 0.701901], [307.521, 68.907, 0.555826], [0.0, 0.0, 0.0], [0.0, 0.0, 0.0], [0.0, 0.0, 0.0], [0.0, 0.0, 0.0], [0.0, 0.0, 0.0], [0.0, 0.0, 0.0], [318.517, 331.87, 0.819566], [206.023, 410.069, 0.569066], [207.593, 270.782, 0.679648], [405.824, 258.284, 0.63621], [458.94, 392.852, 0.479111], [491.682, 416.362, 0.489495]], "hand_pts": [[323.57238769531256, 336.2473449707031, 1.0], [340.37603759765625, 339.38577270507807, 1.0], [357.8798217773438, 343.9190368652343, 1.0], [364.53128051757807, 349.8471984863281, 1.0], [371.36096191406256, 358.98635864257795, 1.0], [368.4876708984375, 316.49203491210926, 1.0], [394.75778198242193, 318.1264038085937, 1.0], [398.8387145996093, 335.5499267578125, 1.0], [399.6834411621094, 350.40576171875, 1.0], [355.35260009765636, 316.49203491210926, 1.0], [377.1075439453125, 314.85763549804693, 1.0], [387.77978515625, 334.8789978027344, 1.0], [389.8321228027344, 347.5455627441406, 1.0], [344.68035888671875, 318.943603515625, 1.0], [364.7934265136719, 332.8359985351563, 1.0], [363.56201171875, 345.91116333007807, 1.0], [358.6363525390625, 349.9971618652343, 1.0], [336.8814086914063, 324.6640014648438, 1.0], [348.3746032714844, 344.6853637695313, 1.0], [349.60601806640625, 353.2659606933595, 1.0], [346.7326965332031, 349.9971618652343, 1.0]], "head_box": [[256.92733333333337, 68.907], [358.11466666666666, 220.688]], "head_size": 151.781, "hand_box_center": [361.62791442871094, 336.92199707031244], "is_left": 0, "is_mpii": 0}