{"mpii_body_pts": [[0.0, 0.0, 0.0], [359.78999999999996, 239.51350000000002, 0.674353], [355.864, 220.684, 0.748197], [359.055, 76.7053, 0.488961], [0.0, 0.0, 0.0], [0.0, 0.0, 0.0], [0.0, 0.0, 0.0], [0.0, 0.0, 0.0], [0.0, 0.0, 0.0], [0.0, 0.0, 0.0], [304.402, 319.292, 0.626003], [216.931, 380.34, 0.59181], [266.952, 233.235, 0.700382], [452.628, 245.792, 0.648324], [502.604, 406.95, 0.711921], [366.799, 403.805, 0.624172]], "hand_pts": [[308.96923828124994, 313.1993713378906, 1.0], [333.0846252441406, 311.1989135742187, 1.0], [356.39614868164057, 318.40054321289057, 1.0], [378.9038391113281, 344.40643310546875, 1.0], [389.35382080078136, 364.0108642578125, 1.0], [369.6596069335938, 325.6021728515625, 1.0], [384.53076171875, 348.8074340820313, 1.0], [392.97113037109364, 360.8101501464843, 1.0], [399.40191650390625, 370.4123229980469, 1.0], [365.23846435546875, 334.0040588378906, 1.0], [368.05191040039057, 361.61032104492193, 1.0], [360.4153747558593, 357.6094055175781, 1.0], [358.8076782226563, 350.80786132812506, 1.0], [355.9942321777344, 340.8056030273438, 1.0], [360.8172912597657, 364.0108642578125, 1.0], [354.38653564453125, 358.80969238281256, 1.0], [351.57305908203125, 350.80786132812506, 1.0], [345.5442199707031, 347.20706176757807, 1.0], [348.7596130371094, 362.4104919433594, 1.0], [342.73077392578125, 359.60986328125006, 1.0], [337.5057678222656, 356.0090637207032, 1.0]], "head_box": [[311.0621, 76.7053], [407.0479, 220.684]], "head_size": 143.9787, "hand_box_center": [354.1855773925781, 340.8056182861328], "is_left": 0, "is_mpii": 0}