{"mpii_body_pts": [[0.0, 0.0, 0.0], [338.7075, 280.9495, 0.5822215], [341.888, 231.67, 0.715092], [321.579, 82.9952, 0.527288], [0.0, 0.0, 0.0], [0.0, 0.0, 0.0], [0.0, 0.0, 0.0], [0.0, 0.0, 0.0], [0.0, 0.0, 0.0], [0.0, 0.0, 0.0], [279.388, 452.371, 0.570705], [187.321, 447.653, 0.63394], [243.471, 292.703, 0.682201], [433.944, 269.196, 0.482242], [546.325, 361.566, 0.518322], [469.833, 259.833, 0.726544]], "hand_pts": [[471.4809265136719, 260.8778686523438, 1.0], [463.4239501953125, 240.2903594970703, 1.0], [449.41180419921875, 228.7753143310547, 1.0], [434.6990356445313, 231.91578674316403, 1.0], [421.73779296874994, 238.54565429687491, 1.0], [452.5645141601563, 230.86895751953128, 1.0], [421.38748168945324, 237.14990234374997, 1.0], [429.09417724609364, 239.24354553222653, 1.0], [437.50146484375006, 237.8477783203125, 1.0], [451.16329956054693, 241.68612670898443, 1.0], [417.88446044921875, 245.52447509765625, 1.0], [426.99234008789057, 248.3159942626953, 1.0], [436.45056152343756, 247.2691802978515, 1.0], [448.71118164062494, 255.29481506347653, 1.0], [417.88446044921875, 259.13314819335943, 1.0], [428.39355468749994, 257.73739624023426, 1.0], [435.399627685547, 257.0395202636719, 1.0], [446.2590637207032, 269.25244140625, 1.0], [426.64205932617193, 269.95031738281244, 1.0], [430.49539184570307, 268.5545654296875, 1.0], [436.1002502441406, 268.2055969238281, 1.0]], "head_box": [[272.02073333333334, 82.9952], [371.1372666666667, 231.67]], "head_size": 148.6748, "hand_box_center": [444.6826934814453, 249.36281585693357], "is_left": 1, "is_mpii": 0}