{"mpii_body_pts": [[0.0, 0.0, 0.0], [348.9135, 270.7785, 0.626652], [346.526, 228.515, 0.702928], [335.623, 79.8661, 0.574253], [0.0, 0.0, 0.0], [0.0, 0.0, 0.0], [0.0, 0.0, 0.0], [0.0, 0.0, 0.0], [0.0, 0.0, 0.0], [0.0, 0.0, 0.0], [227.866, 430.384, 0.43291], [198.273, 417.876, 0.432849], [256.047, 266.085, 0.664379], [441.78, 275.472, 0.588925], [488.608, 452.328, 0.693841], [405.807, 410.085, 0.732153]], "hand_pts": [[226.48149108886722, 417.8723754882812, 1.0], [245.3538513183594, 410.2239990234375, 1.0], [268.9141235351563, 426.2560119628905, 1.0], [271.6695251464844, 446.2430725097657, 1.0], [279.07080078125, 453.20129394531244, 1.0], [254.8110504150391, 419.63806152343756, 1.0], [256.6402282714844, 433.9410095214843, 1.0], [253.1333923339844, 442.32464599609375, 1.0], [249.0544891357422, 450.33615112304693, 1.0], [240.4196624755859, 424.549774169922, 1.0], [256.28955078124994, 452.80419921875, 1.0], [259.3340454101563, 449.1082458496094, 1.0], [257.2781372070312, 440.922088623047, 1.0], [232.19601440429688, 432.7359313964843, 1.0], [248.92520141601565, 456.646728515625, 1.0], [255.22222900390628, 453.20129394531244, 1.0], [251.52159118652344, 445.4244689941406, 1.0], [224.38354492187497, 440.51275634765625, 1.0], [237.9525604248047, 457.7037048339844, 1.0], [246.17620849609378, 456.4757690429687, 1.0], [244.53147888183597, 451.15478515625006, 1.0]], "head_box": [[286.0733666666667, 79.8661], [385.1726333333333, 228.515]], "head_size": 148.64889999999997, "hand_box_center": [251.7271728515625, 433.96385192871094], "is_left": 0, "is_mpii": 0}