{"mpii_body_pts": [[0.0, 0.0, 0.0], [340.265, 287.1815, 0.6585555000000001], [346.553, 262.975, 0.698501], [363.696, 112.696, 0.275056], [0.0, 0.0, 0.0], [0.0, 0.0, 0.0], [0.0, 0.0, 0.0], [0.0, 0.0, 0.0], [0.0, 0.0, 0.0], [0.0, 0.0, 0.0], [270.036, 436.715, 0.566944], [166.977, 432.05, 0.662594], [243.465, 281.687, 0.681309], [437.065, 292.676, 0.635802], [544.781, 417.912, 0.736813], [427.683, 482.078, 0.477752]], "hand_pts": [[273.68395996093744, 432.7383728027343, 1.0], [291.2837219238281, 435.71539306640625, 1.0], [312.0072631835938, 445.23962402343756, 1.0], [322.130615234375, 468.10711669921875, 1.0], [320.9625244140625, 485.9360046386718, 1.0], [321.1701354980469, 463.8316040039063, 1.0], [335.3688354492187, 484.38565063476574, 1.0], [335.75820922851557, 496.7883605957031, 1.0], [334.2007751464843, 494.462860107422, 1.0], [311.8721618652344, 470.7779846191407, 1.0], [324.0774230957032, 496.01318359375006, 1.0], [323.8267211914063, 510.1406860351564, 1.0], [320.9625244140625, 507.64074707031256, 1.0], [299.2534484863281, 472.4318542480468, 1.0], [300.5817260742187, 495.255615234375, 1.0], [297.99029541015625, 490.974609375, 1.0], [297.99029541015625, 485.5484008789063, 1.0], [285.97061157226557, 477.39355468749994, 1.0], [286.30267333984386, 486.3245849609375, 1.0], [285.1414489746094, 484.38565063476574, 1.0], [283.583984375, 479.73464965820307, 1.0]], "head_box": [[313.603, 112.696], [413.78900000000004, 262.975]], "head_size": 150.27900000000002, "hand_box_center": [304.7210845947265, 471.43952941894537], "is_left": 0, "is_mpii": 0}