{"mpii_body_pts": [[0.0, 0.0, 0.0], [324.6765, 267.6535, 0.6448595], [327.785, 219.178, 0.696776], [318.405, 78.2339, 0.580086], [0.0, 0.0, 0.0], [0.0, 0.0, 0.0], [0.0, 0.0, 0.0], [0.0, 0.0, 0.0], [0.0, 0.0, 0.0], [0.0, 0.0, 0.0], [256.018, 455.437, 0.708439], [168.546, 433.593, 0.774194], [226.311, 269.225, 0.649761], [423.042, 266.082, 0.639958], [479.236, 439.829, 0.687992], [426.159, 402.236, 0.599]], "hand_pts": [[255.6719970703125, 455.44235229492193, 1.0], [276.6765441894532, 443.58609008789057, 1.0], [299.78155517578125, 444.6322326660156, 1.0], [325.345947265625, 450.0231323242187, 1.0], [336.51513671874994, 446.44894409179693, 1.0], [303.2823181152343, 450.5603637695313, 1.0], [327.4375610351563, 463.46276855468744, 1.0], [322.55364990234375, 467.09982299804693, 1.0], [315.7723388671874, 463.52563476562494, 1.0], [297.4229736328125, 466.7026672363282, 1.0], [320.7861328124999, 475.31906127929693, 1.0], [314.17675781249994, 477.4252319335937, 1.0], [307.39544677734375, 474.24816894531244, 1.0], [290.3295288085937, 477.7600402832031, 1.0], [310.9840087890625, 484.3856201171875, 1.0], [305.00207519531256, 485.76501464843744, 1.0], [298.2207641601563, 481.79370117187494, 1.0], [287.4504699707031, 488.54492187500006, 1.0], [300.1316528320313, 490.3137512207031, 1.0], [299.8163757324219, 486.55926513671886, 1.0], [293.83288574218744, 484.970733642578, 1.0]], "head_box": [[271.4236333333333, 78.2339], [365.3863666666666, 219.178]], "head_size": 140.9441, "hand_box_center": [296.09356689453125, 466.9499206542969], "is_left": 0, "is_mpii": 0}