{"mpii_body_pts": [[0.0, 0.0, 0.0], [317.6925, 270.79049999999995, 0.6618255], [320.036, 230.088, 0.742933], [321.587, 78.2526, 0.550649], [0.0, 0.0, 0.0], [0.0, 0.0, 0.0], [0.0, 0.0, 0.0], [0.0, 0.0, 0.0], [0.0, 0.0, 0.0], [0.0, 0.0, 0.0], [290.332, 444.478, 0.65277], [176.41, 450.779, 0.63821], [216.991, 281.768, 0.662208], [418.394, 259.813, 0.661443], [468.313, 399.137, 0.37934], [493.28, 411.648, 0.418922]], "hand_pts": [[291.66845703125, 448.5297546386719, 1.0], [297.97393798828114, 435.6189575195313, 1.0], [321.379852294922, 420.25283813476574, 1.0], [342.3274536132813, 420.25283813476574, 1.0], [357.9354858398438, 417.39077758789057, 1.0], [325.07647705078125, 421.47943115234375, 1.0], [355.06033325195307, 427.20355224609364, 1.0], [349.3099975585937, 428.83901977539057, 1.0], [343.14892578125, 427.6124267578125, 1.0], [325.89794921875, 434.5631408691406, 1.0], [353.41738891601557, 443.1492919921875, 1.0], [345.6133728027344, 443.5581665039063, 1.0], [338.2200927734375, 441.51382446289057, 1.0], [319.3261413574219, 445.6024780273438, 1.0], [345.6133728027344, 454.18865966796875, 1.0], [337.3986206054688, 454.18865966796875, 1.0], [330.41607666015625, 452.1443176269532, 1.0], [319.3261413574219, 457.4595642089843, 1.0], [338.2200927734375, 464.0014038085937, 1.0], [329.59460449218744, 464.4102783203125, 1.0], [323.8442687988282, 463.18368530273443, 1.0]], "head_box": [[270.9752, 78.2526], [372.1988, 230.088]], "head_size": 151.8354, "hand_box_center": [324.8019714355469, 440.90052795410156], "is_left": 0, "is_mpii": 0}