{"mpii_body_pts": [[0.0, 0.0, 0.0], [337.946, 259.817, 0.65659], [329.316, 222.253, 0.707192], [309.102, 75.1116, 0.602935], [0.0, 0.0, 0.0], [0.0, 0.0, 0.0], [0.0, 0.0, 0.0], [0.0, 0.0, 0.0], [0.0, 0.0, 0.0], [0.0, 0.0, 0.0], [299.698, 331.89, 0.577714], [212.281, 406.972, 0.560348], [243.485, 251.98, 0.676596], [432.407, 267.654, 0.636584], [472.995, 369.405, 0.436408], [468.296, 408.541, 0.439551]], "hand_pts": [[472.0, 427.0, 1.0], [467.8796997070313, 415.82620239257807, 1.0], [472.7424621582031, 404.65243530273443, 1.0], [478.7273864746093, 412.10162353515636, 1.0], [489.20101928710926, 418.06097412109375, 1.0], [464.1391296386719, 411.72915649414057, 1.0], [468.62783813476574, 429.6072082519531, 1.0], [468.62783813476574, 419.92327880859364, 1.0], [469.37594604492193, 413.21899414062494, 1.0], [455.90985107421875, 413.5914611816406, 1.0], [460.39855957031244, 431.84197998046875, 1.0], [460.0244750976563, 422.53048706054693, 1.0], [458.9023132324219, 412.8465270996094, 1.0], [445.0621643066406, 416.57113647460926, 1.0], [449.1767883300781, 430.724609375, 1.0], [449.1767883300781, 424.02032470703125, 1.0], [451.04708862304705, 414.7088317871093, 1.0], [435.3366394042968, 421.04064941406256, 1.0], [434.21447753906256, 430.35214233398443, 1.0], [439.0772399902343, 425.88262939453136, 1.0], [441.6956481933595, 420.29571533203125, 1.0]], "head_box": [[260.05486666666667, 75.1116], [358.1491333333333, 222.253]], "head_size": 147.14139999999998, "hand_box_center": [461.70774841308594, 418.24720764160156], "is_left": 1, "is_mpii": 0}