{"mpii_body_pts": [[0.0, 0.0, 0.0], [329.339, 257.48900000000003, 0.6545455], [330.958, 206.633, 0.716278], [329.309, 65.7605, 0.630807], [0.0, 0.0, 0.0], [0.0, 0.0, 0.0], [0.0, 0.0, 0.0], [0.0, 0.0, 0.0], [0.0, 0.0, 0.0], [0.0, 0.0, 0.0], [265.359, 422.638, 0.394311], [168.539, 425.752, 0.700058], [229.393, 258.265, 0.66438], [429.285, 256.713, 0.644711], [485.463, 430.435, 0.727224], [407.387, 388.19, 0.707065]], "hand_pts": [[242.26924133300778, 436.05126953125, 1.0], [262.36538696289057, 418.44729614257807, 1.0], [286.8826904296875, 406.444580078125, 1.0], [306.9788513183594, 412.4459228515625, 1.0], [320.6442260742188, 410.0453796386719, 1.0], [294.9211425781249, 419.6475524902344, 1.0], [325.86923217773443, 417.24700927734375, 1.0], [331.0942077636719, 416.44683837890625, 1.0], [337.12307739257807, 413.24609374999994, 1.0], [296.9307556152343, 434.45089721679693, 1.0], [328.28076171875, 433.2506408691407, 1.0], [340.74035644531244, 430.45001220703125, 1.0], [347.57305908203125, 427.249267578125, 1.0], [300.1461486816406, 446.8536987304688, 1.0], [323.85958862304705, 446.0535278320313, 1.0], [335.515380859375, 442.4527282714843, 1.0], [341.5442199707031, 437.25152587890625, 1.0], [296.12692260742193, 457.6561584472655, 1.0], [314.61538696289057, 459.2565307617187, 1.0], [324.6634521484375, 456.8559875488281, 1.0], [327.07498168945324, 453.25515747070307, 1.0]], "head_box": [[282.35150000000004, 65.7605], [376.2665, 206.633]], "head_size": 140.8725, "hand_box_center": [294.92115020751953, 432.8505554199219], "is_left": 0, "is_mpii": 0}