{"mpii_body_pts": [[0.0, 0.0, 0.0], [323.145, 273.86, 0.6514264999999999], [329.388, 248.859, 0.631575], [355.954, 90.7664, 0.470056], [0.0, 0.0, 0.0], [0.0, 0.0, 0.0], [0.0, 0.0, 0.0], [0.0, 0.0, 0.0], [0.0, 0.0, 0.0], [0.0, 0.0, 0.0], [271.624, 410.094, 0.628495], [179.463, 425.757, 0.649128], [227.914, 267.6, 0.661202], [418.376, 280.12, 0.641651], [496.384, 417.957, 0.39667], [540.118, 425.735, 0.447837]], "hand_pts": [[266.07708740234375, 416.49673461914057, 1.0], [281.30517578124994, 398.54568481445324, 1.0], [308.15469360351574, 382.19030761718744, 1.0], [331.7983093261718, 392.1630859375, 1.0], [348.2286071777344, 404.5293884277344, 1.0], [303.7465515136719, 378.20117187499994, 1.0], [337.4086608886719, 388.5729064941406, 1.0], [351.4345092773437, 401.33807373046875, 1.0], [357.8463439941406, 410.91195678710926, 1.0], [296.5332641601563, 388.5729064941406, 1.0], [332.1990356445313, 399.742431640625, 1.0], [351.8352661132813, 411.7097778320313, 1.0], [362.65521240234375, 416.8956604003906, 1.0], [293.32736206054693, 404.1304626464844, 1.0], [330.59609985351557, 412.1087036132813, 1.0], [345.02270507812494, 419.68801879882807, 1.0], [355.04116821289057, 424.87390136718744, 1.0], [296.5332641601563, 419.2891235351563, 1.0], [320.9783630371093, 421.682586669922, 1.0], [334.2027282714843, 426.0706176757813, 1.0], [342.6182556152344, 428.86300659179693, 1.0]], "head_box": [[303.25646666666665, 90.7664], [408.65153333333336, 248.859]], "head_size": 158.0926, "hand_box_center": [314.36614990234375, 403.53208923339844], "is_left": 0, "is_mpii": 0}