{"mpii_body_pts": [[0.0, 0.0, 0.0], [345.78099999999995, 252.779, 0.6782954999999999], [340.286, 241.014, 0.661305], [326.232, 81.4256, 0.539849], [0.0, 0.0, 0.0], [0.0, 0.0, 0.0], [0.0, 0.0, 0.0], [0.0, 0.0, 0.0], [0.0, 0.0, 0.0], [0.0, 0.0, 0.0], [276.278, 292.694, 0.692113], [229.41, 353.69, 0.643519], [256.073, 234.796, 0.69827], [435.489, 270.762, 0.658321], [468.277, 369.373, 0.453069], [472.989, 435.137, 0.389961]], "hand_pts": [[441.6401672363282, 420.86080932617193, 1.0], [456.4545593261719, 412.77972412109375, 1.0], [474.79620361328125, 416.9959411621093, 1.0], [480.4397888183594, 420.50946044921875, 1.0], [487.8469848632813, 421.91485595703125, 1.0], [470.9162597656249, 439.83377075195307, 1.0], [468.44717407226557, 426.1310729980469, 1.0], [464.5672302246094, 412.77972412109375, 1.0], [461.7454223632813, 400.1310729980469, 1.0], [458.9236450195313, 444.40136718749994, 1.0], [458.21820068359375, 428.2391967773437, 1.0], [452.92733764648426, 409.26623535156244, 1.0], [449.4000854492187, 396.6175842285156, 1.0], [446.57830810546875, 446.50946044921875, 1.0], [445.5201416015625, 433.86080932617193, 1.0], [444.1092529296875, 413.8338012695313, 1.0], [442.3456115722656, 402.2391967773437, 1.0], [435.99658203124994, 443.3472900390626, 1.0], [437.0547790527344, 430.69863891601557, 1.0], [436.70202636718744, 419.4554138183594, 1.0], [436.70202636718744, 410.671630859375, 1.0]], "head_box": [[273.0358666666667, 81.4256], [379.42813333333334, 241.014]], "head_size": 159.5884, "hand_box_center": [461.9217834472656, 421.5635223388672], "is_left": 1, "is_mpii": 0}