{"mpii_body_pts": [[0.0, 0.0, 0.0], [354.34450000000004, 264.54449999999997, 0.6689155], [357.437, 222.271, 0.714246], [373.087, 79.8548, 0.573766], [0.0, 0.0, 0.0], [0.0, 0.0, 0.0], [0.0, 0.0, 0.0], [0.0, 0.0, 0.0], [0.0, 0.0, 0.0], [0.0, 0.0, 0.0], [0.0, 0.0, 0.0], [204.485, 333.415, 0.243398], [256.019, 256.765, 0.706708], [452.67, 272.324, 0.631123], [507.304, 442.965, 0.659727], [455.752, 414.775, 0.579699]], "hand_pts": [[209.7792663574219, 325.2925720214843, 1.0], [221.06275939941406, 325.6917419433594, 1.0], [227.45018005371097, 348.41696166992193, 1.0], [225.71774291992188, 364.98370361328125, 1.0], [225.01087951660156, 380.72045898437494, 1.0], [241.59297180175778, 335.9113464355469, 1.0], [251.06846618652347, 357.52978515625, 1.0], [251.06846618652347, 372.0730895996094, 1.0], [247.12034606933597, 383.47189331054693, 1.0], [228.5641937255859, 337.4836120605469, 1.0], [232.51231384277347, 359.49508666992193, 1.0], [232.9071197509766, 374.03839111328125, 1.0], [232.51231384277347, 385.8302612304688, 1.0], [212.37690734863284, 339.4489135742187, 1.0], [212.37690734863284, 360.67428588867193, 1.0], [213.1665344238281, 371.6800231933595, 1.0], [217.90426635742193, 367.3563537597656, 1.0], [198.1636810302734, 340.23504638671875, 1.0], [200.53254699707034, 361.4604187011718, 1.0], [203.6910400390625, 369.7147216796875, 1.0], [206.84954833984375, 368.53552246093744, 1.0]], "head_box": [[325.61493333333334, 79.8548], [420.55906666666664, 222.271]], "head_size": 142.4162, "hand_box_center": [224.61607360839844, 355.56141662597656], "is_left": 0, "is_mpii": 0}