{"mpii_body_pts": [[0.0, 0.0, 0.0], [341.85450000000003, 269.9755, 0.6114729999999999], [341.905, 228.524, 0.759656], [327.805, 81.3444, 0.579014], [0.0, 0.0, 0.0], [0.0, 0.0, 0.0], [0.0, 0.0, 0.0], [0.0, 0.0, 0.0], [0.0, 0.0, 0.0], [0.0, 0.0, 0.0], [238.824, 431.96, 0.663308], [179.497, 419.478, 0.73025], [245.085, 262.937, 0.638519], [438.624, 277.014, 0.584427], [490.141, 455.509, 0.734856], [418.371, 414.797, 0.714523]], "hand_pts": [[394.37145996093744, 416.7090759277344, 1.0], [405.5739135742187, 405.89895629882807, 1.0], [417.4764709472655, 413.22195434570307, 1.0], [414.32580566406256, 422.9859313964843, 1.0], [419.92700195312494, 427.51922607421875, 1.0], [407.6743469238282, 435.53964233398443, 1.0], [388.0700988769531, 424.0320739746093, 1.0], [378.2679748535156, 417.406524658203, 1.0], [367.06555175781244, 408.33996582031256, 1.0], [396.8219909667969, 442.51391601562494, 1.0], [380.0183410644531, 430.6576232910157, 1.0], [367.76568603515636, 419.15008544921875, 1.0], [355.5130310058594, 406.9450988769531, 1.0], [385.26950073242193, 444.606201171875, 1.0], [371.61654663085943, 428.2166442871093, 1.0], [363.2147216796875, 418.10394287109375, 1.0], [353.762664794922, 410.43225097656244, 1.0], [380.3684387207031, 443.2113342285155, 1.0], [373.3669128417969, 433.79605102539057, 1.0], [368.11578369140636, 426.82177734375, 1.0], [360.7641906738282, 419.4988098144531, 1.0]], "head_box": [[278.74513333333334, 81.3444], [376.86486666666667, 228.524]], "head_size": 147.1796, "hand_box_center": [386.84483337402344, 425.25257873535156], "is_left": 1, "is_mpii": 0}