{"mpii_body_pts": [[0.0, 0.0, 0.0], [329.36400000000003, 269.20950000000005, 0.5975159999999999], [332.498, 226.962, 0.741494], [344.999, 79.78, 0.527151], [0.0, 0.0, 0.0], [0.0, 0.0, 0.0], [0.0, 0.0, 0.0], [0.0, 0.0, 0.0], [0.0, 0.0, 0.0], [0.0, 0.0, 0.0], [262.234, 342.791, 0.63119], [207.629, 417.917, 0.644459], [234.14, 269.16, 0.686814], [424.588, 269.259, 0.508218], [474.529, 406.903, 0.714217], [418.366, 302.083, 0.391803]], "hand_pts": [[418.38275146484375, 301.89270019531256, 1.0], [426.43972778320307, 286.8882446289063, 1.0], [434.84701538085943, 263.5092163085937, 1.0], [436.5985412597656, 249.20265197753906, 1.0], [446.40704345703125, 244.31748962402344, 1.0], [436.24822998046875, 272.23272705078125, 1.0], [427.84094238281256, 247.10900878906247, 1.0], [418.38275146484375, 231.40667724609378, 1.0], [411.3766784667969, 220.58952331542974, 1.0], [424.6882019042969, 277.8157958984375, 1.0], [418.38275146484375, 251.2962951660156, 1.0], [408.22393798828114, 234.54714965820318, 1.0], [400.8675537109375, 223.0321044921875, 1.0], [411.3766784667969, 283.0498962402344, 1.0], [405.42150878906244, 256.1814575195313, 1.0], [398.41543579101557, 240.47914123535153, 1.0], [392.4602661132813, 233.1513824462891, 1.0], [399.46633911132807, 285.4924926757813, 1.0], [398.06512451171875, 270.13909912109375, 1.0], [396.3135986328125, 258.2751159667968, 1.0], [395.2626953125, 249.90052795410156, 1.0]], "head_box": [[295.9383333333334, 79.78], [394.05966666666666, 226.962]], "head_size": 147.182, "hand_box_center": [419.43365478515625, 261.24111175537115], "is_left": 1, "is_mpii": 0}