{"mpii_body_pts": [[0.0, 0.0, 0.0], [341.0215, 258.291, 0.627956], [338.719, 242.577, 0.616869], [329.367, 81.3945, 0.301423], [0.0, 0.0, 0.0], [0.0, 0.0, 0.0], [0.0, 0.0, 0.0], [0.0, 0.0, 0.0], [0.0, 0.0, 0.0], [0.0, 0.0, 0.0], [304.396, 358.493, 0.783605], [209.177, 427.278, 0.611161], [241.89, 259.856, 0.64723], [440.153, 256.726, 0.608682], [430.871, 358.414, 0.450515], [443.296, 320.878, 0.380959]], "hand_pts": [[312.0728454589843, 362.49832153320307, 1.0], [311.41595458984375, 342.8680725097657, 1.0], [314.70043945312494, 324.2193298339844, 1.0], [321.926300048828, 306.55209350585943, 1.0], [315.3648681640626, 294.22766113281256, 1.0], [318.93090820312494, 322.2145385742187, 1.0], [323.9373779296874, 313.01397705078125, 1.0], [329.3289489746093, 302.66333007812494, 1.0], [331.63961791992193, 293.46276855468744, 1.0], [323.1671447753906, 324.51467895507807, 1.0], [329.71405029296875, 311.09719848632807, 1.0], [333.56518554687494, 302.66333007812494, 1.0], [335.1056213378907, 292.69604492187494, 1.0], [325.4778137207031, 335.6320190429687, 1.0], [337.41632080078125, 322.597900390625, 1.0], [338.5716552734375, 315.31411743164057, 1.0], [339.72698974609364, 308.0303344726562, 1.0], [332.0247192382812, 350.9662780761718, 1.0], [340.1120910644532, 340.99902343749994, 1.0], [343.19299316406256, 335.6320190429687, 1.0], [347.04412841796875, 329.11495971679693, 1.0]], "head_box": [[275.6395, 81.3945], [383.09450000000004, 242.577]], "head_size": 161.1825, "hand_box_center": [329.23004150390625, 327.597183227539], "is_left": 0, "is_mpii": 0}