{"mpii_body_pts": [[0.0, 0.0, 0.0], [326.283, 262.967, 0.6672415], [329.32, 220.696, 0.698028], [343.445, 73.5474, 0.566798], [0.0, 0.0, 0.0], [0.0, 0.0, 0.0], [0.0, 0.0, 0.0], [0.0, 0.0, 0.0], [0.0, 0.0, 0.0], [0.0, 0.0, 0.0], [346.565, 308.365, 0.627693], [241.937, 402.252, 0.495531], [231.08, 256.746, 0.653476], [421.486, 269.188, 0.681007], [466.762, 377.211, 0.301594], [0.0, 0.0, 0.0]], "hand_pts": [[460.0, 427.0, 1.0], [469.30899047851557, 425.47982788085943, 1.0], [478.9414978027344, 425.47982788085943, 1.0], [480.09738159179693, 433.5365295410155, 1.0], [477.40029907226557, 439.6749877929688, 1.0], [465.84130859375006, 442.74420166015636, 1.0], [470.07958984375006, 457.3230285644531, 1.0], [464.30010986328125, 449.64996337890636, 1.0], [460.0617980957031, 441.97689819335943, 1.0], [460.0617980957031, 451.9518737792969, 1.0], [460.4471130371093, 465.7633972167969, 1.0], [453.8970031738282, 455.78842163085943, 1.0], [451.9704895019531, 443.1278686523438, 1.0], [449.2734069824219, 451.56823730468744, 1.0], [451.58520507812494, 465.3797302246094, 1.0], [444.6498107910157, 458.09033203124994, 1.0], [442.3380126953125, 446.9643859863281, 1.0], [438.87030029296875, 452.71917724609364, 1.0], [439.6408996582031, 460.3922424316406, 1.0], [436.5585021972656, 455.4047546386719, 1.0], [433.8614196777344, 449.26629638671875, 1.0]], "head_box": [[294.39546666666666, 73.5474], [392.4945333333333, 220.696]], "head_size": 147.1486, "hand_box_center": [456.9794006347656, 445.6216125488281], "is_left": 1, "is_mpii": 0}