{"mpii_body_pts": [[0.0, 0.0, 0.0], [351.2265, 251.9965, 0.3831535], [343.396, 219.126, 0.706346], [332.527, 87.6638, 0.618381], [0.0, 0.0, 0.0], [0.0, 0.0, 0.0], [0.0, 0.0, 0.0], [0.0, 0.0, 0.0], [0.0, 0.0, 0.0], [0.0, 0.0, 0.0], [266.952, 244.227, 0.600589], [218.493, 367.825, 0.534278], [273.192, 252.019, 0.408755], [429.261, 251.974, 0.357552], [494.859, 358.42, 0.653282], [416.813, 247.309, 0.627714]], "hand_pts": [[271.861328125, 251.28976440429685, 1.0], [290.95620727539057, 233.07392883300778, 1.0], [302.89050292968744, 241.78584289550778, 1.0], [308.0620422363282, 256.0417175292969, 1.0], [319.9963378906249, 272.27755737304693, 1.0], [311.642333984375, 229.50996398925776, 1.0], [322.78100585937494, 204.16619873046875, 1.0], [325.96347045898426, 218.8180694580078, 1.0], [326.75909423828125, 231.09394836425778, 1.0], [302.89050292968744, 224.75801086425778, 1.0], [300.1058349609375, 197.03826904296878, 1.0], [306.4707946777344, 212.87811279296875, 1.0], [309.65325927734375, 223.17402648925778, 1.0], [286.5802917480469, 228.71797180175776, 1.0], [283.0, 204.9581909179688, 1.0], [291.75183105468744, 220.00605773925776, 1.0], [297.718963623047, 230.69795227050776, 1.0], [271.46350097656244, 235.44990539550776, 1.0], [270.6678771972657, 223.57002258300778, 1.0], [277.43066406249994, 239.40986633300778, 1.0], [283.0, 251.28976440429685, 1.0]], "head_box": [[288.70626666666664, 87.6638], [376.34773333333334, 219.126]], "head_size": 131.4622, "hand_box_center": [298.71348571777344, 234.65791320800787], "is_left": 0, "is_mpii": 0}