{"mpii_body_pts": [[0.0, 0.0, 0.0], [355.929, 260.57550000000003, 0.5567005], [355.871, 206.645, 0.772265], [340.255, 79.8071, 0.699446], [0.0, 0.0, 0.0], [0.0, 0.0, 0.0], [0.0, 0.0, 0.0], [0.0, 0.0, 0.0], [0.0, 0.0, 0.0], [0.0, 0.0, 0.0], [245.057, 294.256, 0.528856], [179.512, 369.384, 0.422995], [243.564, 256.656, 0.50871], [468.294, 264.495, 0.604691], [515.143, 392.835, 0.614759], [504.225, 493.037, 0.656293]], "hand_pts": [[256.82931518554693, 280.6661071777344, 1.0], [279.1031494140625, 285.9047546386719, 1.0], [301.9957580566405, 300.0799255371094, 1.0], [309.1110229492187, 311.4816589355469, 1.0], [324.6859130859375, 319.35079956054693, 1.0], [300.44894409179693, 272.9622192382812, 1.0], [306.9454956054688, 280.35797119140636, 1.0], [311.58587646484375, 287.1373901367188, 1.0], [316.93081665039057, 296.8904724121093, 1.0], [289.00265502929693, 274.1948547363282, 1.0], [296.13305664062494, 306.0149841308595, 1.0], [293.66552734375006, 321.10549926757807, 1.0], [288.3779602050781, 330.22998046875, 1.0], [274.27780151367193, 278.99243164062494, 1.0], [283.79541015624994, 310.9281616210937, 1.0], [279.9178771972656, 322.8601989746093, 1.0], [278.1553649902344, 318.2979736328125, 1.0], [261.587646484375, 284.6075134277344, 1.0], [269.69525146484375, 310.9281616210937, 1.0], [271.457763671875, 320.05267333984386, 1.0], [268.99023437499994, 316.89419555664057, 1.0]], "head_box": [[297.9757, 79.8071], [382.5343, 206.645]], "head_size": 126.8379, "hand_box_center": [290.7576141357422, 301.5960998535156], "is_left": 0, "is_mpii": 0}