{"mpii_body_pts": [[0.0, 0.0, 0.0], [361.34900000000005, 253.5575, 0.49482950000000003], [366.882, 208.214, 0.720853], [362.167, 78.2127, 0.642399], [0.0, 0.0, 0.0], [0.0, 0.0, 0.0], [0.0, 0.0, 0.0], [0.0, 0.0, 0.0], [0.0, 0.0, 0.0], [0.0, 0.0, 0.0], [254.435, 303.633, 0.517234], [163.919, 345.934, 0.343768], [256.021, 253.578, 0.422169], [466.677, 253.537, 0.56749], [579.15, 358.481, 0.684287], [446.433, 338.084, 0.383368]], "hand_pts": [[251.9955291748047, 307.5339660644531, 1.0], [260.22238159179693, 289.43701171874994, 1.0], [279.41839599609364, 277.48617553710926, 1.0], [293.47262573242193, 273.7301940917969, 1.0], [301.95632934570307, 262.43051147460926, 1.0], [301.356689453125, 284.9981079101562, 1.0], [332.5502014160156, 290.1199035644532, 1.0], [343.749755859375, 298.98352050781244, 1.0], [344.9215393066405, 306.76077270507807, 1.0], [304.0989990234375, 299.33911132812494, 1.0], [336.32086181640636, 304.11944580078136, 1.0], [343.3591613769532, 311.0382690429687, 1.0], [345.3121337890625, 314.92687988281244, 1.0], [301.356689453125, 311.6313781738281, 1.0], [329.46514892578125, 319.82623291015625, 1.0], [338.03479003906256, 326.3138122558594, 1.0], [338.6720581054688, 328.5370483398438, 1.0], [299.64276123046886, 326.99673461914057, 1.0], [317.18945312500006, 337.8697204589843, 1.0], [322.26715087890625, 340.2029113769531, 1.0], [324.22012329101557, 342.5360717773437, 1.0]], "head_box": [[318.8332333333333, 78.2127], [405.50076666666666, 208.214]], "head_size": 130.00130000000001, "hand_box_center": [298.6538314819336, 302.48329162597645], "is_left": 0, "is_mpii": 0}