{"mpii_body_pts": [[0.0, 0.0, 0.0], [330.942, 230.878, 0.559284], [330.946, 219.167, 0.692907], [307.55, 87.622, 0.620129], [0.0, 0.0, 0.0], [0.0, 0.0, 0.0], [0.0, 0.0, 0.0], [0.0, 0.0, 0.0], [0.0, 0.0, 0.0], [0.0, 0.0, 0.0], [215.438, 245.731, 0.434756], [146.72, 303.653, 0.525934], [232.584, 242.566, 0.479635], [429.3, 219.19, 0.638933], [516.703, 355.276, 0.716498], [426.142, 378.771, 0.671536]], "hand_pts": [[408.18823242187494, 373.5418701171875, 1.0], [387.53131103515625, 372.36621093749994, 1.0], [373.9567565917969, 380.00808715820307, 1.0], [366.8743896484375, 390.0013122558593, 1.0], [361.56262207031256, 401.75805664062494, 1.0], [366.8743896484375, 377.0689086914063, 1.0], [356.84103393554693, 393.52832031249994, 1.0], [349.16845703125, 408.8121032714843, 1.0], [346.8076782226563, 423.5079956054688, 1.0], [380.44894409179693, 385.29861450195307, 1.0], [368.644989013672, 402.93371582031244, 1.0], [361.56262207031256, 417.629638671875, 1.0], [357.4312438964843, 429.38638305664057, 1.0], [394.02346801757807, 393.52832031249994, 1.0], [381.0391235351563, 413.5147705078125, 1.0], [376.9077453613281, 421.74450683593756, 1.0], [373.9567565917969, 425.85934448242193, 1.0], [406.41763305664057, 401.1702270507813, 1.0], [395.2038879394532, 418.8053283691406, 1.0], [389.30191040039057, 424.09585571289057, 1.0], [386.3509216308595, 427.03503417968744, 1.0]], "head_box": [[263.70166666666665, 87.622], [351.39833333333337, 219.167]], "head_size": 131.54500000000002, "hand_box_center": [377.4979553222656, 400.87629699707026], "is_left": 1, "is_mpii": 0}