{"mpii_body_pts": [[0.0, 0.0, 0.0], [361.3405, 241.8385, 0.5876725], [376.199, 206.56, 0.728722], [394.963, 79.8732, 0.70484], [0.0, 0.0, 0.0], [0.0, 0.0, 0.0], [0.0, 0.0, 0.0], [0.0, 0.0, 0.0], [0.0, 0.0, 0.0], [0.0, 0.0, 0.0], [298.155, 319.383, 0.522044], [165.451, 333.378, 0.649612], [254.407, 233.227, 0.58315], [468.274, 250.45, 0.592195], [535.431, 381.868, 0.685335], [443.262, 341.218, 0.809503]], "hand_pts": [[313.32128906249994, 321.21859741210926, 1.0], [333.5523071289063, 320.4019775390625, 1.0], [353.1590881347658, 336.4772033691406, 1.0], [363.9301147460936, 357.85125732421875, 1.0], [356.23468017578136, 360.9727783203125, 1.0], [358.1944580078125, 314.1609497070313, 1.0], [382.7615051269531, 313.8953552246093, 1.0], [392.3726806640626, 324.22943115234375, 1.0], [400.8305358886718, 335.7117309570312, 1.0], [354.820526123047, 316.84957885742193, 1.0], [379.1127624511719, 325.2515563964843, 1.0], [388.8971557617187, 338.6947326660156, 1.0], [395.0638122558594, 351.0214538574219, 1.0], [347.0079345703125, 320.7847290039063, 1.0], [352.0057678222656, 351.0214538574219, 1.0], [347.0079345703125, 359.05908203125006, 1.0], [343.5479125976563, 350.63873291015625, 1.0], [336.2434387207031, 331.1188049316406, 1.0], [340.08789062500006, 354.8489074707031, 1.0], [332.39895629882807, 351.0214538574219, 1.0], [331.63006591796875, 344.8975524902343, 1.0]], "head_box": [[352.7340666666667, 79.8732], [437.19193333333334, 206.56]], "head_size": 126.6868, "hand_box_center": [357.0759124755859, 337.43406677246094], "is_left": 0, "is_mpii": 0}