{"mpii_body_pts": [[0.0, 0.0, 0.0], [381.649, 250.4545, 0.5541555], [396.495, 230.133, 0.669563], [388.699, 87.6665, 0.605636], [0.0, 0.0, 0.0], [0.0, 0.0, 0.0], [0.0, 0.0, 0.0], [0.0, 0.0, 0.0], [0.0, 0.0, 0.0], [0.0, 0.0, 0.0], [274.745, 294.33, 0.696608], [188.88, 330.29, 0.572134], [263.805, 241.049, 0.509632], [499.493, 259.86, 0.598679], [565.035, 392.89, 0.659633], [493.231, 417.861, 0.515393]], "hand_pts": [[276.32501220703125, 299.57296752929693, 1.0], [293.4750061035156, 283.88424682617193, 1.0], [312.0249938964844, 269.24142456054693, 1.0], [340.0249938964844, 262.26867675781244, 1.0], [349.81719970703125, 246.83848571777347, 1.0], [319.10861206054693, 269.4700927734375, 1.0], [347.8231506347657, 273.8375854492187, 1.0], [361.38278198242193, 277.41101074218733, 1.0], [376.13888549804693, 284.9548645019532, 1.0], [318.7097778320313, 282.57260131835943, 1.0], [348.22195434570307, 287.33715820312494, 1.0], [366.1685485839844, 300.0426025390626, 1.0], [374.9424438476563, 308.777618408203, 1.0], [314.3228454589843, 298.4544372558594, 1.0], [343.4361877441405, 303.21899414062494, 1.0], [360.1863403320313, 313.1451110839844, 1.0], [367.76379394531244, 320.29196166992193, 1.0], [309.5370788574219, 313.1451110839844, 1.0], [333.4658813476563, 318.3067321777344, 1.0], [347.0255126953125, 323.86535644531244, 1.0], [355.0017700195313, 328.2328796386719, 1.0]], "head_box": [[341.2101666666667, 87.6665], [436.18783333333334, 230.133]], "head_size": 142.4665, "hand_box_center": [326.23194885253906, 287.53568267822266], "is_left": 0, "is_mpii": 0}