{"mpii_body_pts": [[0.0, 0.0, 0.0], [337.1845, 262.9605, 0.654038], [341.788, 231.628, 0.718188], [330.906, 86.0806, 0.557998], [0.0, 0.0, 0.0], [0.0, 0.0, 0.0], [0.0, 0.0, 0.0], [0.0, 0.0, 0.0], [0.0, 0.0, 0.0], [0.0, 0.0, 0.0], [281.011, 457.067, 0.482499], [184.224, 417.954, 0.628172], [231.04, 267.636, 0.692229], [443.329, 258.285, 0.615847], [505.805, 419.479, 0.601203], [441.794, 458.599, 0.629893]], "hand_pts": [[283.73617553710926, 453.41738891601557, 1.0], [305.90548706054693, 446.0563659667969, 1.0], [333.8606262207032, 445.7676391601563, 1.0], [352.4277038574219, 459.3214416503906, 1.0], [366.4561767578124, 465.4822692871093, 1.0], [342.52526855468744, 470.8216247558594, 1.0], [361.5049743652344, 497.1077575683594, 1.0], [354.90332031249994, 493.0005493164063, 1.0], [349.9521179199219, 486.8397521972656, 1.0], [335.51101684570307, 484.3754272460937, 1.0], [352.0151062011718, 510.25085449218744, 1.0], [345.8260803222656, 506.1436462402344, 1.0], [340.8748474121094, 498.7506408691407, 1.0], [323.5455627441406, 498.7506408691407, 1.0], [339.6370544433594, 515.1795043945312, 1.0], [336.3362426757813, 509.4294128417969, 1.0], [330.972412109375, 504.09002685546875, 1.0], [314.0557250976563, 502.85787963867193, 1.0], [326.0211791992187, 514.7687988281251, 1.0], [323.1329650878906, 509.840118408203, 1.0], [320.2447509765625, 506.5543518066406, 1.0]], "head_box": [[282.3902, 86.0806], [379.4218, 231.628]], "head_size": 145.54739999999998, "hand_box_center": [325.0961761474608, 480.47357177734375], "is_left": 0, "is_mpii": 0}