{"mpii_body_pts": [[0.0, 0.0, 0.0], [339.5195, 285.63, 0.4292685], [326.254, 250.442, 0.692701], [318.477, 122.084, 0.687332], [0.0, 0.0, 0.0], [0.0, 0.0, 0.0], [0.0, 0.0, 0.0], [0.0, 0.0, 0.0], [0.0, 0.0, 0.0], [0.0, 0.0, 0.0], [0.0, 0.0, 0.0], [0.0, 0.0, 0.0], [259.115, 278.568, 0.306937], [419.924, 292.692, 0.5516], [496.37, 405.413, 0.657357], [371.538, 417.878, 0.721469]], "hand_pts": [[370.0, 421.0, 1.0], [355.51663208007807, 435.81719970703125, 1.0], [328.47134399414057, 442.639404296875, 1.0], [314.40777587890625, 450.8978576660156, 1.0], [297.09878540039057, 455.2066040039063, 1.0], [316.21081542968744, 414.27343749999994, 1.0], [296.73818969726557, 424.327178955078, 1.0], [276.90496826171875, 439.4078369140625, 1.0], [266.80804443359375, 446.2300415039063, 1.0], [321.619873046875, 410.32373046874994, 1.0], [294.21395874023426, 425.0453186035156, 1.0], [282.67462158203136, 435.81719970703125, 1.0], [274.74133300781244, 446.9481506347657, 1.0], [338.5682678222656, 418.9412536621093, 1.0], [306.4744873046875, 429.7131347656249, 1.0], [290.96853637695307, 438.689697265625, 1.0], [283.75643920898426, 448.02536010742193, 1.0], [329.55316162109375, 431.5084533691406, 1.0], [314.40777587890625, 439.4078369140625, 1.0], [303.58966064453136, 445.51190185546875, 1.0], [294.21395874023426, 448.3843994140625, 1.0]], "head_box": [[275.691, 122.084], [361.263, 250.442]], "head_size": 128.358, "hand_box_center": [318.4040222167969, 432.7651672363281], "is_left": 1, "is_mpii": 0}