{"mpii_body_pts": [[0.0, 0.0, 0.0], [354.3065, 268.471, 0.6606814999999999], [355.912, 225.411, 0.698995], [352.77, 92.3889, 0.630351], [0.0, 0.0, 0.0], [0.0, 0.0, 0.0], [0.0, 0.0, 0.0], [0.0, 0.0, 0.0], [0.0, 0.0, 0.0], [0.0, 0.0, 0.0], [259.159, 344.387, 0.76245], [196.669, 400.685, 0.588854], [241.882, 269.274, 0.657265], [466.731, 267.668, 0.664098], [504.197, 430.448, 0.693065], [519.812, 347.476, 0.741096]], "hand_pts": [[265.634521484375, 340.1775817871094, 1.0], [267.3930969238281, 317.10009765625, 1.0], [277.94454956054693, 304.246826171875, 1.0], [291.4269409179687, 295.1911315917969, 1.0], [298.7543334960937, 279.1245422363282, 1.0], [269.7378540039063, 293.4384155273437, 1.0], [305.2024536132813, 294.02264404296875, 1.0], [289.96145629882807, 295.1911315917969, 1.0], [278.5307312011718, 295.4832458496093, 1.0], [268.85858154296875, 307.1680297851563, 1.0], [306.66793823242193, 307.75228881835943, 1.0], [314.28842163085943, 316.80798339843756, 1.0], [304.0300598144531, 320.02130126953125, 1.0], [271.4964294433593, 322.066162109375, 1.0], [305.2024536132813, 321.7740173339844, 1.0], [291.7200317382812, 323.8188781738282, 1.0], [281.7547912597657, 323.8188781738282, 1.0], [275.30667114257807, 335.7957763671874, 1.0], [306.3748474121094, 335.21154785156244, 1.0], [291.4269409179687, 333.75094604492193, 1.0], [282.6340637207032, 333.75094604492193, 1.0]], "head_box": [[308.4293, 92.3889], [397.11069999999995, 225.411]], "head_size": 133.0221, "hand_box_center": [289.9614715576172, 309.65106201171875], "is_left": 0, "is_mpii": 0}