{"mpii_body_pts": [[0.0, 0.0, 0.0], [341.865, 238.7205, 0.6550495], [349.635, 223.85, 0.619105], [357.465, 87.6691, 0.643325], [0.0, 0.0, 0.0], [0.0, 0.0, 0.0], [0.0, 0.0, 0.0], [0.0, 0.0, 0.0], [0.0, 0.0, 0.0], [0.0, 0.0, 0.0], [229.489, 408.545, 0.505137], [143.676, 355.306, 0.636959], [241.929, 242.634, 0.656233], [441.801, 234.807, 0.653866], [508.885, 369.437, 0.655748], [384.002, 416.317, 0.645838]], "hand_pts": [[233.07698059082028, 407.9477844238282, 1.0], [255.14610290527344, 415.27554321289057, 1.0], [275.15966796875006, 436.7109985351563, 1.0], [277.6241149902343, 464.1049499511719, 1.0], [269.40936279296875, 477.5975036621093, 1.0], [274.33819580078125, 448.97692871093744, 1.0], [269.40936279296875, 479.641815185547, 1.0], [267.3556518554688, 471.46450805664057, 1.0], [266.9449157714843, 461.6517639160156, 1.0], [259.1408996582031, 454.70104980468744, 1.0], [255.85499572753906, 484.13934326171875, 1.0], [253.80131530761724, 475.9620361328125, 1.0], [253.39057922363278, 464.1049499511719, 1.0], [244.35433959960943, 461.24288940429693, 1.0], [242.71139526367185, 480.868408203125, 1.0], [240.65769958496094, 472.28225708007807, 1.0], [239.83622741699224, 463.2872009277344, 1.0], [230.80000305175778, 458.7897033691406, 1.0], [230.38926696777347, 472.6911010742187, 1.0], [232.85368347167972, 470.6467895507813, 1.0], [232.85368347167972, 466.9670104980469, 1.0]], "head_box": [[312.0713666666666, 87.6691], [402.85863333333333, 223.85]], "head_size": 136.1809, "hand_box_center": [254.0066909790039, 446.04356384277344], "is_left": 0, "is_mpii": 0}