{"mpii_body_pts": [[0.0, 0.0, 0.0], [327.795, 301.317, 0.596581], [329.381, 253.564, 0.737368], [316.866, 118.93, 0.712993], [0.0, 0.0, 0.0], [0.0, 0.0, 0.0], [0.0, 0.0, 0.0], [0.0, 0.0, 0.0], [0.0, 0.0, 0.0], [0.0, 0.0, 0.0], [252.851, 358.483, 0.693546], [168.569, 419.547, 0.638998], [218.52, 305.252, 0.657508], [437.07, 297.382, 0.535654], [480.805, 411.667, 0.647164], [354.317, 428.833, 0.714551]], "hand_pts": [[273.35449218750006, 351.91702270507807, 1.0], [286.8101501464843, 350.00332641601557, 1.0], [308.33917236328125, 336.6072998046875, 1.0], [323.717041015625, 319.3838500976563, 1.0], [337.55712890624994, 303.6913757324219, 1.0], [294.49908447265625, 305.6050720214844, 1.0], [301.8035583496093, 316.7046508789063, 1.0], [300.26577758789057, 337.37277221679693, 1.0], [297.95910644531244, 346.55862426757807, 1.0], [263.3588562011719, 314.4081726074219, 1.0], [275.27673339843744, 321.6802978515625, 1.0], [277.9678649902344, 334.3108520507813, 1.0], [277.198974609375, 342.3484497070313, 1.0], [277.9678649902344, 306.75332641601557, 1.0], [289.88571166992193, 319.3838500976563, 1.0], [287.96347045898426, 338.90374755859364, 1.0], [286.4256896972656, 348.85510253906256, 1.0], [253.7476959228515, 330.1006774902344, 1.0], [247.98098754882815, 320.14932250976574, 1.0], [242.21427917480466, 313.2599487304688, 1.0], [238.75425720214838, 305.6050720214844, 1.0]], "head_box": [[271.988, 118.93], [361.74399999999997, 253.564]], "head_size": 134.634, "hand_box_center": [288.15569305419916, 327.80419921875], "is_left": 0, "is_mpii": 0}