{"mpii_body_pts": [[0.0, 0.0, 0.0], [337.9465, 266.83950000000004, 0.65584], [345.019, 217.526, 0.745096], [355.89, 87.6741, 0.651788], [0.0, 0.0, 0.0], [0.0, 0.0, 0.0], [0.0, 0.0, 0.0], [0.0, 0.0, 0.0], [0.0, 0.0, 0.0], [0.0, 0.0, 0.0], [252.893, 394.416, 0.487948], [166.983, 403.841, 0.568653], [230.987, 266.05, 0.660618], [444.906, 267.629, 0.651062], [507.348, 395.989, 0.563864], [474.532, 452.357, 0.668371]], "hand_pts": [[245.32649230957034, 403.2936706542969, 1.0], [253.1735076904297, 387.6607055664063, 1.0], [281.10888671875006, 380.46954345703125, 1.0], [303.47515869140625, 388.86865234375006, 1.0], [320.923828125, 383.7852478027344, 1.0], [255.15571594238278, 389.9388427734375, 1.0], [282.26828002929693, 395.82489013671886, 1.0], [302.1329345703125, 397.9652709960937, 1.0], [316.36032104492193, 399.3030090332031, 1.0], [254.61882019042972, 404.11886596679693, 1.0], [281.9998474121093, 409.2022705078125, 1.0], [304.28048706054693, 410.2724609375, 1.0], [318.23941040039057, 407.0618896484375, 1.0], [255.96102905273446, 418.833984375, 1.0], [282.26828002929693, 420.4392700195313, 1.0], [302.6698303222657, 419.1015319824219, 1.0], [319.85006713867193, 411.6101989746093, 1.0], [255.42414855957034, 428.4656982421874, 1.0], [281.9998474121093, 430.33853149414057, 1.0], [296.4956665039063, 428.1981506347657, 1.0], [305.354248046875, 422.3121032714843, 1.0]], "head_box": [[312.6060333333333, 87.6741], [399.1739666666667, 217.526]], "head_size": 129.8519, "hand_box_center": [283.12516021728516, 405.40403747558594], "is_left": 0, "is_mpii": 0}