{"mpii_body_pts": [[0.0, 0.0, 0.0], [358.2545, 262.179, 0.627875], [368.429, 217.546, 0.718139], [393.44, 86.0621, 0.651559], [0.0, 0.0, 0.0], [0.0, 0.0, 0.0], [0.0, 0.0, 0.0], [0.0, 0.0, 0.0], [0.0, 0.0, 0.0], [0.0, 0.0, 0.0], [243.505, 385.023, 0.406004], [177.917, 392.825, 0.631493], [249.76, 269.222, 0.670516], [466.749, 255.136, 0.585234], [530.797, 360.004, 0.601408], [529.221, 416.354, 0.553702]], "hand_pts": [[245.93646240234378, 388.5342407226563, 1.0], [249.391357421875, 365.8206481933595, 1.0], [257.3376159667969, 342.4187927246093, 1.0], [264.9383850097656, 329.3412780761719, 1.0], [264.5928955078125, 315.57543945312494, 1.0], [263.21093749999994, 356.8728942871094, 1.0], [284.97680664062494, 346.5485229492187, 1.0], [297.4144287109375, 341.730499267578, 1.0], [308.4700927734375, 337.6007385253906, 1.0], [265.62936401367193, 373.73599243164057, 1.0], [297.4144287109375, 366.8530883789063, 1.0], [312.615966796875, 363.4116516113281, 1.0], [326.0, 359.0, 1.0], [270.8117065429687, 391.6315612792969, 1.0], [300.52383422851557, 384.4045104980469, 1.0], [314.3434143066406, 378.89819335937494, 1.0], [323.3261413574219, 372.35943603515636, 1.0], [273.2301330566405, 401.2676391601563, 1.0], [299.1418762207032, 398.85861206054693, 1.0], [308.8155822753906, 394.0405883789063, 1.0], [311.92498779296875, 388.1900939941406, 1.0]], "head_box": [[349.61203333333333, 86.0621], [437.26796666666667, 217.546]], "head_size": 131.4839, "hand_box_center": [285.9682312011719, 358.4215393066406], "is_left": 0, "is_mpii": 0}