{"mpii_body_pts": [[0.0, 0.0, 0.0], [342.6275, 230.8845, 0.66707], [344.986, 231.706, 0.664723], [354.375, 92.2928, 0.599403], [0.0, 0.0, 0.0], [0.0, 0.0, 0.0], [0.0, 0.0, 0.0], [0.0, 0.0, 0.0], [0.0, 0.0, 0.0], [0.0, 0.0, 0.0], [279.459, 372.557, 0.636685], [156.122, 356.902, 0.751602], [240.371, 231.634, 0.650849], [444.884, 230.135, 0.683291], [519.788, 366.219, 0.699839], [407.441, 408.507, 0.663976]], "hand_pts": [[406.7654113769531, 410.4602355957031, 1.0], [380.1041870117188, 398.4474487304688, 1.0], [356.6169128417969, 401.6087036132813, 1.0], [342.0167236328125, 399.71194458007807, 1.0], [328.68612670898426, 402.87322998046875, 1.0], [352.8081665039063, 434.4858093261719, 1.0], [346.4602661132813, 455.9823608398438, 1.0], [341.38195800781244, 462.93713378906244, 1.0], [336.9384155273437, 466.7306213378906, 1.0], [366.13879394531244, 442.07281494140625, 1.0], [358.52130126953125, 459.7758483886719, 1.0], [351.5386047363281, 467.995147705078, 1.0], [345.8254699707031, 472.42089843749994, 1.0], [378.1997985839844, 450.2920837402343, 1.0], [366.13879394531244, 469.2596435546875, 1.0], [362.96484375, 474.94989013671886, 1.0], [358.52130126953125, 469.8918762207031, 1.0], [386.45208740234375, 458.5113525390625, 1.0], [378.1997985839844, 469.2596435546875, 1.0], [369.9475402832031, 473.6853942871093, 1.0], [370.58233642578125, 462.93713378906244, 1.0]], "head_box": [[307.9039333333333, 92.2928], [400.8460666666667, 231.706]], "head_size": 139.4132, "hand_box_center": [367.7257690429687, 436.69866943359386], "is_left": 1, "is_mpii": 0}