{"mpii_body_pts": [[0.0, 0.0, 0.0], [338.7605, 254.349, 0.6216045], [341.884, 217.562, 0.730279], [340.243, 87.6303, 0.660907], [0.0, 0.0, 0.0], [0.0, 0.0, 0.0], [0.0, 0.0, 0.0], [0.0, 0.0, 0.0], [0.0, 0.0, 0.0], [0.0, 0.0, 0.0], [271.62, 455.479, 0.535132], [181.021, 395.994, 0.604639], [234.151, 252.004, 0.653257], [443.37, 256.694, 0.589952], [515.108, 416.323, 0.533216], [441.726, 466.386, 0.63714]], "hand_pts": [[275.46307373046875, 454.7842407226563, 1.0], [294.7622680664063, 450.20706176757807, 1.0], [323.8642883300782, 449.59677124023426, 1.0], [339.0962219238281, 459.5046997070313, 1.0], [352.38610839843744, 469.1585083007813, 1.0], [333.70843505859364, 478.8123168945313, 1.0], [347.71667480468744, 502.4104919433594, 1.0], [341.61053466796875, 497.0472717285156, 1.0], [337.65948486328136, 492.04159545898426, 1.0], [321.8553161621093, 488.82366943359375, 1.0], [338.01867675781244, 513.4944458007812, 1.0], [331.9125061035156, 508.8463439941406, 1.0], [327.602294921875, 503.4831237792968, 1.0], [306.4103393554687, 499.55010986328125, 1.0], [325.44717407226557, 516.71240234375, 1.0], [322.5736999511718, 510.9916381835937, 1.0], [317.54507446289057, 506.343505859375, 1.0], [303.5368347167969, 504.19821166992193, 1.0], [310.7205505371093, 513.8520507812498, 1.0], [308.20626831054693, 512.4218139648438, 1.0], [304.9735717773437, 509.5614318847657, 1.0]], "head_box": [[296.93243333333334, 87.6303], [383.55356666666665, 217.562]], "head_size": 129.9317, "hand_box_center": [313.9245910644531, 483.15458679199213], "is_left": 0, "is_mpii": 0}