{"mpii_body_pts": [[0.0, 0.0, 0.0], [358.219, 255.1275, 0.6170005000000001], [357.512, 211.3, 0.696737], [343.479, 81.3836, 0.623843], [0.0, 0.0, 0.0], [0.0, 0.0, 0.0], [0.0, 0.0, 0.0], [0.0, 0.0, 0.0], [0.0, 0.0, 0.0], [0.0, 0.0, 0.0], [268.55, 300.517, 0.71424], [204.521, 363.112, 0.570135], [255.964, 255.143, 0.664825], [460.474, 255.112, 0.569176], [511.986, 400.672, 0.647806], [374.63, 405.321, 0.750542]], "hand_pts": [[290.6046142578125, 295.5650939941406, 1.0], [295.9080200195313, 300.56222534179693, 1.0], [330.1770324707031, 297.7725524902343, 1.0], [347.9054565429687, 287.99676513671875, 1.0], [364.4469604492187, 281.52819824218733, 1.0], [316.56411743164057, 270.65264892578136, 1.0], [314.66604614257807, 289.78823852539057, 1.0], [309.6158142089843, 302.35787963867193, 1.0], [305.64776611328136, 312.4136047363281, 1.0], [300.7351684570312, 265.9224548339844, 1.0], [299.15460205078136, 291.5838928222656, 1.0], [299.15460205078136, 307.02661132812494, 1.0], [298.79388427734375, 309.18139648437494, 1.0], [286.48907470703125, 270.65264892578136, 1.0], [284.00390624999994, 292.30215454101557, 1.0], [284.3646240234376, 306.308349609375, 1.0], [284.3646240234376, 309.18139648437494, 1.0], [276.041961669922, 275.38287353515636, 1.0], [267.1777648925781, 278.5363464355469, 1.0], [259.5798645019532, 277.90563964843744, 1.0], [250.81661987304688, 276.14120483398443, 1.0]], "head_box": [[300.1735333333333, 81.3836], [386.7844666666667, 211.3]], "head_size": 129.9164, "hand_box_center": [307.6317901611328, 289.16802978515625], "is_left": 0, "is_mpii": 0}