{"mpii_body_pts": [[0.0, 0.0, 0.0], [369.175, 248.082, 0.639633], [380.901, 217.558, 0.774517], [393.338, 86.0997, 0.611373], [0.0, 0.0, 0.0], [0.0, 0.0, 0.0], [0.0, 0.0, 0.0], [0.0, 0.0, 0.0], [0.0, 0.0, 0.0], [0.0, 0.0, 0.0], [243.486, 320.895, 0.560923], [195.121, 377.231, 0.420839], [266.918, 242.624, 0.631743], [471.432, 253.54, 0.647523], [522.914, 319.341, 0.562502], [504.234, 380.392, 0.627968]], "hand_pts": [[511.00488281250006, 393.6596984863282, 1.0], [513.98046875, 374.0994873046875, 1.0], [515.7658081054686, 349.2047119140625, 1.0], [519.9315795898438, 327.86633300781244, 1.0], [530.6436157226562, 318.3825988769531, 1.0], [511.00488281250006, 368.17218017578136, 1.0], [502.0781860351563, 361.65209960937506, 1.0], [491.3661499023437, 352.76110839843744, 1.0], [481.84432983398443, 345.64831542968744, 1.0], [502.6733093261719, 380.0268249511718, 1.0], [487.20034790039057, 369.35763549804693, 1.0], [470.53717041015625, 357.5029602050781, 1.0], [457.4446716308595, 347.4265136718749, 1.0], [494.3417053222656, 391.2887573242187, 1.0], [475.29809570312494, 380.61956787109375, 1.0], [459.8251342773437, 368.764892578125, 1.0], [449.7081909179687, 358.68844604492193, 1.0], [483.62966918945324, 400.17974853515636, 1.0], [463.9909362792968, 393.06695556640625, 1.0], [453.2789001464843, 380.0268249511718, 1.0], [447.3277587890625, 370.54309082031256, 1.0]], "head_box": [[349.5185666666667, 86.0997], [437.15743333333336, 217.558]], "head_size": 131.4583, "hand_box_center": [488.9856872558594, 359.28117370605474], "is_left": 1, "is_mpii": 0}