{"mpii_body_pts": [[0.0, 0.0, 0.0], [352.7815, 252.775, 0.570324], [355.931, 209.756, 0.703819], [354.314, 81.4012, 0.675534], [0.0, 0.0, 0.0], [0.0, 0.0, 0.0], [0.0, 0.0, 0.0], [0.0, 0.0, 0.0], [0.0, 0.0, 0.0], [0.0, 0.0, 0.0], [259.097, 317.753, 0.695693], [177.904, 369.444, 0.577365], [249.774, 255.101, 0.53012], [455.789, 250.449, 0.610528], [515.12, 366.233, 0.61486], [377.734, 341.21, 0.746346]], "hand_pts": [[296.98745727539057, 306.9055480957031, 1.0], [302.8382263183594, 311.6382446289063, 1.0], [329.1666870117188, 309.8179626464844, 1.0], [344.5249328613281, 300.7166442871093, 1.0], [355.86080932617193, 292.3434448242188, 1.0], [314.9054260253906, 288.7029113769531, 1.0], [316.73379516601557, 313.45849609375006, 1.0], [313.8084106445313, 322.923858642578, 1.0], [311.6143798828125, 329.1127624511719, 1.0], [296.25610351562494, 286.51861572265625, 1.0], [301.00985717773443, 314.5506591796875, 1.0], [301.00985717773443, 325.4722290039063, 1.0], [301.37551879882807, 331.297088623047, 1.0], [279.80081176757807, 295.255859375, 1.0], [288.21130371093744, 318.5552368164063, 1.0], [291.13668823242193, 326.20034790039057, 1.0], [293.6963806152344, 331.297088623047, 1.0], [272.1216735839844, 299.98855590820295, 1.0], [266.63659667968744, 301.808807373047, 1.0], [260.0544738769532, 305.08529663085943, 1.0], [252.00965881347656, 308.3617553710937, 1.0]], "head_box": [[311.52906666666667, 81.4012], [397.0989333333334, 209.756]], "head_size": 128.3548, "hand_box_center": [303.9352340698242, 308.9078521728516], "is_left": 0, "is_mpii": 0}