{"mpii_body_pts": [[0.0, 0.0, 0.0], [342.634, 255.934, 0.49469250000000003], [343.416, 205.058, 0.749264], [341.821, 79.8698, 0.736542], [0.0, 0.0, 0.0], [0.0, 0.0, 0.0], [0.0, 0.0, 0.0], [0.0, 0.0, 0.0], [0.0, 0.0, 0.0], [0.0, 0.0, 0.0], [193.564, 319.348, 0.501494], [171.714, 405.412, 0.45622], [243.528, 256.709, 0.455813], [441.74, 255.159, 0.533572], [522.956, 407.021, 0.637886], [458.908, 355.317, 0.695035]], "hand_pts": [[210.35986328124997, 316.89501953124994, 1.0], [222.8562927246094, 313.2917175292968, 1.0], [239.95666503906247, 302.1542053222657, 1.0], [239.6278228759766, 288.06854248046875, 1.0], [231.07763671875, 278.5689086914063, 1.0], [230.091064453125, 271.0346984863281, 1.0], [228.11795043945312, 249.41484069824216, 1.0], [226.47367858886716, 233.0361480712891, 1.0], [223.51400756835938, 218.29533386230472, 1.0], [219.89662170410153, 272.6725769042969, 1.0], [219.89662170410153, 262.8453674316406, 1.0], [223.51400756835938, 280.2067565917969, 1.0], [224.82942199707034, 296.25787353515636, 1.0], [206.74247741699222, 278.24133300781244, 1.0], [207.0713348388672, 271.6898498535157, 1.0], [214.63496398925776, 290.03399658203125, 1.0], [216.9369354248047, 303.7920837402343, 1.0], [193.91720581054688, 283.8100891113282, 1.0], [193.91720581054688, 277.58618164062494, 1.0], [202.46739196777347, 286.43066406249994, 1.0], [208.71560668945312, 293.96487426757807, 1.0]], "head_box": [[300.0916, 79.8698], [383.5504, 205.058]], "head_size": 125.1882, "hand_box_center": [216.9369354248047, 267.59517669677734], "is_left": 0, "is_mpii": 0}