{"mpii_body_pts": [[0.0, 0.0, 0.0], [337.1845, 262.9605, 0.654038], [341.788, 231.628, 0.718188], [330.906, 86.0806, 0.557998], [0.0, 0.0, 0.0], [0.0, 0.0, 0.0], [0.0, 0.0, 0.0], [0.0, 0.0, 0.0], [0.0, 0.0, 0.0], [0.0, 0.0, 0.0], [281.011, 457.067, 0.482499], [184.224, 417.954, 0.628172], [231.04, 267.636, 0.692229], [443.329, 258.285, 0.615847], [505.805, 419.479, 0.601203], [441.794, 458.599, 0.629893]], "hand_pts": [[447.02310180664057, 462.0462951660156, 1.0], [417.0671691894532, 445.83102416992193, 1.0], [392.3209838867188, 447.12826538085943, 1.0], [373.4357604980469, 446.4796447753906, 1.0], [360.41143798828114, 453.6143493652344, 1.0], [389.71612548828114, 478.9101562499999, 1.0], [374.73818969726557, 495.7740478515625, 1.0], [366.2723693847657, 493.17959594726557, 1.0], [366.2723693847657, 484.7476501464844, 1.0], [400.78680419921875, 489.2879333496093, 1.0], [379.9479064941406, 506.80041503906256, 1.0], [370.8309020996094, 504.20599365234375, 1.0], [368.2260131835937, 493.17959594726557, 1.0], [410.5550231933595, 500.96292114257807, 1.0], [388.4136962890625, 512.637939453125, 1.0], [379.2966918945313, 504.8545837402344, 1.0], [371.4821166992187, 497.0712585449219, 1.0], [413.8110961914063, 505.5032043457031, 1.0], [397.5307312011718, 511.9893188476562, 1.0], [386.4600524902343, 509.39486694335943, 1.0], [374.73818969726557, 502.2601623535156, 1.0]], "head_box": [[282.3902, 86.0806], [379.4218, 231.628]], "head_size": 145.54739999999998, "hand_box_center": [403.7172698974608, 479.23448181152344], "is_left": 1, "is_mpii": 0}