{"mpii_body_pts": [[0.0, 0.0, 0.0], [329.34950000000003, 273.144, 0.6319465], [330.9, 242.649, 0.709652], [379.301, 103.309, 0.590113], [0.0, 0.0, 0.0], [0.0, 0.0, 0.0], [0.0, 0.0, 0.0], [0.0, 0.0, 0.0], [0.0, 0.0, 0.0], [0.0, 0.0, 0.0], [288.763, 399.121, 0.667866], [179.545, 428.862, 0.662077], [218.539, 278.599, 0.616889], [440.16, 267.689, 0.647004], [482.363, 358.477, 0.665254], [477.677, 424.179, 0.572919]], "hand_pts": [[300.69818115234375, 407.53314208984375, 1.0], [298.9296569824219, 389.5645141601563, 1.0], [307.4185180664062, 369.12960815429693, 1.0], [319.0906982421874, 373.70983886718744, 1.0], [331.11654663085943, 369.8342590332031, 1.0], [303.174072265625, 392.0307922363281, 1.0], [332.8850708007813, 389.2121887207031, 1.0], [344.20355224609364, 374.4144897460937, 1.0], [347.7405700683594, 365.6063537597656, 1.0], [314.84625244140625, 409.2947692871093, 1.0], [345.2646484375, 390.26916503906256, 1.0], [338.89801025390625, 383.92730712890625, 1.0], [328.6406555175781, 382.5180053710937, 1.0], [327.5795288085937, 416.3412780761719, 1.0], [353.04608154296875, 396.6110229492187, 1.0], [338.54431152343756, 393.08776855468744, 1.0], [328.9943542480468, 394.49707031249994, 1.0], [338.54431152343756, 417.7505798339844, 1.0], [356.58312988281244, 404.36221313476574, 1.0], [356.93682861328125, 392.7354431152344, 1.0], [348.44796752929693, 393.7924194335937, 1.0]], "head_box": [[332.85433333333333, 103.309], [425.74766666666665, 242.649]], "head_size": 139.34, "hand_box_center": [327.93324279785156, 391.678466796875], "is_left": 0, "is_mpii": 0}