{"mpii_body_pts": [[0.0, 0.0, 0.0], [373.081, 259.06, 0.603935], [377.718, 214.414, 0.690665], [379.309, 78.2256, 0.664317], [0.0, 0.0, 0.0], [0.0, 0.0, 0.0], [0.0, 0.0, 0.0], [0.0, 0.0, 0.0], [0.0, 0.0, 0.0], [0.0, 0.0, 0.0], [241.931, 308.386, 0.544369], [179.498, 363.131, 0.491832], [266.927, 244.189, 0.643523], [479.235, 273.931, 0.564347], [519.828, 431.984, 0.6997], [429.225, 461.732, 0.591117]], "hand_pts": [[239.54353332519528, 306.7561950683593, 1.0], [247.77040100097656, 296.1712036132813, 1.0], [264.5038452148438, 281.1934814453125, 1.0], [296.2557678222656, 277.19256591796875, 1.0], [314.74423217773443, 273.5917663574219, 1.0], [282.59036254882807, 278.7929382324219, 1.0], [308.31344604492193, 288.79519653320307, 1.0], [315.1461486816406, 297.99728393554693, 1.0], [321.1749877929688, 306.7992858886719, 1.0], [284.6000061035157, 294.396484375, 1.0], [311.12692260742193, 300.3978271484375, 1.0], [300.67691040039057, 303.19845581054693, 1.0], [292.63845825195307, 300.79791259765625, 1.0], [277.7673034667969, 308.79974365234375, 1.0], [308.31344604492193, 314.40100097656244, 1.0], [300.2749938964844, 315.60125732421875, 1.0], [291.8345947265625, 314.8010864257813, 1.0], [273.74807739257807, 322.40280151367193, 1.0], [301.480743408203, 326.4037170410155, 1.0], [295.45190429687494, 329.204345703125, 1.0], [288.21728515625, 328.40417480468744, 1.0]], "head_box": [[333.9128666666667, 78.2256], [424.7051333333334, 214.414]], "head_size": 136.1884, "hand_box_center": [280.35926055908203, 301.39805603027344], "is_left": 0, "is_mpii": 0}