{"mpii_body_pts": [[0.0, 0.0, 0.0], [352.78249999999997, 268.4545, 0.637097], [355.857, 223.833, 0.702669], [351.206, 93.8788, 0.632945], [0.0, 0.0, 0.0], [0.0, 0.0, 0.0], [0.0, 0.0, 0.0], [0.0, 0.0, 0.0], [0.0, 0.0, 0.0], [0.0, 0.0, 0.0], [260.697, 344.381, 0.779247], [195.119, 405.337, 0.628638], [240.386, 270.804, 0.642026], [465.179, 266.105, 0.632168], [504.149, 421.09, 0.605388], [521.375, 345.907, 0.740677]], "hand_pts": [[520.4468383789062, 325.173095703125, 1.0], [515.5726928710938, 319.7547912597657, 1.0], [517.8870849609375, 301.3188171386719, 1.0], [532.0305175781251, 290.5645141601563, 1.0], [537.6879272460939, 276.99359130859364, 1.0], [551.1249389648439, 301.36267089843756, 1.0], [541.24462890625, 293.28140258789057, 1.0], [525.3656005859373, 294.68685913085943, 1.0], [514.7795410156251, 301.0113220214843, 1.0], [552.1835327148439, 314.71435546874994, 1.0], [524.3070068359373, 306.63308715820307, 1.0], [515.3155517578125, 309.2565307617187, 1.0], [520.715759277344, 310.53680419921875, 1.0], [547.7169189453125, 325.13195800781244, 1.0], [521.2301025390626, 317.19424438476574, 1.0], [512.7440185546876, 316.9381713867187, 1.0], [517.1156005859374, 319.24267578125, 1.0], [539.4880371093751, 339.9831237792968, 1.0], [521.2301025390626, 331.7893676757813, 1.0], [514.2869262695314, 328.20458984375006, 1.0], [516.8584594726562, 331.5333251953125, 1.0]], "head_box": [[307.88793333333336, 93.8788], [394.52406666666667, 223.833]], "head_size": 129.95420000000001, "hand_box_center": [532.4637756347657, 308.4883575439452], "is_left": 1, "is_mpii": 0}