{"mpii_body_pts": [[0.0, 0.0, 0.0], [355.1185, 260.581, 0.581823], [355.863, 212.841, 0.717978], [355.976, 79.879, 0.639667], [0.0, 0.0, 0.0], [0.0, 0.0, 0.0], [0.0, 0.0, 0.0], [0.0, 0.0, 0.0], [0.0, 0.0, 0.0], [0.0, 0.0, 0.0], [254.389, 316.202, 0.790585], [168.532, 394.411, 0.551796], [240.369, 253.573, 0.509323], [469.868, 267.589, 0.654323], [505.754, 397.575, 0.63902], [476.071, 491.465, 0.684847]], "hand_pts": [[478.0, 487.0, 1.0], [463.03039550781244, 486.0274963378906, 1.0], [448.72195434570307, 492.02636718749994, 1.0], [440.06158447265625, 505.14886474609375, 1.0], [428.76544189453136, 516.396728515625, 1.0], [476.96231079101557, 516.7716674804686, 1.0], [467.1723327636719, 534.7682495117188, 1.0], [455.4996337890625, 543.7665405273439, 1.0], [444.2034912109375, 549.0155029296876, 1.0], [484.11651611328125, 525.7699584960938, 1.0], [468.678466796875, 547.140869140625, 1.0], [446.4627380371093, 550.5152587890624, 1.0], [434.79006958007807, 551.6400146484375, 1.0], [484.11651611328125, 528.3944702148439, 1.0], [473.95001220703125, 549.3904418945311, 1.0], [454.37002563476574, 549.3904418945311, 1.0], [448.72195434570307, 546.0161132812499, 1.0], [482.23382568359375, 532.5186767578126, 1.0], [474.70306396484375, 544.516357421875, 1.0], [467.54885864257807, 545.6411743164062, 1.0], [462.2773132324219, 543.3916015625, 1.0]], "head_box": [[311.6553333333333, 79.879], [400.2966666666667, 212.841]], "head_size": 132.962, "hand_box_center": [456.4409790039063, 518.8337554931641], "is_left": 1, "is_mpii": 0}