{"mpii_body_pts": [[0.0, 0.0, 0.0], [376.9595, 268.4255, 0.534402], [369.941, 206.56, 0.7514], [368.421, 79.776, 0.663464], [0.0, 0.0, 0.0], [0.0, 0.0, 0.0], [0.0, 0.0, 0.0], [0.0, 0.0, 0.0], [0.0, 0.0, 0.0], [0.0, 0.0, 0.0], [252.854, 292.667, 0.555061], [204.437, 363.142, 0.485349], [270.03, 255.08, 0.508739], [483.889, 281.771, 0.560065], [522.953, 417.931, 0.661616], [490.131, 507.134, 0.647137]], "hand_pts": [[487.2328186035156, 518.9697875976564, 1.0], [461.68115234375, 517.7129516601564, 1.0], [443.23556518554693, 534.6715698242186, 1.0], [435.0568237304688, 549.0064086914061, 1.0], [426.7880249023437, 555.9755249023438, 1.0], [456.9320068359375, 559.6273803710939, 1.0], [446.57617187499994, 580.5902099609375, 1.0], [437.890625, 587.5778808593751, 1.0], [427.77856445312494, 592.5213623046875, 1.0], [470.62841796874994, 561.2910766601565, 1.0], [459.60446166992205, 583.252197265625, 1.0], [449.5827026367188, 592.9017333984375, 1.0], [438.892822265625, 597.8928833007812, 1.0], [481.65237426757807, 564.2857666015626, 1.0], [474.6371154785155, 583.9176635742186, 1.0], [463.27911376953125, 596.8946533203125, 1.0], [453.2573547363281, 604.2150268554686, 1.0], [490.0038452148438, 563.9530639648438, 1.0], [486.3291931152344, 583.5848999023439, 1.0], [478.31176757812494, 595.23095703125, 1.0], [469.96029663085943, 602.2185668945311, 1.0]], "head_box": [[326.1596666666667, 79.776], [410.6823333333333, 206.56]], "head_size": 126.784, "hand_box_center": [458.39593505859375, 560.9639892578125], "is_left": 1, "is_mpii": 0}