{"mpii_body_pts": [[0.0, 0.0, 0.0], [355.885, 243.38150000000002, 0.57219], [366.821, 244.165, 0.625906], [379.294, 106.486, 0.668886], [0.0, 0.0, 0.0], [0.0, 0.0, 0.0], [0.0, 0.0, 0.0], [0.0, 0.0, 0.0], [0.0, 0.0, 0.0], [0.0, 0.0, 0.0], [220.094, 452.336, 0.565583], [181.029, 331.847, 0.74492], [254.391, 234.772, 0.640246], [457.379, 251.991, 0.504134], [515.137, 367.791, 0.337824], [0.0, 0.0, 0.0]], "hand_pts": [[426.5364990234375, 491.41519165039057, 1.0], [401.66314697265625, 472.50881958007807, 1.0], [378.7534484863281, 470.552978515625, 1.0], [360.42572021484375, 471.8568725585937, 1.0], [351.91641235351557, 481.63601684570307, 1.0], [379.4080200195313, 510.97351074218733, 1.0], [366.31677246093744, 520.1007080078126, 1.0], [354.53466796875, 520.1007080078126, 1.0], [347.33447265625, 510.3215637207031, 1.0], [385.29907226562494, 524.0123901367188, 1.0], [366.31677246093744, 537.7031860351564, 1.0], [356.4983520507812, 531.835693359375, 1.0], [349.9527282714843, 522.0565185546875, 1.0], [389.22644042968744, 532.4876708984374, 1.0], [369.589599609375, 540.3109741210938, 1.0], [361.0802917480469, 533.1395874023438, 1.0], [353.2255249023437, 525.3162841796875, 1.0], [390.5355834960937, 533.1395874023438, 1.0], [376.1352233886719, 539.0070800781251, 1.0], [363.0439758300781, 535.0953979492189, 1.0], [353.88009643554693, 529.2279052734375, 1.0]], "head_box": [[333.401, 106.486], [425.18699999999995, 244.165]], "head_size": 137.67899999999997, "hand_box_center": [386.93548583984375, 505.4319763183594], "is_left": 1, "is_mpii": 0}