{"mpii_body_pts": [[0.0, 0.0, 0.0], [337.14549999999997, 259.041, 0.6211154999999999], [338.721, 222.288, 0.683466], [318.492, 84.5445, 0.574132], [0.0, 0.0, 0.0], [0.0, 0.0, 0.0], [0.0, 0.0, 0.0], [0.0, 0.0, 0.0], [0.0, 0.0, 0.0], [0.0, 0.0, 0.0], [248.201, 341.169, 0.68035], [154.501, 383.505, 0.684046], [231.003, 261.391, 0.644798], [443.288, 256.691, 0.597433], [504.162, 367.825, 0.682018], [352.807, 374.07, 0.657312]], "hand_pts": [[267.824432373047, 338.47027587890625, 1.0], [278.2611694335937, 340.70034790039057, 1.0], [300.76849365234375, 340.70034790039057, 1.0], [320.4624328613281, 326.69558715820307, 1.0], [334.93142700195307, 314.2913818359375, 1.0], [294.3378295898438, 318.6928710937501, 1.0], [299.96466064453136, 348.70306396484375, 1.0], [295.9454956054688, 357.10589599609375, 1.0], [292.7301635742187, 365.10861206054693, 1.0], [276.65350341796875, 317.0923461914063, 1.0], [286.29949951171875, 351.1038818359376, 1.0], [284.6918334960937, 361.1072692871094, 1.0], [283.8880004882812, 366.70916748046875, 1.0], [260.9787597656249, 326.2954406738282, 1.0], [270.624755859375, 351.5039978027344, 1.0], [273.4381713867187, 359.1065673828125, 1.0], [275.44775390624994, 364.7084655761719, 1.0], [253.34233093261724, 332.2974853515625, 1.0], [246.5097503662109, 338.2995300292969, 1.0], [242.0886688232422, 342.30087280273443, 1.0], [237.26567077636713, 346.3022460937501, 1.0]], "head_box": [[272.5775, 84.5445], [364.40650000000005, 222.288]], "head_size": 137.7435, "hand_box_center": [286.0985488891601, 340.5002746582031], "is_left": 0, "is_mpii": 0}