{"mpii_body_pts": [[0.0, 0.0, 0.0], [373.06899999999996, 254.326, 0.368011], [360.614, 206.632, 0.586194], [354.397, 79.8727, 0.690783], [0.0, 0.0, 0.0], [0.0, 0.0, 0.0], [0.0, 0.0, 0.0], [0.0, 0.0, 0.0], [0.0, 0.0, 0.0], [0.0, 0.0, 0.0], [307.559, 228.481, 0.577062], [198.222, 339.614, 0.377746], [268.5, 239.469, 0.237062], [477.638, 269.183, 0.49896], [510.452, 453.891, 0.311728], [0.0, 0.0, 0.0]], "hand_pts": [[514.8370971679686, 601.3113403320312, 1.0], [495.35147094726557, 604.8172607421874, 1.0], [479.58593749999994, 620.8486328124999, 1.0], [472.68850708007807, 641.1332397460939, 1.0], [465.462646484375, 649.6397094726564, 1.0], [492.0669860839844, 625.1018676757812, 1.0], [486.8117980957031, 649.6397094726564, 1.0], [482.8704223632813, 664.6895141601564, 1.0], [477.615234375, 676.4677124023436, 1.0], [503.89114379882807, 631.9724731445312, 1.0], [498.9644165039063, 656.51025390625, 1.0], [495.679931640625, 669.2699584960938, 1.0], [490.42474365234375, 681.048095703125, 1.0], [515.3869018554686, 633.2811279296876, 1.0], [511.1170349121093, 659.7819824218751, 1.0], [506.19030761718744, 670.57861328125, 1.0], [501.26354980468744, 679.7393798828125, 1.0], [525.5687866210939, 633.9354858398438, 1.0], [518.6713867187501, 663.0537109375001, 1.0], [516.70068359375, 670.57861328125, 1.0], [511.77395629882807, 677.7763671875, 1.0]], "head_box": [[312.1439, 79.8727], [396.6501, 206.632]], "head_size": 126.75930000000001, "hand_box_center": [495.51571655273443, 641.1797180175781], "is_left": 1, "is_mpii": 0}