{"mpii_body_pts": [[0.0, 0.0, 0.0], [362.947, 277.007, 0.6101255], [371.532, 231.61, 0.667168], [432.377, 98.6239, 0.623419], [0.0, 0.0, 0.0], [0.0, 0.0, 0.0], [0.0, 0.0, 0.0], [0.0, 0.0, 0.0], [0.0, 0.0, 0.0], [0.0, 0.0, 0.0], [332.473, 381.921, 0.851237], [184.173, 394.495, 0.657594], [245.085, 261.369, 0.609016], [480.809, 292.645, 0.611235], [499.54, 417.888, 0.638045], [479.278, 507.093, 0.80659]], "hand_pts": [[479.93948364257807, 516.1041870117188, 1.0], [467.0542907714844, 509.5132446289063, 1.0], [455.5620727539063, 516.1041870117188, 1.0], [450.6866149902343, 529.6330566406251, 1.0], [441.1179809570313, 539.046630859375, 1.0], [482.02899169921875, 535.5302734375, 1.0], [472.87588500976574, 559.2390747070314, 1.0], [466.3712463378906, 568.7638549804688, 1.0], [460.63186645507807, 577.1456298828123, 1.0], [490.386962890625, 544.2025756835938, 1.0], [483.07373046874994, 565.0162353515625, 1.0], [476.1087646484375, 578.5450439453125, 1.0], [469.143798828125, 585.829833984375, 1.0], [493.17294311523443, 549.406005859375, 1.0], [489.3421936035157, 569.1789550781252, 1.0], [484.11846923828125, 579.9326171874998, 1.0], [478.1982421875, 587.5642700195312, 1.0], [489.3421936035157, 554.2625122070312, 1.0], [485.511474609375, 568.4851684570312, 1.0], [482.3772277832031, 575.4230346679689, 1.0], [477.50173950195307, 580.2795410156251, 1.0]], "head_box": [[388.0483, 98.6239], [476.70570000000004, 231.61]], "head_size": 132.98610000000002, "hand_box_center": [467.14546203613287, 548.5387573242188], "is_left": 1, "is_mpii": 0}