{"mpii_body_pts": [[0.0, 0.0, 0.0], [354.3065, 268.471, 0.6606814999999999], [355.912, 225.411, 0.698995], [352.77, 92.3889, 0.630351], [0.0, 0.0, 0.0], [0.0, 0.0, 0.0], [0.0, 0.0, 0.0], [0.0, 0.0, 0.0], [0.0, 0.0, 0.0], [0.0, 0.0, 0.0], [259.159, 344.387, 0.76245], [196.669, 400.685, 0.588854], [241.882, 269.274, 0.657265], [466.731, 267.668, 0.664098], [504.197, 430.448, 0.693065], [519.812, 347.476, 0.741096]], "hand_pts": [[519.2317504882812, 328.2898254394532, 1.0], [511.34948730468756, 311.56243896484375, 1.0], [519.8223266601562, 297.2582702636719, 1.0], [528.1061401367188, 290.88446044921875, 1.0], [532.248046875, 280.386474609375, 1.0], [546.5565185546875, 301.3824768066406, 1.0], [535.2603759765627, 292.3841857910156, 1.0], [519.0692138671875, 296.1334838867188, 1.0], [513.0446166992186, 300.63262939453136, 1.0], [548.4392089843749, 316.379638671875, 1.0], [520.1988525390627, 305.5066833496094, 1.0], [520.951904296875, 310.3807678222656, 1.0], [523.9642333984374, 311.50555419921875, 1.0], [540.5319213867186, 329.50213623046875, 1.0], [517.9396362304688, 317.5044250488281, 1.0], [517.1865234375, 321.62863159179693, 1.0], [520.1988525390627, 324.62805175781244, 1.0], [533.3776855468751, 341.12493896484375, 1.0], [514.9273071289061, 330.25198364257807, 1.0], [511.5384826660156, 331.75170898437494, 1.0], [514.9273071289061, 335.87591552734375, 1.0]], "head_box": [[308.4293, 92.3889], [397.11069999999995, 225.411]], "head_size": 133.0221, "hand_box_center": [529.8943481445312, 310.7557067871094], "is_left": 1, "is_mpii": 0}