{"mpii_body_pts": [[0.0, 0.0, 0.0], [348.111, 242.5905, 0.4073735], [352.803, 203.474, 0.642856], [352.738, 75.1515, 0.669003], [0.0, 0.0, 0.0], [0.0, 0.0, 0.0], [0.0, 0.0, 0.0], [0.0, 0.0, 0.0], [0.0, 0.0, 0.0], [0.0, 0.0, 0.0], [0.0, 0.0, 0.0], [0.0, 0.0, 0.0], [248.214, 226.933, 0.288096], [448.008, 258.248, 0.526651], [504.179, 392.853, 0.396673], [490.131, 389.752, 0.395165]], "hand_pts": [[496.8458251953126, 373.4031066894531, 1.0], [492.4562377929687, 363.09649658203125, 1.0], [482.7364501953125, 359.6609497070313, 1.0], [477.40624999999994, 350.91595458984375, 1.0], [464.551055908203, 356.2254333496093, 1.0], [503.7437438964844, 354.9761352539062, 1.0], [488.3802185058594, 364.03347778320307, 1.0], [476.152069091797, 369.9675598144531, 1.0], [468.0, 374.34008789062506, 1.0], [512.5228881835936, 370.904541015625, 1.0], [488.06668090820307, 378.0879516601563, 1.0], [472.38958740234375, 379.96185302734375, 1.0], [458.59374999999994, 380.89883422851557, 1.0], [510.95520019531256, 386.5206298828125, 1.0], [486.4989624023437, 389.33151245117176, 1.0], [469.5677185058594, 389.6438293457032, 1.0], [456.7124938964844, 389.6438293457032, 1.0], [503.43020629882807, 396.5149230957032, 1.0], [486.1854248046875, 397.7641906738282, 1.0], [475.83853149414057, 396.2026062011719, 1.0], [470.1947937011719, 394.0163574218749, 1.0]], "head_box": [[309.96383333333335, 75.1515], [395.51216666666664, 203.474]], "head_size": 128.3225, "hand_box_center": [484.617691040039, 374.34007263183594], "is_left": 1, "is_mpii": 0}