{"mpii_body_pts": [[0.0, 0.0, 0.0], [355.929, 260.57550000000003, 0.5567005], [355.871, 206.645, 0.772265], [340.255, 79.8071, 0.699446], [0.0, 0.0, 0.0], [0.0, 0.0, 0.0], [0.0, 0.0, 0.0], [0.0, 0.0, 0.0], [0.0, 0.0, 0.0], [0.0, 0.0, 0.0], [245.057, 294.256, 0.528856], [179.512, 369.384, 0.422995], [243.564, 256.656, 0.50871], [468.294, 264.495, 0.604691], [515.143, 392.835, 0.614759], [504.225, 493.037, 0.656293]], "hand_pts": [[504.86846923828125, 504.7593994140625, 1.0], [482.18685913085943, 502.09063720703125, 1.0], [460.3025207519531, 521.542236328125, 1.0], [454.24221801757807, 544.0121459960938, 1.0], [442.687255859375, 553.1398315429689, 1.0], [478.8200378417969, 526.5728149414062, 1.0], [467.4360046386718, 562.0763549804688, 1.0], [459.70202636718744, 572.5536499023438, 1.0], [454.13354492187494, 579.6411743164062, 1.0], [492.960693359375, 534.6217041015625, 1.0], [481.047821044922, 566.6986694335938, 1.0], [475.7886962890625, 576.5596313476564, 1.0], [469.2921752929687, 584.2634887695314, 1.0], [505.08126831054693, 541.6645507812499, 1.0], [493.4221801757813, 569.1638793945312, 1.0], [488.92053222656244, 576.2079467773439, 1.0], [482.86022949218744, 581.9092407226562, 1.0], [508.7847595214843, 545.6890258789062, 1.0], [501.77487182617193, 569.1638793945312, 1.0], [497.13449096679693, 575.6351928710938, 1.0], [490.94729614257807, 580.8738403320314, 1.0]], "head_box": [[297.9757, 79.8071], [382.5343, 206.645]], "head_size": 126.8379, "hand_box_center": [475.7360076904297, 543.1770629882812], "is_left": 1, "is_mpii": 0}