{"mpii_body_pts": [[0.0, 0.0, 0.0], [363.7115, 262.18, 0.658104], [379.287, 237.916, 0.68735], [455.759, 111.158, 0.617552], [0.0, 0.0, 0.0], [0.0, 0.0, 0.0], [0.0, 0.0, 0.0], [0.0, 0.0, 0.0], [0.0, 0.0, 0.0], [0.0, 0.0, 0.0], [393.411, 344.358, 0.64384], [241.98, 383.458, 0.646617], [270.058, 242.631, 0.651938], [457.365, 281.729, 0.66427], [493.317, 403.833, 0.437274], [471.417, 408.511, 0.328253]], "hand_pts": [[404.295928955078, 343.8368225097657, 1.0], [409.251953125, 325.5003051757813, 1.0], [431.55413818359375, 313.1584167480469, 1.0], [445.7142333984375, 312.80578613281256, 1.0], [451.73229980468744, 320.2109069824219, 1.0], [442.5282287597656, 308.9269104003905, 1.0], [456.3343200683594, 312.80578613281256, 1.0], [455.2723083496093, 318.80041503906256, 1.0], [448.19226074218744, 319.15304565429693, 1.0], [446.77624511718744, 324.08981323242193, 1.0], [459.87435913085943, 325.5003051757813, 1.0], [454.9183044433593, 328.32128906249994, 1.0], [448.90026855468744, 327.6160583496093, 1.0], [448.5462646484375, 340.310546875, 1.0], [459.87435913085943, 338.90005493164057, 1.0], [454.5643005371094, 342.426300048828, 1.0], [449.2542724609375, 341.7210693359375, 1.0], [448.19226074218744, 351.9472045898438, 1.0], [458.4583435058594, 351.9472045898438, 1.0], [453.5023193359375, 352.65243530273443, 1.0], [449.60827636718744, 351.9472045898438, 1.0]], "head_box": [[413.5063333333334, 111.158], [498.01166666666666, 237.916]], "head_size": 126.758, "hand_box_center": [432.08514404296875, 330.7896728515625], "is_left": 0, "is_mpii": 0}