{"mpii_body_pts": [[0.0, 0.0, 0.0], [341.865, 238.7205, 0.6550495], [349.635, 223.85, 0.619105], [357.465, 87.6691, 0.643325], [0.0, 0.0, 0.0], [0.0, 0.0, 0.0], [0.0, 0.0, 0.0], [0.0, 0.0, 0.0], [0.0, 0.0, 0.0], [0.0, 0.0, 0.0], [229.489, 408.545, 0.505137], [143.676, 355.306, 0.636959], [241.929, 242.634, 0.656233], [441.801, 234.807, 0.653866], [508.885, 369.437, 0.655748], [384.002, 416.317, 0.645838]], "hand_pts": [[378.42755126953125, 410.98229980468744, 1.0], [350.55181884765625, 415.50204467773443, 1.0], [334.9932556152343, 427.7699584960937, 1.0], [317.4898986816406, 441.32922363281256, 1.0], [303.2279052734375, 440.0378723144532, 1.0], [331.10363769531256, 444.5576477050781, 1.0], [325.9174499511718, 467.1564331054688, 1.0], [326.5657043457031, 482.00704956054693, 1.0], [327.862274169922, 481.3613891601563, 1.0], [342.7725524902343, 449.07739257812494, 1.0], [339.5311889648437, 468.4477844238282, 1.0], [340.17944335937506, 482.6527404785156, 1.0], [344.7173461914063, 485.2354431152344, 1.0], [356.3862609863281, 456.17987060546886, 1.0], [353.14489746093756, 480.07000732421875, 1.0], [356.3862609863281, 478.1329956054688, 1.0], [358.33108520507807, 469.0934753417969, 1.0], [371.2965393066405, 460.05395507812494, 1.0], [366.11035156249994, 477.48730468749994, 1.0], [363.5172729492187, 472.96752929687494, 1.0], [363.5172729492187, 465.2193908691406, 1.0]], "head_box": [[312.0713666666666, 87.6691], [402.85863333333333, 223.85]], "head_size": 136.1809, "hand_box_center": [340.8277282714844, 448.10887145996094], "is_left": 1, "is_mpii": 0}