{"mpii_body_pts": [[0.0, 0.0, 0.0], [355.1185, 260.581, 0.581823], [355.863, 212.841, 0.717978], [355.976, 79.879, 0.639667], [0.0, 0.0, 0.0], [0.0, 0.0, 0.0], [0.0, 0.0, 0.0], [0.0, 0.0, 0.0], [0.0, 0.0, 0.0], [0.0, 0.0, 0.0], [254.389, 316.202, 0.790585], [168.532, 394.411, 0.551796], [240.369, 253.573, 0.509323], [469.868, 267.589, 0.654323], [505.754, 397.575, 0.63902], [476.071, 491.465, 0.684847]], "hand_pts": [[271.83020019531256, 308.6189270019531, 1.0], [287.5947875976563, 307.2534484863281, 1.0], [303.359375, 295.3053283691406, 1.0], [306.4437561035156, 284.0399475097657, 1.0], [309.1854248046875, 265.94708251953136, 1.0], [287.93749999999994, 263.89883422851557, 1.0], [288.2802124023437, 242.05084228515625, 1.0], [288.6229248046875, 227.0303497314453, 1.0], [287.93749999999994, 212.0098571777344, 1.0], [275.2572937011719, 266.28845214843744, 1.0], [294.1062622070313, 262.5333251953125, 1.0], [299.58956909179693, 277.2124633789063, 1.0], [300.9604187011718, 287.7950744628905, 1.0], [264.63333129882807, 270.0435791015625, 1.0], [282.79687499999994, 270.0435791015625, 1.0], [288.6229248046875, 283.015838623047, 1.0], [288.6229248046875, 297.3535766601563, 1.0], [258.8072814941407, 278.2365722656249, 1.0], [274.22915649414057, 277.5538330078125, 1.0], [280.0552062988281, 285.746826171875, 1.0], [278.6843872070313, 294.2811889648437, 1.0]], "head_box": [[311.6553333333333, 79.879], [400.2966666666667, 212.841]], "head_size": 132.962, "hand_box_center": [283.99635314941406, 260.31439208984375], "is_left": 0, "is_mpii": 0}