{"mpii_body_pts": [[0.0, 0.0, 0.0], [338.748, 256.686, 0.5787605], [346.535, 219.137, 0.744618], [341.867, 87.6696, 0.626649], [0.0, 0.0, 0.0], [0.0, 0.0, 0.0], [0.0, 0.0, 0.0], [0.0, 0.0, 0.0], [0.0, 0.0, 0.0], [0.0, 0.0, 0.0], [227.883, 408.522, 0.484152], [181.046, 381.947, 0.657158], [234.16, 264.52, 0.592527], [443.336, 248.852, 0.564994], [533.868, 378.782, 0.664762], [466.697, 405.337, 0.729135]], "hand_pts": [[225.0545196533203, 410.08883666992193, 1.0], [231.77709960937497, 399.7093811035157, 1.0], [263.37326049804693, 389.99957275390625, 1.0], [276.48229980468744, 401.7182922363281, 1.0], [291.271484375, 407.8336181640625, 1.0], [244.5500183105469, 397.0308227539063, 1.0], [270.4319763183593, 409.75402832031256, 1.0], [283.611328125, 415.8411254882812, 1.0], [296.3139038085937, 422.47723388671875, 1.0], [236.48291015625003, 411.76293945312494, 1.0], [268.7513122558593, 423.8165283203125, 1.0], [285.1433410644532, 426.517822265625, 1.0], [297.7826232910156, 426.8991394042968, 1.0], [235.4745330810547, 427.4995422363281, 1.0], [266.0622863769532, 435.870086669922, 1.0], [287.44140624999994, 435.28796386718744, 1.0], [295.48455810546875, 432.6188049316406, 1.0], [238.41639709472656, 439.8637084960937, 1.0], [260.2478332519531, 444.05810546874994, 1.0], [272.12109374999994, 444.05810546874994, 1.0], [283.611328125, 441.3889465332031, 1.0]], "head_box": [[298.04453333333333, 87.6696], [385.6894666666667, 219.137]], "head_size": 131.4674, "hand_box_center": [261.41857147216797, 417.0288391113281], "is_left": 0, "is_mpii": 0}