{"mpii_body_pts": [[0.0, 0.0, 0.0], [340.2865, 254.332, 0.620229], [343.453, 217.589, 0.712155], [340.254, 82.9459, 0.619707], [0.0, 0.0, 0.0], [0.0, 0.0, 0.0], [0.0, 0.0, 0.0], [0.0, 0.0, 0.0], [0.0, 0.0, 0.0], [0.0, 0.0, 0.0], [266.978, 317.785, 0.641095], [177.946, 367.874, 0.582345], [238.828, 255.11, 0.650247], [441.745, 253.554, 0.590211], [504.189, 367.836, 0.662432], [354.378, 355.334, 0.696773]], "hand_pts": [[357.8891296386719, 356.18356323242193, 1.0], [341.1256408691407, 379.06384277343756, 1.0], [318.77435302734375, 381.5373840332031, 1.0], [303.2526245117188, 387.7212219238281, 1.0], [293.9395751953125, 395.76025390624994, 1.0], [307.59869384765625, 340.72390747070307, 1.0], [286.48913574218733, 345.0526123046875, 1.0], [271.5882568359375, 348.14453125, 1.0], [259.7917480468749, 350.6180725097657, 1.0], [308.2195739746093, 343.8158264160156, 1.0], [287.73086547851557, 346.2893676757813, 1.0], [272.2091369628905, 348.14453125, 1.0], [258.5499877929688, 350.6180725097657, 1.0], [312.565643310547, 348.76290893554693, 1.0], [290.21435546874994, 352.4732360839843, 1.0], [270.9674072265625, 353.09161376953125, 1.0], [257.30825805664057, 353.09161376953125, 1.0], [317.5326232910156, 359.27548217773443, 1.0], [297.04391479492193, 361.1306457519531, 1.0], [284.62652587890625, 360.51223754882807, 1.0], [272.8299865722656, 358.65710449218744, 1.0]], "head_box": [[295.3729666666667, 82.9459], [385.13503333333335, 217.589]], "head_size": 134.6431, "hand_box_center": [307.59869384765625, 368.2420806884765], "is_left": 1, "is_mpii": 0}