{"mpii_body_pts": [[0.0, 0.0, 0.0], [328.569, 263.74300000000005, 0.6199870000000001], [340.281, 228.535, 0.685327], [369.952, 90.7468, 0.62687], [0.0, 0.0, 0.0], [0.0, 0.0, 0.0], [0.0, 0.0, 0.0], [0.0, 0.0, 0.0], [0.0, 0.0, 0.0], [0.0, 0.0, 0.0], [248.188, 405.45, 0.417826], [154.537, 400.668, 0.637834], [215.436, 262.975, 0.618098], [441.702, 264.511, 0.621876], [497.942, 366.253, 0.649883], [505.721, 471.107, 0.747768]], "hand_pts": [[236.4168243408203, 413.8357238769531, 1.0], [246.4149169921875, 396.57312011718744, 1.0], [276.0132141113281, 392.8794250488281, 1.0], [296.534912109375, 401.4016418457031, 1.0], [312.0, 396.0, 1.0], [247.79586791992188, 407.36721801757807, 1.0], [283.423828125, 414.75314331054693, 1.0], [299.670166015625, 416.1735229492187, 1.0], [311.0, 417.0, 1.0], [247.51084899902344, 422.707244873047, 1.0], [280.28857421874994, 429.80911254882807, 1.0], [298.81512451171875, 428.672821044922, 1.0], [314.77642822265625, 428.1046752929688, 1.0], [248.65093994140628, 436.0587463378906, 1.0], [280.28857421874994, 438.3313598632812, 1.0], [296.24990844726557, 436.6268920898438, 1.0], [305.0, 429.0, 1.0], [249.79104614257815, 442.0243225097657, 1.0], [276.0132141113281, 445.1491394042969, 1.0], [290.83444213867193, 443.16061401367193, 1.0], [300.81027221679693, 436.3428344726563, 1.0]], "head_box": [[324.0226, 90.7468], [415.8814, 228.535]], "head_size": 137.78820000000002, "hand_box_center": [275.5966262817383, 419.0142822265625], "is_left": 0, "is_mpii": 0}