{"mpii_body_pts": [[0.0, 0.0, 0.0], [342.6325, 256.7215, 0.6217675], [345.021, 219.098, 0.661762], [352.742, 81.3635, 0.620221], [0.0, 0.0, 0.0], [0.0, 0.0, 0.0], [0.0, 0.0, 0.0], [0.0, 0.0, 0.0], [0.0, 0.0, 0.0], [0.0, 0.0, 0.0], [204.532, 433.545, 0.541058], [162.315, 369.451, 0.702308], [229.477, 269.253, 0.656413], [455.788, 244.19, 0.587122], [541.657, 356.891, 0.630601], [536.999, 466.402, 0.704518]], "hand_pts": [[209.72500610351562, 442.45019531249994, 1.0], [227.92500305175778, 443.8447570800781, 1.0], [248.5749969482422, 457.09298706054693, 1.0], [259.42498779296875, 476.2680969238281, 1.0], [277.9017944335937, 486.02377319335943, 1.0], [235.22879028320315, 455.05419921875, 1.0], [238.0749969482422, 490.910888671875, 1.0], [239.125, 503.46185302734375, 1.0], [237.72500610351562, 517.4074096679688, 1.0], [220.22500610351562, 468.5980529785155, 1.0], [221.625, 495.44317626953125, 1.0], [225.82499694824222, 514.9669189453124, 1.0], [227.22500610351562, 532.0501708984374, 1.0], [206.5749969482422, 474.52490234375006, 1.0], [205.875, 498.58093261718744, 1.0], [206.22500610351562, 514.6182861328125, 1.0], [207.7106781005859, 536.4486083984374, 1.0], [196.94273376464838, 477.2887878417969, 1.0], [195.34747314453125, 499.12628173828125, 1.0], [194.94866943359378, 515.0081176757812, 1.0], [195.72500610351562, 527.1692504882811, 1.0]], "head_box": [[306.83050000000003, 81.3635], [398.6535, 219.098]], "head_size": 137.73450000000003, "hand_box_center": [236.42523193359375, 489.44940185546864], "is_left": 0, "is_mpii": 0}