{"mpii_body_pts": [[0.0, 0.0, 0.0], [330.1645, 261.4, 0.6372424999999999], [335.612, 231.63, 0.704116], [357.476, 89.2201, 0.599349], [0.0, 0.0, 0.0], [0.0, 0.0, 0.0], [0.0, 0.0, 0.0], [0.0, 0.0, 0.0], [0.0, 0.0, 0.0], [0.0, 0.0, 0.0], [279.441, 372.531, 0.675064], [168.645, 405.436, 0.629333], [220.126, 259.824, 0.656485], [440.203, 262.976, 0.618], [491.754, 410.073, 0.69154], [413.669, 397.6, 0.493132]], "hand_pts": [[281.43023681640625, 375.695068359375, 1.0], [295.0049743652344, 355.85171508789057, 1.0], [319.13787841796875, 346.23071289062494, 1.0], [341.1591796875, 345.02807617187494, 1.0], [354.43225097656244, 338.11297607421875, 1.0], [310.38970947265625, 337.51165771484375, 1.0], [336.03091430664057, 339.9169006347657, 1.0], [351.11398315429693, 345.32873535156244, 1.0], [362.2754516601563, 348.93661499023426, 1.0], [312.19967651367193, 351.04119873046875, 1.0], [336.63424682617193, 351.94317626953125, 1.0], [352.622283935547, 355.25039672851557, 1.0], [364.0854187011718, 358.5576171875, 1.0], [312.8030090332031, 366.6753540039063, 1.0], [336.63424682617193, 365.17208862304705, 1.0], [351.4156494140625, 366.0740661621094, 1.0], [365.5937194824218, 368.17864990234375, 1.0], [314.3113098144531, 381.4075622558594, 1.0], [338.142547607422, 379.30294799804693, 1.0], [352.622283935547, 378.100341796875, 1.0], [363.4821166992187, 377.19836425781244, 1.0]], "head_box": [[310.00603333333333, 89.2201], [404.94596666666666, 231.63]], "head_size": 142.4099, "hand_box_center": [323.51197814941406, 359.45960998535156], "is_left": 0, "is_mpii": 0}