{"mpii_body_pts": [[0.0, 0.0, 0.0], [362.1485, 254.3565, 0.624714], [368.385, 220.709, 0.67567], [360.574, 87.6269, 0.643163], [0.0, 0.0, 0.0], [0.0, 0.0, 0.0], [0.0, 0.0, 0.0], [0.0, 0.0, 0.0], [0.0, 0.0, 0.0], [0.0, 0.0, 0.0], [241.942, 419.484, 0.639003], [201.359, 369.388, 0.693193], [254.415, 261.398, 0.672779], [469.882, 247.315, 0.576649], [554.127, 369.421, 0.698018], [515.07, 457.103, 0.587464]], "hand_pts": [[510.62045288085943, 473.84960937500006, 1.0], [485.69949340820307, 459.9254760742187, 1.0], [466.85681152343756, 469.6118469238282, 1.0], [458.95504760742193, 482.32516479492193, 1.0], [442.54367065429693, 488.98455810546875, 1.0], [486.30731201171875, 486.5629577636719, 1.0], [468.0724792480469, 505.93566894531244, 1.0], [453.484588623047, 511.38424682617193, 1.0], [440.1123657226563, 513.8058471679688, 1.0], [497.24822998046875, 499.2763061523437, 1.0], [475.97424316406256, 517.438232421875, 1.0], [461.3863525390625, 516.8328247070311, 1.0], [449.8376159667969, 510.7788391113281, 1.0], [500.8952026367188, 509.56805419921875, 1.0], [478.4055480957031, 525.3083496093751, 1.0], [465.6411437988281, 521.6759643554688, 1.0], [460.1707153320313, 513.2004394531251, 1.0], [502.71868896484375, 511.98962402343756, 1.0], [486.9151611328125, 530.1515502929686, 1.0], [472.3272705078125, 524.7029418945311, 1.0], [466.24899291992193, 516.8328247070311, 1.0]], "head_box": [[316.2133, 87.6269], [404.9347, 220.709]], "head_size": 133.0821, "hand_box_center": [475.36640930175787, 495.03851318359364], "is_left": 1, "is_mpii": 0}