{"mpii_body_pts": [[0.0, 0.0, 0.0], [328.569, 263.74300000000005, 0.6199870000000001], [340.281, 228.535, 0.685327], [369.952, 90.7468, 0.62687], [0.0, 0.0, 0.0], [0.0, 0.0, 0.0], [0.0, 0.0, 0.0], [0.0, 0.0, 0.0], [0.0, 0.0, 0.0], [0.0, 0.0, 0.0], [248.188, 405.45, 0.417826], [154.537, 400.668, 0.637834], [215.436, 262.975, 0.618098], [441.702, 264.511, 0.621876], [497.942, 366.253, 0.649883], [505.721, 471.107, 0.747768]], "hand_pts": [[511.0, 466.0, 1.0], [498.23712158203125, 474.1163635253906, 1.0], [488.3505859375, 489.79428100585943, 1.0], [485.42126464843744, 517.8687133789062, 1.0], [483.5904235839844, 533.546630859375, 1.0], [516.5455322265626, 519.6917114257812, 1.0], [507.02514648437494, 542.6616821289061, 1.0], [498.9694519042969, 528.8067626953124, 1.0], [498.23712158203125, 517.8687133789062, 1.0], [526.7982177734375, 517.5040893554688, 1.0], [512.1514892578126, 540.8386840820311, 1.0], [505.19430541992193, 527.3483886718751, 1.0], [504.46197509765625, 513.4934692382814, 1.0], [525.3335571289061, 518.597900390625, 1.0], [515.0808105468752, 537.192626953125, 1.0], [510.6868286132813, 525.1607666015625, 1.0], [509.9544982910156, 514.5872802734375, 1.0], [524.2350463867188, 517.8687133789062, 1.0], [518.3763427734375, 531.3590087890624, 1.0], [515.4470214843748, 524.7961425781252, 1.0], [516.1793212890626, 516.7749023437501, 1.0]], "head_box": [[324.0226, 90.7468], [415.8814, 228.535]], "head_size": 137.78820000000002, "hand_box_center": [505.19432067871094, 504.33084106445307], "is_left": 1, "is_mpii": 0}