{"mpii_body_pts": [[0.0, 0.0, 0.0], [393.36, 265.331, 0.5838544999999999], [382.444, 205.067, 0.738874], [357.456, 84.4994, 0.696433], [0.0, 0.0, 0.0], [0.0, 0.0, 0.0], [0.0, 0.0, 0.0], [0.0, 0.0, 0.0], [0.0, 0.0, 0.0], [0.0, 0.0, 0.0], [307.522, 284.886, 0.534191], [266.921, 286.468, 0.217614], [280.999, 256.765, 0.576522], [505.721, 273.897, 0.591187], [544.792, 411.646, 0.645401], [515.088, 507.173, 0.558396]], "hand_pts": [[515.5367431640625, 520.888916015625, 1.0], [489.9850769042968, 519.6320800781251, 1.0], [472.8034973144532, 537.406982421875, 1.0], [461.90979003906256, 558.2800292968751, 1.0], [451.1843872070313, 567.7063598632812, 1.0], [487.46145629882807, 553.5668334960938, 1.0], [472.0919494628905, 578.4994506835938, 1.0], [463.90933227539057, 587.3555908203124, 1.0], [456.08248901367193, 594.4404907226562, 1.0], [499.13320922851557, 562.050537109375, 1.0], [484.8995361328125, 584.5216064453124, 1.0], [475.64962768554705, 596.5659790039061, 1.0], [468.1785278320313, 603.6508789062501, 1.0], [507.9658813476563, 567.3921508789061, 1.0], [500.1974792480469, 588.4183349609376, 1.0], [491.30331420898426, 600.81689453125, 1.0], [484.18798828125, 609.3187866210939, 1.0], [516.2069091796876, 573.5399780273439, 1.0], [510.87045288085943, 590.5437622070314, 1.0], [504.82241821289057, 601.1711425781252, 1.0], [499.4859313964843, 608.2560424804686, 1.0]], "head_box": [[317.2668, 84.4994], [397.64520000000005, 205.067]], "head_size": 120.56760000000001, "hand_box_center": [483.6956481933595, 564.4754333496095], "is_left": 1, "is_mpii": 0}