{"mpii_body_pts": [[0.0, 0.0, 0.0], [376.1825, 261.416, 0.380389], [368.428, 205.095, 0.600653], [369.937, 79.8227, 0.62368], [0.0, 0.0, 0.0], [0.0, 0.0, 0.0], [0.0, 0.0, 0.0], [0.0, 0.0, 0.0], [0.0, 0.0, 0.0], [0.0, 0.0, 0.0], [231.001, 272.342, 0.286742], [154.484, 324.021, 0.274767], [271.616, 255.143, 0.244533], [480.749, 267.689, 0.516245], [515.083, 411.657, 0.208069], [0.0, 0.0, 0.0]], "hand_pts": [[237.6935119628906, 276.3058166503906, 1.0], [256.82473754882807, 262.24755859375006, 1.0], [277.8377075195313, 249.12649536132812, 1.0], [296.0280456542969, 245.06521606445315, 1.0], [306.4507751464843, 235.23019409179685, 1.0], [280.36300659179693, 251.95199584960943, 1.0], [311.0965270996093, 250.1730804443359, 1.0], [327.17803955078125, 250.1730804443359, 1.0], [340.043212890625, 249.81729125976562, 1.0], [283.4829711914063, 264.1219787597656, 1.0], [309.20034790039057, 264.43438720703125, 1.0], [325.19528198242193, 268.18325805664057, 1.0], [341.47268676757807, 274.0105285644531, 1.0], [282.5420837402344, 277.8678588867188, 1.0], [305.02130126953125, 282.19354248046875, 1.0], [318.9585876464843, 290.73233032226557, 1.0], [330.03695678710926, 295.71331787109364, 1.0], [275.71722412109375, 290.3765563964843, 1.0], [288.58242797851557, 299.27114868164057, 1.0], [298.5886840820313, 306.03100585937494, 1.0], [305.37866210937506, 310.65618896484375, 1.0]], "head_box": [[328.1795666666667, 79.8227], [411.69443333333334, 205.095]], "head_size": 125.2723, "hand_box_center": [289.5830993652343, 272.9431915283203], "is_left": 0, "is_mpii": 0}