{"mpii_body_pts": [[0.0, 0.0, 0.0], [354.35949999999997, 255.123, 0.623881], [355.882, 214.412, 0.699808], [352.787, 79.7799, 0.663822], [0.0, 0.0, 0.0], [0.0, 0.0, 0.0], [0.0, 0.0, 0.0], [0.0, 0.0, 0.0], [0.0, 0.0, 0.0], [0.0, 0.0, 0.0], [204.485, 455.416, 0.742766], [179.473, 359.984, 0.694353], [240.403, 253.573, 0.66408], [468.316, 256.673, 0.583682], [550.993, 378.799, 0.589166], [524.459, 489.887, 0.673211]], "hand_pts": [[526.0, 493.0, 1.0], [509.0485229492187, 496.152557373047, 1.0], [497.6215209960937, 512.3022460937498, 1.0], [490.24923706054693, 532.122314453125, 1.0], [492.4609069824219, 535.7926635742188, 1.0], [529.3222656249998, 538.7290039062501, 1.0], [505.7310180664062, 541.665283203125, 1.0], [503.5193176269531, 533.5904541015625, 1.0], [510.1543579101563, 528.451904296875, 1.0], [531.5339355468752, 544.2345581054686, 1.0], [500.20181274414057, 547.5379028320311, 1.0], [496.88427734375006, 541.2982788085939, 1.0], [502.4134826660156, 534.3245239257811, 1.0], [528.5850219726564, 543.50048828125, 1.0], [501.67626953125, 545.335693359375, 1.0], [499.09594726562494, 537.9949340820312, 1.0], [503.5193176269531, 535.4256591796875, 1.0], [526.3733520507814, 538.3619384765625, 1.0], [506.099609375, 542.0323486328125, 1.0], [502.4134826660156, 538.7290039062501, 1.0], [505.3623962402343, 536.1597290039061, 1.0]], "head_box": [[307.9096333333333, 79.7799], [397.66436666666664, 214.412]], "head_size": 134.6321, "hand_box_center": [510.89158630371105, 520.2689514160156], "is_left": 1, "is_mpii": 0}