{"mpii_body_pts": [[0.0, 0.0, 0.0], [350.4235, 276.3035, 0.651735], [363.674, 225.397, 0.692667], [365.222, 103.278, 0.684633], [0.0, 0.0, 0.0], [0.0, 0.0, 0.0], [0.0, 0.0, 0.0], [0.0, 0.0, 0.0], [0.0, 0.0, 0.0], [0.0, 0.0, 0.0], [260.689, 378.771, 0.466544], [182.627, 399.12, 0.524647], [245.088, 272.388, 0.647722], [455.759, 280.219, 0.655748], [518.295, 428.892, 0.613456], [465.132, 422.598, 0.505201]], "hand_pts": [[263.297149658203, 380.29162597656244, 1.0], [267.58584594726557, 371.4424438476563, 1.0], [289.94842529296875, 358.3211975097656, 1.0], [309.2476501464844, 364.72924804687494, 1.0], [326.7088623046875, 363.50866699218744, 1.0], [266.0541687011719, 361.3726501464844, 1.0], [295.4624938964844, 372.052734375, 1.0], [308.3286437988281, 373.2733154296874, 1.0], [319.0, 375.0, 1.0], [261.45910644531244, 376.62988281250006, 1.0], [296.07516479492193, 383.6482238769532, 1.0], [312.0, 385.0, 1.0], [323.0, 385.0, 1.0], [263.9098205566406, 393.7180175781249, 1.0], [295.7688293457031, 395.2437438964844, 1.0], [312.9237060546874, 394.0231628417969, 1.0], [325.17715454101557, 389.14083862304705, 1.0], [266.3605041503906, 404.0929260253906, 1.0], [293.0118103027344, 405.31350708007807, 1.0], [308.0223083496093, 401.6517639160156, 1.0], [315.6807250976563, 395.54888916015636, 1.0]], "head_box": [[324.5156666666667, 103.278], [405.9283333333333, 225.397]], "head_size": 122.11899999999999, "hand_box_center": [294.083984375, 381.8173522949219], "is_left": 0, "is_mpii": 0}