{"mpii_body_pts": [[0.0, 0.0, 0.0], [336.368, 255.145, 0.534754], [341.822, 206.614, 0.701866], [330.916, 78.2287, 0.583765], [0.0, 0.0, 0.0], [0.0, 0.0, 0.0], [0.0, 0.0, 0.0], [0.0, 0.0, 0.0], [0.0, 0.0, 0.0], [0.0, 0.0, 0.0], [202.926, 269.183, 0.389173], [138.896, 352.158, 0.506693], [227.873, 258.293, 0.457343], [444.863, 251.997, 0.612165], [501.085, 367.842, 0.578153], [508.891, 467.999, 0.66984]], "hand_pts": [[205.96087646484375, 261.0603637695313, 1.0], [231.6646270751953, 251.89382934570318, 1.0], [245.85923767089844, 258.004852294922, 1.0], [262.7393188476562, 282.06695556640625, 1.0], [278.4684753417969, 296.9625244140625, 1.0], [267.342987060547, 253.0396575927734, 1.0], [284.2230529785155, 272.1365661621093, 1.0], [289.21035766601557, 287.4140625, 1.0], [292.6630859375, 299.63610839843744, 1.0], [256.9847412109375, 257.6228942871094, 1.0], [273.4811706542968, 266.7894287109375, 1.0], [276.1666564941406, 283.21276855468744, 1.0], [278.4684753417969, 301.92773437499994, 1.0], [245.47560119628903, 262.9700317382812, 1.0], [254.29927062988273, 288.9418334960937, 1.0], [255.8338317871094, 303.4554748535156, 1.0], [255.06655883789062, 314.14974975585943, 1.0], [228.59552001953125, 271.75460815429693, 1.0], [235.88464355468753, 290.8515319824219, 1.0], [240.87194824218753, 303.4554748535156, 1.0], [237.80284118652347, 302.69158935546875, 1.0]], "head_box": [[288.1209, 78.2287], [373.7111, 206.614]], "head_size": 128.3853, "hand_box_center": [249.31198120117188, 283.0217895507813], "is_left": 0, "is_mpii": 0}