{"mpii_body_pts": [[0.0, 0.0, 0.0], [368.4065, 251.182, 0.665228], [376.181, 216.006, 0.681533], [405.844, 86.0982, 0.657286], [0.0, 0.0, 0.0], [0.0, 0.0, 0.0], [0.0, 0.0, 0.0], [0.0, 0.0, 0.0], [0.0, 0.0, 0.0], [0.0, 0.0, 0.0], [366.777, 381.937, 0.653359], [220.088, 400.67, 0.624264], [268.453, 247.301, 0.649564], [468.36, 255.063, 0.680892], [533.872, 344.333, 0.289932], [0.0, 0.0, 0.0]], "hand_pts": [[538.2874145507814, 346.0559997558594, 1.0], [540.7377929687501, 329.5818786621093, 1.0], [537.0621948242185, 313.10778808593756, 1.0], [535.2243652343751, 303.9555053710937, 1.0], [525.4227294921874, 299.6844177246094, 1.0], [559.728515625, 311.2773132324219, 1.0], [541.3504028320311, 311.2773132324219, 1.0], [526.0353393554688, 310.05700683593756, 1.0], [516.2337036132814, 306.3960876464843, 1.0], [560.341125488281, 327.7514343261719, 1.0], [535.2243652343751, 322.2600708007813, 1.0], [520.5219116210938, 318.5991516113281, 1.0], [508.26986694335943, 314.3280944824219, 1.0], [550.5394287109374, 340.5646362304688, 1.0], [529.0983276367189, 332.6326599121093, 1.0], [513.1707153320314, 326.5311279296874, 1.0], [501.5312194824218, 322.2600708007813, 1.0], [539.5125732421876, 349.7169189453124, 1.0], [523.5849609375001, 343.00524902343756, 1.0], [515.62109375, 337.51385498046875, 1.0], [505.8194580078125, 333.2427978515625, 1.0]], "head_box": [[362.5414, 86.0982], [449.1466, 216.006]], "head_size": 129.9078, "hand_box_center": [530.9361724853514, 324.7006683349609], "is_left": 1, "is_mpii": 0}