{"mpii_body_pts": [[0.0, 0.0, 0.0], [352.7815, 252.775, 0.570324], [355.931, 209.756, 0.703819], [354.314, 81.4012, 0.675534], [0.0, 0.0, 0.0], [0.0, 0.0, 0.0], [0.0, 0.0, 0.0], [0.0, 0.0, 0.0], [0.0, 0.0, 0.0], [0.0, 0.0, 0.0], [259.097, 317.753, 0.695693], [177.904, 369.444, 0.577365], [249.774, 255.101, 0.53012], [455.789, 250.449, 0.610528], [515.12, 366.233, 0.61486], [377.734, 341.21, 0.746346]], "hand_pts": [[373.3432922363282, 336.30191040039057, 1.0], [360.2777709960937, 358.7793884277344, 1.0], [335.33447265625, 364.10299682617193, 1.0], [319.89337158203125, 368.8350830078125, 1.0], [309.79727172851557, 377.7077941894532, 1.0], [321.08114624023426, 328.02072143554693, 1.0], [302.0767211914063, 330.38677978515625, 1.0], [283.07229614257807, 332.1613159179687, 1.0], [268.22509765624994, 332.1613159179687, 1.0], [320.48724365234375, 327.42919921874994, 1.0], [296.731719970703, 330.97827148437494, 1.0], [275.9456176757813, 332.75283813476574, 1.0], [259.91064453125, 332.1613159179687, 1.0], [322.86279296875, 335.11886596679693, 1.0], [300.29504394531244, 338.0764465332031, 1.0], [285.4478454589843, 338.0764465332031, 1.0], [272.3822937011719, 338.66793823242193, 1.0], [327.6139221191407, 344.58306884765625, 1.0], [311.5789184570312, 345.7661132812499, 1.0], [300.29504394531244, 345.1745910644532, 1.0], [289.6050720214844, 343.9915771484374, 1.0]], "head_box": [[311.52906666666667, 81.4012], [397.0989333333334, 209.756]], "head_size": 128.3548, "hand_box_center": [316.62696838378906, 352.56849670410156], "is_left": 1, "is_mpii": 0}