{"mpii_body_pts": [[0.0, 0.0, 0.0], [373.85749999999996, 260.62850000000003, 0.519461], [377.785, 214.445, 0.711267], [377.745, 78.2862, 0.647767], [0.0, 0.0, 0.0], [0.0, 0.0, 0.0], [0.0, 0.0, 0.0], [0.0, 0.0, 0.0], [0.0, 0.0, 0.0], [0.0, 0.0, 0.0], [193.616, 286.431, 0.654198], [177.94, 380.376, 0.565386], [279.453, 255.174, 0.538256], [468.262, 266.083, 0.500666], [544.763, 406.978, 0.639562], [476.102, 331.86, 0.332296]], "hand_pts": [[207.32031250000003, 283.0070190429687, 1.0], [222.41406249999997, 283.0070190429687, 1.0], [240.52374267578125, 273.32467651367193, 1.0], [237.83593750000003, 257.8396911621094, 1.0], [228.97656249999997, 244.7657623291015, 1.0], [235.6632080078125, 251.36306762695312, 1.0], [234.54154968261722, 217.86233520507815, 1.0], [233.0459899902344, 203.71757507324213, 1.0], [231.9243316650391, 186.96720886230474, 1.0], [219.21217346191403, 246.89630126953125, 1.0], [221.45549011230474, 227.91255187988276, 1.0], [222.2032623291015, 249.8741455078125, 1.0], [223.3249206542969, 261.78552246093744, 1.0], [208.36943054199222, 247.26853942871094, 1.0], [208.74331665039062, 233.86824035644537, 1.0], [213.22996520996088, 255.829833984375, 1.0], [215.0994110107422, 269.9745788574219, 1.0], [191.91839599609378, 252.10752868652344, 1.0], [193.04005432128903, 236.10162353515622, 1.0], [201.63946533203125, 246.15184020996094, 1.0], [205.37834167480472, 254.34091186523443, 1.0]], "head_box": [[332.35873333333336, 78.2862], [423.13126666666665, 214.445]], "head_size": 136.15879999999999, "hand_box_center": [216.2210693359375, 234.98711395263672], "is_left": 0, "is_mpii": 0}