{"mpii_body_pts": [[0.0, 0.0, 0.0], [364.48900000000003, 241.0895, 0.545937], [368.358, 205.065, 0.787877], [366.795, 78.2844, 0.711635], [0.0, 0.0, 0.0], [0.0, 0.0, 0.0], [0.0, 0.0, 0.0], [0.0, 0.0, 0.0], [0.0, 0.0, 0.0], [0.0, 0.0, 0.0], [237.245, 267.63, 0.508671], [132.686, 330.24, 0.329108], [288.773, 250.451, 0.446565], [440.205, 231.728, 0.645309], [504.257, 283.299, 0.696825], [454.208, 281.763, 0.644057]], "hand_pts": [[230.17425537109375, 268.5416259765625, 1.0], [256.1697082519531, 257.8850402832031, 1.0], [284.0765991210937, 247.9896392822266, 1.0], [302.4263305664062, 241.90016174316403, 1.0], [313.1303405761719, 234.28831481933597, 1.0], [298.2211914062499, 259.40740966796875, 1.0], [318.8646545410156, 271.20574951171875, 1.0], [329.1863708496093, 279.9593811035157, 1.0], [339.50808715820307, 291.37713623046875, 1.0], [293.25146484375006, 270.0639953613281, 1.0], [311.9834899902343, 289.09359741210926, 1.0], [318.4823608398438, 305.0784606933595, 1.0], [318.4823608398438, 318.39916992187494, 1.0], [284.4588928222656, 282.24291992187494, 1.0], [301.6617736816406, 302.79489135742193, 1.0], [301.6617736816406, 321.0633239746093, 1.0], [300.8971862792969, 326.01101684570307, 1.0], [274.1371765136719, 294.0412902832031, 1.0], [287.5171813964844, 310.7873229980469, 1.0], [291.72232055664057, 319.5409545898438, 1.0], [293.6337585449219, 324.86923217773443, 1.0]], "head_box": [[324.5348, 78.2844], [409.0552, 205.065]], "head_size": 126.78059999999999, "hand_box_center": [284.84117126464844, 280.14966583251953], "is_left": 0, "is_mpii": 0}