{"mpii_body_pts": [[0.0, 0.0, 0.0], [359.0395, 259.836, 0.477336], [366.834, 214.442, 0.713281], [366.778, 79.7576, 0.663958], [0.0, 0.0, 0.0], [0.0, 0.0, 0.0], [0.0, 0.0, 0.0], [0.0, 0.0, 0.0], [0.0, 0.0, 0.0], [0.0, 0.0, 0.0], [262.231, 330.273, 0.506282], [171.703, 385.043, 0.428059], [257.598, 266.108, 0.449425], [460.481, 253.564, 0.505247], [560.403, 391.33, 0.636423], [454.245, 349.036, 0.316322]], "hand_pts": [[243.4177551269531, 343.5167236328125, 1.0], [247.44369506835935, 329.48071289062494, 1.0], [268.57995605468744, 307.08996582031256, 1.0], [294.07763671875, 298.40100097656244, 1.0], [302.800537109375, 286.704345703125, 1.0], [277.65576171875006, 309.4070739746093, 1.0], [309.51043701171875, 309.0950927734375, 1.0], [324.294677734375, 308.6458740234376, 1.0], [335.7632446289063, 309.4070739746093, 1.0], [281.4786071777344, 325.77252197265625, 1.0], [313.53640747070307, 324.4678649902344, 1.0], [326.9562377929687, 325.4704284667969, 1.0], [330.0289611816406, 325.77252197265625, 1.0], [284.91918945312494, 342.89916992187494, 1.0], [312.19439697265625, 340.8432006835938, 1.0], [321.2528076171875, 338.83804321289057, 1.0], [321.23635864257795, 337.19030761718744, 1.0], [287.21292114257807, 355.07812499999994, 1.0], [305.8199768066406, 354.21081542968744, 1.0], [315.50207519531256, 352.03338623046875, 1.0], [317.0312194824218, 350.51101684570307, 1.0]], "head_box": [[321.8832, 79.7576], [411.67280000000005, 214.442]], "head_size": 134.6844, "hand_box_center": [289.5904998779297, 320.8912353515625], "is_left": 0, "is_mpii": 0}