{"mpii_body_pts": [[0.0, 0.0, 0.0], [339.54699999999997, 250.41249999999997, 0.6388585], [341.887, 231.639, 0.715367], [380.931, 89.1886, 0.582928], [0.0, 0.0, 0.0], [0.0, 0.0, 0.0], [0.0, 0.0, 0.0], [0.0, 0.0, 0.0], [0.0, 0.0, 0.0], [0.0, 0.0, 0.0], [335.621, 375.624, 0.634388], [199.807, 410.094, 0.589762], [234.165, 258.28, 0.647627], [444.929, 242.545, 0.63009], [529.149, 366.268, 0.562445], [504.157, 306.79, 0.447714]], "hand_pts": [[506.16329956054693, 306.69180297851557, 1.0], [511.4164428710937, 298.18954467773443, 1.0], [510.1031494140625, 289.6873168945313, 1.0], [486.46392822265625, 278.5690002441406, 1.0], [475.9576110839844, 260.9104919433594, 1.0], [521.9227905273439, 277.91497802734375, 1.0], [498.94018554687494, 273.33685302734375, 1.0], [483.1806945800781, 269.41275024414057, 1.0], [471.361083984375, 267.4506835937501, 1.0], [519.9528198242185, 294.26544189453136, 1.0], [494.3436889648438, 286.41723632812494, 1.0], [472.67437744140625, 278.5690002441406, 1.0], [460.8547668457032, 275.2989196777343, 1.0], [511.4164428710937, 308.65386962890636, 1.0], [488.433868408203, 297.5355529785155, 1.0], [468.73452758789057, 290.3413391113281, 1.0], [455.60162353515636, 285.10919189453136, 1.0], [500.9101257324219, 315.19403076171875, 1.0], [479.89749145507807, 305.3837585449219, 1.0], [467.4212341308594, 298.84356689453136, 1.0], [460.8547668457032, 295.573486328125, 1.0]], "head_box": [[333.4475333333333, 89.1886], [428.41446666666667, 231.639]], "head_size": 142.4504, "hand_box_center": [488.7622070312501, 288.05226135253906], "is_left": 1, "is_mpii": 0}