{"mpii_body_pts": [[0.0, 0.0, 0.0], [342.634, 255.934, 0.49469250000000003], [343.416, 205.058, 0.749264], [341.821, 79.8698, 0.736542], [0.0, 0.0, 0.0], [0.0, 0.0, 0.0], [0.0, 0.0, 0.0], [0.0, 0.0, 0.0], [0.0, 0.0, 0.0], [0.0, 0.0, 0.0], [193.564, 319.348, 0.501494], [171.714, 405.412, 0.45622], [243.528, 256.709, 0.455813], [441.74, 255.159, 0.533572], [522.956, 407.021, 0.637886], [458.908, 355.317, 0.695035]], "hand_pts": [[449.2719421386719, 351.67077636718744, 1.0], [434.14468383789074, 348.0674438476563, 1.0], [417.61663818359375, 333.29302978515625, 1.0], [410.3903198242187, 317.8228759765625, 1.0], [419.0618896484375, 314.22515869140625, 1.0], [440.01818847656244, 303.07226562500006, 1.0], [439.4063415527343, 279.9321289062499, 1.0], [436.1177978515625, 266.1740112304688, 1.0], [434.2371520996093, 251.26521301269534, 1.0], [454.8624572753906, 302.2071228027344, 1.0], [433.8758239746094, 299.8343200683594, 1.0], [425.5655822753906, 312.7860717773437, 1.0], [424.12030029296875, 325.3780822753906, 1.0], [460.1241149902343, 307.44830322265625, 1.0], [439.29556274414057, 308.1090698242188, 1.0], [433.1531982421874, 321.7803649902343, 1.0], [431.7079162597656, 332.9332580566405, 1.0], [464.72805786132807, 316.2928161621093, 1.0], [454.4707946777344, 314.58493041992193, 1.0], [442.90869140624994, 321.0608215332032, 1.0], [439.65686035156256, 330.774658203125, 1.0]], "head_box": [[300.0916, 79.8698], [383.5504, 205.058]], "head_size": 125.1882, "hand_box_center": [437.5591888427734, 301.4679946899414], "is_left": 1, "is_mpii": 0}