{"mpii_body_pts": [[0.0, 0.0, 0.0], [372.245, 250.41400000000002, 0.647329], [373.084, 234.778, 0.640382], [441.722, 101.743, 0.61421], [0.0, 0.0, 0.0], [0.0, 0.0, 0.0], [0.0, 0.0, 0.0], [0.0, 0.0, 0.0], [0.0, 0.0, 0.0], [0.0, 0.0, 0.0], [401.188, 330.252, 0.528638], [254.462, 352.178, 0.632467], [277.815, 231.632, 0.651021], [466.675, 269.196, 0.643637], [508.872, 378.797, 0.430843], [504.202, 427.303, 0.348724]], "hand_pts": [[487.6883239746093, 437.2800903320313, 1.0], [484.9460144042968, 417.81732177734375, 1.0], [495.457244873047, 412.48175048828114, 1.0], [494.1638488769532, 418.4918212890625, 1.0], [495.0261230468749, 423.6433410644532, 1.0], [522.7544555664064, 445.30856323242193, 1.0], [506.4456787109375, 442.9027709960937, 1.0], [494.06311035156244, 432.97888183593756, 1.0], [482.8885803222656, 426.66369628906256, 1.0], [507.3517456054688, 457.6382141113281, 1.0], [494.96914672851557, 446.51144409179693, 1.0], [481.3785095214843, 434.18179321289057, 1.0], [471.1100463867188, 421.85214233398443, 1.0], [497.9892883300781, 465.75775146484375, 1.0], [480.4724731445313, 448.61651611328125, 1.0], [469.9019775390625, 432.97888183593756, 1.0], [462.65365600585943, 420.6492309570313, 1.0], [485.002685546875, 464.55487060546886, 1.0], [469.9019775390625, 454.029541015625, 1.0], [467.4858703613281, 442.9027709960937, 1.0], [466.579833984375, 432.0767211914063, 1.0]], "head_box": [[397.37699999999995, 101.743], [486.067, 234.778]], "head_size": 133.035, "hand_box_center": [492.7040557861329, 439.11975097656244], "is_left": 1, "is_mpii": 0}