{"mpii_body_pts": [[0.0, 0.0, 0.0], [345.75149999999996, 264.5125, 0.608845], [354.28, 231.686, 0.66312], [391.777, 93.9739, 0.675281], [0.0, 0.0, 0.0], [0.0, 0.0, 0.0], [0.0, 0.0, 0.0], [0.0, 0.0, 0.0], [0.0, 0.0, 0.0], [0.0, 0.0, 0.0], [318.447, 347.495, 0.696572], [179.494, 388.19, 0.665424], [235.711, 255.101, 0.629999], [455.792, 273.924, 0.587691], [502.65, 416.357, 0.650117], [382.483, 400.701, 0.468535]], "hand_pts": [[472.0, 418.0, 1.0], [458.71420288085943, 407.38491821289057, 1.0], [453.08151245117176, 390.1850891113282, 1.0], [460.5917663574219, 382.70690917968744, 1.0], [468.8530883789063, 380.0895385742187, 1.0], [436.9344177246093, 406.26318359375006, 1.0], [412.15051269531256, 402.89801025390625, 1.0], [398.25650024414057, 401.402374267578, 1.0], [386.2400512695313, 402.89801025390625, 1.0], [441.0650634765625, 416.35873413085943, 1.0], [419.2852783203125, 413.7413635253906, 1.0], [400.8851013183594, 410.00228881835943, 1.0], [383.61145019531256, 403.64581298828125, 1.0], [427.54656982421875, 420.84564208984386, 1.0], [409.1463928222656, 407.75881958007807, 1.0], [386.6155700683594, 400.65454101562506, 1.0], [370.4684753417969, 401.402374267578, 1.0], [418.9097595214843, 407.75881958007807, 1.0], [398.25650024414057, 399.5328369140625, 1.0], [382.1094055175781, 396.1676330566406, 1.0], [371.2195129394531, 396.1676330566406, 1.0]], "head_box": [[345.8729666666666, 93.9739], [437.68103333333335, 231.686]], "head_size": 137.71210000000002, "hand_box_center": [421.23423767089844, 400.46759033203125], "is_left": 1, "is_mpii": 0}