{"mpii_body_pts": [[0.0, 0.0, 0.0], [362.1485, 254.3565, 0.624714], [368.385, 220.709, 0.67567], [360.574, 87.6269, 0.643163], [0.0, 0.0, 0.0], [0.0, 0.0, 0.0], [0.0, 0.0, 0.0], [0.0, 0.0, 0.0], [0.0, 0.0, 0.0], [0.0, 0.0, 0.0], [241.942, 419.484, 0.639003], [201.359, 369.388, 0.693193], [254.415, 261.398, 0.672779], [469.882, 247.315, 0.576649], [554.127, 369.421, 0.698018], [515.07, 457.103, 0.587464]], "hand_pts": [[241.59353637695315, 424.6712951660156, 1.0], [259.0013122558593, 416.4920043945313, 1.0], [288.5617370605469, 421.72674560546875, 1.0], [301.0354614257813, 435.58148193359375, 1.0], [310.3918762207031, 442.66085815429693, 1.0], [279.03671264648426, 426.9614868164063, 1.0], [293.5503540039063, 440.05267333984386, 1.0], [304.7780456542969, 453.83880615234375, 1.0], [316.00573730468744, 465.38931274414057, 1.0], [267.540985107422, 440.0483093261719, 1.0], [290.53240966796875, 458.04272460937506, 1.0], [298.0867309570312, 461.314422607422, 1.0], [303.6552734375, 460.5455627441406, 1.0], [258.34442138671886, 451.82647705078125, 1.0], [282.6968994140625, 468.7427062988281, 1.0], [292.05331420898426, 468.7427062988281, 1.0], [291.30480957031256, 466.134521484375, 1.0], [254.40304565429688, 461.96878051757807, 1.0], [270.1685791015625, 475.38278198242193, 1.0], [281.19989013671886, 475.44946289062506, 1.0], [279.70285034179693, 472.09609985351557, 1.0]], "head_box": [[316.2133, 87.6269], [404.9347, 220.709]], "head_size": 133.0821, "hand_box_center": [278.7996368408203, 445.9707336425782], "is_left": 0, "is_mpii": 0}