{"mpii_body_pts": [[0.0, 0.0, 0.0], [332.4855, 255.12400000000002, 0.600409], [341.799, 217.563, 0.707502], [337.188, 81.3511, 0.637007], [0.0, 0.0, 0.0], [0.0, 0.0, 0.0], [0.0, 0.0, 0.0], [0.0, 0.0, 0.0], [0.0, 0.0, 0.0], [0.0, 0.0, 0.0], [265.361, 328.678, 0.547035], [174.853, 377.188, 0.497629], [232.56, 255.139, 0.633263], [432.411, 255.109, 0.567555], [494.852, 377.187, 0.657181], [363.72, 356.881, 0.753318]], "hand_pts": [[292.6043701171875, 327.61151123046875, 1.0], [298.8538818359376, 329.166961669922, 1.0], [316.4305419921874, 321.38970947265625, 1.0], [339.4755249023437, 310.89044189453136, 1.0], [354.7086486816406, 298.8357238769531, 1.0], [312.524627685547, 298.8357238769531, 1.0], [322.2894287109375, 322.16741943359375, 1.0], [317.2117309570312, 335.38873291015625, 1.0], [316.0399475097657, 341.61053466796875, 1.0], [297.2915039062499, 298.05798339843756, 1.0], [308.22808837890625, 327.61151123046875, 1.0], [308.22808837890625, 339.277374267578, 1.0], [307.05630493164057, 346.2768859863281, 1.0], [283.62075805664057, 307.779541015625, 1.0], [292.9949645996094, 331.5001220703125, 1.0], [292.9949645996094, 340.44393920898426, 1.0], [292.21380615234375, 345.8880004882812, 1.0], [273.07473754882807, 313.6124572753906, 1.0], [268.38763427734375, 318.6676635742188, 1.0], [266.04406738281256, 324.88946533203136, 1.0], [264.09109497070307, 329.5558166503906, 1.0]], "head_box": [[291.78403333333335, 81.3511], [382.5919666666666, 217.563]], "head_size": 136.21189999999999, "hand_box_center": [309.3998718261719, 322.1674346923828], "is_left": 0, "is_mpii": 0}