{"mpii_body_pts": [[0.0, 0.0, 0.0], [357.475, 238.684, 0.510533], [365.259, 194.106, 0.758941], [368.347, 79.7595, 0.752118], [0.0, 0.0, 0.0], [0.0, 0.0, 0.0], [0.0, 0.0, 0.0], [0.0, 0.0, 0.0], [0.0, 0.0, 0.0], [0.0, 0.0, 0.0], [229.401, 230.106, 0.461696], [204.477, 364.681, 0.294818], [268.529, 234.775, 0.398885], [446.421, 242.593, 0.622181], [535.415, 389.76, 0.571165], [501.046, 258.293, 0.555463]], "hand_pts": [[229.0462951660156, 251.05760192871094, 1.0], [222.5738830566406, 234.43959045410153, 1.0], [216.10148620605472, 207.98640441894534, 1.0], [217.46409606933594, 191.36839294433597, 1.0], [213.7169189453125, 176.7852325439453, 1.0], [235.17803955078128, 196.4555358886719, 1.0], [249.82611083984378, 174.41122436523443, 1.0], [258.0017700195313, 162.88035583496094, 1.0], [263.7928771972656, 154.4017791748047, 1.0], [244.0350189208984, 201.20355224609372, 1.0], [258.3424377441406, 178.48094177246097, 1.0], [271.96853637695307, 162.88035583496094, 1.0], [281.50683593749994, 153.72348022460938, 1.0], [255.95787048339844, 209.34298706054688, 1.0], [272.30920410156256, 186.6203765869141, 1.0], [282.1881408691406, 174.41122436523443, 1.0], [291.04510498046875, 163.89778137207034, 1.0], [266.8587646484375, 221.21299743652344, 1.0], [281.16616821289057, 207.3081207275391, 1.0], [291.04510498046875, 200.18611145019534, 1.0], [299.90206909179693, 194.75982666015622, 1.0]], "head_box": [[330.2315, 79.7595], [406.4625, 194.106]], "head_size": 114.34649999999999, "hand_box_center": [256.8094940185547, 202.39054107666016], "is_left": 0, "is_mpii": 0}