{"mpii_body_pts": [[0.0, 0.0, 0.0], [342.6655, 255.15, 0.615713], [355.892, 226.931, 0.709315], [371.492, 89.2088, 0.632887], [0.0, 0.0, 0.0], [0.0, 0.0, 0.0], [0.0, 0.0, 0.0], [0.0, 0.0, 0.0], [0.0, 0.0, 0.0], [0.0, 0.0, 0.0], [263.808, 419.421, 0.57698], [179.531, 394.478, 0.746147], [240.404, 261.413, 0.633617], [444.927, 248.887, 0.597809], [522.907, 367.833, 0.684204], [490.111, 407.018, 0.667181]], "hand_pts": [[479.1075439453125, 412.9674987792969, 1.0], [474.75326538085943, 401.1959838867188, 1.0], [460.44628906249994, 398.71777343749994, 1.0], [447.3834228515625, 400.57641601562494, 1.0], [437.4307556152343, 395.6199951171875, 1.0], [479.7295837402343, 418.5434875488281, 1.0], [459.82424926757807, 422.8803405761719, 1.0], [444.895263671875, 425.97811889648426, 1.0], [433.07647705078125, 429.6954345703125, 1.0], [482.8397827148438, 433.41275024414057, 1.0], [459.20220947265625, 434.65185546875, 1.0], [435.5646362304688, 430.9345397949219, 1.0], [419.39154052734375, 427.21722412109375, 1.0], [477.8634643554688, 445.8038330078125, 1.0], [452.35974121093756, 445.18426513671886, 1.0], [432.4544372558594, 441.4669494628905, 1.0], [419.39154052734375, 435.2714233398438, 1.0], [470.39895629882807, 450.76025390624994, 1.0], [450.4936218261719, 456.3362426757813, 1.0], [439.9189147949219, 450.76025390624994, 1.0], [434.32055664062494, 444.5647277832031, 1.0]], "head_box": [[325.5846, 89.2088], [417.3994, 226.931]], "head_size": 137.72220000000002, "hand_box_center": [451.11566162109375, 425.9781188964844], "is_left": 1, "is_mpii": 0}