{"mpii_body_pts": [[0.0, 0.0, 0.0], [341.0715, 262.9435, 0.6167549999999999], [343.431, 206.628, 0.751705], [332.503, 78.2245, 0.660078], [0.0, 0.0, 0.0], [0.0, 0.0, 0.0], [0.0, 0.0, 0.0], [0.0, 0.0, 0.0], [0.0, 0.0, 0.0], [0.0, 0.0, 0.0], [198.245, 469.56, 0.558098], [193.51, 380.385, 0.630796], [218.563, 264.508, 0.642476], [463.58, 261.379, 0.591034], [493.284, 386.617, 0.657898], [488.598, 491.46, 0.562333]], "hand_pts": [[204.05770874023443, 507.0873718261719, 1.0], [207.48556518554685, 496.16088867187506, 1.0], [198.23034667968753, 478.40539550781244, 1.0], [187.94677734375, 469.8690795898438, 1.0], [182.11941528320312, 456.2109985351563, 1.0], [173.89254760742193, 492.4049072265625, 1.0], [151.95425415039062, 494.4536437988281, 1.0], [141.67068481445312, 499.23394775390625, 1.0], [128.30203247070318, 504.01428222656256, 1.0], [168.75076293945312, 504.01428222656256, 1.0], [149.8975372314453, 505.38009643554693, 1.0], [136.18611145019534, 509.8189697265625, 1.0], [124.53138732910155, 517.67236328125, 1.0], [167.03683471679688, 518.3552856445311, 1.0], [151.95425415039062, 521.7697753906251, 1.0], [141.67068481445312, 526.2086791992188, 1.0], [131.3871002197266, 532.6962890625, 1.0], [173.20698547363278, 528.2573852539062, 1.0], [164.98011779785156, 538.5009765625001, 1.0], [157.78161621093753, 543.28125, 1.0], [149.21197509765622, 549.7688598632812, 1.0]], "head_box": [[289.7018333333333, 78.2245], [375.3041666666667, 206.628]], "head_size": 128.40349999999998, "hand_box_center": [166.0084762573242, 502.98992919921875], "is_left": 0, "is_mpii": 0}