{"mpii_body_pts": [[0.0, 0.0, 0.0], [377.773, 266.8625, 0.467494], [369.988, 206.628, 0.71312], [368.382, 79.8724, 0.742127], [0.0, 0.0, 0.0], [0.0, 0.0, 0.0], [0.0, 0.0, 0.0], [0.0, 0.0, 0.0], [0.0, 0.0, 0.0], [0.0, 0.0, 0.0], [204.538, 250.431, 0.534229], [157.697, 366.274, 0.56747], [271.623, 267.642, 0.361618], [483.923, 266.083, 0.57337], [518.268, 457.041, 0.354124], [0.0, 0.0, 0.0]], "hand_pts": [[218.89181518554688, 244.33963012695312, 1.0], [234.65736389160156, 244.33963012695312, 1.0], [255.0211944580078, 226.3452301025391, 1.0], [250.15733337402347, 212.491455078125, 1.0], [245.82463073730472, 198.53570556640622, 1.0], [245.2919921875, 202.43132019042974, 1.0], [247.16326904296875, 178.5850524902344, 1.0], [247.46687316894528, 162.54690551757812, 1.0], [247.53753662109378, 146.16903686523443, 1.0], [233.3157958984375, 203.17651367187494, 1.0], [235.64271545410153, 185.44886779785153, 1.0], [236.68409729003906, 201.31352233886716, 1.0], [238.18112182617188, 215.84483337402344, 1.0], [220.86250305175778, 207.36932373046875, 1.0], [221.84785461425776, 191.6651153564453, 1.0], [227.75993347167972, 209.00517272949216, 1.0], [230.05908203124997, 223.72787475585938, 1.0], [204.76850891113278, 210.31385803222656, 1.0], [208.05300903320315, 195.26400756835938, 1.0], [216.10000610351562, 204.6669006347656, 1.0], [220.21681213378903, 215.47224426269534, 1.0]], "head_box": [[326.13013333333333, 79.8724], [410.6338666666667, 206.628]], "head_size": 126.75559999999999, "hand_box_center": [229.8948516845703, 195.25433349609378], "is_left": 0, "is_mpii": 0}