{"mpii_body_pts": [[0.0, 0.0, 0.0], [352.78249999999997, 268.4545, 0.637097], [355.857, 223.833, 0.702669], [351.206, 93.8788, 0.632945], [0.0, 0.0, 0.0], [0.0, 0.0, 0.0], [0.0, 0.0, 0.0], [0.0, 0.0, 0.0], [0.0, 0.0, 0.0], [0.0, 0.0, 0.0], [260.697, 344.381, 0.779247], [195.119, 405.337, 0.628638], [240.386, 270.804, 0.642026], [465.179, 266.105, 0.632168], [504.149, 421.09, 0.605388], [521.375, 345.907, 0.740677]], "hand_pts": [[271.1288452148438, 336.509521484375, 1.0], [272.0923156738281, 324.0328369140625, 1.0], [284.2965698242187, 306.437530517578, 1.0], [294.89501953124994, 295.5604248046875, 1.0], [296.5008239746094, 275.72570800781244, 1.0], [273.37698364257807, 294.9205932617187, 1.0], [290.7198791503906, 291.0816040039063, 1.0], [299.07015991210926, 293.3210144042968, 1.0], [305.49343872070307, 295.5604248046875, 1.0], [269.20184326171875, 310.5964355468749, 1.0], [300.3548278808595, 307.3972778320313, 1.0], [308.06277465820307, 309.9566040039063, 1.0], [312.8802185058594, 313.1557312011719, 1.0], [273.37698364257807, 324.352752685547, 1.0], [302.28179931640625, 320.51379394531244, 1.0], [301.96063232421875, 323.07312011718744, 1.0], [294.252685546875, 323.07312011718744, 1.0], [280.1214294433594, 335.549774169922, 1.0], [302.92413330078125, 332.99047851562494, 1.0], [298.4278259277344, 333.63031005859364, 1.0], [294.252685546875, 334.2701416015625, 1.0]], "head_box": [[307.88793333333336, 93.8788], [394.52406666666667, 223.833]], "head_size": 129.95420000000001, "hand_box_center": [291.04103088378906, 306.11761474609375], "is_left": 0, "is_mpii": 0}