{"mpii_body_pts": [[0.0, 0.0, 0.0], [352.784, 273.90049999999997, 0.575069], [354.358, 230.121, 0.687313], [355.971, 90.8108, 0.61745], [0.0, 0.0, 0.0], [0.0, 0.0, 0.0], [0.0, 0.0, 0.0], [0.0, 0.0, 0.0], [0.0, 0.0, 0.0], [0.0, 0.0, 0.0], [170.123, 478.923, 0.616128], [181.155, 380.306, 0.636959], [237.281, 280.193, 0.630396], [468.287, 267.608, 0.519742], [549.456, 394.416, 0.560986], [538.555, 505.526, 0.568994]], "hand_pts": [[529.0, 523.0, 1.0], [524.7201538085938, 512.5739746093752, 1.0], [532.6292114257811, 496.07336425781244, 1.0], [534.5123291015624, 504.32363891601557, 1.0], [532.2525634765625, 513.6989746093752, 1.0], [526.9798583984375, 539.1998901367189, 1.0], [499.86300659179693, 539.949951171875, 1.0], [482.91497802734375, 540.6999511718751, 1.0], [471.61627197265625, 542.5750122070314, 1.0], [528.8629760742186, 551.2003784179689, 1.0], [496.8500061035157, 553.450439453125, 1.0], [476.8890075683594, 548.9502563476562, 1.0], [461.0708312988281, 543.7000732421877, 1.0], [526.603271484375, 554.9505004882811, 1.0], [496.47338867187494, 559.8256835937499, 1.0], [473.49938964843744, 553.450439453125, 1.0], [460.6941833496094, 549.3252563476562, 1.0], [519.4473876953124, 554.5755004882812, 1.0], [497.603271484375, 557.5755615234375, 1.0], [485.55133056640625, 554.2004394531251, 1.0], [472.746124267578, 551.2003784179689, 1.0]], "head_box": [[309.53426666666667, 90.8108], [402.40773333333334, 230.121]], "head_size": 139.3102, "hand_box_center": [497.6032562255859, 527.9495239257811], "is_left": 1, "is_mpii": 0}