{"mpii_body_pts": [[0.0, 0.0, 0.0], [346.52549999999997, 254.361, 0.573673], [332.523, 231.629, 0.706137], [305.958, 89.217, 0.644255], [0.0, 0.0, 0.0], [0.0, 0.0, 0.0], [0.0, 0.0, 0.0], [0.0, 0.0, 0.0], [0.0, 0.0, 0.0], [0.0, 0.0, 0.0], [156.095, 305.177, 0.700216], [202.932, 317.732, 0.352115], [254.402, 256.714, 0.591114], [438.649, 252.008, 0.556232], [399.599, 352.162, 0.375433], [254.457, 319.312, 0.646595]], "hand_pts": [[244.0, 319.0, 1.0], [234.4053955078125, 330.9862060546874, 1.0], [214.76510620117185, 337.63537597656244, 1.0], [197.48164367675778, 328.2483215332031, 1.0], [177.4485321044922, 321.5991516113281, 1.0], [203.76654052734375, 303.9984436035156, 1.0], [174.69889831542977, 304.3895568847657, 1.0], [150.73773193359378, 302.4339294433593, 1.0], [136.20390319824213, 300.8694152832031, 1.0], [206.9089813232422, 301.26055908203125, 1.0], [179.01976013183588, 303.6072998046875, 1.0], [151.91615295410153, 301.6516723632813, 1.0], [131.0974273681641, 299.69604492187494, 1.0], [217.90754699707034, 308.30084228515636, 1.0], [191.19674682617188, 307.12744140625, 1.0], [151.13053894042974, 304.3895568847657, 1.0], [138.56074523925776, 302.8250427246094, 1.0], [217.5147399902344, 317.6878967285156, 1.0], [192.76797485351562, 315.7322692871093, 1.0], [178.62695312499997, 314.55886840820307, 1.0], [164.09313964843753, 311.8209838867188, 1.0]], "head_box": [[258.48733333333337, 89.217], [353.4286666666667, 231.629]], "head_size": 142.41199999999998, "hand_box_center": [187.54871368408203, 318.6657104492187], "is_left": 1, "is_mpii": 0}