{"mpii_body_pts": [[0.0, 0.0, 0.0], [358.2545, 262.179, 0.627875], [368.429, 217.546, 0.718139], [393.44, 86.0621, 0.651559], [0.0, 0.0, 0.0], [0.0, 0.0, 0.0], [0.0, 0.0, 0.0], [0.0, 0.0, 0.0], [0.0, 0.0, 0.0], [0.0, 0.0, 0.0], [243.505, 385.023, 0.406004], [177.917, 392.825, 0.631493], [249.76, 269.222, 0.670516], [466.749, 255.136, 0.585234], [530.797, 360.004, 0.601408], [529.221, 416.354, 0.553702]], "hand_pts": [[522.2201538085938, 405.9092407226563, 1.0], [530.5319213867186, 386.8050537109375, 1.0], [542.0404663085938, 388.7154541015625, 1.0], [540.76171875, 377.2529602050781, 1.0], [547.1553955078126, 365.79043579101557, 1.0], [543.9585571289061, 414.187713623047, 1.0], [532.4500122070312, 418.6453552246094, 1.0], [524.1382446289062, 421.19259643554693, 1.0], [516.4658813476564, 425.013427734375, 1.0], [546.5159912109375, 428.8342590332031, 1.0], [524.7776489257812, 432.0183105468749, 1.0], [511.3509826660157, 430.7446899414063, 1.0], [497.9243469238281, 427.5606689453125, 1.0], [541.401123046875, 436.47595214843744, 1.0], [521.5808105468752, 444.7544250488281, 1.0], [503.6786193847657, 440.2967834472655, 1.0], [490.25198364257807, 434.5655212402343, 1.0], [534.3681030273438, 441.5704040527344, 1.0], [522.2201538085938, 449.2120666503906, 1.0], [510.7116394042968, 447.9384765624999, 1.0], [497.9243469238281, 443.4808044433594, 1.0]], "head_box": [[349.61203333333333, 86.0621], [437.26796666666667, 217.546]], "head_size": 131.4839, "hand_box_center": [518.7036895751953, 407.5012512207031], "is_left": 1, "is_mpii": 0}