{"mpii_body_pts": [[0.0, 0.0, 0.0], [376.9595, 268.4255, 0.534402], [369.941, 206.56, 0.7514], [368.421, 79.776, 0.663464], [0.0, 0.0, 0.0], [0.0, 0.0, 0.0], [0.0, 0.0, 0.0], [0.0, 0.0, 0.0], [0.0, 0.0, 0.0], [0.0, 0.0, 0.0], [252.854, 292.667, 0.555061], [204.437, 363.142, 0.485349], [270.03, 255.08, 0.508739], [483.889, 281.771, 0.560065], [522.953, 417.931, 0.661616], [490.131, 507.134, 0.647137]], "hand_pts": [[272.8293762207031, 277.1434631347658, 1.0], [283.83001708984375, 282.7789001464843, 1.0], [299.5451965332031, 282.1527404785156, 1.0], [316.83190917968744, 280.2742614746094, 1.0], [342.6048278808595, 273.6995849609375, 1.0], [286.0301208496093, 252.41007995605472, 1.0], [280.3726501464844, 272.7603149414062, 1.0], [280.058349609375, 285.2835693359375, 1.0], [279.7440490722656, 297.80679321289057, 1.0], [268.42910766601557, 250.84466552734372, 1.0], [265.9146728515625, 274.012664794922, 1.0], [270.0006408691407, 287.78820800781244, 1.0], [272.8293762207031, 288.7274475097657, 1.0], [254.59974670410153, 255.22779846191406, 1.0], [250.82809448242193, 274.012664794922, 1.0], [254.28544616699222, 286.535888671875, 1.0], [258.37139892578125, 288.10128784179693, 1.0], [242.34190368652344, 266.49871826171864, 1.0], [231.96986389160153, 268.06411743164057, 1.0], [221.2835388183594, 269.316436767578, 1.0], [211.8544311523438, 268.37719726562494, 1.0]], "head_box": [[326.1596666666667, 79.776], [410.6823333333333, 206.56]], "head_size": 126.784, "hand_box_center": [277.2296295166017, 274.32572937011713], "is_left": 0, "is_mpii": 0}