{"mpii_body_pts": [[0.0, 0.0, 0.0], [358.2645, 239.4795, 0.589674], [357.481, 219.202, 0.714458], [354.337, 89.1985, 0.697938], [0.0, 0.0, 0.0], [0.0, 0.0, 0.0], [0.0, 0.0, 0.0], [0.0, 0.0, 0.0], [0.0, 0.0, 0.0], [0.0, 0.0, 0.0], [0.0, 0.0, 0.0], [159.199, 295.852, 0.534018], [259.154, 242.582, 0.584123], [457.375, 236.377, 0.595225], [555.776, 302.093, 0.686442], [469.827, 181.593, 0.787269]], "hand_pts": [[254.3602142333984, 168.54833984375003, 1.0], [272.73974609375006, 165.60597229003903, 1.0], [285.2831726074219, 151.57991027832028, 1.0], [296.0423889160156, 141.41323852539062, 1.0], [310.7137756347657, 131.8468170166016, 1.0], [252.37295532226562, 126.63430786132811, 1.0], [274.43774414062494, 121.04947662353516, 1.0], [292.3887634277344, 124.40037536621094, 1.0], [305.85205078125, 128.12359619140622, 1.0], [249.00714111328128, 127.7512741088867, 1.0], [280.42141723632807, 118.07089233398435, 1.0], [299.49438476562494, 122.53876495361328, 1.0], [314.07958984375006, 128.4959259033203, 1.0], [256.1127624511719, 129.24057006835935, 1.0], [283.4132690429687, 121.79412078857423, 1.0], [305.47805786132807, 126.26198577880861, 1.0], [315.20153808593744, 130.35752868652347, 1.0], [266.21020507812494, 133.33610534667974, 1.0], [286.0311279296874, 127.37895202636717, 1.0], [298.37243652343756, 129.24057006835935, 1.0], [307.72192382812494, 133.33610534667974, 1.0]], "head_box": [[311.0025, 89.1985], [397.6715, 219.202]], "head_size": 130.0035, "hand_box_center": [282.1043395996094, 143.3096160888672], "is_left": 0, "is_mpii": 0}