{"mpii_body_pts": [[0.0, 0.0, 0.0], [341.0605, 266.09299999999996, 0.6273040000000001], [341.847, 217.501, 0.717147], [338.73, 83.0029, 0.650299], [0.0, 0.0, 0.0], [0.0, 0.0, 0.0], [0.0, 0.0, 0.0], [0.0, 0.0, 0.0], [0.0, 0.0, 0.0], [0.0, 0.0, 0.0], [284.077, 444.571, 0.521111], [181.024, 427.302, 0.742348], [227.92, 272.375, 0.650109], [454.201, 259.811, 0.604499], [516.698, 403.826, 0.651248], [438.608, 435.106, 0.625705]], "hand_pts": [[445.08950805664057, 442.38104248046875, 1.0], [425.4288024902343, 421.5355834960937, 1.0], [409.57336425781244, 413.95544433593756, 1.0], [393.083740234375, 415.8504638671875, 1.0], [377.22830200195307, 412.0603942871093, 1.0], [424.7945861816406, 433.5375061035156, 1.0], [406.4022827148438, 444.9077453613281, 1.0], [388.01000976562494, 446.1711120605469, 1.0], [377.86251831054693, 444.9077453613281, 1.0], [427.33145141601557, 448.6978454589843, 1.0], [408.304931640625, 459.4364013671874, 1.0], [391.81530761718744, 461.3314208984375, 1.0], [384.2047119140625, 455.01461791992193, 1.0], [429.86831665039057, 464.4898376464843, 1.0], [411.4760131835937, 473.96502685546875, 1.0], [393.7179565429687, 472.07000732421875, 1.0], [385.47314453124994, 466.3848876953126, 1.0], [430.50253295898426, 474.596710205078, 1.0], [415.91552734375, 485.9669494628905, 1.0], [403.23120117187494, 482.80856323242193, 1.0], [398.15747070312506, 477.75512695312494, 1.0]], "head_box": [[293.89730000000003, 83.0029], [383.5627, 217.501]], "head_size": 134.49810000000002, "hand_box_center": [411.1589050292968, 449.0136718749999], "is_left": 1, "is_mpii": 0}