{"mpii_body_pts": [[0.0, 0.0, 0.0], [341.8565, 260.626, 0.6216085], [343.447, 231.69, 0.680102], [349.637, 92.2932, 0.605997], [0.0, 0.0, 0.0], [0.0, 0.0, 0.0], [0.0, 0.0, 0.0], [0.0, 0.0, 0.0], [0.0, 0.0, 0.0], [0.0, 0.0, 0.0], [268.524, 442.998, 0.437528], [170.195, 400.678, 0.635973], [231.04, 258.302, 0.680957], [452.673, 262.95, 0.56226], [527.621, 394.444, 0.483648], [443.386, 455.506, 0.627333]], "hand_pts": [[446.46777343749994, 462.7823181152343, 1.0], [417.96231079101557, 441.4887390136718, 1.0], [396.58322143554693, 440.84347534179693, 1.0], [379.0912170410155, 444.71502685546875, 1.0], [366.78204345703125, 450.5223693847657, 1.0], [395.2875061035156, 471.8159484863281, 1.0], [377.79553222656244, 490.52847290039057, 1.0], [370.02130126953125, 486.01165771484375, 1.0], [373.26055908203125, 477.623291015625, 1.0], [404.35742187500006, 486.01165771484375, 1.0], [384.2740478515625, 502.14315795898426, 1.0], [376.4998168945313, 493.1095275878906, 1.0], [379.0912170410155, 484.07589721679693, 1.0], [415.3709106445313, 496.33581542968744, 1.0], [392.6961059570312, 506.65997314453136, 1.0], [381.6826171875, 498.91687011718744, 1.0], [383.62619018554693, 487.3021850585937, 1.0], [417.96231079101557, 498.27160644531244, 1.0], [399.17462158203136, 506.65997314453136, 1.0], [388.80899047851557, 498.91687011718744, 1.0], [389.4568481445313, 489.2379760742187, 1.0]], "head_box": [[303.1714, 92.2932], [396.1026, 231.69]], "head_size": 139.39679999999998, "hand_box_center": [406.6249084472656, 473.7517242431642], "is_left": 1, "is_mpii": 0}