{"mpii_body_pts": [[0.0, 0.0, 0.0], [341.0745, 258.2625, 0.579674], [330.893, 219.079, 0.769926], [326.266, 81.3625, 0.624151], [0.0, 0.0, 0.0], [0.0, 0.0, 0.0], [0.0, 0.0, 0.0], [0.0, 0.0, 0.0], [0.0, 0.0, 0.0], [0.0, 0.0, 0.0], [216.903, 297.386, 0.542028], [179.534, 394.404, 0.471853], [231.03, 255.147, 0.572236], [451.119, 261.378, 0.587112], [499.504, 394.403, 0.5877], [466.687, 480.469, 0.654275]], "hand_pts": [[218.4080505371094, 294.9273681640625, 1.0], [209.44735717773443, 275.70251464843744, 1.0], [214.27233886718753, 249.2683258056641, 1.0], [239.0865783691406, 237.25279235839844, 1.0], [249.77047729492185, 221.46093750000003, 1.0], [201.12042236328128, 254.22845458984375, 1.0], [222.94180297851562, 238.94268798828128, 1.0], [240.46514892578128, 228.32696533203128, 1.0], [253.2169036865234, 227.6403656005859, 1.0], [211.85984802246097, 269.8663940429687, 1.0], [233.57229614257815, 245.49201965332034, 1.0], [250.8044128417969, 237.93939208984375, 1.0], [261.83294677734375, 235.87959289550776, 1.0], [225.36639404296878, 278.36389160156256, 1.0], [245.63478088378906, 257.85086059570324, 1.0], [258.04190063476574, 247.5518341064453, 1.0], [266.98864746093744, 241.35623168945318, 1.0], [239.9139862060547, 282.78872680664057, 1.0], [251.63285827636716, 270.3187561035156, 1.0], [254.86566162109375, 263.48037719726557, 1.0], [252.0369720458984, 261.0668334960937, 1.0]], "head_box": [[280.3605, 81.3625], [372.17150000000004, 219.079]], "head_size": 137.7165, "hand_box_center": [234.05453491210938, 258.19415283203125], "is_left": 0, "is_mpii": 0}