{"mpii_body_pts": [[0.0, 0.0, 0.0], [354.35949999999997, 255.123, 0.623881], [355.882, 214.412, 0.699808], [352.787, 79.7799, 0.663822], [0.0, 0.0, 0.0], [0.0, 0.0, 0.0], [0.0, 0.0, 0.0], [0.0, 0.0, 0.0], [0.0, 0.0, 0.0], [0.0, 0.0, 0.0], [204.485, 455.416, 0.742766], [179.473, 359.984, 0.694353], [240.403, 253.573, 0.66408], [468.316, 256.673, 0.583682], [550.993, 378.799, 0.589166], [524.459, 489.887, 0.673211]], "hand_pts": [[204.45954895019534, 473.44317626953125, 1.0], [219.16336059570312, 463.9105529785155, 1.0], [233.4666290283203, 461.53594970703125, 1.0], [238.23437499999997, 470.3219604492187, 1.0], [245.86277770996094, 467.2349853515625, 1.0], [213.68045043945315, 495.49273681640625, 1.0], [213.20367431640622, 513.0647583007812, 1.0], [215.3491516113281, 524.4628906249999, 1.0], [216.77947998046875, 538.4730224609375, 1.0], [202.9530029296875, 498.1047973632813, 1.0], [206.2904205322266, 522.5631713867188, 1.0], [217.49464416503906, 541.3225097656249, 1.0], [225.59982299804685, 551.2958374023439, 1.0], [205.57525634765628, 502.61654663085943, 1.0], [219.64013671875, 529.68701171875, 1.0], [226.31498718261722, 540.13525390625, 1.0], [232.75146484375, 549.3961791992186, 1.0], [208.19752502441403, 502.3790893554688, 1.0], [214.3956146240234, 519.9511108398436, 1.0], [217.97142028808597, 529.68701171875, 1.0], [223.21595764160153, 537.7606201171875, 1.0]], "head_box": [[307.9096333333333, 79.7799], [397.66436666666664, 214.412]], "head_size": 134.6321, "hand_box_center": [224.40789031982422, 506.41589355468756], "is_left": 0, "is_mpii": 0}