{"mpii_body_pts": [[0.0, 0.0, 0.0], [330.942, 230.878, 0.559284], [330.946, 219.167, 0.692907], [307.55, 87.622, 0.620129], [0.0, 0.0, 0.0], [0.0, 0.0, 0.0], [0.0, 0.0, 0.0], [0.0, 0.0, 0.0], [0.0, 0.0, 0.0], [0.0, 0.0, 0.0], [215.438, 245.731, 0.434756], [146.72, 303.653, 0.525934], [232.584, 242.566, 0.479635], [429.3, 219.19, 0.638933], [516.703, 355.276, 0.716498], [426.142, 378.771, 0.671536]], "hand_pts": [[232.67420959472653, 231.57194519042972, 1.0], [247.93702697753912, 230.12478637695315, 1.0], [267.19726562500006, 248.57608032226562, 1.0], [266.10705566406256, 273.17782592773443, 1.0], [267.92407226562494, 286.9258422851563, 1.0], [267.5606689453125, 233.38088989257815, 1.0], [279.1894836425781, 242.06385803222656, 1.0], [278.4626770019531, 256.5354614257813, 1.0], [276.6456909179688, 269.92172241210926, 1.0], [262.1096496582031, 242.06385803222656, 1.0], [261.3828430175781, 265.21844482421875, 1.0], [260.65606689453136, 275.71035766601557, 1.0], [254.8416442871094, 287.2876281738282, 1.0], [245.39323425292974, 243.51101684570318, 1.0], [245.02983093261722, 270.28350830078125, 1.0], [245.39323425292974, 279.3282470703125, 1.0], [247.21023559570312, 284.75509643554693, 1.0], [233.40101623535156, 246.0435485839844, 1.0], [233.76440429687494, 271.007080078125, 1.0], [235.94480895996094, 279.3282470703125, 1.0], [237.0350189208984, 278.9664611816406, 1.0]], "head_box": [[263.70166666666665, 87.622], [351.39833333333337, 219.167]], "head_size": 131.54500000000002, "hand_box_center": [255.93184661865234, 258.7062072753907], "is_left": 0, "is_mpii": 0}