{"mpii_body_pts": [[0.0, 0.0, 0.0], [346.528, 263.725, 0.6460365], [340.278, 228.504, 0.702567], [360.565, 82.9743, 0.619856], [0.0, 0.0, 0.0], [0.0, 0.0, 0.0], [0.0, 0.0, 0.0], [0.0, 0.0, 0.0], [0.0, 0.0, 0.0], [0.0, 0.0, 0.0], [368.366, 330.201, 0.579591], [230.981, 396.041, 0.601017], [240.356, 259.811, 0.664213], [452.7, 267.639, 0.62786], [501.067, 374.09, 0.611535], [465.126, 458.593, 0.711732]], "hand_pts": [[370.90444946289057, 332.3169860839844, 1.0], [370.3046264648438, 307.8057556152344, 1.0], [381.10159301757807, 282.39779663085943, 1.0], [397.59698486328125, 270.4411010742187, 1.0], [400.89605712890625, 250.41363525390622, 1.0], [410.4933471679687, 284.4902038574219, 1.0], [427.8884887695313, 283.59344482421875, 1.0], [413.49252319335943, 292.56097412109375, 1.0], [401.7958068847657, 293.1588134765625, 1.0], [418.59109497070307, 300.93066406249994, 1.0], [436.5860290527343, 295.55014038085943, 1.0], [420.9904174804687, 307.50683593749994, 1.0], [409.89352416992193, 309.0014343261719, 1.0], [422.1900634765625, 316.474365234375, 1.0], [440.1850280761719, 309.0014343261719, 1.0], [425.7890625, 320.3602905273438, 1.0], [414.3922729492187, 321.55596923828125, 1.0], [424.2894897460937, 331.12130737304693, 1.0], [442.5843505859375, 322.1537780761719, 1.0], [429.0881347656249, 324.84405517578136, 1.0], [420.9904174804687, 329.0289001464843, 1.0]], "head_box": [[312.0551, 82.9743], [409.0749, 228.504]], "head_size": 145.5297, "hand_box_center": [406.4444885253906, 291.3653106689453], "is_left": 0, "is_mpii": 0}