{"mpii_body_pts": [[0.0, 0.0, 0.0], [330.105, 259.816, 0.6418364999999999], [332.524, 231.613, 0.714147], [379.319, 92.2964, 0.581248], [0.0, 0.0, 0.0], [0.0, 0.0, 0.0], [0.0, 0.0, 0.0], [0.0, 0.0, 0.0], [0.0, 0.0, 0.0], [0.0, 0.0, 0.0], [245.048, 364.713, 0.587467], [159.245, 394.406, 0.522844], [218.506, 255.146, 0.642573], [441.704, 264.486, 0.6411], [491.73, 405.363, 0.484041], [469.851, 386.594, 0.274745]], "hand_pts": [[481.0, 388.0, 1.0], [487.5570983886719, 351.02624511718744, 1.0], [461.75909423828125, 339.44863891601557, 1.0], [449.4051208496093, 340.53405761718744, 1.0], [437.77783203125, 340.53405761718744, 1.0], [491.190643310547, 359.70944213867193, 1.0], [471.5696105957032, 357.53863525390625, 1.0], [454.49203491210926, 354.6442260742188, 1.0], [438.86788940429693, 351.02624511718744, 1.0], [489.3738708496094, 374.543212890625, 1.0], [455.9454345703125, 366.9454345703125, 1.0], [438.86788940429693, 360.07122802734375, 1.0], [430.51077270507807, 356.0914306640625, 1.0], [478.8366394042968, 388.2915954589842, 1.0], [450.13180541992193, 377.4376220703125, 1.0], [437.0511169433593, 369.83981323242193, 1.0], [425.06048583984386, 361.8802185058594, 1.0], [465.7559509277344, 392.63317871093744, 1.0], [449.4051208496093, 383.95001220703125, 1.0], [439.59460449218744, 377.4376220703125, 1.0], [433.78094482421875, 373.8196105957032, 1.0]], "head_box": [[332.88013333333333, 92.2964], [425.7578666666667, 231.613]], "head_size": 139.3166, "hand_box_center": [458.1255645751954, 366.0409088134765], "is_left": 1, "is_mpii": 0}