{"mpii_body_pts": [[0.0, 0.0, 0.0], [384.7685, 257.4865, 0.554682], [380.907, 228.48, 0.629003], [390.249, 79.8622, 0.628412], [0.0, 0.0, 0.0], [0.0, 0.0, 0.0], [0.0, 0.0, 0.0], [0.0, 0.0, 0.0], [0.0, 0.0, 0.0], [0.0, 0.0, 0.0], [195.163, 212.862, 0.62085], [146.767, 291.078, 0.632336], [277.863, 223.827, 0.554693], [491.674, 291.146, 0.554671], [530.687, 441.379, 0.740075], [424.561, 468.063, 0.659694]], "hand_pts": [[417.2961425781249, 473.20602416992193, 1.0], [402.12738037109375, 457.7608642578125, 1.0], [379.3162231445313, 449.92855834960926, 1.0], [356.50506591796875, 450.7117919921874, 1.0], [341.1665344238281, 453.06149291992193, 1.0], [399.3981323242187, 451.09884643554693, 1.0], [386.0022583007813, 458.5440979003906, 1.0], [369.87710571289057, 461.285400390625, 1.0], [358.4715270996093, 463.24346923828125, 1.0], [406.1993713378906, 463.9352722167969, 1.0], [389.14862060546886, 470.6841430664063, 1.0], [369.48382568359375, 474.9919128417968, 1.0], [357.68493652343756, 475.77514648437494, 1.0], [410.13693237304693, 480.33740234375006, 1.0], [388.75531005859364, 485.1739196777344, 1.0], [367.51733398437494, 488.69845581054693, 1.0], [353.75198364257807, 488.3068237304688, 1.0], [407.240234375, 495.7475280761719, 1.0], [389.14862060546886, 499.6636657714844, 1.0], [371.8435974121093, 499.6636657714844, 1.0], [363.5843811035157, 499.2720642089843, 1.0]], "head_box": [[340.70973333333336, 79.8622], [439.7882666666667, 228.48]], "head_size": 148.6178, "hand_box_center": [379.2313385009765, 474.7961120605468], "is_left": 1, "is_mpii": 0}