{"mpii_body_pts": [[0.0, 0.0, 0.0], [359.0355, 246.528, 0.4353095], [368.398, 206.605, 0.738428], [365.289, 79.8286, 0.668845], [0.0, 0.0, 0.0], [0.0, 0.0, 0.0], [0.0, 0.0, 0.0], [0.0, 0.0, 0.0], [0.0, 0.0, 0.0], [0.0, 0.0, 0.0], [235.722, 303.609, 0.419963], [152.976, 333.369, 0.388825], [259.127, 255.129, 0.325073], [458.944, 237.927, 0.545546], [583.781, 344.387, 0.637936], [494.879, 311.48, 0.720499]], "hand_pts": [[238.15383911132812, 298.8941040039063, 1.0], [258.83081054687494, 292.3555297851563, 1.0], [286.72833251953125, 288.4323730468749, 1.0], [306.4206848144532, 289.4131469726562, 1.0], [324.9974365234375, 280.7459106445313, 1.0], [302.18469238281256, 316.11654663085943, 1.0], [309.290283203125, 337.7112426757813, 1.0], [314.15203857421875, 349.25323486328125, 1.0], [319.38775634765625, 362.65682983398443, 1.0], [293.20916748046875, 327.2862243652343, 1.0], [299.19284057617193, 347.39163208007807, 1.0], [302.93264770507807, 362.65682983398443, 1.0], [304.8025512695313, 373.4541931152344, 1.0], [281.6158142089843, 335.10498046875006, 1.0], [286.8515319824219, 356.69967651367193, 1.0], [289.4693908691406, 366.38006591796875, 1.0], [291.33929443359375, 374.9434814453125, 1.0], [267.77856445312494, 342.5514221191407, 1.0], [273.01428222656256, 359.3059387207031, 1.0], [275.25814819335943, 366.00772094726557, 1.0], [277.50204467773443, 372.3372192382812, 1.0]], "head_box": [[323.0302, 79.8286], [407.5478, 206.605]], "head_size": 126.7764, "hand_box_center": [281.5756378173828, 327.8446960449219], "is_left": 0, "is_mpii": 0}