{"mpii_body_pts": [[0.0, 0.0, 0.0], [359.79949999999997, 262.948, 0.412199], [363.713, 208.163, 0.703803], [357.466, 79.8842, 0.68899], [0.0, 0.0, 0.0], [0.0, 0.0, 0.0], [0.0, 0.0, 0.0], [0.0, 0.0, 0.0], [0.0, 0.0, 0.0], [0.0, 0.0, 0.0], [202.913, 305.263, 0.650812], [179.454, 394.402, 0.613472], [257.554, 267.639, 0.334639], [462.045, 258.257, 0.489759], [535.416, 406.97, 0.588557], [465.152, 330.292, 0.670279]], "hand_pts": [[460.0, 331.0, 1.0], [464.49255371093744, 306.12673950195307, 1.0], [455.74142456054693, 275.62863159179693, 1.0], [431.36325073242193, 263.80282592773443, 1.0], [413.86096191406256, 260.69076538085943, 1.0], [457.84027099609375, 275.75854492187494, 1.0], [455.0843200683594, 263.75283813476574, 1.0], [448.5389709472655, 258.95056152343756, 1.0], [443.71609497070307, 251.4041290283203, 1.0], [448.1944885253907, 284.3340454101563, 1.0], [420.97961425781244, 279.53176879882807, 1.0], [399.27661132812494, 274.7294921875, 1.0], [388.2528686523438, 274.7294921875, 1.0], [441.6491394042969, 304.57223510742193, 1.0], [415.12326049804693, 295.65371704101557, 1.0], [398.23391723632807, 289.94406127929693, 1.0], [390.7329406738282, 288.69924926757807, 1.0], [430.7381591796874, 316.7077026367188, 1.0], [410.11047363281256, 312.9732360839843, 1.0], [401.98440551757807, 307.99395751953125, 1.0], [396.98376464843744, 305.50430297851557, 1.0]], "head_box": [[314.70640000000003, 79.8842], [400.2256, 208.163]], "head_size": 128.2788, "hand_box_center": [426.3727111816406, 291.20206451416016], "is_left": 1, "is_mpii": 0}