{"mpii_body_pts": [[0.0, 0.0, 0.0], [340.2865, 254.332, 0.620229], [343.453, 217.589, 0.712155], [340.254, 82.9459, 0.619707], [0.0, 0.0, 0.0], [0.0, 0.0, 0.0], [0.0, 0.0, 0.0], [0.0, 0.0, 0.0], [0.0, 0.0, 0.0], [0.0, 0.0, 0.0], [266.978, 317.785, 0.641095], [177.946, 367.874, 0.582345], [238.828, 255.11, 0.650247], [441.745, 253.554, 0.590211], [504.189, 367.836, 0.662432], [354.378, 355.334, 0.696773]], "hand_pts": [[291.76867675781244, 309.9332885742187, 1.0], [305.18850708007807, 305.25460815429693, 1.0], [329.67971801757807, 311.604248046875, 1.0], [345.11251831054693, 305.58880615234375, 1.0], [357.8613891601563, 295.22891235351557, 1.0], [314.58239746093744, 294.89471435546875, 1.0], [316.93087768554693, 317.2854614257813, 1.0], [314.2469177246093, 327.64538574218744, 1.0], [312.90493774414057, 327.64538574218744, 1.0], [297.8076171875, 292.5553894042969, 1.0], [302.840057373047, 318.9564208984375, 1.0], [302.16906738281256, 328.64794921875006, 1.0], [301.16256713867193, 328.64794921875006, 1.0], [281.36831665039057, 298.57080078125, 1.0], [288.74920654296875, 322.29833984374994, 1.0], [291.09768676757807, 328.64794921875006, 1.0], [290.4266967773437, 327.64538574218744, 1.0], [272.9808959960937, 308.2623291015625, 1.0], [263.5870361328125, 308.5965270996093, 1.0], [254.8641357421875, 313.9435729980469, 1.0], [259.8965759277343, 310.6016540527344, 1.0]], "head_box": [[295.3729666666667, 82.9459], [385.13503333333335, 217.589]], "head_size": 134.6431, "hand_box_center": [306.3627624511719, 310.60166931152344], "is_left": 0, "is_mpii": 0}