{"mpii_body_pts": [[0.0, 0.0, 0.0], [381.649, 250.4545, 0.5541555], [396.495, 230.133, 0.669563], [388.699, 87.6665, 0.605636], [0.0, 0.0, 0.0], [0.0, 0.0, 0.0], [0.0, 0.0, 0.0], [0.0, 0.0, 0.0], [0.0, 0.0, 0.0], [0.0, 0.0, 0.0], [274.745, 294.33, 0.696608], [188.88, 330.29, 0.572134], [263.805, 241.049, 0.509632], [499.493, 259.86, 0.598679], [565.035, 392.89, 0.659633], [493.231, 417.861, 0.515393]], "hand_pts": [[493.0, 418.0, 1.0], [486.88003540039057, 400.8756408691407, 1.0], [474.1899108886719, 384.0277709960937, 1.0], [456.8851928710937, 369.0944519042969, 1.0], [444.5796203613282, 358.37307739257807, 1.0], [470.7289733886718, 399.72692871093744, 1.0], [433.81222534179693, 400.10983276367193, 1.0], [419.5838928222656, 400.10983276367193, 1.0], [413.815673828125, 399.72692871093744, 1.0], [473.03625488281244, 413.8944396972656, 1.0], [433.0431213378906, 413.51153564453125, 1.0], [417.27661132812494, 413.51153564453125, 1.0], [405.35559082031256, 413.12863159179693, 1.0], [472.2671813964844, 428.8277893066406, 1.0], [439.1959228515625, 428.44488525390636, 1.0], [417.6611633300781, 427.6790466308595, 1.0], [407.27832031249994, 425.76452636718744, 1.0], [468.03710937499994, 444.9098205566406, 1.0], [445.7332763671874, 447.5901794433593, 1.0], [430.35128784179693, 446.05853271484375, 1.0], [419.1993713378906, 445.6756286621094, 1.0]], "head_box": [[341.2101666666667, 87.6665], [436.18783333333334, 230.133]], "head_size": 142.4665, "hand_box_center": [449.17779541015625, 402.9816284179687], "is_left": 1, "is_mpii": 0}