{"mpii_body_pts": [[0.0, 0.0, 0.0], [359.02750000000003, 255.863, 0.6124765], [366.838, 200.337, 0.738432], [369.984, 76.714, 0.665499], [0.0, 0.0, 0.0], [0.0, 0.0, 0.0], [0.0, 0.0, 0.0], [0.0, 0.0, 0.0], [0.0, 0.0, 0.0], [0.0, 0.0, 0.0], [229.427, 334.975, 0.587973], [159.217, 360.01, 0.46417], [245.074, 255.063, 0.589889], [472.981, 256.663, 0.635064], [518.255, 396.007, 0.492782], [515.078, 513.399, 0.601895]], "hand_pts": [[515.6099243164062, 524.3420410156249, 1.0], [495.3528442382813, 521.738525390625, 1.0], [482.9371948242187, 544.8448486328125, 1.0], [476.4026794433594, 567.3002319335938, 1.0], [469.5414123535156, 578.0397949218751, 1.0], [500.5804748535156, 563.7203979492189, 1.0], [492.0855712890625, 587.152099609375, 1.0], [487.51138305664057, 597.2407836914062, 1.0], [482.2837524414062, 606.6785888671877, 1.0], [510.70901489257807, 565.9984741210939, 1.0], [504.8279113769531, 590.0811157226562, 1.0], [499.92700195312494, 600.4951782226564, 1.0], [493.7192077636719, 607.6549072265626, 1.0], [519.2039184570314, 566.9747924804688, 1.0], [514.9564819335938, 591.0574340820311, 1.0], [511.3624572753906, 600.8206176757811, 1.0], [506.13482666015636, 607.9803466796877, 1.0], [525.0850219726564, 567.6256713867188, 1.0], [521.1642456054686, 590.4065551757811, 1.0], [518.5504760742188, 598.5425415039061, 1.0], [514.302978515625, 605.0513305664064, 1.0]], "head_box": [[328.7763333333333, 76.714], [411.19166666666666, 200.337]], "head_size": 123.62299999999999, "hand_box_center": [497.313217163086, 564.8594360351564], "is_left": 1, "is_mpii": 0}