{"mpii_body_pts": [[0.0, 0.0, 0.0], [362.947, 277.007, 0.6101255], [371.532, 231.61, 0.667168], [432.377, 98.6239, 0.623419], [0.0, 0.0, 0.0], [0.0, 0.0, 0.0], [0.0, 0.0, 0.0], [0.0, 0.0, 0.0], [0.0, 0.0, 0.0], [0.0, 0.0, 0.0], [332.473, 381.921, 0.851237], [184.173, 394.495, 0.657594], [245.085, 261.369, 0.609016], [480.809, 292.645, 0.611235], [499.54, 417.888, 0.638045], [479.278, 507.093, 0.80659]], "hand_pts": [[338.36169433593756, 384.3762512207031, 1.0], [363.3582458496094, 391.31939697265625, 1.0], [385.37527465820307, 381.94799804687494, 1.0], [404.19104003906256, 372.6219482421874, 1.0], [421.3408508300782, 360.4279479980469, 1.0], [375.60809326171875, 356.36328125, 1.0], [396.0245056152344, 350.26629638671875, 1.0], [415.62423706054693, 349.85980224609375, 1.0], [430.7323913574219, 346.2016296386719, 1.0], [367.61459350585943, 347.2586364746093, 1.0], [400.92443847656244, 350.26629638671875, 1.0], [418.48254394531244, 361.2408752441406, 1.0], [428.69073486328125, 369.3702087402343, 1.0], [367.4415283203125, 354.73742675781244, 1.0], [393.5745239257813, 356.769744873047, 1.0], [412.3576049804688, 366.9313964843749, 1.0], [423.3824768066406, 375.06072998046875, 1.0], [362.94992065429693, 365.7120056152344, 1.0], [391.1245422363282, 366.9313964843749, 1.0], [400.10778808593756, 373.4348754882812, 1.0], [409.0910034179687, 379.93832397460926, 1.0]], "head_box": [[388.0483, 98.6239], [476.70570000000004, 231.61]], "head_size": 132.98610000000002, "hand_box_center": [384.5470428466797, 368.76051330566406], "is_left": 0, "is_mpii": 0}