{"mpii_body_pts": [[0.0, 0.0, 0.0], [398.034, 250.4115, 0.547463], [393.354, 214.457, 0.697924], [383.995, 76.7173, 0.632635], [0.0, 0.0, 0.0], [0.0, 0.0, 0.0], [0.0, 0.0, 0.0], [0.0, 0.0, 0.0], [0.0, 0.0, 0.0], [0.0, 0.0, 0.0], [217.022, 270.781, 0.590448], [184.215, 369.359, 0.59588], [305.922, 245.769, 0.452659], [490.146, 255.054, 0.642267], [530.775, 356.946, 0.701419], [430.904, 269.225, 0.446802]], "hand_pts": [[427.0, 268.0, 1.0], [416.0289001464843, 247.3557891845703, 1.0], [404.0401000976563, 233.2093505859375, 1.0], [388.89636230468744, 231.95188903808597, 1.0], [374.3835754394531, 231.3231506347656, 1.0], [389.52734374999994, 222.83528137207034, 1.0], [364.9187316894531, 222.20655822753903, 1.0], [347.8820190429687, 220.3203582763672, 1.0], [334.6312255859375, 220.63473510742188, 1.0], [386.6878967285156, 237.9248199462891, 1.0], [361.76379394531244, 234.7811737060547, 1.0], [370.59765624999994, 242.32594299316406, 1.0], [384.794921875, 244.21212768554688, 1.0], [385.4259033203125, 250.4994354248047, 1.0], [360.81732177734375, 248.29888916015622, 1.0], [371.2286376953125, 254.5861968994141, 1.0], [381.32446289062506, 255.52928161621094, 1.0], [383.8484191894532, 263.7027893066406, 1.0], [361.1328125, 259.9303894042968, 1.0], [369.33566284179693, 264.6458740234376, 1.0], [381.00897216796875, 265.58898925781244, 1.0]], "head_box": [[338.0817666666667, 76.7173], [429.9082333333333, 214.457]], "head_size": 137.7397, "hand_box_center": [380.81561279296875, 244.1601791381836], "is_left": 1, "is_mpii": 0}