{"mpii_body_pts": [[0.0, 0.0, 0.0], [344.9685, 276.2545, 0.598993], [354.28, 217.59, 0.729062], [348.087, 92.2888, 0.681118], [0.0, 0.0, 0.0], [0.0, 0.0, 0.0], [0.0, 0.0, 0.0], [0.0, 0.0, 0.0], [0.0, 0.0, 0.0], [0.0, 0.0, 0.0], [206.066, 444.502, 0.474209], [157.649, 389.75, 0.46455], [227.902, 277.035, 0.62482], [462.035, 275.474, 0.573166], [535.431, 383.486, 0.612925], [507.348, 461.754, 0.586736]], "hand_pts": [[205.16250610351562, 444.9241943359375, 1.0], [221.78021240234378, 439.3023986816406, 1.0], [250.62603759765628, 447.4227600097657, 1.0], [265.0, 468.0, 1.0], [267.5572814941407, 484.27673339843744, 1.0], [242.47395324707028, 453.9815063476562, 1.0], [257.2104187011718, 473.9700927734375, 1.0], [248.1177062988281, 465.22509765624994, 1.0], [243.41458129882807, 459.6033020019531, 1.0], [229.93229675292977, 464.91278076171875, 1.0], [246.86354064941406, 484.58905029296875, 1.0], [236.83021545410156, 476.1563415527344, 1.0], [230.87290954589844, 468.9729614257813, 1.0], [217.07708740234378, 475.5317077636718, 1.0], [236.83021545410156, 493.95867919921875, 1.0], [227.42396545410153, 486.46298217773443, 1.0], [221.4666595458984, 480.84118652343756, 1.0], [209.86563110351562, 483.652069091797, 1.0], [225.54270935058597, 500.8297729492187, 1.0], [226.16978454589838, 496.7695922851563, 1.0], [221.4666595458984, 490.21081542968744, 1.0]], "head_box": [[306.3199333333333, 92.2888], [389.85406666666665, 217.59]], "head_size": 125.30120000000001, "hand_box_center": [236.35989379882815, 470.0660858154297], "is_left": 0, "is_mpii": 0}