{"mpii_body_pts": [[0.0, 0.0, 0.0], [387.11350000000004, 262.96799999999996, 0.5477084999999999], [380.836, 208.201, 0.746893], [366.814, 81.3693, 0.728692], [0.0, 0.0, 0.0], [0.0, 0.0, 0.0], [0.0, 0.0, 0.0], [0.0, 0.0, 0.0], [0.0, 0.0, 0.0], [0.0, 0.0, 0.0], [305.904, 286.423, 0.665714], [232.586, 360.013, 0.497225], [277.855, 255.106, 0.551789], [496.372, 270.83, 0.543628], [530.716, 433.564, 0.292056], [0.0, 0.0, 0.0]], "hand_pts": [[329.0126037597657, 274.8639221191407, 1.0], [335.8919372558593, 283.1411743164063, 1.0], [361.47128295898426, 280.0852661132813, 1.0], [382.9579162597656, 269.8988647460937, 1.0], [405.46774291992193, 259.03338623046875, 1.0], [353.285888671875, 247.48880004882815, 1.0], [354.9911804199219, 268.2011413574219, 1.0], [350.21636962890625, 280.76434326171875, 1.0], [347.4879150390625, 292.64849853515636, 1.0], [337.9382934570312, 244.09332275390625, 1.0], [341.0078125, 269.2197875976563, 1.0], [340.3256835937501, 286.5366516113281, 1.0], [338.96145629882807, 291.9693908691406, 1.0], [322.24963378906256, 250.54470825195312, 1.0], [324.2959594726562, 271.9361572265624, 1.0], [326.6833801269532, 285.8575439453125, 1.0], [326.6833801269532, 288.9134826660156, 1.0], [314.74633789062494, 254.61927795410153, 1.0], [305.8788452148438, 260.3915710449219, 1.0], [295.64709472656256, 261.0706481933595, 1.0], [288.4848937988281, 260.052001953125, 1.0]], "head_box": [[324.53676666666667, 81.3693], [409.0912333333334, 208.201]], "head_size": 126.8317, "hand_box_center": [346.976318359375, 268.3709106445313], "is_left": 0, "is_mpii": 0}