{"mpii_body_pts": [[0.0, 0.0, 0.0], [363.7115, 262.18, 0.658104], [379.287, 237.916, 0.68735], [455.759, 111.158, 0.617552], [0.0, 0.0, 0.0], [0.0, 0.0, 0.0], [0.0, 0.0, 0.0], [0.0, 0.0, 0.0], [0.0, 0.0, 0.0], [0.0, 0.0, 0.0], [393.411, 344.358, 0.64384], [241.98, 383.458, 0.646617], [270.058, 242.631, 0.651938], [457.365, 281.729, 0.66427], [493.317, 403.833, 0.437274], [471.417, 408.511, 0.328253]], "hand_pts": [[457.24890136718744, 394.1501770019531, 1.0], [456.7315979003905, 373.99176025390625, 1.0], [431.45001220703125, 359.2749328613281, 1.0], [418.6147460937501, 373.2171936035156, 1.0], [418.2257995605469, 387.54675292968744, 1.0], [461.39895629882807, 367.4079284667969, 1.0], [438.8400268554688, 369.34436035156256, 1.0], [431.0610656738282, 372.8299255371094, 1.0], [435.33947753906256, 372.8299255371094, 1.0], [467.6221008300781, 381.73745727539057, 1.0], [436.1173706054688, 383.67388916015636, 1.0], [431.0610656738282, 384.8357543945313, 1.0], [433.394744873047, 385.22302246093744, 1.0], [467.2331542968749, 397.6161499023437, 1.0], [438.4510803222656, 398.0034484863281, 1.0], [431.83895874023426, 396.4542846679688, 1.0], [435.72842407226557, 397.22888183593756, 1.0], [461.39895629882807, 410.7838439941406, 1.0], [442.34054565429693, 411.5584106445313, 1.0], [434.1726379394532, 406.523712158203, 1.0], [436.895263671875, 405.7491455078125, 1.0]], "head_box": [[413.5063333333334, 111.158], [498.01166666666666, 237.916]], "head_size": 126.758, "hand_box_center": [442.9239501953125, 385.4166717529297], "is_left": 1, "is_mpii": 0}