{"mpii_body_pts": [[0.0, 0.0, 0.0], [362.95000000000005, 276.312, 0.5819719999999999], [380.9, 215.974, 0.712383], [382.482, 76.724, 0.662265], [0.0, 0.0, 0.0], [0.0, 0.0, 0.0], [0.0, 0.0, 0.0], [0.0, 0.0, 0.0], [0.0, 0.0, 0.0], [0.0, 0.0, 0.0], [246.635, 394.494, 0.576087], [177.904, 374.095, 0.594058], [234.163, 269.282, 0.579596], [491.737, 283.342, 0.584348], [526.071, 425.755, 0.693119], [443.314, 469.533, 0.624209]], "hand_pts": [[446.945526123047, 470.2770385742187, 1.0], [438.4801635742187, 456.2229614257813, 1.0], [438.12744140625, 443.2229614257813, 1.0], [438.12744140625, 434.4391784667968, 1.0], [436.9481506347657, 424.6013488769531, 1.0], [432.4838562011718, 466.0608215332032, 1.0], [410.26223754882807, 470.6283874511718, 1.0], [393.6842346191407, 466.76351928710926, 1.0], [385.2188720703125, 460.0878295898438, 1.0], [433.1893005371094, 482.2229614257813, 1.0], [403.91323852539057, 481.87161254882807, 1.0], [394.38967895507807, 475.898651123047, 1.0], [386.1801452636719, 466.66290283203136, 1.0], [432.13113403320307, 492.0608215332032, 1.0], [401.0914306640625, 491.35809326171875, 1.0], [392.76837158203125, 484.79956054687494, 1.0], [386.95523071289057, 475.5382995605469, 1.0], [425.07666015625, 499.4391784667968, 1.0], [402.06936645507807, 501.3926391601563, 1.0], [395.4811706542968, 495.6043395996094, 1.0], [392.38082885742193, 489.81607055664057, 1.0]], "head_box": [[336.06533333333334, 76.724], [428.8986666666667, 215.974]], "head_size": 139.25, "hand_box_center": [416.08219909667974, 462.9969940185547], "is_left": 1, "is_mpii": 0}