{"mpii_body_pts": [[0.0, 0.0, 0.0], [336.406, 260.64250000000004, 0.628247], [341.811, 226.926, 0.67693], [335.605, 83.007, 0.569127], [0.0, 0.0, 0.0], [0.0, 0.0, 0.0], [0.0, 0.0, 0.0], [0.0, 0.0, 0.0], [0.0, 0.0, 0.0], [0.0, 0.0, 0.0], [256.048, 347.465, 0.625052], [157.714, 389.709, 0.611306], [229.483, 262.971, 0.671317], [443.329, 258.314, 0.585177], [504.132, 377.234, 0.704408], [360.562, 381.94, 0.696789]], "hand_pts": [[286.1442260742188, 347.44949340820307, 1.0], [293.1732788085937, 352.50354003906256, 1.0], [316.21304321289057, 345.505615234375, 1.0], [335.34777832031256, 335.39749145507807, 1.0], [348.62493896484375, 323.3454895019532, 1.0], [308.4029541015625, 328.7883300781249, 1.0], [311.91751098632807, 357.9463806152344, 1.0], [309.57449340820307, 364.1667785644531, 1.0], [308.012451171875, 369.9983825683593, 1.0], [291.2207641601563, 327.2332458496093, 1.0], [297.85934448242193, 363.0004577636719, 1.0], [297.4688415527344, 371.9422302246094, 1.0], [297.4688415527344, 375.4412231445313, 1.0], [278.3341369628905, 333.0648498535157, 1.0], [283.8011779785155, 361.05657958984375, 1.0], [284.5821838378906, 369.9983825683593, 1.0], [285.3631896972656, 373.88610839843744, 1.0], [268.9620056152344, 340.06277465820307, 1.0], [259.98040771484375, 350.94845581054693, 1.0], [254.12284851074222, 356.39129638671875, 1.0], [245.9222564697266, 357.9463806152344, 1.0]], "head_box": [[287.632, 83.007], [383.57800000000003, 226.926]], "head_size": 143.91899999999998, "hand_box_center": [297.27359771728516, 349.39335632324224], "is_left": 0, "is_mpii": 0}