{"mpii_body_pts": [[0.0, 0.0, 0.0], [374.6445, 259.029, 0.6141384999999999], [379.326, 239.479, 0.680673], [365.295, 92.2994, 0.635134], [0.0, 0.0, 0.0], [0.0, 0.0, 0.0], [0.0, 0.0, 0.0], [0.0, 0.0, 0.0], [0.0, 0.0, 0.0], [0.0, 0.0, 0.0], [231.01, 394.47, 0.643716], [206.078, 342.732, 0.7358], [266.941, 250.462, 0.675526], [482.348, 267.596, 0.552751], [563.497, 394.447, 0.698027], [510.461, 503.955, 0.630964]], "hand_pts": [[230.8129272460938, 402.07153320312494, 1.0], [252.45742797851568, 403.13186645507807, 1.0], [275.8760681152344, 414.7956237792969, 1.0], [278.35986328125006, 431.76110839843744, 1.0], [284.66516113281256, 443.38882446289057, 1.0], [263.64080810546886, 416.8223571777344, 1.0], [270.90847778320307, 440.59729003906256, 1.0], [275.1664123535156, 454.7351684570312, 1.0], [278.19613647460926, 467.9427185058594, 1.0], [248.19949340820315, 425.04559326171875, 1.0], [264.16674804687494, 450.49380493164057, 1.0], [267.68395996093744, 448.21911621093744, 1.0], [264.0451354980469, 439.7661132812499, 1.0], [237.19982910156247, 432.46798706054693, 1.0], [256.0057067871093, 458.9765319824218, 1.0], [262.02355957031244, 453.45190429687494, 1.0], [259.19335937499994, 444.9989318847656, 1.0], [230.8129272460938, 441.6576232910157, 1.0], [243.94155883789062, 461.09719848632807, 1.0], [250.2984466552735, 460.69729614257807, 1.0], [248.2768859863281, 454.2569274902343, 1.0]], "head_box": [[316.23513333333335, 92.2994], [414.3548666666667, 239.479]], "head_size": 147.1796, "hand_box_center": [257.7390441894532, 435.0071258544922], "is_left": 0, "is_mpii": 0}