{"mpii_body_pts": [[0.0, 0.0, 0.0], [375.40999999999997, 256.7015, 0.5452684999999999], [385.579, 214.413, 0.679737], [390.211, 79.8069, 0.663757], [0.0, 0.0, 0.0], [0.0, 0.0, 0.0], [0.0, 0.0, 0.0], [0.0, 0.0, 0.0], [0.0, 0.0, 0.0], [0.0, 0.0, 0.0], [256.018, 355.334, 0.404805], [201.361, 344.401, 0.433791], [265.344, 258.276, 0.552148], [485.476, 255.127, 0.538389], [551.053, 395.995, 0.714988], [440.181, 363.108, 0.411508]], "hand_pts": [[254.56706237792974, 343.0811767578124, 1.0], [268.625213623047, 350.07910156249994, 1.0], [291.2744750976563, 358.24334716796875, 1.0], [299.8655700683594, 387.401397705078, 1.0], [310.40921020507807, 399.84216308593756, 1.0], [288.5409545898438, 355.5219421386719, 1.0], [291.2744750976563, 373.4055480957031, 1.0], [292.8364868164063, 383.1248779296875, 1.0], [294.3985290527343, 397.8983154296874, 1.0], [272.1397705078125, 359.40966796875, 1.0], [274.09228515625, 391.67791748046875, 1.0], [274.09228515625, 408.7839660644531, 1.0], [273.7017822265625, 423.9461669921874, 1.0], [258.0816040039063, 365.63006591796875, 1.0], [258.0816040039063, 397.12075805664057, 1.0], [257.3005981445313, 415.7818908691406, 1.0], [256.5195922851563, 424.72369384765625, 1.0], [244.4139404296875, 365.63006591796875, 1.0], [243.24243164062503, 392.84423828125, 1.0], [243.24243164062503, 406.4513244628905, 1.0], [244.4139404296875, 415.7818908691406, 1.0]], "head_box": [[345.3423, 79.8069], [435.0797, 214.413]], "head_size": 134.60610000000003, "hand_box_center": [276.82582092285156, 383.9024353027343], "is_left": 0, "is_mpii": 0}