{"mpii_body_pts": [[0.0, 0.0, 0.0], [355.1515, 260.614, 0.5801395], [352.79, 216.006, 0.712083], [360.603, 79.7878, 0.643448], [0.0, 0.0, 0.0], [0.0, 0.0, 0.0], [0.0, 0.0, 0.0], [0.0, 0.0, 0.0], [0.0, 0.0, 0.0], [0.0, 0.0, 0.0], [368.439, 308.385, 0.611298], [221.685, 355.286, 0.639219], [243.57, 251.987, 0.695537], [466.733, 269.241, 0.464742], [540.09, 410.075, 0.6942], [483.907, 489.908, 0.568727]], "hand_pts": [[490.0, 487.0, 1.0], [465.4057922363281, 481.75314331054693, 1.0], [444.3196716308595, 485.5024108886719, 1.0], [426.24584960937506, 499.3747863769532, 1.0], [413.4435729980469, 513.2471313476564, 1.0], [451.0973510742187, 503.1240844726563, 1.0], [431.14083862304705, 519.6209106445312, 1.0], [417.2089538574219, 530.1189575195314, 1.0], [405.9128112792969, 539.1172485351562, 1.0], [457.1219482421874, 519.2460327148438, 1.0], [436.78890991210926, 533.8682250976561, 1.0], [423.98663330078125, 541.3668212890624, 1.0], [416.83239746093744, 546.2409057617188, 1.0], [467.2884826660156, 531.61865234375, 1.0], [443.56658935546875, 546.9907226562501, 1.0], [446.95544433593756, 538.7423095703126, 1.0], [454.4862060546874, 534.2431640625, 1.0], [470.6773376464843, 537.6174926757812, 1.0], [457.87503051757807, 549.2402954101562, 1.0], [450.3442687988282, 546.9907226562501, 1.0], [455.6158142089843, 542.866516113281, 1.0]], "head_box": [[315.19693333333333, 79.7878], [406.0090666666667, 216.006]], "head_size": 136.2182, "hand_box_center": [447.95640563964844, 515.4967193603516], "is_left": 1, "is_mpii": 0}