{"mpii_body_pts": [[0.0, 0.0, 0.0], [357.46500000000003, 251.228, 0.6116625], [363.684, 231.625, 0.693555], [369.981, 103.267, 0.698247], [0.0, 0.0, 0.0], [0.0, 0.0, 0.0], [0.0, 0.0, 0.0], [0.0, 0.0, 0.0], [0.0, 0.0, 0.0], [0.0, 0.0, 0.0], [282.588, 469.648, 0.638633], [179.507, 381.858, 0.788884], [255.974, 247.315, 0.645812], [458.956, 255.141, 0.577513], [546.323, 392.819, 0.665868], [440.166, 480.537, 0.589133]], "hand_pts": [[439.0, 484.0, 1.0], [411.8065185546874, 469.81759643554693, 1.0], [390.43203735351557, 464.49536132812494, 1.0], [376.77615356445307, 457.9903869628905, 1.0], [372.6199951171875, 460.9472045898438, 1.0], [388.0570983886719, 507.07327270507807, 1.0], [375.5886840820313, 508.84735107421875, 1.0], [376.1824035644532, 499.3855895996094, 1.0], [380.33856201171875, 487.5583801269532, 1.0], [395.7756652832031, 515.9436645507812, 1.0], [384.49468994140625, 517.1264038085938, 1.0], [381.52603149414057, 509.43872070312494, 1.0], [383.90097045898426, 496.4288024902343, 1.0], [399.33807373046875, 518.3091430664062, 1.0], [389.83831787109364, 516.5350341796876, 1.0], [383.90097045898426, 507.07327270507807, 1.0], [385.6821594238281, 497.61151123046875, 1.0], [401.1192626953126, 519.4918212890625, 1.0], [389.24456787109375, 516.5350341796876, 1.0], [381.52603149414057, 508.84735107421875, 1.0], [382.1197509765625, 499.9769592285155, 1.0]], "head_box": [[327.195, 103.267], [412.767, 231.625]], "head_size": 128.358, "hand_box_center": [405.80999755859375, 488.7411041259765], "is_left": 1, "is_mpii": 0}