{"mpii_body_pts": [[0.0, 0.0, 0.0], [351.19399999999996, 266.877, 0.6381680000000001], [355.887, 216.016, 0.688625], [357.489, 89.2278, 0.659565], [0.0, 0.0, 0.0], [0.0, 0.0, 0.0], [0.0, 0.0, 0.0], [0.0, 0.0, 0.0], [0.0, 0.0, 0.0], [0.0, 0.0, 0.0], [265.353, 442.952, 0.676739], [177.963, 405.456, 0.801368], [235.719, 278.589, 0.633733], [466.669, 255.165, 0.642603], [519.786, 364.673, 0.705765], [504.163, 455.437, 0.759024]], "hand_pts": [[258.4602355957031, 449.7865295410155, 1.0], [270.9320678710937, 436.7093811035157, 1.0], [300.5178527832031, 422.9566345214843, 1.0], [318.84286499023443, 430.775390625, 1.0], [333.4280395507812, 440.45578002929693, 1.0], [288.17651367187494, 433.3816528320313, 1.0], [319.21682739257807, 443.80667114257807, 1.0], [315.4770202636719, 450.1361694335937, 1.0], [310.24133300781244, 448.2745361328125, 1.0], [282.19284057617193, 452.370086669922, 1.0], [319.5908203125, 459.8165283203125, 1.0], [315.4770202636719, 463.5397644042969, 1.0], [309.4933471679687, 462.05047607421875, 1.0], [282.5668334960937, 470.24157714843744, 1.0], [314.35510253906256, 473.59246826171875, 1.0], [311.73724365234375, 475.45407104492193, 1.0], [304.6316223144532, 474.33709716796875, 1.0], [284.062744140625, 481.03890991210926, 1.0], [306.12753295898426, 484.0174865722656, 1.0], [311.73724365234375, 481.4112243652343, 1.0], [308.7453918457031, 479.92193603515625, 1.0]], "head_box": [[315.2262666666667, 89.2278], [399.7517333333333, 216.016]], "head_size": 126.78819999999999, "hand_box_center": [295.9441375732422, 453.487060546875], "is_left": 0, "is_mpii": 0}