{"mpii_body_pts": [[0.0, 0.0, 0.0], [378.5325, 271.57349999999997, 0.521863], [396.484, 225.381, 0.597865], [412.084, 82.9865, 0.604279], [0.0, 0.0, 0.0], [0.0, 0.0, 0.0], [0.0, 0.0, 0.0], [0.0, 0.0, 0.0], [0.0, 0.0, 0.0], [0.0, 0.0, 0.0], [254.38, 433.607, 0.661211], [195.154, 372.507, 0.584552], [263.81, 259.811, 0.586233], [493.255, 283.336, 0.457493], [554.124, 428.897, 0.75688], [443.339, 388.186, 0.501944]], "hand_pts": [[260.41223144531244, 436.65988159179705, 1.0], [287.71878051757807, 438.3611755371093, 1.0], [306.49203491210926, 451.4046020507813, 1.0], [325.2652893066406, 458.20986938476574, 1.0], [342.9007568359375, 455.3743286132813, 1.0], [305.354248046875, 430.98883056640625, 1.0], [313.8875427246094, 449.9868469238281, 1.0], [320.71420288085943, 469.55197143554693, 1.0], [324.98083496093744, 485.43090820312494, 1.0], [291.7009887695313, 441.76382446289057, 1.0], [305.354248046875, 463.3138122558594, 1.0], [310.47424316406256, 481.46118164062494, 1.0], [315.309783935547, 494.5045776367188, 1.0], [282.0299072265625, 452.25524902343756, 1.0], [292.55432128906256, 470.402618408203, 1.0], [300.80316162109375, 487.9828796386719, 1.0], [304.78536987304693, 502.16049194335943, 1.0], [268.66107177734375, 460.76184082031256, 1.0], [279.75436401367193, 476.9243164062499, 1.0], [286.58099365234375, 487.1322326660156, 1.0], [293.4076538085937, 498.19076538085943, 1.0]], "head_box": [[364.6191666666667, 82.9865], [459.54883333333333, 225.381]], "head_size": 142.3945, "hand_box_center": [301.656494140625, 466.5746612548828], "is_left": 0, "is_mpii": 0}