{"mpii_body_pts": [[0.0, 0.0, 0.0], [359.0355, 246.528, 0.4353095], [368.398, 206.605, 0.738428], [365.289, 79.8286, 0.668845], [0.0, 0.0, 0.0], [0.0, 0.0, 0.0], [0.0, 0.0, 0.0], [0.0, 0.0, 0.0], [0.0, 0.0, 0.0], [0.0, 0.0, 0.0], [235.722, 303.609, 0.419963], [152.976, 333.369, 0.388825], [259.127, 255.129, 0.325073], [458.944, 237.927, 0.545546], [583.781, 344.387, 0.637936], [494.879, 311.48, 0.720499]], "hand_pts": [[487.168701171875, 307.15237426757807, 1.0], [461.2078247070313, 306.25, 1.0], [438.8693542480469, 303.8436889648438, 1.0], [416.2290344238281, 305.64840698242193, 1.0], [406.5691833496094, 295.7223510742187, 1.0], [434.0394287109375, 323.6958312988281, 1.0], [424.9833068847656, 345.95431518554693, 1.0], [418.3421325683594, 364.00173950195307, 1.0], [412.30471801757807, 378.13885498046875, 1.0], [443.0955505371093, 333.6219177246093, 1.0], [435.2469177246093, 357.38433837890625, 1.0], [430.7188415527344, 375.1309509277344, 1.0], [428.9076232910156, 389.8696899414063, 1.0], [456.3778686523438, 342.0440368652344, 1.0], [452.1516723632813, 364.6033020019531, 1.0], [450.03857421874994, 378.13885498046875, 1.0], [447.01986694335943, 388.36572265625, 1.0], [468.7545776367188, 349.2630004882812, 1.0], [465.4339904785155, 365.8064575195313, 1.0], [460.90594482421875, 376.0333251953125, 1.0], [453.96292114257807, 377.83807373046875, 1.0]], "head_box": [[323.0302, 79.8286], [407.5478, 206.605]], "head_size": 126.7764, "hand_box_center": [446.8689422607422, 342.7960205078125], "is_left": 1, "is_mpii": 0}