{"mpii_body_pts": [[0.0, 0.0, 0.0], [373.06899999999996, 263.7285, 0.6181065], [373.096, 255.17, 0.636582], [430.813, 109.564, 0.605768], [0.0, 0.0, 0.0], [0.0, 0.0, 0.0], [0.0, 0.0, 0.0], [0.0, 0.0, 0.0], [0.0, 0.0, 0.0], [0.0, 0.0, 0.0], [313.774, 467.954, 0.639988], [218.478, 380.289, 0.659059], [266.979, 248.873, 0.648907], [479.159, 278.584, 0.587306], [544.762, 406.969, 0.504423], [552.55, 491.491, 0.663685]], "hand_pts": [[553.0, 484.0, 1.0], [537.1819458007812, 492.5918884277344, 1.0], [523.5255737304688, 498.80813598632807, 1.0], [513.3807983398439, 508.9095153808594, 1.0], [498.94403076171875, 510.8521118164063, 1.0], [533.2801513671877, 509.686553955078, 1.0], [532.4997558593751, 529.5008544921875, 1.0], [532.1095581054686, 540.7677612304688, 1.0], [532.1095581054686, 552.0347290039061, 1.0], [541.0838012695315, 511.62911987304693, 1.0], [540.3034057617188, 536.1055908203125, 1.0], [539.9132080078125, 547.7610473632812, 1.0], [540.3034057617188, 555.1428833007812, 1.0], [557.081298828125, 512.4061889648438, 1.0], [556.3009033203125, 533.7745361328126, 1.0], [555.9107055664064, 545.4299926757812, 1.0], [555.5205688476562, 556.3084106445312, 1.0], [569.567138671875, 512.4061889648438, 1.0], [573.0787963867189, 528.335266113281, 1.0], [571.51806640625, 539.6022338867186, 1.0], [568.0064086914061, 547.7610473632812, 1.0]], "head_box": [[382.2776666666667, 109.564], [479.3483333333333, 255.17]], "head_size": 145.606, "hand_box_center": [536.0114135742188, 520.1542053222656], "is_left": 1, "is_mpii": 0}