{"mpii_body_pts": [[0.0, 0.0, 0.0], [353.55899999999997, 269.1785, 0.602337], [354.336, 226.925, 0.722822], [357.507, 82.9838, 0.57107], [0.0, 0.0, 0.0], [0.0, 0.0, 0.0], [0.0, 0.0, 0.0], [0.0, 0.0, 0.0], [0.0, 0.0, 0.0], [0.0, 0.0, 0.0], [218.505, 480.511, 0.529157], [173.26, 392.823, 0.675503], [234.142, 269.181, 0.667556], [472.976, 269.176, 0.537118], [552.58, 394.445, 0.74592], [491.756, 493.084, 0.558772]], "hand_pts": [[227.6225128173828, 497.5435791015625, 1.0], [236.00991821289062, 485.1785278320313, 1.0], [244.39732360839844, 468.46899414062494, 1.0], [250.77174377441403, 474.1502380371094, 1.0], [256.8106689453125, 468.46899414062494, 1.0], [249.76524353027344, 499.8829040527344, 1.0], [276.2694396972656, 504.56158447265625, 1.0], [293.3797302246094, 506.2325134277343, 1.0], [306.79956054687494, 507.56927490234375, 1.0], [245.73930358886716, 518.2633666992188, 1.0], [278.953399658203, 517.92919921875, 1.0], [302.10260009765636, 517.92919921875, 1.0], [312.16748046875006, 516.2582397460939, 1.0], [246.74578857421872, 527.2864990234375, 1.0], [285.66329956054693, 529.2916870117188, 1.0], [299.08316040039057, 530.2942504882812, 1.0], [311.1610107421874, 530.2942504882812, 1.0], [252.44921875, 530.6284179687501, 1.0], [279.95986938476574, 540.3199462890625, 1.0], [293.3797302246094, 539.6515502929686, 1.0], [300.7606201171875, 536.6438598632812, 1.0]], "head_box": [[309.52660000000003, 82.9838], [405.4874, 226.925]], "head_size": 143.9412, "hand_box_center": [269.8949966430664, 504.39447021484375], "is_left": 0, "is_mpii": 0}