{"mpii_body_pts": [[0.0, 0.0, 0.0], [358.256, 269.99649999999997, 0.5881730000000001], [368.362, 256.699, 0.57992], [435.533, 118.996, 0.605261], [0.0, 0.0, 0.0], [0.0, 0.0, 0.0], [0.0, 0.0, 0.0], [0.0, 0.0, 0.0], [0.0, 0.0, 0.0], [0.0, 0.0, 0.0], [251.279, 478.949, 0.684944], [179.443, 374.06, 0.696774], [240.404, 259.804, 0.577083], [476.108, 280.189, 0.599263], [502.583, 394.453, 0.656825], [477.632, 463.287, 0.700275]], "hand_pts": [[478.0, 466.0, 1.0], [469.81195068359375, 463.6157531738282, 1.0], [460.1234130859375, 464.77343749999994, 1.0], [455.472900390625, 477.89355468749994, 1.0], [449.6597595214844, 485.9971313476562, 1.0], [484.92608642578125, 497.57373046874994, 1.0], [468.64932250976574, 508.764404296875, 1.0], [456.24798583984386, 510.69384765625, 1.0], [445.00927734375006, 511.0797119140625, 1.0], [489.1890563964844, 507.9926452636719, 1.0], [462.06112670898426, 510.69384765625, 1.0], [444.2341918945313, 508.764404296875, 1.0], [434.93316650390625, 504.9055480957031, 1.0], [482.600830078125, 508.764404296875, 1.0], [465.9365234374999, 517.2539062500001, 1.0], [444.6217346191406, 511.4656066894532, 1.0], [428.34497070312506, 505.6773376464843, 1.0], [466.71160888671875, 504.13378906249994, 1.0], [451.98501586914057, 507.9926452636719, 1.0], [439.58367919921875, 503.7478942871094, 1.0], [431.44528198242193, 499.8890380859375, 1.0]], "head_box": [[389.632, 118.996], [481.434, 256.699]], "head_size": 137.70300000000003, "hand_box_center": [458.7670135498047, 490.4348297119142], "is_left": 1, "is_mpii": 0}