{"mpii_body_pts": [[0.0, 0.0, 0.0], [332.4855, 255.12400000000002, 0.600409], [341.799, 217.563, 0.707502], [337.188, 81.3511, 0.637007], [0.0, 0.0, 0.0], [0.0, 0.0, 0.0], [0.0, 0.0, 0.0], [0.0, 0.0, 0.0], [0.0, 0.0, 0.0], [0.0, 0.0, 0.0], [265.361, 328.678, 0.547035], [174.853, 377.188, 0.497629], [232.56, 255.139, 0.633263], [432.411, 255.109, 0.567555], [494.852, 377.187, 0.657181], [363.72, 356.881, 0.753318]], "hand_pts": [[355.0, 361.0, 1.0], [334.66113281249994, 381.2331237792968, 1.0], [316.05953979492193, 379.9765014648437, 1.0], [299.34967041015636, 385.9454040527344, 1.0], [287.9995422363281, 392.22845458984375, 1.0], [310.06921386718744, 339.1367187499999, 1.0], [289.2606811523438, 342.90655517578125, 1.0], [277.2799987792969, 345.1056213378907, 1.0], [262.77706909179693, 346.6763610839844, 1.0], [313.8525695800781, 341.0216369628905, 1.0], [293.0440368652344, 343.84899902343756, 1.0], [271.92022705078125, 346.36221313476574, 1.0], [253.3186492919922, 347.9329833984375, 1.0], [323.62628173828125, 349.18957519531256, 1.0], [297.45797729492193, 352.3311157226562, 1.0], [279.17169189453136, 352.3311157226562, 1.0], [261.5159606933595, 353.5877075195313, 1.0], [328.0402221679688, 359.2424621582031, 1.0], [308.49279785156244, 360.18490600585943, 1.0], [295.5662841796875, 360.499053955078, 1.0], [282.0092163085937, 358.6141662597657, 1.0]], "head_box": [[291.78403333333335, 81.3511], [382.5919666666666, 217.563]], "head_size": 136.21189999999999, "hand_box_center": [304.1593246459961, 365.6825866699218], "is_left": 1, "is_mpii": 0}