{"mpii_body_pts": [[0.0, 0.0, 0.0], [360.6025, 255.13549999999998, 0.605], [366.784, 219.193, 0.744396], [379.369, 82.9529, 0.638932], [0.0, 0.0, 0.0], [0.0, 0.0, 0.0], [0.0, 0.0, 0.0], [0.0, 0.0, 0.0], [0.0, 0.0, 0.0], [0.0, 0.0, 0.0], [0.0, 0.0, 0.0], [157.696, 388.178, 0.367738], [254.456, 247.314, 0.568185], [466.749, 262.957, 0.641815], [504.158, 416.359, 0.64158], [419.876, 428.852, 0.655676]], "hand_pts": [[392.26770019531256, 434.126953125, 1.0], [381.34375, 427.5321350097656, 1.0], [371.0818481445313, 416.9804382324219, 1.0], [353.2830200195313, 414.50878906249994, 1.0], [334.37033081054693, 411.9737243652343, 1.0], [387.10763549804693, 411.9737243652343, 1.0], [395.83654785156244, 402.5578002929688, 1.0], [403.8536987304688, 403.1313171386718, 1.0], [393.6543273925781, 411.2494201660157, 1.0], [395.47283935546875, 417.4059753417969, 1.0], [414.74923706054693, 411.2494201660157, 1.0], [405.5088500976563, 417.639892578125, 1.0], [392.26770019531256, 420.60757446289057, 1.0], [394.3817443847657, 426.09762573242193, 1.0], [410.02105712890625, 420.66534423828125, 1.0], [416.93145751953125, 427.54623413085943, 1.0], [401.29214477539057, 429.3569641113282, 1.0], [396.9276733398438, 440.5836486816406, 1.0], [404.5654296875, 443.35638427734375, 1.0], [406.9786071777344, 443.35638427734375, 1.0], [401.6159362792969, 439.35003662109375, 1.0]], "head_box": [[333.95563333333337, 82.9529], [424.7823666666667, 219.193]], "head_size": 136.2401, "hand_box_center": [375.65089416503906, 422.95709228515625], "is_left": 1, "is_mpii": 0}