{"mpii_body_pts": [[0.0, 0.0, 0.0], [391.78200000000004, 271.57399999999996, 0.5762985], [401.186, 231.716, 0.674769], [443.314, 92.3961, 0.632506], [0.0, 0.0, 0.0], [0.0, 0.0, 0.0], [0.0, 0.0, 0.0], [0.0, 0.0, 0.0], [0.0, 0.0, 0.0], [0.0, 0.0, 0.0], [268.496, 405.388, 0.53405], [204.518, 378.758, 0.577774], [279.401, 253.57, 0.606942], [504.163, 289.578, 0.545655], [546.339, 441.366, 0.6699], [441.746, 433.553, 0.595838]], "hand_pts": [[272.9816589355469, 414.2244873046875, 1.0], [290.074432373047, 406.7755126953125, 1.0], [322.479461669922, 408.9037780761718, 1.0], [333.0640563964844, 421.02166748046875, 1.0], [353.5101318359375, 421.96832275390625, 1.0], [317.1379699707031, 392.58697509765625, 1.0], [334.37670898437494, 412.1625061035157, 1.0], [342.7273559570312, 426.2939147949219, 1.0], [349.4078979492187, 440.84094238281256, 1.0], [306.8110961914063, 401.10009765625, 1.0], [324.77343749999994, 425.8782958984375, 1.0], [333.5416259765625, 441.6722106933595, 1.0], [333.1241149902343, 452.0629577636719, 1.0], [297.1964111328125, 414.9339294433593, 1.0], [315.1701965332031, 433.7752380371093, 1.0], [326.86111450195307, 452.47857666015625, 1.0], [323.52084350585943, 449.15353393554693, 1.0], [292.92321777343744, 431.9601745605469, 1.0], [305.56692504882807, 445.8284912109375, 1.0], [310.7160034179687, 451.3143005371094, 1.0], [316.421905517578, 457.4674987792969, 1.0]], "head_box": [[396.87403333333333, 92.3961], [489.7539666666667, 231.716]], "head_size": 139.31990000000002, "hand_box_center": [313.2458953857422, 425.02723693847656], "is_left": 0, "is_mpii": 0}