{"mpii_body_pts": [[0.0, 0.0, 0.0], [344.1885, 252.76749999999998, 0.597383], [354.279, 275.471, 0.518133], [379.26, 142.371, 0.6638], [0.0, 0.0, 0.0], [0.0, 0.0, 0.0], [0.0, 0.0, 0.0], [0.0, 0.0, 0.0], [0.0, 0.0, 0.0], [0.0, 0.0, 0.0], [316.805, 430.493, 0.681033], [171.741, 405.319, 0.68919], [243.487, 255.109, 0.598196], [444.89, 250.426, 0.59657], [494.863, 353.706, 0.72151], [455.882, 442.992, 0.680538]], "hand_pts": [[321.14865112304705, 436.3909606933595, 1.0], [344.1056213378907, 430.674072265625, 1.0], [370.7703552246093, 431.70797729492193, 1.0], [394.3231506347657, 454.31604003906256, 1.0], [401.89370727539057, 476.5054626464844, 1.0], [380.0232543945313, 436.73199462890625, 1.0], [403.996612548828, 458.0840454101563, 1.0], [408.2024841308595, 474.83078002929693, 1.0], [403.57604980468744, 483.62280273437506, 1.0], [372.873291015625, 447.1986999511718, 1.0], [398.52902221679693, 468.132080078125, 1.0], [399.7045288085937, 483.91278076171875, 1.0], [395.75878906249994, 494.2746887207032, 1.0], [365.72332763671875, 465.20141601562494, 1.0], [371.36700439453136, 484.98471069335943, 1.0], [367.8262634277344, 481.9481506347657, 1.0], [363.6204223632813, 473.1560974121093, 1.0], [353.94692993164057, 471.48144531249994, 1.0], [357.0189208984375, 486.41394042968744, 1.0], [353.52636718749994, 482.7854614257813, 1.0], [350.16168212890636, 474.83078002929693, 1.0]], "head_box": [[334.8933333333333, 142.371], [423.62666666666667, 275.471]], "head_size": 133.1, "hand_box_center": [364.67556762695324, 462.47438049316406], "is_left": 0, "is_mpii": 0}