{"mpii_body_pts": [[0.0, 0.0, 0.0], [347.335, 266.0665, 0.5834440000000001], [330.924, 247.296, 0.664188], [243.458, 123.634, 0.645513], [0.0, 0.0, 0.0], [0.0, 0.0, 0.0], [0.0, 0.0, 0.0], [0.0, 0.0, 0.0], [0.0, 0.0, 0.0], [0.0, 0.0, 0.0], [266.972, 352.189, 0.372767], [215.393, 425.727, 0.422], [254.48, 291.141, 0.58043], [440.19, 240.992, 0.586458], [518.286, 369.358, 0.688333], [368.389, 397.55, 0.65223]], "hand_pts": [[373.0, 397.0, 1.0], [360.0988159179687, 411.59274291992193, 1.0], [341.0836486816406, 423.7436828613282, 1.0], [321.3509216308595, 425.8879699707031, 1.0], [304.8294982910156, 428.52554321289057, 1.0], [318.626220703125, 393.19982910156256, 1.0], [297.73403930664057, 398.30245971679693, 1.0], [283.54309082031256, 402.2275085449219, 1.0], [270.1405639648438, 405.3675842285156, 1.0], [321.38555908203125, 388.0972290039063, 1.0], [297.33984375, 396.3399047851563, 1.0], [274.87088012695324, 403.0125427246094, 1.0], [257.1322021484375, 406.15258789062506, 1.0], [326.90426635742193, 397.5174255371094, 1.0], [300.4933776855469, 403.79754638671875, 1.0], [279.99536132812494, 406.9376220703125, 1.0], [265.01605224609364, 409.29266357421875, 1.0], [328.08685302734375, 405.7601013183594, 1.0], [307.98303222656244, 411.647705078125, 1.0], [295.36886596679693, 414.78778076171875, 1.0], [283.54309082031256, 414.395263671875, 1.0]], "head_box": [[202.23733333333334, 123.634], [284.6786666666667, 247.296]], "head_size": 123.66199999999999, "hand_box_center": [315.06610107421875, 408.31138610839844], "is_left": 1, "is_mpii": 0}