{"mpii_body_pts": [[0.0, 0.0, 0.0], [358.2645, 239.4795, 0.589674], [357.481, 219.202, 0.714458], [354.337, 89.1985, 0.697938], [0.0, 0.0, 0.0], [0.0, 0.0, 0.0], [0.0, 0.0, 0.0], [0.0, 0.0, 0.0], [0.0, 0.0, 0.0], [0.0, 0.0, 0.0], [0.0, 0.0, 0.0], [159.199, 295.852, 0.534018], [259.154, 242.582, 0.584123], [457.375, 236.377, 0.595225], [555.776, 302.093, 0.686442], [469.827, 181.593, 0.787269]], "hand_pts": [[468.011749267578, 182.83634948730477, 1.0], [445.06954956054693, 173.21105957031247, 1.0], [440.5414733886719, 155.1636505126953, 1.0], [428.4666442871093, 145.8391571044922, 1.0], [416.0899353027344, 138.01860046386716, 1.0], [474.9547729492187, 133.80754089355472, 1.0], [450.8050842285156, 125.98699951171876, 1.0], [431.4853515624999, 127.79174041748045, 1.0], [415.184326171875, 132.60438537597656, 1.0], [470.72857666015625, 132.00280761718753, 1.0], [448.39013671874994, 125.68620300292967, 1.0], [428.4666442871093, 128.3933258056641, 1.0], [413.37310791015625, 133.20596313476557, 1.0], [462.57806396484375, 136.8154449462891, 1.0], [443.25833129882807, 125.98699951171876, 1.0], [426.6554260253907, 130.19805908203128, 1.0], [412.7693481445313, 135.01069641113278, 1.0], [452.0125732421874, 142.53045654296878, 1.0], [436.9190368652343, 133.20596313476557, 1.0], [426.6554260253907, 136.21386718749997, 1.0], [419.41052246093744, 139.5225524902344, 1.0]], "head_box": [[311.0025, 89.1985], [397.6715, 219.202]], "head_size": 130.0035, "hand_box_center": [443.862060546875, 154.26127624511722], "is_left": 1, "is_mpii": 0}