{"mpii_body_pts": [[0.0, 0.0, 0.0], [352.784, 273.90049999999997, 0.575069], [354.358, 230.121, 0.687313], [355.971, 90.8108, 0.61745], [0.0, 0.0, 0.0], [0.0, 0.0, 0.0], [0.0, 0.0, 0.0], [0.0, 0.0, 0.0], [0.0, 0.0, 0.0], [0.0, 0.0, 0.0], [170.123, 478.923, 0.616128], [181.155, 380.306, 0.636959], [237.281, 280.193, 0.630396], [468.287, 267.608, 0.519742], [549.456, 394.416, 0.560986], [538.555, 505.526, 0.568994]], "hand_pts": [[171.46392822265625, 504.410888671875, 1.0], [187.57485961914057, 492.80151367187494, 1.0], [195.45893859863284, 487.67974853515636, 1.0], [203.68580627441406, 492.4600524902343, 1.0], [210.19873046875, 491.4356994628905, 1.0], [199.57237243652344, 522.1663818359374, 1.0], [227.3380279541016, 523.5322265624999, 1.0], [244.47732543945315, 524.8980102539062, 1.0], [256.13204956054693, 526.9467163085938, 1.0], [196.830078125, 534.8001098632811, 1.0], [225.96688842773443, 535.8244628906249, 1.0], [249.27632141113278, 533.434326171875, 1.0], [263.67333984375, 529.6783447265627, 1.0], [199.22958374023438, 541.2877197265626, 1.0], [233.1653900146484, 541.629150390625, 1.0], [249.61911010742188, 537.53173828125, 1.0], [261.6166076660156, 535.8244628906249, 1.0], [203.00022888183597, 541.9706420898438, 1.0], [228.02360534667972, 543.6778564453125, 1.0], [238.64996337890622, 544.0193481445312, 1.0], [250.64747619628906, 542.9949951171876, 1.0]], "head_box": [[309.53426666666667, 90.8108], [402.40773333333334, 230.121]], "head_size": 139.3102, "hand_box_center": [217.56863403320312, 515.8495483398438], "is_left": 0, "is_mpii": 0}