{"mpii_body_pts": [[0.0, 0.0, 0.0], [359.0325, 265.2675, 0.6261114999999999], [354.364, 248.869, 0.627599], [394.965, 104.865, 0.648084], [0.0, 0.0, 0.0], [0.0, 0.0, 0.0], [0.0, 0.0, 0.0], [0.0, 0.0, 0.0], [0.0, 0.0, 0.0], [0.0, 0.0, 0.0], [415.24, 355.293, 0.769166], [251.32, 381.916, 0.590257], [252.907, 251.98, 0.624173], [465.158, 278.555, 0.62805], [487.037, 392.889, 0.581389], [479.271, 467.964, 0.783462]], "hand_pts": [[485.81561279296875, 473.7848205566406, 1.0], [464.7849426269532, 473.85601806640625, 1.0], [453.2961120605468, 483.0078125, 1.0], [449.4665222167969, 493.3035583496093, 1.0], [443.3391418457031, 507.4125366210937, 1.0], [482.78408813476574, 484.9144287109375, 1.0], [471.2952575683593, 507.7938537597656, 1.0], [462.87014770507807, 518.0895996093751, 1.0], [454.8279724121093, 526.8600463867186, 1.0], [495.4217834472655, 497.8794250488281, 1.0], [474.7419128417969, 520.3775634765625, 1.0], [459.42349243164057, 527.6226806640625, 1.0], [447.9346618652344, 534.105224609375, 1.0], [500.40026855468744, 501.6926574707031, 1.0], [483.1670532226563, 526.097412109375, 1.0], [467.0827026367188, 536.0118408203125, 1.0], [453.2961120605468, 538.6810913085939, 1.0], [497.71954345703125, 513.89501953125, 1.0], [490.8262634277344, 532.5798950195314, 1.0], [481.2522277832031, 536.3931274414061, 1.0], [474.7419128417969, 536.0118408203125, 1.0]], "head_box": [[346.96366666666665, 104.865], [442.9663333333333, 248.869]], "head_size": 144.00400000000002, "hand_box_center": [471.8697052001953, 506.23295593261724], "is_left": 1, "is_mpii": 0}