{"mpii_body_pts": [[0.0, 0.0, 0.0], [357.4515, 255.9205, 0.4439805], [368.376, 219.082, 0.727802], [343.456, 78.2733, 0.642406], [0.0, 0.0, 0.0], [0.0, 0.0, 0.0], [0.0, 0.0, 0.0], [0.0, 0.0, 0.0], [0.0, 0.0, 0.0], [0.0, 0.0, 0.0], [212.296, 250.449, 0.413183], [143.56, 341.185, 0.435471], [238.828, 250.43, 0.339664], [476.075, 261.411, 0.548297], [551.006, 403.796, 0.623366], [458.945, 431.973, 0.43347]], "hand_pts": [[223.1473236083984, 241.46087646484375, 1.0], [249.68478393554685, 244.8938903808594, 1.0], [266.91687011718744, 262.05895996093744, 1.0], [279.2447509765625, 270.77838134765625, 1.0], [293.3822326660156, 276.25192260742193, 1.0], [269.42703247070307, 234.80935668945315, 1.0], [281.9937133789062, 255.53063964843753, 1.0], [282.3864135742187, 275.0790405273438, 1.0], [280.8155822753906, 286.4170837402343, 1.0], [259.60934448242193, 235.9822540283203, 1.0], [268.6416320800781, 246.53839111328128, 1.0], [274.13952636718744, 265.69580078125, 1.0], [276.1030883789063, 280.5525817871094, 1.0], [243.50831604003912, 241.06483459472653, 1.0], [252.5406036376953, 273.12420654296875, 1.0], [255.28955078124994, 287.5899963378906, 1.0], [257.2531127929687, 291.89065551757807, 1.0], [232.90519714355472, 251.6209716796875, 1.0], [239.58123779296878, 275.86096191406256, 1.0], [244.29373168945312, 284.85324096679693, 1.0], [247.4353942871094, 287.1990356445313, 1.0]], "head_box": [[296.51976666666667, 78.2733], [390.39223333333337, 219.082]], "head_size": 140.8087, "hand_box_center": [258.26477813720703, 263.3500061035156], "is_left": 0, "is_mpii": 0}