{"mpii_body_pts": [[0.0, 0.0, 0.0], [351.9575, 249.6555, 0.6197064999999999], [344.971, 231.63, 0.588554], [351.226, 89.1799, 0.605718], [0.0, 0.0, 0.0], [0.0, 0.0, 0.0], [0.0, 0.0, 0.0], [0.0, 0.0, 0.0], [0.0, 0.0, 0.0], [0.0, 0.0, 0.0], [304.345, 367.753, 0.650795], [201.369, 339.639, 0.682446], [241.884, 233.236, 0.689694], [462.031, 266.075, 0.549719], [501.089, 452.341, 0.322943], [0.0, 0.0, 0.0]], "hand_pts": [[299.84262084960943, 362.51388549804693, 1.0], [322.47216796874994, 368.95001220703125, 1.0], [349.54684448242193, 389.06286621093756, 1.0], [351.1632385253906, 428.081787109375, 1.0], [333.38287353515636, 435.7246704101563, 1.0], [352.3755493164063, 405.15313720703125, 1.0], [349.1427307128906, 438.94274902343756, 1.0], [346.3140563964844, 429.28857421874994, 1.0], [346.3140563964844, 420.8411560058594, 1.0], [332.9787597656249, 410.7847290039063, 1.0], [332.57467651367193, 442.5630493164063, 1.0], [328.5336608886719, 434.92016601562494, 1.0], [328.5336608886719, 426.87503051757807, 1.0], [319.23937988281244, 412.79602050781244, 1.0], [318.83529663085943, 442.9653015136719, 1.0], [316.00659179687494, 434.1156616210938, 1.0], [316.00659179687494, 427.2772827148438, 1.0], [305.5, 415.61181640624994, 1.0], [305.90411376953125, 438.54046630859375, 1.0], [304.2876892089843, 432.5066223144532, 1.0], [304.2876892089843, 426.4727783203125, 1.0]], "head_box": [[303.74263333333334, 89.1799], [398.70936666666665, 231.63]], "head_size": 142.4501, "hand_box_center": [326.10908508300787, 402.7395935058594], "is_left": 0, "is_mpii": 0}