{"mpii_body_pts": [[0.0, 0.0, 0.0], [358.2355, 259.04499999999996, 0.5901405], [355.908, 237.903, 0.662349], [341.886, 92.3592, 0.633807], [0.0, 0.0, 0.0], [0.0, 0.0, 0.0], [0.0, 0.0, 0.0], [0.0, 0.0, 0.0], [0.0, 0.0, 0.0], [0.0, 0.0, 0.0], [227.854, 430.37, 0.650428], [190.419, 367.846, 0.700092], [248.186, 253.56, 0.656809], [468.285, 264.53, 0.523472], [554.085, 385.069, 0.638586], [476.082, 433.6, 0.587808]], "hand_pts": [[469.5505676269532, 436.7633056640625, 1.0], [439.00265502929693, 436.7633056640625, 1.0], [423.40368652343756, 449.0630493164063, 1.0], [414.9542846679688, 468.4837341308594, 1.0], [418.85400390625, 483.3729248046875, 1.0], [434.45294189453136, 451.6524963378907, 1.0], [421.4538269042969, 469.13110351562494, 1.0], [427.953399658203, 467.1890258789063, 1.0], [432.5030822753906, 461.3628234863282, 1.0], [446.80212402343756, 458.12603759765625, 1.0], [432.5030822753906, 478.194091796875, 1.0], [440.3025512695313, 475.6046447753907, 1.0], [444.8522338867188, 467.8363952636718, 1.0], [461.10113525390625, 467.8363952636718, 1.0], [444.8522338867188, 487.257080078125, 1.0], [442.902374267578, 477.5467224121093, 1.0], [448.75198364257807, 469.13110351562494, 1.0], [470.2005310058594, 477.5467224121093, 1.0], [455.90148925781244, 492.43591308593744, 1.0], [454.60159301757807, 482.72558593749994, 1.0], [457.8513793945313, 473.66259765625, 1.0]], "head_box": [[293.37140000000005, 92.3592], [390.4006, 237.903]], "head_size": 145.54379999999998, "hand_box_center": [442.57740783691406, 464.599609375], "is_left": 1, "is_mpii": 0}