{"mpii_body_pts": [[0.0, 0.0, 0.0], [351.19399999999996, 266.877, 0.6381680000000001], [355.887, 216.016, 0.688625], [357.489, 89.2278, 0.659565], [0.0, 0.0, 0.0], [0.0, 0.0, 0.0], [0.0, 0.0, 0.0], [0.0, 0.0, 0.0], [0.0, 0.0, 0.0], [0.0, 0.0, 0.0], [265.353, 442.952, 0.676739], [177.963, 405.456, 0.801368], [235.719, 278.589, 0.633733], [466.669, 255.165, 0.642603], [519.786, 364.673, 0.705765], [504.163, 455.437, 0.759024]], "hand_pts": [[503.5516662597657, 457.88946533203136, 1.0], [492.01144409179693, 451.23501586914057, 1.0], [480.4712524414062, 455.4696655273438, 1.0], [468.93106079101557, 469.3834838867188, 1.0], [461.6425170898438, 483.9022827148438, 1.0], [507.80331420898426, 477.85278320312506, 1.0], [485.3302917480469, 491.76663208007807, 1.0], [474.3974609375, 484.5072326660156, 1.0], [471.360565185547, 475.4329833984375, 1.0], [509.6254272460937, 489.9517822265625, 1.0], [488.9745483398438, 503.86560058593756, 1.0], [475.004852294922, 494.7913513183593, 1.0], [471.9679565429687, 485.7171325683593, 1.0], [511.4475708007813, 499.02600097656244, 1.0], [489.58193969726557, 512.9398193359374, 1.0], [475.004852294922, 502.6557006835938, 1.0], [474.3974609375, 491.16168212890636, 1.0], [509.6254272460937, 502.6557006835938, 1.0], [488.9745483398438, 517.1744995117189, 1.0], [477.4343566894531, 511.125, 1.0], [476.21960449218744, 505.0755004882812, 1.0]], "head_box": [[315.2262666666667, 89.2278], [399.7517333333333, 216.016]], "head_size": 126.78819999999999, "hand_box_center": [486.54504394531256, 484.2047576904297], "is_left": 1, "is_mpii": 0}