{"mpii_body_pts": [[0.0, 0.0, 0.0], [373.081, 259.06, 0.603935], [377.718, 214.414, 0.690665], [379.309, 78.2256, 0.664317], [0.0, 0.0, 0.0], [0.0, 0.0, 0.0], [0.0, 0.0, 0.0], [0.0, 0.0, 0.0], [0.0, 0.0, 0.0], [0.0, 0.0, 0.0], [241.931, 308.386, 0.544369], [179.498, 363.131, 0.491832], [266.927, 244.189, 0.643523], [479.235, 273.931, 0.564347], [519.828, 431.984, 0.6997], [429.225, 461.732, 0.591117]], "hand_pts": [[433.0422973632813, 470.42202758789057, 1.0], [421.73034667968744, 458.4711914062499, 1.0], [426.18658447265625, 444.81311035156244, 1.0], [427.28701782226557, 436.2987060546874, 1.0], [418.248046875, 435.5486755371094, 1.0], [406.30499267578136, 467.00750732421875, 1.0], [377.85375976562494, 467.69039916992193, 1.0], [364.142333984375, 464.27587890624994, 1.0], [351.8020324707031, 460.1784362792969, 1.0], [401.1632080078125, 481.0070190429687, 1.0], [369.6636657714844, 476.8001708984375, 1.0], [355.3519897460937, 461.0495910644532, 1.0], [350.0792846679688, 447.174072265625, 1.0], [395.6786193847657, 490.90914916992193, 1.0], [370.0403137207031, 486.17550659179693, 1.0], [361.3779602050781, 477.92520141601557, 1.0], [353.4688720703125, 467.04980468750006, 1.0], [387.74157714843744, 491.4256896972656, 1.0], [366.2740783691406, 491.0506896972657, 1.0], [362.5078430175781, 483.55041503906256, 1.0], [360.62472534179693, 477.92520141601557, 1.0]], "head_box": [[333.9128666666667, 78.2256], [424.7051333333334, 214.414]], "head_size": 136.1884, "hand_box_center": [391.56079101562506, 463.4871826171875], "is_left": 1, "is_mpii": 0}