{"mpii_body_pts": [[0.0, 0.0, 0.0], [366.7965, 269.2565, 0.6303160000000001], [369.984, 231.657, 0.666318], [360.572, 90.7469, 0.672832], [0.0, 0.0, 0.0], [0.0, 0.0, 0.0], [0.0, 0.0, 0.0], [0.0, 0.0, 0.0], [0.0, 0.0, 0.0], [0.0, 0.0, 0.0], [254.434, 431.947, 0.679515], [192.04, 385.042, 0.748754], [252.833, 256.761, 0.664718], [480.76, 281.752, 0.595914], [535.422, 430.393, 0.694916], [430.874, 442.955, 0.662533]], "hand_pts": [[439.4702453613281, 447.90447998046875, 1.0], [419.3912048339844, 427.90576171875, 1.0], [391.53964233398443, 422.7447814941407, 1.0], [371.4606018066406, 433.06671142578125, 1.0], [369.51745605468744, 449.83984375, 1.0], [400.6076049804688, 434.3569641113282, 1.0], [375.9945678710937, 439.5179138183594, 1.0], [387.0056762695313, 440.8081665039063, 1.0], [399.95986938476574, 440.8081665039063, 1.0], [408.38012695312494, 449.1947021484375, 1.0], [377.2900085449219, 453.7105407714843, 1.0], [387.6533813476563, 450.4849548339844, 1.0], [399.3121643066406, 448.5495910644532, 1.0], [410.97097778320307, 464.6775817871094, 1.0], [381.17626953125, 467.25808715820307, 1.0], [392.1873474121093, 462.0971069335937, 1.0], [401.25531005859364, 460.806884765625, 1.0], [411.6186828613282, 476.2897644042969, 1.0], [387.6533813476563, 477.5799865722656, 1.0], [393.4827575683593, 473.7092590332031, 1.0], [399.95986938476574, 472.4190368652343, 1.0]], "head_box": [[313.60196666666667, 90.7469], [407.54203333333334, 231.657]], "head_size": 140.9101, "hand_box_center": [404.4938507080078, 450.1623840332031], "is_left": 1, "is_mpii": 0}