{"mpii_body_pts": [[0.0, 0.0, 0.0], [372.298, 253.5315, 0.5684670000000001], [376.199, 216.01, 0.701844], [379.263, 81.3414, 0.668022], [0.0, 0.0, 0.0], [0.0, 0.0, 0.0], [0.0, 0.0, 0.0], [0.0, 0.0, 0.0], [0.0, 0.0, 0.0], [0.0, 0.0, 0.0], [263.81, 345.949, 0.587735], [184.183, 353.723, 0.534607], [265.359, 251.992, 0.594484], [479.237, 255.071, 0.54245], [568.26, 378.794, 0.667767], [487.025, 392.915, 0.382926]], "hand_pts": [[262.742431640625, 351.5240173339844, 1.0], [288.125213623047, 350.35766601562506, 1.0], [316.63204956054693, 354.2454223632813, 1.0], [332.2522277832031, 376.01675415039057, 1.0], [350.60592651367193, 381.0708312988281, 1.0], [318.19406127929693, 361.6321411132813, 1.0], [328.34716796875, 381.848388671875, 1.0], [333.4237365722655, 390.401397705078, 1.0], [338.10980224609375, 401.67584228515636, 1.0], [304.526397705078, 368.63006591796875, 1.0], [317.8035583496093, 393.1228332519531, 1.0], [324.44213867187494, 409.4513244628905, 1.0], [330.2997131347657, 421.11456298828125, 1.0], [291.249267578125, 376.01675415039057, 1.0], [302.9643859863281, 401.67584228515636, 1.0], [307.65045166015636, 415.2829284667969, 1.0], [310.7744750976563, 425.77984619140636, 1.0], [277.5816040039063, 380.68206787109375, 1.0], [281.87713623046875, 400.509521484375, 1.0], [284.2201843261719, 413.72784423828125, 1.0], [285.3916931152344, 423.83596801757807, 1.0]], "head_box": [[334.3734666666667, 81.3414], [424.1525333333333, 216.01]], "head_size": 134.6686, "hand_box_center": [306.67417907714844, 388.06875610351574], "is_left": 0, "is_mpii": 0}