{"mpii_body_pts": [[0.0, 0.0, 0.0], [372.298, 253.5315, 0.5684670000000001], [376.199, 216.01, 0.701844], [379.263, 81.3414, 0.668022], [0.0, 0.0, 0.0], [0.0, 0.0, 0.0], [0.0, 0.0, 0.0], [0.0, 0.0, 0.0], [0.0, 0.0, 0.0], [0.0, 0.0, 0.0], [263.81, 345.949, 0.587735], [184.183, 353.723, 0.534607], [265.359, 251.992, 0.594484], [479.237, 255.071, 0.54245], [568.26, 378.794, 0.667767], [487.025, 392.915, 0.382926]], "hand_pts": [[482.2566528320313, 394.0514221191407, 1.0], [458.6159362792969, 393.42327880859364, 1.0], [437.49688720703125, 399.70489501953136, 1.0], [416.06262207031256, 413.5244750976563, 1.0], [400.93258666992193, 411.6399841308595, 1.0], [446.0075378417969, 405.35836791992193, 1.0], [438.75772094726557, 422.3187255859375, 1.0], [434.97521972656244, 433.6256713867188, 1.0], [433.0839538574219, 445.87481689453136, 1.0], [458.3007202148438, 409.44140624999994, 1.0], [450.4204711914063, 432.3693237304688, 1.0], [445.0619201660156, 448.07339477539057, 1.0], [441.9098205566406, 459.38031005859364, 1.0], [470.90908813476574, 416.66528320312506, 1.0], [464.60491943359375, 440.8495178222656, 1.0], [460.50717163085943, 454.9831848144531, 1.0], [457.98550415039057, 470.68722534179693, 1.0], [483.5174865722656, 429.22851562499994, 1.0], [477.8437194824219, 444.30441284179693, 1.0], [473.1155700683594, 456.23950195312494, 1.0], [470.90908813476574, 465.6619262695313, 1.0]], "head_box": [[334.3734666666667, 81.3414], [424.1525333333333, 216.01]], "head_size": 134.6686, "hand_box_center": [442.22503662109375, 432.0552520751953], "is_left": 1, "is_mpii": 0}