{"mpii_body_pts": [[0.0, 0.0, 0.0], [380.1275, 253.5815, 0.633178], [383.988, 230.053, 0.605032], [401.195, 84.5374, 0.637493], [0.0, 0.0, 0.0], [0.0, 0.0, 0.0], [0.0, 0.0, 0.0], [0.0, 0.0, 0.0], [0.0, 0.0, 0.0], [0.0, 0.0, 0.0], [254.415, 352.143, 0.452547], [190.454, 355.339, 0.571845], [268.524, 244.21, 0.675314], [491.731, 262.953, 0.591042], [543.175, 380.323, 0.676136], [504.209, 458.606, 0.524919]], "hand_pts": [[252.32466125488276, 350.3372192382812, 1.0], [273.6792907714844, 348.2449340820313, 1.0], [305.5361938476562, 371.9574584960937, 1.0], [319.1891784667969, 383.1163024902343, 1.0], [322.11181640624994, 388.00192260742193, 1.0], [292.19436645507807, 351.86291503906256, 1.0], [299.3745422363282, 365.76251220703125, 1.0], [304.5602416992188, 377.67648315429693, 1.0], [307.7514343261719, 389.98757934570307, 1.0], [280.2273864746093, 358.6141357421874, 1.0], [292.2333068847656, 385.55731201171875, 1.0], [298.1846008300782, 395.6700134277344, 1.0], [303.08566284179693, 402.99301147460926, 1.0], [267.4625854492187, 364.96826171875, 1.0], [275.83947753906256, 392.370361328125, 1.0], [282.0811157226562, 397.7622985839844, 1.0], [286.2820129394531, 397.0648803710938, 1.0], [258.6867980957031, 372.11663818359375, 1.0], [261.47909545898426, 383.6334533691406, 1.0], [264.67028808593756, 392.7674865722656, 1.0], [266.26589965820307, 390.3847045898438, 1.0]], "head_box": [[352.6898, 84.5374], [449.7002, 230.053]], "head_size": 145.5156, "hand_box_center": [287.21823883056635, 375.6189727783203], "is_left": 0, "is_mpii": 0}