{"mpii_body_pts": [[0.0, 0.0, 0.0], [363.704, 243.3965, 0.651849], [366.817, 228.483, 0.729654], [365.275, 81.3893, 0.551402], [0.0, 0.0, 0.0], [0.0, 0.0, 0.0], [0.0, 0.0, 0.0], [0.0, 0.0, 0.0], [0.0, 0.0, 0.0], [0.0, 0.0, 0.0], [0.0, 0.0, 0.0], [234.139, 311.464, 0.242306], [276.264, 244.182, 0.665884], [451.144, 242.611, 0.637814], [577.509, 383.452, 0.660854], [491.643, 339.668, 0.710348]], "hand_pts": [[481.1083374023437, 337.01556396484375, 1.0], [465.68646240234375, 337.69830322265625, 1.0], [454.7197875976563, 317.2158203125, 1.0], [450.6072998046875, 291.95407104492193, 1.0], [445.12396240234375, 275.9094543457031, 1.0], [465.00103759765625, 295.02645874023426, 1.0], [459.7515869140625, 268.2387390136718, 1.0], [456.73925781249994, 253.6165313720703, 1.0], [454.7197875976563, 242.79611206054685, 1.0], [470.48437499999994, 292.97821044921864, 1.0], [463.89349365234375, 264.8643798828125, 1.0], [459.8604125976563, 247.91673278808594, 1.0], [455.2331237792968, 233.74530029296872, 1.0], [476.3104248046875, 292.63684082031256, 1.0], [466.02917480468744, 263.61996459960943, 1.0], [462.6020812988282, 247.5753631591797, 1.0], [458.9985046386718, 233.74530029296872, 1.0], [481.1083374023437, 292.97821044921864, 1.0], [472.1979064941406, 264.9854736328125, 1.0], [468.77084350585943, 251.33047485351565, 1.0], [465.399627685547, 241.99372863769534, 1.0]], "head_box": [[316.24376666666666, 81.3893], [414.3062333333333, 228.483]], "head_size": 147.0937, "hand_box_center": [463.11614990234375, 285.7218017578125], "is_left": 1, "is_mpii": 0}