{"mpii_body_pts": [[0.0, 0.0, 0.0], [358.256, 269.99649999999997, 0.5881730000000001], [368.362, 256.699, 0.57992], [435.533, 118.996, 0.605261], [0.0, 0.0, 0.0], [0.0, 0.0, 0.0], [0.0, 0.0, 0.0], [0.0, 0.0, 0.0], [0.0, 0.0, 0.0], [0.0, 0.0, 0.0], [251.279, 478.949, 0.684944], [179.443, 374.06, 0.696774], [240.404, 259.804, 0.577083], [476.108, 280.189, 0.599263], [502.583, 394.453, 0.656825], [477.632, 463.287, 0.700275]], "hand_pts": [[248.51371765136716, 483.0540466308595, 1.0], [273.9098205566406, 478.8378295898438, 1.0], [297.89505004882807, 486.56756591796875, 1.0], [312.35671997070307, 506.2432556152344, 1.0], [324.7758483886719, 514.7088623046876, 1.0], [283.37841796874994, 498.30331420898426, 1.0], [303.8761596679687, 518.3101196289061, 1.0], [314.32601928710926, 525.912658691406, 1.0], [321.9624328613281, 535.1157836914062, 1.0], [269.7132568359375, 509.5071105957031, 1.0], [292.22058105468744, 532.3148803710939, 1.0], [305.8857421875, 536.7163696289062, 1.0], [312.71835327148426, 534.3155517578125, 1.0], [262.4787597656249, 523.5119018554686, 1.0], [282.9765014648437, 540.3175659179686, 1.0], [293.4263305664062, 541.9180908203125, 1.0], [297.84741210937506, 537.1165161132811, 1.0], [260.87109374999994, 532.7149658203125, 1.0], [274.9381713867187, 545.1192016601564, 1.0], [281.3688354492187, 548.3203125, 1.0], [286.59374999999994, 547.52001953125, 1.0]], "head_box": [[389.632, 118.996], [481.434, 256.699]], "head_size": 137.70300000000003, "hand_box_center": [286.64478302001953, 513.5790710449219], "is_left": 0, "is_mpii": 0}