{"mpii_body_pts": [[0.0, 0.0, 0.0], [360.5965, 266.855, 0.6499755], [366.792, 220.673, 0.71154], [366.817, 93.9783, 0.706635], [0.0, 0.0, 0.0], [0.0, 0.0, 0.0], [0.0, 0.0, 0.0], [0.0, 0.0, 0.0], [0.0, 0.0, 0.0], [0.0, 0.0, 0.0], [259.132, 327.116, 0.6978], [193.625, 378.748, 0.625447], [251.298, 266.037, 0.651823], [469.895, 267.673, 0.648128], [507.337, 419.513, 0.541835], [474.505, 344.303, 0.607131]], "hand_pts": [[258.2197875976563, 328.0516357421874, 1.0], [267.6856079101563, 310.11669921875, 1.0], [282.59124755859364, 292.2330932617187, 1.0], [317.9239501953125, 285.95355224609364, 1.0], [332.65890502929693, 292.6135864257813, 1.0], [283.7378234863281, 285.00354003906256, 1.0], [303.61203002929693, 285.384033203125, 1.0], [318.51766967773443, 292.6135864257813, 1.0], [327.69036865234375, 303.64816284179693, 1.0], [279.9158630371094, 296.4186096191406, 1.0], [308.96276855468744, 307.4531860351563, 1.0], [323.10400390625, 323.4342651367188, 1.0], [321.1930236816406, 326.8587951660156, 1.0], [276.09390258789057, 311.25820922851557, 1.0], [305.52301025390625, 322.2927551269531, 1.0], [317.75326538085943, 332.94683837890625, 1.0], [315.84228515625006, 335.9908447265625, 1.0], [272.6541442871094, 326.0977783203125, 1.0], [297.49688720703125, 335.22982788085943, 1.0], [308.96276855468744, 340.5568542480469, 1.0], [308.58056640624994, 343.60089111328136, 1.0]], "head_box": [[324.58543333333336, 93.9783], [409.04856666666666, 220.673]], "head_size": 126.6947, "hand_box_center": [295.4393463134766, 314.302215576172], "is_left": 0, "is_mpii": 0}