{"mpii_body_pts": [[0.0, 0.0, 0.0], [349.62199999999996, 262.167, 0.597519], [355.911, 211.281, 0.727645], [354.313, 79.7607, 0.646122], [0.0, 0.0, 0.0], [0.0, 0.0, 0.0], [0.0, 0.0, 0.0], [0.0, 0.0, 0.0], [0.0, 0.0, 0.0], [0.0, 0.0, 0.0], [226.347, 430.416, 0.576298], [179.501, 378.781, 0.663484], [229.404, 262.941, 0.61007], [469.84, 261.393, 0.584968], [516.609, 383.499, 0.661596], [485.468, 442.95, 0.724868]], "hand_pts": [[229.47534179687497, 433.2301025390625, 1.0], [238.5930938720703, 422.05191040039057, 1.0], [258.58203124999994, 418.5587463378906, 1.0], [264.54364013671886, 430.0862426757813, 1.0], [274.9412536621093, 437.89654541015625, 1.0], [232.58946228027344, 421.1149291992188, 1.0], [247.80320739746097, 437.48724365234375, 1.0], [259.7275085449219, 448.12924194335943, 1.0], [269.18469238281256, 456.7247009277344, 1.0], [222.72108459472653, 435.03137207031244, 1.0], [239.57955932617182, 448.5385437011718, 1.0], [255.2044982910156, 458.36193847656244, 1.0], [267.53997802734375, 465.32015991210926, 1.0], [221.89871215820318, 449.7664489746093, 1.0], [240.40193176269534, 461.2270812988281, 1.0], [254.79330444335938, 470.23184204101557, 1.0], [268.36233520507807, 477.59939575195307, 1.0], [226.8329010009766, 464.5015563964843, 1.0], [242.45783996582034, 475.96215820312494, 1.0], [254.38212585449224, 480.87384033203136, 1.0], [263.8393249511718, 484.9669189453124, 1.0]], "head_box": [[310.4729, 79.7607], [398.1531, 211.281]], "head_size": 131.52030000000002, "hand_box_center": [248.41998291015625, 451.7628326416015], "is_left": 0, "is_mpii": 0}